relation,similarity,window1,window2,topic_id
continued,0.13833358969777432,0,1,0
continued,-0.024742149039897795,0,1,1
continued,0.2255870626375577,0,1,2
continued,0.07690379212151682,0,1,3
continued,0.029646514895899163,0,1,4
continued,0.09540745836293131,0,1,5
continued,0.1969326786110436,0,1,6
continued,0.23096392827137474,0,1,7
continued,0.08308117015875639,0,1,8
continued,0.04926240561095242,0,1,9
continued,0.02209999977731262,0,1,10
continued,0.19008476418708453,0,1,11
continued,0.07503186735207625,0,1,12
continued,0.031782138886705794,0,1,13
continued,0.1379111506287749,0,1,14
continued,0.19788758389588718,0,1,15
continued,0.1256998111761409,0,1,16
continued,0.06798062148634341,0,1,17
continued,0.003794503260898502,0,1,18
continued,0.06585809886250375,0,1,19
continued,0.07605057850211036,0,1,20
continued,0.06780841530216038,0,1,21
continued,0.04169980822957188,0,1,22
continued,0.05890177133171453,0,1,23
continued,0.13292789703702765,0,1,24
continued,0.1643226813790137,0,1,25
continued,0.04588983806572922,0,1,26
continued,0.12981117672805678,0,1,27
continued,0.11306188868587833,0,1,28
continued,0.03520048131296766,0,1,29
continued,0.007976907169149327,0,1,30
continued,0.1798339445496154,0,1,31
continued,0.061743351490853214,0,1,32
continued,0.18287969371528556,0,1,33
continued,0.11445933033103826,0,1,34
continued,0.09755714829249267,0,1,35
continued,0.008497684900043692,0,1,36
continued,0.08189348264136553,0,1,37
continued,0.23528735928155547,0,1,38
continued,0.10159159847274124,0,1,39
continued,0.13562706059927818,0,1,40
continued,-0.06988448752764094,0,1,41
continued,0.03565647143921092,0,1,42
continued,0.08847016960268676,0,1,43
continued,0.2019827637172282,0,1,44
continued,0.1354234232365444,0,1,45
continued,0.08377819727953703,0,1,46
continued,0.14959891588701524,0,1,47
continued,0.11800805120963978,0,1,48
continued,0.08091966115838838,0,1,49
continued,0.13431861137665435,1,2,0
continued,0.16206115625141676,1,2,1
continued,0.06597682215915988,1,2,2
continued,0.066612282094574,1,2,3
continued,0.20800484272926997,1,2,4
continued,0.03381108982976441,1,2,5
continued,0.10208905048914073,1,2,6
continued,0.15006853222723632,1,2,7
continued,0.09351475617917689,1,2,8
continued,0.14443205632389297,1,2,9
continued,0.17091567985979858,1,2,10
continued,0.09942816518292928,1,2,11
continued,0.1090154908788768,1,2,12
continued,0.13347767939689134,1,2,13
continued,0.12821255876219792,1,2,14
continued,0.17305926698139573,1,2,15
continued,0.19965101099790566,1,2,16
continued,0.11872421531258492,1,2,17
continued,0.12790979226244686,1,2,18
continued,0.10860394766137113,1,2,19
continued,-0.04744183317324344,1,2,20
continued,0.14736342259481588,1,2,21
continued,0.1681868777972404,1,2,22
continued,0.20200303171919223,1,2,23
continued,0.17011028704238268,1,2,24
continued,0.055364518157801905,1,2,25
continued,0.02919552974627964,1,2,26
continued,0.2007994193334388,1,2,27
continued,0.10069417858963216,1,2,28
continued,0.10721332989444715,1,2,29
continued,0.21689729345274547,1,2,30
continued,0.0985157593867218,1,2,31
continued,0.07920411503928433,1,2,32
continued,0.12311785215966284,1,2,33
continued,0.0669090571147038,1,2,34
continued,0.13226253270354166,1,2,35
continued,0.1609585386337756,1,2,36
continued,0.07599341737856308,1,2,37
continued,0.12596808186564232,1,2,38
continued,0.07698226328279115,1,2,39
continued,-0.0003215943284763478,1,2,40
continued,0.07582720040817902,1,2,41
continued,0.10124944070215827,1,2,42
continued,0.14468729314712656,1,2,43
continued,0.10416609781582614,1,2,44
continued,0.08526121170062301,1,2,45
continued,0.053759355203277535,1,2,46
continued,0.05378285015121234,1,2,47
continued,0.13496474675878498,1,2,48
continued,0.09397032007491622,1,2,49
continued,0.14443392420277637,2,3,0
continued,0.09805657110531307,2,3,1
continued,0.1883363556088801,2,3,2
continued,0.003555394802772202,2,3,3
continued,0.13621937669736173,2,3,4
continued,0.12888787178802832,2,3,5
continued,0.08347965827330515,2,3,6
continued,0.1451402400877888,2,3,7
continued,0.06880208824515545,2,3,8
continued,0.15745134335173766,2,3,9
continued,0.08962977590402776,2,3,10
continued,0.10148017203490806,2,3,11
continued,0.17457860811023937,2,3,12
continued,0.11412973350824984,2,3,13
continued,0.15902593961962666,2,3,14
continued,0.19989356012363904,2,3,15
continued,0.12797798301883706,2,3,16
continued,0.14793880827234024,2,3,17
continued,0.08656613226298596,2,3,18
continued,0.07204440006287205,2,3,19
continued,0.12691005621397328,2,3,20
continued,0.08024026796796747,2,3,21
continued,0.15190537862436398,2,3,22
continued,0.07106481067338821,2,3,23
continued,0.13929964584869872,2,3,24
continued,0.0708085316544312,2,3,25
continued,0.09575357062631641,2,3,26
continued,0.1354164503100991,2,3,27
continued,0.06318158165782611,2,3,28
continued,0.0343969768582489,2,3,29
continued,0.15373663543473068,2,3,30
continued,0.11663845401062413,2,3,31
continued,0.16694101681574577,2,3,32
continued,0.1408649612513817,2,3,33
continued,0.04548441894862345,2,3,34
continued,0.045285508467884705,2,3,35
continued,0.1552707435438335,2,3,36
continued,-0.05388792325386594,2,3,37
continued,0.13881810923250715,2,3,38
continued,0.189047329849794,2,3,39
continued,0.03809293824925372,2,3,40
continued,0.09113751549248326,2,3,41
continued,0.094377114805179,2,3,42
continued,0.19446770586284112,2,3,43
continued,0.1121973670517949,2,3,44
continued,0.06797165541043292,2,3,45
continued,0.12026369283637245,2,3,46
continued,0.1771110059988535,2,3,47
continued,0.050627661393970146,2,3,48
continued,0.14068603296015053,2,3,49
continued,0.06729937884564141,3,4,0
continued,0.16387057275519015,3,4,1
continued,0.11340013406530725,3,4,2
continued,0.12898854852091468,3,4,3
continued,0.175214616941506,3,4,4
continued,0.07826224428555922,3,4,5
continued,0.10670176241747227,3,4,6
continued,0.16050471006509046,3,4,7
continued,0.16956247472882946,3,4,8
continued,0.07280042376148298,3,4,9
continued,-0.02893710870481775,3,4,10
continued,0.17713090417285615,3,4,11
continued,0.2166509829142831,3,4,12
continued,0.2387147615139532,3,4,13
continued,0.18890735165325606,3,4,14
continued,0.10009998572154055,3,4,15
continued,0.18340176716598827,3,4,16
continued,0.11235083821275754,3,4,17
continued,0.044233279099708374,3,4,18
continued,0.06331038657501611,3,4,19
continued,0.15334810354635883,3,4,20
continued,-0.04405577969451246,3,4,21
continued,0.1862960871347303,3,4,22
continued,0.12458490191994814,3,4,23
continued,0.07380596633807687,3,4,24
continued,0.10715160132917718,3,4,25
continued,0.030458504732985104,3,4,26
continued,0.04841293440058965,3,4,27
continued,0.16253230960127674,3,4,28
continued,0.09880931197314254,3,4,29
continued,0.17898788198820656,3,4,30
continued,0.08656830765423132,3,4,31
continued,0.09514855571658233,3,4,32
continued,0.08247772447287534,3,4,33
continued,0.11809183368781975,3,4,34
continued,0.09491810583770456,3,4,35
continued,0.0868423906744222,3,4,36
continued,0.11247818824746919,3,4,37
continued,-0.056531606414907884,3,4,38
continued,0.18834437683880056,3,4,39
continued,0.02758534117641224,3,4,40
continued,0.021277070929750085,3,4,41
continued,0.22729086793882022,3,4,42
continued,0.018004606285602784,3,4,43
continued,0.06458679420386855,3,4,44
continued,0.1982945309438687,3,4,45
continued,0.0758902787168215,3,4,46
continued,0.081704789582523,3,4,47
continued,0.09845307755777793,3,4,48
continued,0.09031186829483898,3,4,49
continued,0.13730848056368572,4,5,0
continued,0.16379032645101332,4,5,1
continued,0.053083823862198835,4,5,2
continued,0.16028558834437714,4,5,3
continued,0.10193133588827834,4,5,4
continued,0.17467837383340948,4,5,5
continued,0.10318513965588096,4,5,6
continued,0.13614081511475093,4,5,7
continued,0.09860462928876539,4,5,8
continued,0.20937534773348157,4,5,9
continued,0.15388968835227793,4,5,10
continued,0.1473642161515218,4,5,11
continued,0.12279390916718222,4,5,12
continued,0.20412045894203346,4,5,13
continued,0.044869063828166966,4,5,14
continued,0.08551701043017321,4,5,15
continued,0.13770983897638114,4,5,16
continued,0.06319493036542673,4,5,17
continued,0.14264300738750305,4,5,18
continued,0.16163219473789156,4,5,19
continued,0.026669561137485198,4,5,20
continued,0.15671455466522752,4,5,21
continued,0.05662044890822031,4,5,22
continued,0.18782298382220194,4,5,23
continued,0.14476514433391574,4,5,24
continued,0.14924490738471646,4,5,25
continued,0.07658996186582959,4,5,26
continued,0.20519897821779143,4,5,27
continued,0.10160348263036144,4,5,28
continued,0.12984059996650663,4,5,29
continued,0.10841116260005006,4,5,30
continued,0.018082049363654623,4,5,31
continued,0.14168411302540648,4,5,32
continued,0.20267264996056483,4,5,33
continued,0.15307735754986843,4,5,34
continued,0.06462494526332892,4,5,35
continued,0.16019300754769256,4,5,36
continued,0.1327544324242793,4,5,37
continued,0.08644883807415817,4,5,38
continued,0.07631372762501315,4,5,39
continued,0.1275032154703378,4,5,40
continued,0.1390388071701938,4,5,41
continued,0.10165827293859361,4,5,42
continued,0.012627920860142848,4,5,43
continued,0.14277235818474018,4,5,44
continued,0.039560153117262284,4,5,45
continued,0.15182773918831477,4,5,46
continued,0.1283659042896233,4,5,47
continued,0.11212323263589626,4,5,48
continued,0.11590901908701899,4,5,49
continued,0.19120426471698787,5,6,0
continued,0.09061403908601656,5,6,1
continued,0.15998977142398071,5,6,2
continued,0.07046623692396435,5,6,3
continued,0.0768976541987876,5,6,4
continued,0.13269836766102236,5,6,5
continued,0.1044084969636815,5,6,6
continued,0.12753859687859156,5,6,7
continued,0.15800744673102549,5,6,8
continued,0.17637338486432305,5,6,9
continued,0.1842309174369452,5,6,10
continued,0.2097491869106521,5,6,11
continued,0.027160455182261466,5,6,12
continued,0.10050055886572185,5,6,13
continued,0.13102746505486787,5,6,14
continued,0.2300268489554719,5,6,15
continued,0.11540678582085682,5,6,16
continued,0.021455946773955268,5,6,17
continued,0.11528371122792652,5,6,18
continued,0.09193129174145115,5,6,19
continued,0.06982055676778097,5,6,20
continued,0.16803093495233176,5,6,21
continued,0.12563309155434133,5,6,22
continued,0.168223535431386,5,6,23
continued,0.07098083678818608,5,6,24
continued,0.06321504898527583,5,6,25
continued,0.03720901253224593,5,6,26
continued,0.1968549265885956,5,6,27
continued,0.060554826737729654,5,6,28
continued,0.1471146772751587,5,6,29
continued,0.13535159090071122,5,6,30
continued,0.0454054341176826,5,6,31
continued,0.07815988381275815,5,6,32
continued,0.12320919387459917,5,6,33
continued,0.09981992675171596,5,6,34
continued,0.05290870001564508,5,6,35
continued,0.0856207494807429,5,6,36
continued,0.14348699692311534,5,6,37
continued,0.23640994208022342,5,6,38
continued,0.06376204578102203,5,6,39
continued,0.10964757139383258,5,6,40
continued,0.022472525098864642,5,6,41
continued,0.14018206011070808,5,6,42
continued,0.14901728199865802,5,6,43
continued,0.0365259289806847,5,6,44
continued,0.16647746646474781,5,6,45
continued,0.15993082762744348,5,6,46
continued,0.006814615452299999,5,6,47
continued,-0.013018549264281547,5,6,48
continued,0.08286473126586112,5,6,49
continued,0.1539172784947655,6,7,0
continued,0.08715829529012335,6,7,1
continued,0.2566830628916505,6,7,2
continued,-0.028087086492364542,6,7,3
continued,0.061103456144569114,6,7,4
continued,0.20581564969297952,6,7,5
continued,0.1624928086052079,6,7,6
continued,0.14253394017921878,6,7,7
continued,0.14194073550608216,6,7,8
continued,0.10791833437933997,6,7,9
continued,0.1021545238718544,6,7,10
continued,0.14882931998212826,6,7,11
continued,0.06725351349461159,6,7,12
continued,0.13262841735876918,6,7,13
continued,0.12460813010406983,6,7,14
continued,0.11865634333120614,6,7,15
continued,0.1429999977998267,6,7,16
continued,0.10819057411968375,6,7,17
continued,0.011854138076532392,6,7,18
continued,0.08672023934036097,6,7,19
continued,0.05848252292287235,6,7,20
continued,0.04873767554313063,6,7,21
continued,0.06262109099287172,6,7,22
continued,-0.01899218112603154,6,7,23
continued,0.019445217304669814,6,7,24
continued,0.1983934307436624,6,7,25
continued,0.21047971031124102,6,7,26
continued,0.13747712399211345,6,7,27
continued,0.11885381231828285,6,7,28
continued,0.15542542669558093,6,7,29
continued,0.1399731129669267,6,7,30
continued,0.16833003125522,6,7,31
continued,0.18274388384769344,6,7,32
continued,0.17812201636124064,6,7,33
continued,0.08194029646347437,6,7,34
continued,0.07685359803363909,6,7,35
continued,0.2447873441612725,6,7,36
continued,0.1304354497945737,6,7,37
continued,0.1152758994149782,6,7,38
continued,0.012052686010679142,6,7,39
continued,0.036677558647410714,6,7,40
continued,0.11459590119176027,6,7,41
continued,0.15571433173664442,6,7,42
continued,0.06695747274625988,6,7,43
continued,0.022012386891408428,6,7,44
continued,-0.07706209228185375,6,7,45
continued,0.20283766971300984,6,7,46
continued,0.1316388714248369,6,7,47
continued,0.030595567114950234,6,7,48
continued,0.12913053253734477,6,7,49
continued,0.12045521388013845,7,8,0
continued,0.07515385488918225,7,8,1
continued,0.1843456000026082,7,8,2
continued,0.10265481762116352,7,8,3
continued,0.12666482542133572,7,8,4
continued,0.13102324853387598,7,8,5
continued,0.07085239135684758,7,8,6
continued,0.14088124293828072,7,8,7
continued,0.08126005275858239,7,8,8
continued,0.05503962417267353,7,8,9
continued,0.057835094968465915,7,8,10
continued,0.2041760398826141,7,8,11
continued,0.043915925041992654,7,8,12
continued,0.1332143137093044,7,8,13
continued,0.08257576959686655,7,8,14
continued,0.08799015298558482,7,8,15
continued,0.072281023094877,7,8,16
continued,0.15910804550709504,7,8,17
continued,0.019579148760549062,7,8,18
continued,0.03847439994041193,7,8,19
continued,0.08398891307949113,7,8,20
continued,0.022295909436201005,7,8,21
continued,0.14641812978646263,7,8,22
continued,0.16981279225156637,7,8,23
continued,0.11800613860274989,7,8,24
continued,0.16053031058539327,7,8,25
continued,0.09713423561503871,7,8,26
continued,0.11267076500507078,7,8,27
continued,0.03668363733451236,7,8,28
continued,0.12875839535675684,7,8,29
continued,0.05459009892776854,7,8,30
continued,0.1362381018433435,7,8,31
continued,0.21113795559874848,7,8,32
continued,0.13327156592336786,7,8,33
continued,0.06342602307477616,7,8,34
continued,0.09086291017336999,7,8,35
continued,0.1525425044156122,7,8,36
continued,0.11529997159207046,7,8,37
continued,0.08695959572346038,7,8,38
continued,0.1849591738116215,7,8,39
continued,0.10082168463510041,7,8,40
continued,0.09877562216429939,7,8,41
continued,0.18643873026532237,7,8,42
continued,0.2731561971146513,7,8,43
continued,0.25460743486909665,7,8,44
continued,0.12038296009931385,7,8,45
continued,0.07401187735853,7,8,46
continued,0.11402845952899275,7,8,47
continued,-0.013344722815220436,7,8,48
continued,-0.021670279404112744,7,8,49
continued,0.09524174792245786,8,9,0
continued,0.16020235280435371,8,9,1
continued,0.12584847665565788,8,9,2
continued,0.06934832072219119,8,9,3
continued,0.16683989863059337,8,9,4
continued,0.00876932556344332,8,9,5
continued,0.11021139284953259,8,9,6
continued,0.08362470645349797,8,9,7
continued,0.06329218056834598,8,9,8
continued,0.04922962655669201,8,9,9
continued,0.0014653898217496688,8,9,10
continued,0.08960423345881861,8,9,11
continued,0.21181862841612936,8,9,12
continued,0.16978334714073456,8,9,13
continued,0.15295315720906932,8,9,14
continued,0.16084981616416477,8,9,15
continued,0.20582738912435672,8,9,16
continued,0.1112190282950546,8,9,17
continued,0.12193178007806461,8,9,18
continued,0.12886760437278783,8,9,19
continued,0.16815798765408596,8,9,20
continued,-0.010363899810480522,8,9,21
continued,0.16346341893952457,8,9,22
continued,-0.0003237248306080196,8,9,23
continued,0.09077733564849312,8,9,24
continued,0.08228799673301039,8,9,25
continued,0.20439022592581216,8,9,26
continued,-0.0034203223809905767,8,9,27
continued,0.13578318303393175,8,9,28
continued,0.09957265261475938,8,9,29
continued,0.123427695377503,8,9,30
continued,0.1314445514725591,8,9,31
continued,0.062338923793142396,8,9,32
continued,0.10559818144578594,8,9,33
continued,0.1651646573688505,8,9,34
continued,0.04220844603382532,8,9,35
continued,0.09037671509188157,8,9,36
continued,0.03751491911721967,8,9,37
continued,-0.036855738845939415,8,9,38
continued,0.09127681173353377,8,9,39
continued,0.10424108998345406,8,9,40
continued,0.04645772481682423,8,9,41
continued,0.1272813137520144,8,9,42
continued,0.10590394207323389,8,9,43
continued,0.15315043239678244,8,9,44
continued,0.06823091783490601,8,9,45
continued,0.11088508762267246,8,9,46
continued,0.11124958107246262,8,9,47
continued,0.04534903299200498,8,9,48
continued,0.13598389337074218,8,9,49
continued,0.16629196472779292,9,10,0
continued,0.07669244125642324,9,10,1
continued,0.042209054717142966,9,10,2
continued,0.1955445866665985,9,10,3
continued,0.10813097865719387,9,10,4
continued,0.13685218742345107,9,10,5
continued,0.10014318006740044,9,10,6
continued,0.13615176217997554,9,10,7
continued,0.1352130805790265,9,10,8
continued,0.006723968693684914,9,10,9
continued,0.11551254009426021,9,10,10
continued,0.0032484988798218858,9,10,11
continued,0.0758033034065611,9,10,12
continued,0.14366890581669037,9,10,13
continued,0.16750845224097105,9,10,14
continued,0.15669873134336249,9,10,15
continued,0.10119304726094797,9,10,16
continued,0.1851847904871085,9,10,17
continued,0.11304282195085665,9,10,18
continued,0.1750603112803002,9,10,19
continued,0.08086925057571277,9,10,20
continued,0.1931526908365176,9,10,21
continued,0.17447949391406584,9,10,22
continued,0.011251548799975464,9,10,23
continued,0.0004326290442460485,9,10,24
continued,0.17581237832244662,9,10,25
continued,0.05974128192043301,9,10,26
continued,0.14514782523075848,9,10,27
continued,0.004411566468083201,9,10,28
continued,0.08044144731723558,9,10,29
continued,0.13131662897434634,9,10,30
continued,0.10900500200564037,9,10,31
continued,0.1540168831542277,9,10,32
continued,0.16660432829934985,9,10,33
continued,0.018433591899885342,9,10,34
continued,0.037354749364932265,9,10,35
continued,0.048102838271748515,9,10,36
continued,0.20032470655019424,9,10,37
continued,0.09641397055887359,9,10,38
continued,0.135619840172895,9,10,39
continued,0.15037864101430304,9,10,40
continued,0.12013799155822347,9,10,41
continued,0.07388003417676131,9,10,42
continued,0.17297167045169187,9,10,43
continued,0.09357879902531628,9,10,44
continued,0.09733781251745684,9,10,45
continued,0.05315351853694157,9,10,46
continued,0.13557007293812703,9,10,47
continued,0.07866092569013819,9,10,48
continued,0.1137214539545485,9,10,49
continued,0.11268584574149251,10,11,0
continued,0.13676116968469548,10,11,1
continued,0.17923046883717675,10,11,2
continued,0.08234755883107646,10,11,3
continued,0.14258973169370254,10,11,4
continued,0.06543592960134914,10,11,5
continued,0.22935802731682917,10,11,6
continued,0.12538392832648812,10,11,7
continued,0.18093810819704362,10,11,8
continued,0.02119479018227322,10,11,9
continued,0.18528691619109566,10,11,10
continued,0.12786325825477013,10,11,11
continued,0.057104079282689194,10,11,12
continued,0.0768026582942831,10,11,13
continued,0.053827273739074345,10,11,14
continued,0.06779057686891266,10,11,15
continued,0.11410247582619616,10,11,16
continued,0.11977387554406382,10,11,17
continued,0.10858901394039247,10,11,18
continued,0.048931999200377045,10,11,19
continued,0.1290955488922033,10,11,20
continued,0.17516751671460168,10,11,21
continued,0.11753232710466426,10,11,22
continued,0.07725665282756841,10,11,23
continued,0.08609016154904521,10,11,24
continued,0.12604083594563995,10,11,25
continued,0.03389670135117296,10,11,26
continued,0.12408291860593212,10,11,27
continued,0.11462307883593004,10,11,28
continued,0.1473770234042633,10,11,29
continued,0.07559404124189173,10,11,30
continued,0.1346814325757205,10,11,31
continued,0.07248455499895941,10,11,32
continued,0.10688665195005514,10,11,33
continued,0.1483455257760904,10,11,34
continued,0.12129867956843068,10,11,35
continued,0.13509223920100627,10,11,36
continued,0.08995773463381557,10,11,37
continued,0.20169895595559478,10,11,38
continued,0.051270538768122056,10,11,39
continued,0.08894490399102488,10,11,40
continued,0.0929624037416822,10,11,41
continued,0.028868097142152865,10,11,42
continued,0.10746094539424132,10,11,43
continued,0.08548240457598054,10,11,44
continued,0.11029623071828269,10,11,45
continued,0.09533808271164815,10,11,46
continued,-0.0356315116876598,10,11,47
continued,0.08130201451109113,10,11,48
continued,0.09363518954139113,10,11,49
continued,0.11657520241759765,11,12,0
continued,0.14744673384445303,11,12,1
continued,0.1006191818254604,11,12,2
continued,0.2000649603156179,11,12,3
continued,0.16446096732072327,11,12,4
continued,-0.004348177958097579,11,12,5
continued,0.09879278630602231,11,12,6
continued,0.09438111624224949,11,12,7
continued,0.18376421811448307,11,12,8
continued,0.030697997845723527,11,12,9
continued,0.1007211269693345,11,12,10
continued,0.1477516208167286,11,12,11
continued,0.04155794134953778,11,12,12
continued,0.12376540831271463,11,12,13
continued,0.09970269925551561,11,12,14
continued,0.07113901077669545,11,12,15
continued,0.07546878818623456,11,12,16
continued,0.13553174463085949,11,12,17
continued,0.04472595425626358,11,12,18
continued,0.05930673372023846,11,12,19
continued,0.11198760791549595,11,12,20
continued,0.049840588146509504,11,12,21
continued,0.14783216102787497,11,12,22
continued,0.05859098284801912,11,12,23
continued,0.059280610606711845,11,12,24
continued,0.1852685960906491,11,12,25
continued,0.11376474328199498,11,12,26
continued,0.1854370453347629,11,12,27
continued,0.12235404841553191,11,12,28
continued,0.042022048775343865,11,12,29
continued,0.07650634246783107,11,12,30
continued,0.09519338440545472,11,12,31
continued,0.05625163705335617,11,12,32
continued,0.043329936520564154,11,12,33
continued,0.15215617953718721,11,12,34
continued,0.04483365753269736,11,12,35
continued,0.0909684487085169,11,12,36
continued,0.11930745017580173,11,12,37
continued,0.1086436666353327,11,12,38
continued,0.0969839971029549,11,12,39
continued,0.1835153925647451,11,12,40
continued,0.13087573056456772,11,12,41
continued,0.1838884024874744,11,12,42
continued,0.09018407624186711,11,12,43
continued,-0.030981889072460637,11,12,44
continued,0.03407919056034189,11,12,45
continued,0.0978824624967627,11,12,46
continued,0.10678100333050486,11,12,47
continued,0.11065968840466926,11,12,48
continued,0.1340425008189577,11,12,49
continued,0.10608586078886739,12,13,0
continued,0.09332649939124295,12,13,1
continued,0.026297055461127622,12,13,2
continued,0.038373703109499765,12,13,3
continued,0.0626063163089156,12,13,4
continued,0.08811049669265793,12,13,5
continued,0.16616637125259923,12,13,6
continued,0.19386118446713393,12,13,7
continued,0.04550522566996385,12,13,8
continued,0.06826707338439678,12,13,9
continued,0.12147656234844317,12,13,10
continued,0.05299137204006537,12,13,11
continued,0.06806388802458077,12,13,12
continued,0.16113678471952225,12,13,13
continued,0.0478514022483271,12,13,14
continued,0.0879780249512521,12,13,15
continued,0.07098965895056826,12,13,16
continued,0.22360851796474532,12,13,17
continued,0.11193909440038792,12,13,18
continued,0.0774355135213533,12,13,19
continued,0.16626717497738153,12,13,20
continued,0.15910420774121647,12,13,21
continued,0.10343053812762495,12,13,22
continued,0.16609886564314102,12,13,23
continued,0.021145619919772037,12,13,24
continued,0.05936580523258363,12,13,25
continued,0.16292415023702278,12,13,26
continued,0.11263507452310481,12,13,27
continued,0.07430350913764718,12,13,28
continued,0.058749845215783934,12,13,29
continued,0.13295899453722246,12,13,30
continued,0.09480475483184028,12,13,31
continued,0.22076957375856973,12,13,32
continued,0.0882523083680279,12,13,33
continued,0.10766122235314424,12,13,34
continued,0.1814643751052575,12,13,35
continued,0.09518438698712202,12,13,36
continued,0.14654258501607517,12,13,37
continued,0.04096700035885237,12,13,38
continued,0.08370484349519797,12,13,39
continued,0.08303543288684408,12,13,40
continued,0.024935921800787453,12,13,41
continued,0.1327566462488409,12,13,42
continued,0.08993765944605127,12,13,43
continued,0.06867169285191839,12,13,44
continued,0.04431644906413528,12,13,45
continued,0.047509197221401914,12,13,46
continued,0.18797154498679364,12,13,47
continued,0.06618514993219264,12,13,48
continued,0.17345627865109792,12,13,49
continued,-0.03979815881730096,13,14,0
continued,0.16277371089871606,13,14,1
continued,0.19874492434734434,13,14,2
continued,0.048145962438729935,13,14,3
continued,0.170765144705732,13,14,4
continued,0.17547082835016659,13,14,5
continued,0.07830314047427316,13,14,6
continued,0.10750336727422458,13,14,7
continued,0.13597747945893657,13,14,8
continued,0.16528467309347078,13,14,9
continued,-0.013377289481682549,13,14,10
continued,0.12031309944147792,13,14,11
continued,0.016812838083653258,13,14,12
continued,0.11274358457408719,13,14,13
continued,0.031491256633032594,13,14,14
continued,0.14961172398034905,13,14,15
continued,0.11561209895654274,13,14,16
continued,0.04553542078991983,13,14,17
continued,0.10261919115036143,13,14,18
continued,0.03210435165718121,13,14,19
continued,0.10089273365708457,13,14,20
continued,0.09312386529100329,13,14,21
continued,0.11476830567743283,13,14,22
continued,0.10964031583755325,13,14,23
continued,0.055644451693478834,13,14,24
continued,0.18532425787183407,13,14,25
continued,0.1398759294703574,13,14,26
continued,0.020669296193860334,13,14,27
continued,0.056850598985788404,13,14,28
continued,0.1209836222252325,13,14,29
continued,0.10821771750688859,13,14,30
continued,0.06926192188540134,13,14,31
continued,0.13903053921427366,13,14,32
continued,0.02144238659106042,13,14,33
continued,0.10332437747094851,13,14,34
continued,0.16391268112589955,13,14,35
continued,0.14415916329126774,13,14,36
continued,0.06437672071909678,13,14,37
continued,0.19976354919781633,13,14,38
continued,0.08456781913010818,13,14,39
continued,0.10266529565400463,13,14,40
continued,0.12044009848540556,13,14,41
continued,0.03700083872608805,13,14,42
continued,0.1839957881733496,13,14,43
continued,0.08836545365834926,13,14,44
continued,0.13988571144530734,13,14,45
continued,0.03889573466009137,13,14,46
continued,0.09271859497495767,13,14,47
continued,0.11618068745830992,13,14,48
continued,0.05486938920957131,13,14,49
continued,0.17945724473488847,14,15,0
continued,-0.027753195127575975,14,15,1
continued,-0.04684591690283374,14,15,2
continued,0.10946806429799462,14,15,3
continued,0.1361339394433204,14,15,4
continued,0.14535329852273923,14,15,5
continued,0.07898726834809658,14,15,6
continued,0.047561191645629074,14,15,7
continued,0.12766778623870875,14,15,8
continued,0.10404145787271496,14,15,9
continued,0.10147524418574243,14,15,10
continued,0.10649865832772751,14,15,11
continued,0.0797900151434612,14,15,12
continued,0.11123519089272968,14,15,13
continued,-0.016744615460409205,14,15,14
continued,0.06606307652680307,14,15,15
continued,0.11752447420048599,14,15,16
continued,0.16123290058229942,14,15,17
continued,0.11255247066542808,14,15,18
continued,0.06493194077490326,14,15,19
continued,0.1102354182959914,14,15,20
continued,0.05574184987816424,14,15,21
continued,0.16331898653477234,14,15,22
continued,0.04840766398309648,14,15,23
continued,0.05830521725082995,14,15,24
continued,0.057445358173871745,14,15,25
continued,0.1193769899723282,14,15,26
continued,0.11623709382847264,14,15,27
continued,0.11551633511860941,14,15,28
continued,0.06555217292893742,14,15,29
continued,0.11954280703055459,14,15,30
continued,0.02501866942531094,14,15,31
continued,0.10256140601835342,14,15,32
continued,0.11855899031984392,14,15,33
continued,-0.018581782030669798,14,15,34
continued,0.12360937924866958,14,15,35
continued,0.15918695124167445,14,15,36
continued,-0.010560993514043994,14,15,37
continued,0.13592869768821675,14,15,38
continued,0.14924173901196963,14,15,39
continued,0.15612882689649438,14,15,40
continued,0.11585674680108907,14,15,41
continued,0.07784114135590922,14,15,42
continued,0.030464930626434142,14,15,43
continued,0.05420567556282508,14,15,44
continued,0.20067244064873177,14,15,45
continued,0.15150304412311774,14,15,46
continued,0.07269894197403037,14,15,47
continued,0.18324118212643367,14,15,48
continued,0.11383834041949442,14,15,49
continued,0.05910347676665402,15,16,0
continued,0.09494079311334397,15,16,1
continued,0.09803446570071084,15,16,2
continued,0.13460223250204448,15,16,3
continued,0.1753104011493799,15,16,4
continued,0.1230753599934495,15,16,5
continued,0.0672467260574546,15,16,6
continued,0.07023638590330143,15,16,7
continued,0.14362917219796867,15,16,8
continued,0.17750315990462912,15,16,9
continued,0.14929501802688108,15,16,10
continued,0.0305217311152458,15,16,11
continued,-0.04708075482207631,15,16,12
continued,0.21197099279277629,15,16,13
continued,0.04432286265802751,15,16,14
continued,0.11793393337607087,15,16,15
continued,0.03977956318233652,15,16,16
continued,0.18324429436510956,15,16,17
continued,0.12392308529551736,15,16,18
continued,0.027906328633196944,15,16,19
continued,0.07894408474997162,15,16,20
continued,0.0996197080979934,15,16,21
continued,0.07033189846100381,15,16,22
continued,0.06558023033672038,15,16,23
continued,0.0868396226178579,15,16,24
continued,0.15194229155836247,15,16,25
continued,0.19871118919693262,15,16,26
continued,0.2899076104105789,15,16,27
continued,0.08485066345988336,15,16,28
continued,0.11916129250901969,15,16,29
continued,0.09476075883431932,15,16,30
continued,0.1798345231328563,15,16,31
continued,-0.033268386348509184,15,16,32
continued,0.21714520791026676,15,16,33
continued,0.07853318106734014,15,16,34
continued,0.1537658796300853,15,16,35
continued,0.1042339133387546,15,16,36
continued,0.10951879932133218,15,16,37
continued,0.07197647982701383,15,16,38
continued,-0.0045587377079396516,15,16,39
continued,0.14614050028266698,15,16,40
continued,0.14793777192440763,15,16,41
continued,0.10516537708588009,15,16,42
continued,0.27099343435011386,15,16,43
continued,0.18574446424644414,15,16,44
continued,-0.008108365050783967,15,16,45
continued,0.10730815601682618,15,16,46
continued,0.041884453573273646,15,16,47
continued,-0.006664508223160713,15,16,48
continued,0.10060709179290554,15,16,49
continued,0.15643695468399427,16,17,0
continued,0.20798377821530228,16,17,1
continued,0.1679368402539202,16,17,2
continued,0.09265660895357161,16,17,3
continued,0.05778088977588223,16,17,4
continued,0.1291001591614591,16,17,5
continued,0.053040511271240216,16,17,6
continued,0.05794518322943003,16,17,7
continued,0.1723538753816019,16,17,8
continued,0.1250872058037147,16,17,9
continued,0.1075632346715852,16,17,10
continued,0.11328193149145438,16,17,11
continued,0.09080612389185214,16,17,12
continued,0.1018367892753539,16,17,13
continued,0.06577062825179407,16,17,14
continued,0.11435308307146999,16,17,15
continued,0.02138551542471155,16,17,16
continued,0.09419055757684619,16,17,17
continued,0.09919366371057305,16,17,18
continued,0.06867780866861853,16,17,19
continued,-0.06624948149585376,16,17,20
continued,0.03527331702240043,16,17,21
continued,0.08550181132416994,16,17,22
continued,0.04709458874326399,16,17,23
continued,0.1873862957394294,16,17,24
continued,0.2386495196082495,16,17,25
continued,0.15554627990631292,16,17,26
continued,0.22473021013044747,16,17,27
continued,0.011166860609138886,16,17,28
continued,0.19763060581899317,16,17,29
continued,0.08718787229003111,16,17,30
continued,0.1460230686921501,16,17,31
continued,0.08813940297887295,16,17,32
continued,0.13152935150453537,16,17,33
continued,0.08453225297552518,16,17,34
continued,0.09459799920569022,16,17,35
continued,0.12178011950882578,16,17,36
continued,0.10974372959812487,16,17,37
continued,0.04108208103277374,16,17,38
continued,0.11493512821461908,16,17,39
continued,0.08919180579705242,16,17,40
continued,0.17371883349700357,16,17,41
continued,0.16521674626911265,16,17,42
continued,0.16169076124371567,16,17,43
continued,0.09812030392979026,16,17,44
continued,0.06627087882011239,16,17,45
continued,0.10109170098213997,16,17,46
continued,0.20272118791557786,16,17,47
continued,0.2480480899486073,16,17,48
continued,0.11100188290823941,16,17,49
continued,0.1249607876552464,17,18,0
continued,0.09273313459845998,17,18,1
continued,0.007062860792702682,17,18,2
continued,0.06398584380685832,17,18,3
continued,0.11227991757716953,17,18,4
continued,0.18906652945313823,17,18,5
continued,0.15539350774761115,17,18,6
continued,0.15770325895625897,17,18,7
continued,0.13844677701316482,17,18,8
continued,0.12478959492960306,17,18,9
continued,0.06326364347319055,17,18,10
continued,0.11419248480912084,17,18,11
continued,0.17399538414652713,17,18,12
continued,0.1302244202605382,17,18,13
continued,0.1228281815815813,17,18,14
continued,0.08848451466139741,17,18,15
continued,0.061439112945582415,17,18,16
continued,0.12878641965934978,17,18,17
continued,0.17871932044590932,17,18,18
continued,0.20783392903679693,17,18,19
continued,0.09227319266549712,17,18,20
continued,0.05417063944301793,17,18,21
continued,0.21814488613288838,17,18,22
continued,0.087326446454238,17,18,23
continued,0.22427486623572354,17,18,24
continued,0.1513619697558771,17,18,25
continued,0.10746407271391416,17,18,26
continued,0.1343440765900247,17,18,27
continued,-0.011753150876499998,17,18,28
continued,0.10397672147934417,17,18,29
continued,0.11206300934350902,17,18,30
continued,0.09116073594060037,17,18,31
continued,0.18467384901475814,17,18,32
continued,0.18379567425090654,17,18,33
continued,0.16056268552158792,17,18,34
continued,0.06661622009879542,17,18,35
continued,0.08135309992158543,17,18,36
continued,0.09885088521799905,17,18,37
continued,0.14304020799068934,17,18,38
continued,0.10063865186028279,17,18,39
continued,0.07333189514634508,17,18,40
continued,0.1954074131341154,17,18,41
continued,0.17210111353308288,17,18,42
continued,0.12553771519673532,17,18,43
continued,0.02403333243523507,17,18,44
continued,0.10711253811532537,17,18,45
continued,0.17879207428383886,17,18,46
continued,0.05634634297207455,17,18,47
continued,0.17758283020326562,17,18,48
continued,0.0639168914327146,17,18,49
continued,0.18098977700402819,18,19,0
continued,0.12683536441279739,18,19,1
continued,0.06642646757137867,18,19,2
continued,0.07161218254891538,18,19,3
continued,0.11715100471312424,18,19,4
continued,0.1070922878192794,18,19,5
continued,0.1401942136969766,18,19,6
continued,0.006471581555901221,18,19,7
continued,-0.0015764633209165383,18,19,8
continued,0.12390107275809617,18,19,9
continued,0.06495396963936285,18,19,10
continued,0.21336974367302924,18,19,11
continued,0.14904260796732205,18,19,12
continued,0.03234335250792848,18,19,13
continued,0.13935537238438814,18,19,14
continued,0.20028341149048887,18,19,15
continued,0.15500644120876433,18,19,16
continued,0.08145944720402203,18,19,17
continued,0.09433443704754908,18,19,18
continued,0.04250175613755103,18,19,19
continued,-0.0037381298741174687,18,19,20
continued,0.18343033928128633,18,19,21
continued,0.08991082330363934,18,19,22
continued,-0.042242400206618964,18,19,23
continued,0.0651927652644852,18,19,24
continued,0.1633653148703678,18,19,25
continued,0.28730936343288166,18,19,26
continued,0.22437924602449746,18,19,27
continued,0.13020431562198057,18,19,28
continued,0.17842988620407282,18,19,29
continued,0.07083273295181428,18,19,30
continued,-0.0006221163369651121,18,19,31
continued,0.0781696214655021,18,19,32
continued,0.05687840587104987,18,19,33
continued,0.09662277131264095,18,19,34
continued,0.117669879337432,18,19,35
continued,0.08663412201786326,18,19,36
continued,0.06269110734333173,18,19,37
continued,-0.026892319499430262,18,19,38
continued,0.16830628562991548,18,19,39
continued,0.09560004153242797,18,19,40
continued,0.12391675243926634,18,19,41
continued,0.057589403809292214,18,19,42
continued,0.11923589802602128,18,19,43
continued,-0.01762096357046746,18,19,44
continued,0.05176668801179152,18,19,45
continued,0.15248177342515842,18,19,46
continued,0.235196417826774,18,19,47
continued,0.14959021460101546,18,19,48
continued,0.1432863096102226,18,19,49
continued,0.13871329160295237,19,20,0
continued,0.12091238957258078,19,20,1
continued,0.13968815966065615,19,20,2
continued,0.10324015399156058,19,20,3
continued,0.08126841770275739,19,20,4
continued,0.11911742544060687,19,20,5
continued,0.09578019535412152,19,20,6
continued,0.11755844065365988,19,20,7
continued,0.11676125656279275,19,20,8
continued,0.18121131457286477,19,20,9
continued,0.03110772115990549,19,20,10
continued,0.15536295429774788,19,20,11
continued,0.0590028787058897,19,20,12
continued,0.11030282162754548,19,20,13
continued,0.12503282279412337,19,20,14
continued,0.018937484935708227,19,20,15
continued,0.16108532281999682,19,20,16
continued,0.028913618421727676,19,20,17
continued,0.07698022298877083,19,20,18
continued,0.15928586883802412,19,20,19
continued,0.09091856870086198,19,20,20
continued,0.08324722641766188,19,20,21
continued,0.19180270576854783,19,20,22
continued,0.02804038579173007,19,20,23
continued,0.15296786346405902,19,20,24
continued,0.08933397616421923,19,20,25
continued,0.11173474580295804,19,20,26
continued,0.08848765225097716,19,20,27
continued,0.1543067852086875,19,20,28
continued,0.15583452215198826,19,20,29
continued,0.11329135596349607,19,20,30
continued,0.1420191880977599,19,20,31
continued,0.154052987044731,19,20,32
continued,0.19628419863564023,19,20,33
continued,0.13232728029249072,19,20,34
continued,0.08374803714569054,19,20,35
continued,0.18523808858409502,19,20,36
continued,0.19008306067095093,19,20,37
continued,0.17492672233622664,19,20,38
continued,0.16113561888988565,19,20,39
continued,0.14774255190732916,19,20,40
continued,0.21949345495715938,19,20,41
continued,0.06772767880699843,19,20,42
continued,0.1648524416121205,19,20,43
continued,0.011242094992105385,19,20,44
continued,0.0589442163284697,19,20,45
continued,0.1849821282487224,19,20,46
continued,0.09261330220806989,19,20,47
continued,0.12057158604186029,19,20,48
continued,0.06501734771425649,19,20,49
continued,0.07930265655537881,20,21,0
continued,0.082885153414376,20,21,1
continued,0.1716042485028062,20,21,2
continued,0.19984315952972684,20,21,3
continued,0.22964639994270247,20,21,4
continued,0.13023442308206803,20,21,5
continued,0.15164592850982775,20,21,6
continued,0.17031401809788937,20,21,7
continued,0.024508840218346567,20,21,8
continued,0.16406468239521083,20,21,9
continued,0.1826473028973338,20,21,10
continued,0.10206897909360674,20,21,11
continued,0.12742789754840683,20,21,12
continued,0.1646504201513949,20,21,13
continued,0.17122458874495658,20,21,14
continued,0.03155489837445707,20,21,15
continued,0.1041288483015078,20,21,16
continued,0.1835465263936049,20,21,17
continued,0.09625253141890985,20,21,18
continued,0.08376899421426609,20,21,19
continued,0.0632086386385932,20,21,20
continued,0.12535945370714371,20,21,21
continued,0.02417385656321986,20,21,22
continued,0.07173271261531429,20,21,23
continued,0.10367890998036745,20,21,24
continued,0.2074566540153942,20,21,25
continued,0.13404255121166278,20,21,26
continued,0.11724231068985153,20,21,27
continued,0.12557514825630448,20,21,28
continued,0.038034392423127776,20,21,29
continued,0.09682592068297025,20,21,30
continued,0.0416719789545216,20,21,31
continued,0.09967028078980052,20,21,32
continued,0.17019708499324473,20,21,33
continued,0.12447156053000655,20,21,34
continued,0.1522726901841299,20,21,35
continued,0.1098009977702286,20,21,36
continued,0.08643684211183311,20,21,37
continued,0.1860027147037943,20,21,38
continued,0.0928971068500246,20,21,39
continued,0.07245636953516453,20,21,40
continued,0.030295178175936858,20,21,41
continued,0.04464138846211096,20,21,42
continued,0.09806653370697352,20,21,43
continued,-4.3863810343558636e-05,20,21,44
continued,0.1532075608741577,20,21,45
continued,0.10019661776590569,20,21,46
continued,0.10006474430943044,20,21,47
continued,0.052642194529044034,20,21,48
continued,0.03997854210842171,20,21,49
continued,0.05739273521927996,21,22,0
continued,0.1997900687745353,21,22,1
continued,0.19483016940281359,21,22,2
continued,0.01660654859687824,21,22,3
continued,0.14432042030890624,21,22,4
continued,0.11805770265229014,21,22,5
continued,0.14355178800051202,21,22,6
continued,0.20982807850922133,21,22,7
continued,0.01753188136943441,21,22,8
continued,0.01118426606909826,21,22,9
continued,0.13364972664151167,21,22,10
continued,0.07677739122698783,21,22,11
continued,0.0454849171524,21,22,12
continued,0.06596572833938524,21,22,13
continued,0.09638402484236348,21,22,14
continued,0.0859677799225037,21,22,15
continued,0.043535296757376565,21,22,16
continued,0.145185700663117,21,22,17
continued,0.14234788987459387,21,22,18
continued,0.10840797288630535,21,22,19
continued,0.10834611870259585,21,22,20
continued,0.16417719070182427,21,22,21
continued,0.026106931306031547,21,22,22
continued,0.1591688165239032,21,22,23
continued,0.09321359345634095,21,22,24
continued,0.17093768608093618,21,22,25
continued,0.05496468407118462,21,22,26
continued,0.11235837720655033,21,22,27
continued,-0.03866659147946704,21,22,28
continued,0.18980312280549116,21,22,29
continued,0.10449326952013066,21,22,30
continued,0.10254695846130658,21,22,31
continued,0.012398616519244836,21,22,32
continued,0.09707329827590508,21,22,33
continued,0.15811042377150508,21,22,34
continued,0.13777151239333127,21,22,35
continued,0.21637582309772863,21,22,36
continued,0.19743959389671362,21,22,37
continued,0.14352715808023653,21,22,38
continued,0.08149532289937009,21,22,39
continued,0.11452452098292523,21,22,40
continued,0.09288623699751801,21,22,41
continued,0.13580517354868724,21,22,42
continued,0.10446228289963132,21,22,43
continued,0.1095162810347712,21,22,44
continued,0.03025080414679869,21,22,45
continued,0.029909295078119354,21,22,46
continued,0.05026981800890011,21,22,47
continued,0.1279504952400591,21,22,48
continued,0.09388418875604689,21,22,49
continued,0.13795876551819614,22,23,0
continued,0.04339444837977266,22,23,1
continued,0.1273203324515083,22,23,2
continued,0.12066757154502877,22,23,3
continued,0.06429349832734671,22,23,4
continued,0.1680714544880192,22,23,5
continued,0.12189145904755129,22,23,6
continued,0.12459403596303839,22,23,7
continued,0.07647365411580116,22,23,8
continued,0.046864196471801664,22,23,9
continued,0.13620733410140443,22,23,10
continued,0.0702144354511405,22,23,11
continued,0.07914018375347777,22,23,12
continued,0.08345500676776407,22,23,13
continued,0.15034441631559783,22,23,14
continued,0.12673861205372572,22,23,15
continued,0.10289916351297643,22,23,16
continued,0.1893970763329495,22,23,17
continued,0.10890335904256836,22,23,18
continued,-0.0010857652631053264,22,23,19
continued,0.08212584568326618,22,23,20
continued,0.007156459818591224,22,23,21
continued,0.02670857278256499,22,23,22
continued,0.1764643571915968,22,23,23
continued,0.11248110565231687,22,23,24
continued,0.1742762516256356,22,23,25
continued,0.12327986586958332,22,23,26
continued,0.14972736939570264,22,23,27
continued,0.1117614534590145,22,23,28
continued,-0.01569562121034822,22,23,29
continued,0.1815743334512461,22,23,30
continued,-0.017478496889706457,22,23,31
continued,0.07515746328810766,22,23,32
continued,0.13561341520942524,22,23,33
continued,0.13094230685532746,22,23,34
continued,0.16630876183636423,22,23,35
continued,0.10190794539969826,22,23,36
continued,0.1151936600649153,22,23,37
continued,0.00530700794608705,22,23,38
continued,0.0794981303324223,22,23,39
continued,0.17975476478015465,22,23,40
continued,0.13406325855525655,22,23,41
continued,0.06336743787257376,22,23,42
continued,0.1138013150521612,22,23,43
continued,0.12848588782751225,22,23,44
continued,0.11501160747527542,22,23,45
continued,0.11687409312788477,22,23,46
continued,0.20924203088166002,22,23,47
continued,0.08804368375302692,22,23,48
continued,0.04570267874734909,22,23,49
continued,0.14129718974632335,23,24,0
continued,0.0905589696899187,23,24,1
continued,0.14907981075910837,23,24,2
continued,-0.04992140379932601,23,24,3
continued,0.25807280549162137,23,24,4
continued,0.13710779854559024,23,24,5
continued,0.09543576589316563,23,24,6
continued,0.09665374513527993,23,24,7
continued,0.05882390623327921,23,24,8
continued,0.10817028755833104,23,24,9
continued,0.2140657791738607,23,24,10
continued,0.10302565001396992,23,24,11
continued,0.15207925799619906,23,24,12
continued,0.15654072694382482,23,24,13
continued,0.09173294702111541,23,24,14
continued,0.03435154041034428,23,24,15
continued,0.04009545790584261,23,24,16
continued,0.11402660034024556,23,24,17
continued,0.18492599344357655,23,24,18
continued,0.14228434044227162,23,24,19
continued,0.071502925183096,23,24,20
continued,0.11742718462179846,23,24,21
continued,0.21436107612790226,23,24,22
continued,0.11654332996905326,23,24,23
continued,0.2036272325140488,23,24,24
continued,0.1261806251120719,23,24,25
continued,0.22932111097003333,23,24,26
continued,0.13772448917009225,23,24,27
continued,0.11922993056033702,23,24,28
continued,0.06701528006597382,23,24,29
continued,0.1571032054422579,23,24,30
continued,0.11808452035025423,23,24,31
continued,0.09079941984155923,23,24,32
continued,0.20050509971173017,23,24,33
continued,0.17119340730271126,23,24,34
continued,0.07109914895508083,23,24,35
continued,0.13297817270807638,23,24,36
continued,0.07286019493227067,23,24,37
continued,0.10896132488995576,23,24,38
continued,0.12089477562974209,23,24,39
continued,0.1290030218573146,23,24,40
continued,0.14679403095578436,23,24,41
continued,0.10099569542434553,23,24,42
continued,0.12191940616950422,23,24,43
continued,0.09294302191395545,23,24,44
continued,0.15437175284120458,23,24,45
continued,0.1326609139223943,23,24,46
continued,0.06233550244202544,23,24,47
continued,0.0495234673224031,23,24,48
continued,0.08614914186704144,23,24,49
continued,0.10151739087589072,24,25,0
continued,0.11397949363510823,24,25,1
continued,0.15422455298821452,24,25,2
continued,0.077265201109823,24,25,3
continued,0.21107369472595955,24,25,4
continued,0.07459609256733007,24,25,5
continued,0.1451278483311581,24,25,6
continued,0.005723911246340058,24,25,7
continued,0.14214298644640413,24,25,8
continued,0.12825015615258584,24,25,9
continued,0.1181898428959408,24,25,10
continued,0.007711763602863995,24,25,11
continued,0.13566277957839137,24,25,12
continued,0.14397117453743888,24,25,13
continued,0.04998326906947652,24,25,14
continued,0.32441795990455735,24,25,15
continued,0.06479003774439061,24,25,16
continued,0.10758136202521569,24,25,17
continued,0.006904552394414586,24,25,18
continued,0.15670744428245545,24,25,19
continued,0.03825286802531788,24,25,20
continued,0.0034056117601543087,24,25,21
continued,0.09860065024316833,24,25,22
continued,0.06637217570232146,24,25,23
continued,0.0338959081550483,24,25,24
continued,0.17568584784398028,24,25,25
continued,0.1638681510131898,24,25,26
continued,0.18106165123327161,24,25,27
continued,0.09483352395013116,24,25,28
continued,0.07526523781398929,24,25,29
continued,0.19106676314866777,24,25,30
continued,0.06801304608750525,24,25,31
continued,0.15515696409507862,24,25,32
continued,0.2730269839172447,24,25,33
continued,0.1975435837751786,24,25,34
continued,0.056397113912667315,24,25,35
continued,0.07530848427913538,24,25,36
continued,0.10227225745234458,24,25,37
continued,0.17218759359887406,24,25,38
continued,0.12642095851863092,24,25,39
continued,0.07284876308299393,24,25,40
continued,0.19414323258332614,24,25,41
continued,0.20187359399922913,24,25,42
continued,0.08089715478047121,24,25,43
continued,0.13077756882723507,24,25,44
continued,0.1037929388411503,24,25,45
continued,0.045263919227896986,24,25,46
continued,0.0839933499191499,24,25,47
continued,0.020386066455697467,24,25,48
continued,0.12609404535019522,24,25,49
continued,0.26338521479279753,25,26,0
continued,0.09327758481727555,25,26,1
continued,0.1408995821517544,25,26,2
continued,0.11830986325378033,25,26,3
continued,0.18365488172271385,25,26,4
continued,0.02782590121120755,25,26,5
continued,0.1602594216928811,25,26,6
continued,0.004203721893566197,25,26,7
continued,0.1312422207171909,25,26,8
continued,0.11409772912830442,25,26,9
continued,0.10004039303035249,25,26,10
continued,0.10793617950893035,25,26,11
continued,0.13983572994628823,25,26,12
continued,0.11074847754390102,25,26,13
continued,0.11647973438987157,25,26,14
continued,0.02863885704319335,25,26,15
continued,0.09461707224693049,25,26,16
continued,0.16805887979840214,25,26,17
continued,0.08096212921330097,25,26,18
continued,0.08223590905234336,25,26,19
continued,0.05320328659834382,25,26,20
continued,0.1567662351434741,25,26,21
continued,-0.07940937755790124,25,26,22
continued,0.15451092464124322,25,26,23
continued,0.09659840707189654,25,26,24
continued,0.07359545622539362,25,26,25
continued,0.09246925619927533,25,26,26
continued,0.11612848253312026,25,26,27
continued,0.07377490755453711,25,26,28
continued,0.12030392520662204,25,26,29
continued,0.038178938203506534,25,26,30
continued,0.14210368195917544,25,26,31
continued,0.05218635401556625,25,26,32
continued,0.15310444732824754,25,26,33
continued,0.06270922373542882,25,26,34
continued,0.13290724885535488,25,26,35
continued,0.06383428549720506,25,26,36
continued,0.16549215485811064,25,26,37
continued,0.13449654581012083,25,26,38
continued,0.1653816749588265,25,26,39
continued,0.038843513208061876,25,26,40
continued,0.06590585786335225,25,26,41
continued,0.10157422990561801,25,26,42
continued,0.11674538565568564,25,26,43
continued,0.17662087536348361,25,26,44
continued,0.06407293261230396,25,26,45
continued,0.07547161940218695,25,26,46
continued,0.14460177634657156,25,26,47
continued,0.1936907150656349,25,26,48
continued,-0.018272820917336105,25,26,49
continued,0.13690692024422227,26,27,0
continued,0.11752266906696454,26,27,1
continued,0.22609528731574083,26,27,2
continued,0.06251003785631894,26,27,3
continued,0.11046491422968077,26,27,4
continued,0.06516464062440132,26,27,5
continued,0.13942220468595234,26,27,6
continued,-0.0019118505448809863,26,27,7
continued,0.10732270871124439,26,27,8
continued,0.14430318827051658,26,27,9
continued,-0.0053395458288400515,26,27,10
continued,-0.042316875519250764,26,27,11
continued,0.0750615516269996,26,27,12
continued,0.05021554998536837,26,27,13
continued,0.0636684792289021,26,27,14
continued,0.05319672987745196,26,27,15
continued,0.04394682027288028,26,27,16
continued,0.09686613596542755,26,27,17
continued,0.18215823607413056,26,27,18
continued,0.05809058635666724,26,27,19
continued,0.07903531960547643,26,27,20
continued,0.08490395861983757,26,27,21
continued,0.054339136379440024,26,27,22
continued,0.06970374138182317,26,27,23
continued,0.08761323251032276,26,27,24
continued,0.01753309343231641,26,27,25
continued,0.1315068708749662,26,27,26
continued,0.09029584354002484,26,27,27
continued,0.15121263285519312,26,27,28
continued,0.04101168785540843,26,27,29
continued,0.17265511182284335,26,27,30
continued,0.004226250443644771,26,27,31
continued,0.16012878268041134,26,27,32
continued,0.03266678200053854,26,27,33
continued,0.13101622711839062,26,27,34
continued,0.2475208576225973,26,27,35
continued,0.2090613241116391,26,27,36
continued,0.14464673554668536,26,27,37
continued,0.11530599884744255,26,27,38
continued,0.21770549553263502,26,27,39
continued,0.1521790399703013,26,27,40
continued,0.07519020520739068,26,27,41
continued,0.13701391953119704,26,27,42
continued,0.14813302522558794,26,27,43
continued,0.13238195592873808,26,27,44
continued,0.12224395149903965,26,27,45
continued,0.041187022518328155,26,27,46
continued,0.04502619800471633,26,27,47
continued,0.15349323727846229,26,27,48
continued,0.12769510008136287,26,27,49
continued,0.08192346447442571,27,28,0
continued,0.08313892158795055,27,28,1
continued,0.23557245804242913,27,28,2
continued,-0.024127859164996025,27,28,3
continued,0.16862829346159255,27,28,4
continued,0.09580461524666299,27,28,5
continued,0.0007038762314811158,27,28,6
continued,0.07717376210310446,27,28,7
continued,0.050320738665835536,27,28,8
continued,0.03889751782555616,27,28,9
continued,0.21760334131952877,27,28,10
continued,0.08705403820924118,27,28,11
continued,0.1316089254727111,27,28,12
continued,0.10216493209002,27,28,13
continued,0.2116289730993174,27,28,14
continued,0.11727877748986308,27,28,15
continued,0.24655888610407048,27,28,16
continued,0.13590999897466935,27,28,17
continued,0.17178295542174385,27,28,18
continued,0.04112650856574767,27,28,19
continued,0.15186932195991865,27,28,20
continued,0.09270623088443815,27,28,21
continued,0.23054695855427315,27,28,22
continued,0.15358203060541367,27,28,23
continued,0.09997494438338649,27,28,24
continued,0.07304924863436689,27,28,25
continued,0.06377369004905876,27,28,26
continued,0.0914113764085229,27,28,27
continued,0.20916068783959524,27,28,28
continued,0.058219328714589014,27,28,29
continued,0.2430522110332372,27,28,30
continued,0.15596170424378555,27,28,31
continued,0.25180755338319816,27,28,32
continued,0.21745396968350433,27,28,33
continued,-0.045857075955848065,27,28,34
continued,0.0771747119963019,27,28,35
continued,-0.0007551214564769353,27,28,36
continued,0.16194598994829326,27,28,37
continued,0.12123392085093647,27,28,38
continued,0.13124621000810077,27,28,39
continued,-0.001103199036326179,27,28,40
continued,0.16713088310494476,27,28,41
continued,0.09980464867040648,27,28,42
continued,0.09408274025400713,27,28,43
continued,0.008415144405747303,27,28,44
continued,0.17319640557457402,27,28,45
continued,0.09686341005233248,27,28,46
continued,0.14540992841982844,27,28,47
continued,0.18254475827225689,27,28,48
continued,0.1158813974841695,27,28,49
continued,0.032953274767612235,28,29,0
continued,0.1158618936487228,28,29,1
continued,0.014824103717792553,28,29,2
continued,0.10382904264419654,28,29,3
continued,0.07112518432914239,28,29,4
continued,0.10318724143767656,28,29,5
continued,0.03546827599436791,28,29,6
continued,0.168190669730007,28,29,7
continued,0.0755367436925234,28,29,8
continued,-0.004016229985302933,28,29,9
continued,0.12283954993728036,28,29,10
continued,0.07091468991271979,28,29,11
continued,0.15170169924739357,28,29,12
continued,0.15131455140753125,28,29,13
continued,0.11136591089937423,28,29,14
continued,0.04673490078642132,28,29,15
continued,0.11771392036151515,28,29,16
continued,0.15043396408439208,28,29,17
continued,0.11368080155885019,28,29,18
continued,-0.0373592580628859,28,29,19
continued,0.13583614074125153,28,29,20
continued,0.08530599033137942,28,29,21
continued,0.0925074071000727,28,29,22
continued,6.865349969684934e-05,28,29,23
continued,0.1313151860575095,28,29,24
continued,0.14384951172239177,28,29,25
continued,0.1326640788832217,28,29,26
continued,0.10978583568653694,28,29,27
continued,0.20237830829204512,28,29,28
continued,0.027333751455779688,28,29,29
continued,0.024361224199478226,28,29,30
continued,0.1555924902386334,28,29,31
continued,0.14189728125087317,28,29,32
continued,0.17658960880013,28,29,33
continued,1.2400365872955931e-06,28,29,34
continued,0.08936494543316224,28,29,35
continued,0.09755085898829106,28,29,36
continued,0.04989637119953139,28,29,37
continued,0.10297394002605226,28,29,38
continued,0.21975076907280208,28,29,39
continued,0.09616324805322392,28,29,40
continued,0.11354892577501514,28,29,41
continued,0.11553133566953516,28,29,42
continued,0.061434427170110655,28,29,43
continued,0.03174797930124063,28,29,44
continued,0.08576572137601711,28,29,45
continued,0.1428234515378446,28,29,46
continued,0.01707352654553754,28,29,47
continued,0.09836750221474422,28,29,48
continued,0.12048654617133224,28,29,49
continued,0.1067372975060292,29,30,0
continued,0.2440814004693543,29,30,1
continued,0.08517181660240043,29,30,2
continued,0.17957678577043454,29,30,3
continued,0.21293270953475413,29,30,4
continued,0.08965904471262136,29,30,5
continued,0.235560968850046,29,30,6
continued,0.11060308851463665,29,30,7
continued,0.010725386244592574,29,30,8
continued,0.14530620324005167,29,30,9
continued,0.04432105404276335,29,30,10
continued,0.04212531317090137,29,30,11
continued,0.06441563139659523,29,30,12
continued,0.1452153600744922,29,30,13
continued,0.15603767282174855,29,30,14
continued,0.11880850721509949,29,30,15
continued,0.17547747672903088,29,30,16
continued,0.18580046727858615,29,30,17
continued,0.08187528336663644,29,30,18
continued,0.05475856706471243,29,30,19
continued,0.0902469263987672,29,30,20
continued,0.06401662938882108,29,30,21
continued,-0.007706386568144132,29,30,22
continued,0.048758468469613424,29,30,23
continued,0.12275797100201166,29,30,24
continued,0.23496688377440528,29,30,25
continued,0.1351083364439276,29,30,26
continued,0.16997764647284797,29,30,27
continued,0.19457536980273044,29,30,28
continued,0.09836804380164203,29,30,29
continued,0.1356913974889928,29,30,30
continued,0.13410977686994652,29,30,31
continued,0.16466390624905133,29,30,32
continued,-0.027948023305593934,29,30,33
continued,0.18569468533990657,29,30,34
continued,0.1656755136485715,29,30,35
continued,0.12156972343741407,29,30,36
continued,0.03087838501670234,29,30,37
continued,0.10911607424659685,29,30,38
continued,0.1546561379280991,29,30,39
continued,0.07140449661949594,29,30,40
continued,0.0200714126579659,29,30,41
continued,0.07713865753481051,29,30,42
continued,0.0313471581358212,29,30,43
continued,0.10892151013497808,29,30,44
continued,0.01415045699893936,29,30,45
continued,0.12913898941400012,29,30,46
continued,-0.040217225844005465,29,30,47
continued,0.1106546438778177,29,30,48
continued,0.2587625067724425,29,30,49
continued,0.1445099291241461,30,31,0
continued,0.29053134483957166,30,31,1
continued,0.08255779905292344,30,31,2
continued,0.12785711047898582,30,31,3
continued,0.1335347840985495,30,31,4
continued,0.12828179992054642,30,31,5
continued,0.12721866483760128,30,31,6
continued,0.1317217077370261,30,31,7
continued,0.17282867240541958,30,31,8
continued,0.09346249368308249,30,31,9
continued,0.1584821886598391,30,31,10
continued,0.05457336382200967,30,31,11
continued,0.03929822275853217,30,31,12
continued,0.16850381340494608,30,31,13
continued,0.0930396611642969,30,31,14
continued,0.1096018383792567,30,31,15
continued,0.1723364492667327,30,31,16
continued,0.12175258455225861,30,31,17
continued,0.10010121570304387,30,31,18
continued,-0.002136451106172951,30,31,19
continued,0.14312430992616873,30,31,20
continued,0.19007884432734115,30,31,21
continued,0.052421624800774086,30,31,22
continued,0.15007275641127732,30,31,23
continued,0.12161661346336027,30,31,24
continued,0.12519224341033514,30,31,25
continued,0.13587542138191014,30,31,26
continued,0.168354380343211,30,31,27
continued,0.12381478927390557,30,31,28
continued,0.11505501911069498,30,31,29
continued,0.10568878918499836,30,31,30
continued,0.21339351206801704,30,31,31
continued,0.14693796302535878,30,31,32
continued,0.0755006955239105,30,31,33
continued,0.09394838417896002,30,31,34
continued,0.04421047903852793,30,31,35
continued,0.09459579655121558,30,31,36
continued,0.02225739023924108,30,31,37
continued,0.03476914953153109,30,31,38
continued,0.11124309446370423,30,31,39
continued,0.06447904513969152,30,31,40
continued,0.05706488370160966,30,31,41
continued,0.09276864482886701,30,31,42
continued,0.05503795266831957,30,31,43
continued,0.13760802784722811,30,31,44
continued,0.06603421679227456,30,31,45
continued,0.11019943707322784,30,31,46
continued,0.03275959833723592,30,31,47
continued,0.1340882731723168,30,31,48
continued,0.21894598849921695,30,31,49
continued,0.18854035195663046,31,32,0
continued,0.14700526519575413,31,32,1
continued,0.06983545991360758,31,32,2
continued,0.06319107577633336,31,32,3
continued,0.013778370565698401,31,32,4
continued,0.06515219255132164,31,32,5
continued,0.09237665824650473,31,32,6
continued,0.11569002636190018,31,32,7
continued,0.12995115312494876,31,32,8
continued,0.17889469783509637,31,32,9
continued,0.13868234718662217,31,32,10
continued,0.07083967240859566,31,32,11
continued,0.169778930564263,31,32,12
continued,0.07726096508460775,31,32,13
continued,0.12433589138661932,31,32,14
continued,-0.05922987851268366,31,32,15
continued,0.13097203814066324,31,32,16
continued,0.08127822256270151,31,32,17
continued,0.04538998612048776,31,32,18
continued,0.10305503539296786,31,32,19
continued,0.13798061276101925,31,32,20
continued,0.19726622520716414,31,32,21
continued,0.08264626985002634,31,32,22
continued,0.17464185005230554,31,32,23
continued,0.12641699467806358,31,32,24
continued,0.08791301696290882,31,32,25
continued,0.11948872299427232,31,32,26
continued,0.0853376919138583,31,32,27
continued,0.09318359539060164,31,32,28
continued,0.04227033651916883,31,32,29
continued,0.15711835196216636,31,32,30
continued,0.07437739457388169,31,32,31
continued,0.05217665462224641,31,32,32
continued,0.07851923866383075,31,32,33
continued,0.1559720445481224,31,32,34
continued,0.030911426061403686,31,32,35
continued,0.014573492220562465,31,32,36
continued,0.02919954436865907,31,32,37
continued,0.10992131716903412,31,32,38
continued,0.015739449475141956,31,32,39
continued,0.14738260378173074,31,32,40
continued,0.1166183172662386,31,32,41
continued,0.2630539778210776,31,32,42
continued,0.13017583400009883,31,32,43
continued,0.12810147278350686,31,32,44
continued,0.13750928142716803,31,32,45
continued,0.1081112044394363,31,32,46
continued,0.13709081253444996,31,32,47
continued,0.0027948700212111583,31,32,48
continued,0.09520739783769602,31,32,49
continued,0.17253344651174152,32,33,0
continued,0.13597980292709222,32,33,1
continued,0.165880987558878,32,33,2
continued,0.08466429869955391,32,33,3
continued,0.08662075211294083,32,33,4
continued,0.15344646989680355,32,33,5
continued,0.18729348760619244,32,33,6
continued,0.12994384494985492,32,33,7
continued,0.14433722030432114,32,33,8
continued,0.09549528135405123,32,33,9
continued,0.15512372875331465,32,33,10
continued,0.12456568309694799,32,33,11
continued,0.12489332428887631,32,33,12
continued,0.12483419162446781,32,33,13
continued,0.0834792052727525,32,33,14
continued,0.11719549203038403,32,33,15
continued,0.1762583207248374,32,33,16
continued,0.04000924957853028,32,33,17
continued,0.07139041027123927,32,33,18
continued,0.19777995471804058,32,33,19
continued,0.12477100146136724,32,33,20
continued,0.06753267770304926,32,33,21
continued,0.18662907769502,32,33,22
continued,0.16087860338613375,32,33,23
continued,0.12860346723454635,32,33,24
continued,0.07674246353923939,32,33,25
continued,0.19884131291580845,32,33,26
continued,-0.002559958549576118,32,33,27
continued,0.0793605808586183,32,33,28
continued,0.08395263008864497,32,33,29
continued,0.09775293361676718,32,33,30
continued,0.06579193918284944,32,33,31
continued,0.14582948945427782,32,33,32
continued,0.17931928578547776,32,33,33
continued,0.09562395706248701,32,33,34
continued,0.08657913816664453,32,33,35
continued,0.10261582934109481,32,33,36
continued,0.1603830980334276,32,33,37
continued,0.15949359867938223,32,33,38
continued,0.09442022893229236,32,33,39
continued,0.0505909702846788,32,33,40
continued,0.14373210905258713,32,33,41
continued,0.13414906868156445,32,33,42
continued,0.0619917563102004,32,33,43
continued,0.1547067532162396,32,33,44
continued,0.10871880547671064,32,33,45
continued,0.05031624060714264,32,33,46
continued,0.16021251961406788,32,33,47
continued,0.18452608400784543,32,33,48
continued,0.08032394211513744,32,33,49
continued,0.11936316177656657,33,34,0
continued,0.07692202735000346,33,34,1
continued,0.06145286024585761,33,34,2
continued,0.0886229550446046,33,34,3
continued,0.09318921940048666,33,34,4
continued,0.08453255848603865,33,34,5
continued,0.007216184557087127,33,34,6
continued,0.03497061836393664,33,34,7
continued,0.12712428436918718,33,34,8
continued,0.12423003712620834,33,34,9
continued,0.09685585533954262,33,34,10
continued,0.11165139181518707,33,34,11
continued,0.03815016165470588,33,34,12
continued,0.09539519993506121,33,34,13
continued,0.06333827682730547,33,34,14
continued,0.18107932725356563,33,34,15
continued,0.05706855057586953,33,34,16
continued,0.09082594692360323,33,34,17
continued,0.17227120669544965,33,34,18
continued,0.12615958563756294,33,34,19
continued,0.04987907318952534,33,34,20
continued,0.08651853091851577,33,34,21
continued,0.0367160159850121,33,34,22
continued,0.11922173869167117,33,34,23
continued,0.14052875199354817,33,34,24
continued,0.04735902604633632,33,34,25
continued,0.12521742626615817,33,34,26
continued,0.1262837153452103,33,34,27
continued,0.09857505085940373,33,34,28
continued,0.08090135114548962,33,34,29
continued,-0.05734189753812041,33,34,30
continued,0.2238071793266599,33,34,31
continued,0.10555191780625718,33,34,32
continued,0.16481414529526756,33,34,33
continued,0.09518725355596173,33,34,34
continued,0.05356086468927628,33,34,35
continued,0.1625908689896026,33,34,36
continued,0.08484979074484622,33,34,37
continued,0.07455290715854189,33,34,38
continued,0.13049693416027303,33,34,39
continued,0.11294668503028114,33,34,40
continued,0.20555765454519,33,34,41
continued,0.10981891717624828,33,34,42
continued,0.12084410589065622,33,34,43
continued,0.10853899427164246,33,34,44
continued,0.142159161812237,33,34,45
continued,0.003816803811281279,33,34,46
continued,0.08652248358074134,33,34,47
continued,0.13271050099179682,33,34,48
continued,0.1048138415150646,33,34,49
continued,0.12124846617698426,34,35,0
continued,0.10051234572232659,34,35,1
continued,0.14515346301768853,34,35,2
continued,-0.002740008421890668,34,35,3
continued,0.09528899143251085,34,35,4
continued,0.021715255193224474,34,35,5
continued,0.08594381089046627,34,35,6
continued,0.01815978018642226,34,35,7
continued,0.04801422701163246,34,35,8
continued,0.11662966462348406,34,35,9
continued,0.07747015590007769,34,35,10
continued,0.02394060406506114,34,35,11
continued,-0.025577756616800475,34,35,12
continued,0.17137510129049432,34,35,13
continued,0.0817811241022062,34,35,14
continued,0.10240627116639779,34,35,15
continued,-0.02402265767439548,34,35,16
continued,0.19799159331452665,34,35,17
continued,0.05210425769608304,34,35,18
continued,0.16311382035109248,34,35,19
continued,0.10532550896825407,34,35,20
continued,0.14414875730268903,34,35,21
continued,0.05052447277131185,34,35,22
continued,0.09700231497279604,34,35,23
continued,0.09936171067588148,34,35,24
continued,0.001916853565746569,34,35,25
continued,0.15327676465450593,34,35,26
continued,0.08003660459550571,34,35,27
continued,0.06565792182023533,34,35,28
continued,0.21265586530763095,34,35,29
continued,0.11618335636601378,34,35,30
continued,0.06330154909941671,34,35,31
continued,0.03769832743790181,34,35,32
continued,0.13295164767407702,34,35,33
continued,0.09018856365627256,34,35,34
continued,0.06285984608583513,34,35,35
continued,0.18217437550733429,34,35,36
continued,0.22060652700791292,34,35,37
continued,0.1500023249288698,34,35,38
continued,0.1341327264341191,34,35,39
continued,0.18362102310389217,34,35,40
continued,0.04862651006585213,34,35,41
continued,0.002200157501797248,34,35,42
continued,0.15194820599765194,34,35,43
continued,0.023306368464811145,34,35,44
continued,0.030859942340919766,34,35,45
continued,0.0764143198927468,34,35,46
continued,0.07166751769094509,34,35,47
continued,0.06834717598828992,34,35,48
continued,0.18281307344781844,34,35,49
continued,0.1811041354671309,35,36,0
continued,0.18091249518579913,35,36,1
continued,0.10161952681139572,35,36,2
continued,0.19402018477139132,35,36,3
continued,0.12587900098502774,35,36,4
continued,0.14126801115371035,35,36,5
continued,0.03038648070366805,35,36,6
continued,0.028636806667144743,35,36,7
continued,0.024963340296400748,35,36,8
continued,0.11922900222892958,35,36,9
continued,0.10229521257523554,35,36,10
continued,0.00035633204633563325,35,36,11
continued,0.08790272981208494,35,36,12
continued,0.19805885307582896,35,36,13
continued,0.11172271919940754,35,36,14
continued,0.08860936703552409,35,36,15
continued,0.16507502566009088,35,36,16
continued,0.0974581687682,35,36,17
continued,-0.030519064329087818,35,36,18
continued,0.08726557367722805,35,36,19
continued,0.09983220653144119,35,36,20
continued,0.14431938871997468,35,36,21
continued,0.11712799849053793,35,36,22
continued,0.1178283256225467,35,36,23
continued,0.15426899864465693,35,36,24
continued,0.0781786858220341,35,36,25
continued,0.09035546492591691,35,36,26
continued,0.1380844253802802,35,36,27
continued,0.17222831970714203,35,36,28
continued,0.10744151193833792,35,36,29
continued,0.10114413031779375,35,36,30
continued,0.059511455140681374,35,36,31
continued,0.12616424240694504,35,36,32
continued,0.04275427806862109,35,36,33
continued,0.05619675859316685,35,36,34
continued,0.13655847215220843,35,36,35
continued,0.07084610171027247,35,36,36
continued,0.17432895414029526,35,36,37
continued,0.04835647771799112,35,36,38
continued,0.14992955117179116,35,36,39
continued,0.08556465170813506,35,36,40
continued,0.08940536041361795,35,36,41
continued,0.19928935337988096,35,36,42
continued,0.056773325497818584,35,36,43
continued,0.15090314503273916,35,36,44
continued,0.1014358955185559,35,36,45
continued,0.16159593099529096,35,36,46
continued,0.09749078140754616,35,36,47
continued,0.17541953082963144,35,36,48
continued,0.08556423369719113,35,36,49
continued,0.09320087870947476,36,37,0
continued,0.07337299245573678,36,37,1
continued,0.09991915731459276,36,37,2
continued,0.0753684460865001,36,37,3
continued,0.1555244166110559,36,37,4
continued,0.069549419003641,36,37,5
continued,0.047719231568101636,36,37,6
continued,0.11375919227701096,36,37,7
continued,0.12643278785295495,36,37,8
continued,0.04555849561529717,36,37,9
continued,0.2249156306655487,36,37,10
continued,0.11177461934918614,36,37,11
continued,0.16594490799396924,36,37,12
continued,-0.021216697178665124,36,37,13
continued,0.15478294526420572,36,37,14
continued,0.10294600898311411,36,37,15
continued,0.08105364483054091,36,37,16
continued,0.08322884961921552,36,37,17
continued,0.2716531415347461,36,37,18
continued,0.14396376254799118,36,37,19
continued,0.06323142089247712,36,37,20
continued,0.13011027320029017,36,37,21
continued,0.14089135198740935,36,37,22
continued,0.00860838947573417,36,37,23
continued,0.2050693319958567,36,37,24
continued,0.0639966870330779,36,37,25
continued,0.15692554459506142,36,37,26
continued,0.07394732965379404,36,37,27
continued,0.11744550799288406,36,37,28
continued,0.15037609593952503,36,37,29
continued,0.20371821535981505,36,37,30
continued,0.02774791530320471,36,37,31
continued,0.07865975942242481,36,37,32
continued,0.16602408669493185,36,37,33
continued,0.07857334349167068,36,37,34
continued,0.0622270797491266,36,37,35
continued,0.0532762919205238,36,37,36
continued,0.08966150816378872,36,37,37
continued,0.1179801169192282,36,37,38
continued,0.16032425654278817,36,37,39
continued,0.06348647993968659,36,37,40
continued,0.1515122140379592,36,37,41
continued,0.1303920984451402,36,37,42
continued,0.09210929575049384,36,37,43
continued,0.1058601692392163,36,37,44
continued,0.08732045582306137,36,37,45
continued,0.1361503809788913,36,37,46
continued,0.10184234332277495,36,37,47
continued,0.1299593896520659,36,37,48
continued,0.027539774786728925,36,37,49
continued,0.05086206675243723,37,38,0
continued,0.06157834467615522,37,38,1
continued,0.11278324317557001,37,38,2
continued,0.02444729279103293,37,38,3
continued,0.12781757920502848,37,38,4
continued,0.15453491846216466,37,38,5
continued,0.05657867886212749,37,38,6
continued,0.04295336122102416,37,38,7
continued,0.0677060696756872,37,38,8
continued,0.03945993272491611,37,38,9
continued,0.10379296900685919,37,38,10
continued,0.10795683726300438,37,38,11
continued,0.25058509039913757,37,38,12
continued,0.054844828872148754,37,38,13
continued,0.07215037337742652,37,38,14
continued,0.014732942595034701,37,38,15
continued,0.17654638975437448,37,38,16
continued,0.08850202635844467,37,38,17
continued,0.041852559855225256,37,38,18
continued,0.13099841490918257,37,38,19
continued,0.1512857197135053,37,38,20
continued,0.08221397380545967,37,38,21
continued,0.09515476677214979,37,38,22
continued,0.1452938466292829,37,38,23
continued,0.12218706487292343,37,38,24
continued,0.06331680855210711,37,38,25
continued,0.19034057907423313,37,38,26
continued,0.20376446244861446,37,38,27
continued,0.016352258530928414,37,38,28
continued,0.10521120749364357,37,38,29
continued,0.14809403038890623,37,38,30
continued,0.2111429200074346,37,38,31
continued,0.049381473306605764,37,38,32
continued,0.04066734874611704,37,38,33
continued,0.059733051224468994,37,38,34
continued,0.22358640911396607,37,38,35
continued,0.012403413716309574,37,38,36
continued,0.07430545259077427,37,38,37
continued,0.09698727150137584,37,38,38
continued,0.08958058886158846,37,38,39
continued,0.15316661681366914,37,38,40
continued,0.08758617483336735,37,38,41
continued,0.022297034072036526,37,38,42
continued,0.029755380885003017,37,38,43
continued,0.07060173493762409,37,38,44
continued,0.17263331973351068,37,38,45
continued,0.17681676504753607,37,38,46
continued,0.10957038800097606,37,38,47
continued,0.09627957906113638,37,38,48
continued,0.07556365732516104,37,38,49
continued,0.0007209241913012933,38,39,0
continued,0.05796902697432264,38,39,1
continued,0.17331079138511393,38,39,2
continued,0.07850291187168464,38,39,3
continued,0.22644825901930216,38,39,4
continued,0.2015882645319265,38,39,5
continued,0.08223907613067659,38,39,6
continued,0.11935447784598986,38,39,7
continued,0.06430085332617029,38,39,8
continued,0.06308540995055281,38,39,9
continued,0.17719817891277617,38,39,10
continued,0.08383335778233222,38,39,11
continued,0.14215493594656797,38,39,12
continued,0.1738355637200845,38,39,13
continued,0.12374530251897999,38,39,14
continued,0.02806151916758136,38,39,15
continued,0.11894851531283557,38,39,16
continued,0.11349934064474398,38,39,17
continued,0.13910554166193362,38,39,18
continued,0.13308406784507176,38,39,19
continued,0.04083890684688191,38,39,20
continued,0.13748494484788554,38,39,21
continued,0.08843111062820362,38,39,22
continued,0.12481307304300512,38,39,23
continued,0.07259557684114162,38,39,24
continued,0.15254205972041893,38,39,25
continued,0.18070488047453928,38,39,26
continued,0.0484149940020691,38,39,27
continued,0.04847459106857255,38,39,28
continued,0.13677964698613904,38,39,29
continued,-0.0002813566031448127,38,39,30
continued,0.08468653350707654,38,39,31
continued,0.19505220695302092,38,39,32
continued,0.060354036076944215,38,39,33
continued,0.12926849215785466,38,39,34
continued,0.12281355703174848,38,39,35
continued,0.19658044718018708,38,39,36
continued,0.11883232626724796,38,39,37
continued,0.1860835240154577,38,39,38
continued,-0.013145465382826071,38,39,39
continued,0.0500654853070212,38,39,40
continued,-0.006022720420107047,38,39,41
continued,0.18577411703662208,38,39,42
continued,0.1522755672113885,38,39,43
continued,0.17177067557448628,38,39,44
continued,0.0991434990156799,38,39,45
continued,0.01835461274881417,38,39,46
continued,0.05808034866604491,38,39,47
continued,0.16406175586315788,38,39,48
continued,0.0512689187729249,38,39,49
continued,0.0479712507081688,39,40,0
continued,0.061896037653344525,39,40,1
continued,0.021074796951063138,39,40,2
continued,0.020266399398806558,39,40,3
continued,0.1711000392172785,39,40,4
continued,0.14043781932180455,39,40,5
continued,0.12552057437903155,39,40,6
continued,0.09306912872668664,39,40,7
continued,0.13383265191122196,39,40,8
continued,0.18111978323783037,39,40,9
continued,0.12284711695659156,39,40,10
continued,0.06648912729258588,39,40,11
continued,0.1512696800751373,39,40,12
continued,0.14755580698198237,39,40,13
continued,0.05777023079566736,39,40,14
continued,0.19209374324622408,39,40,15
continued,0.07773641909047434,39,40,16
continued,0.16854338691452178,39,40,17
continued,0.19607518203094892,39,40,18
continued,0.1490314588060369,39,40,19
continued,0.05362061271703563,39,40,20
continued,0.04588509489952043,39,40,21
continued,0.018658987245071083,39,40,22
continued,0.08397584820457962,39,40,23
continued,0.20179010323381524,39,40,24
continued,0.10707978294297142,39,40,25
continued,0.15217654156922056,39,40,26
continued,0.1478638214787431,39,40,27
continued,0.12535100591470114,39,40,28
continued,0.1238431204210716,39,40,29
continued,0.11524030300502827,39,40,30
continued,0.05131974277349785,39,40,31
continued,0.14674598772277878,39,40,32
continued,-0.008702701922221539,39,40,33
continued,0.07562357635341296,39,40,34
continued,0.09284575954734503,39,40,35
continued,0.08308495691464204,39,40,36
continued,0.0804806274300865,39,40,37
continued,0.13309163658339918,39,40,38
continued,0.13454108764800557,39,40,39
continued,0.023146848530844845,39,40,40
continued,0.02975701978783564,39,40,41
continued,0.1092332985175745,39,40,42
continued,0.12157453884105093,39,40,43
continued,0.037559046893833735,39,40,44
continued,0.07105217246176666,39,40,45
continued,0.07493084184223275,39,40,46
continued,0.15588314444513435,39,40,47
continued,0.1340306701638137,39,40,48
continued,0.1103285669137218,39,40,49
continued,0.155850480612894,40,41,0
continued,0.06825359034186124,40,41,1
continued,0.06023437350700418,40,41,2
continued,0.0866062249912602,40,41,3
continued,0.07502225341329483,40,41,4
continued,0.07410699086841223,40,41,5
continued,0.040937274602033086,40,41,6
continued,0.1373990208177668,40,41,7
continued,0.15523381311329748,40,41,8
continued,0.05921042673502979,40,41,9
continued,-0.003001221824436222,40,41,10
continued,0.15305727339154124,40,41,11
continued,0.12577477194014275,40,41,12
continued,0.14848786070658895,40,41,13
continued,0.10268010572568828,40,41,14
continued,0.03231523711450896,40,41,15
continued,0.1885448363544369,40,41,16
continued,0.07318187574335734,40,41,17
continued,0.03619972339821011,40,41,18
continued,0.09573722510183919,40,41,19
continued,0.12328045754426435,40,41,20
continued,0.09322304241128221,40,41,21
continued,0.11061611056446659,40,41,22
continued,0.07986531173778047,40,41,23
continued,0.2230467994303304,40,41,24
continued,0.12427989473739103,40,41,25
continued,0.1704948595648327,40,41,26
continued,0.16711027337187012,40,41,27
continued,0.14343963747998162,40,41,28
continued,0.20042977439588733,40,41,29
continued,0.10613015288936788,40,41,30
continued,0.0315627090074013,40,41,31
continued,0.06016509067778551,40,41,32
continued,0.13101599467896372,40,41,33
continued,0.027764558042873293,40,41,34
continued,-0.014732912643367393,40,41,35
continued,0.07818588141511613,40,41,36
continued,0.1752128288556191,40,41,37
continued,-0.0518302367990299,40,41,38
continued,0.171866036183351,40,41,39
continued,0.07041490519264394,40,41,40
continued,0.14092740111713492,40,41,41
continued,0.13139190082811877,40,41,42
continued,0.06764219712824072,40,41,43
continued,0.12010779923954351,40,41,44
continued,0.1457445732832341,40,41,45
continued,0.13402890797811942,40,41,46
continued,0.08192518957909477,40,41,47
continued,0.12059347885801056,40,41,48
continued,0.09222162780897518,40,41,49
continued,0.16978036028391197,41,42,0
continued,0.04989020683545226,41,42,1
continued,0.09262344768941569,41,42,2
continued,0.17565455960825416,41,42,3
continued,-0.03831462444706239,41,42,4
continued,0.058056588484080233,41,42,5
continued,0.0818324438895576,41,42,6
continued,0.08845926827375401,41,42,7
continued,0.05447932489602604,41,42,8
continued,0.14365070294966698,41,42,9
continued,0.18282818645503565,41,42,10
continued,0.1612428794310253,41,42,11
continued,0.2343956105743628,41,42,12
continued,0.03285832109349142,41,42,13
continued,0.14043912225627553,41,42,14
continued,0.13711478223576457,41,42,15
continued,0.07166354767486813,41,42,16
continued,0.05248397526449998,41,42,17
continued,0.10894484237465149,41,42,18
continued,0.15254938050674255,41,42,19
continued,0.15977523688268244,41,42,20
continued,0.13588175397521607,41,42,21
continued,0.09327425460358407,41,42,22
continued,-0.010714766418450624,41,42,23
continued,0.07844933926370182,41,42,24
continued,0.0488264090702266,41,42,25
continued,0.054775769650575463,41,42,26
continued,0.15834289432532275,41,42,27
continued,0.14889328550160677,41,42,28
continued,0.21366102355994648,41,42,29
continued,0.06666705258743141,41,42,30
continued,0.1434115785458076,41,42,31
continued,0.11641559057717236,41,42,32
continued,0.05969852554783843,41,42,33
continued,0.13342649373841695,41,42,34
continued,-0.017197993330480416,41,42,35
continued,0.14935934132493367,41,42,36
continued,0.058709686927273685,41,42,37
continued,0.1077756265990233,41,42,38
continued,0.14666686833851658,41,42,39
continued,0.14984930324714604,41,42,40
continued,0.0758055842590045,41,42,41
continued,0.08297239321775157,41,42,42
continued,0.02119814159027962,41,42,43
continued,0.15531129748634212,41,42,44
continued,0.13975061166523686,41,42,45
continued,0.11241390325707545,41,42,46
continued,0.09842195856760962,41,42,47
continued,0.0903871761912259,41,42,48
continued,0.1797766750009979,41,42,49
continued,0.09409639540941783,42,43,0
continued,0.07001294236336386,42,43,1
continued,0.07182319381704118,42,43,2
continued,0.13906090137340132,42,43,3
continued,0.15160619167391204,42,43,4
continued,0.012234185794570331,42,43,5
continued,0.0649179023604218,42,43,6
continued,0.1350585967465471,42,43,7
continued,0.10167964143384016,42,43,8
continued,0.011210605497074677,42,43,9
continued,0.23042366624777216,42,43,10
continued,0.07924666901509145,42,43,11
continued,0.15221909691478128,42,43,12
continued,0.0968678612181724,42,43,13
continued,0.04258798812370836,42,43,14
continued,0.23039430206582526,42,43,15
continued,0.07814463252359045,42,43,16
continued,0.17755340154844096,42,43,17
continued,0.09361047801992567,42,43,18
continued,0.12602902788634973,42,43,19
continued,0.062255565904021544,42,43,20
continued,0.14639204899397976,42,43,21
continued,0.20314583220270177,42,43,22
continued,0.06436820169582651,42,43,23
continued,0.15235033516243862,42,43,24
continued,0.19941268695317638,42,43,25
continued,0.12993161989979118,42,43,26
continued,0.08782375787546665,42,43,27
continued,0.09400158106048177,42,43,28
continued,0.08916803692201007,42,43,29
continued,0.10493593651987353,42,43,30
continued,0.14784851349394512,42,43,31
continued,0.1292803409339737,42,43,32
continued,0.1358578250282973,42,43,33
continued,0.11486414023067062,42,43,34
continued,0.16167642831338622,42,43,35
continued,0.13713329741542007,42,43,36
continued,0.16570245848195883,42,43,37
continued,0.07216424239664927,42,43,38
continued,0.11192650039235104,42,43,39
continued,0.07530871149465154,42,43,40
continued,0.07411299114673035,42,43,41
continued,0.05572540365689841,42,43,42
continued,0.1124526561757818,42,43,43
continued,0.10745541664353642,42,43,44
continued,0.10179299457825268,42,43,45
continued,0.026024233482336807,42,43,46
continued,0.10501255442787832,42,43,47
continued,0.12586364974874123,42,43,48
continued,0.0464775179013632,42,43,49
continued,0.07282024465520226,43,44,0
continued,0.1421237340802331,43,44,1
continued,0.15583122023577023,43,44,2
continued,0.0348326067727361,43,44,3
continued,0.09374972541565627,43,44,4
continued,0.13157612960145967,43,44,5
continued,0.10821741995987942,43,44,6
continued,0.05119035815298445,43,44,7
continued,0.13808865191553463,43,44,8
continued,0.11525460528354455,43,44,9
continued,0.15472727551413762,43,44,10
continued,0.10220456693697506,43,44,11
continued,0.055279577849021544,43,44,12
continued,0.10232728520057909,43,44,13
continued,0.07798501266470682,43,44,14
continued,0.13878979910316988,43,44,15
continued,0.14590297095306556,43,44,16
continued,0.07344344829807298,43,44,17
continued,0.06826368567781474,43,44,18
continued,0.08055933691116823,43,44,19
continued,0.11807790984112784,43,44,20
continued,0.1803488947565807,43,44,21
continued,0.07759700564634463,43,44,22
continued,0.16113574158778518,43,44,23
continued,0.21478179516766718,43,44,24
continued,0.13587459192203832,43,44,25
continued,0.035284376667180636,43,44,26
continued,0.06694268765830287,43,44,27
continued,0.19370988047388185,43,44,28
continued,0.15759771817207757,43,44,29
continued,0.11254184774381214,43,44,30
continued,0.08334045807023141,43,44,31
continued,0.10418772874219413,43,44,32
continued,0.17875801476126246,43,44,33
continued,0.12390086762189884,43,44,34
continued,0.07478826159129913,43,44,35
continued,0.11064781343807151,43,44,36
continued,0.10021629166067314,43,44,37
continued,0.10084374504682653,43,44,38
continued,0.15270860353444574,43,44,39
continued,0.10348898737863992,43,44,40
continued,0.13216254550476011,43,44,41
continued,0.04603355615792685,43,44,42
continued,0.08614386590716104,43,44,43
continued,0.09965890611916807,43,44,44
continued,0.010681661984794347,43,44,45
continued,0.06066110556586887,43,44,46
continued,0.14067629445802116,43,44,47
continued,0.09393655435256446,43,44,48
continued,0.07941203025114281,43,44,49
continued,0.16555317419734686,44,45,0
continued,0.12016907630858224,44,45,1
continued,0.1458450788461986,44,45,2
continued,0.07538879797987784,44,45,3
continued,0.13633142291138578,44,45,4
continued,0.08084152225643619,44,45,5
continued,0.16797210172983257,44,45,6
continued,0.18940854092541076,44,45,7
continued,0.07649688958262496,44,45,8
continued,0.21725169582417,44,45,9
continued,0.18734929721520802,44,45,10
continued,0.2049138541451325,44,45,11
continued,0.0851907182839966,44,45,12
continued,0.12881596711428075,44,45,13
continued,0.09879991433894574,44,45,14
continued,0.13888165327581822,44,45,15
continued,0.021959373237214974,44,45,16
continued,0.17039107179814816,44,45,17
continued,0.06311245919981477,44,45,18
continued,0.19210302834754794,44,45,19
continued,0.19226550356717792,44,45,20
continued,0.07425285738460127,44,45,21
continued,0.10818153356058328,44,45,22
continued,0.15445482834095117,44,45,23
continued,0.20963406185227068,44,45,24
continued,0.11200792361545088,44,45,25
continued,0.056347705324252075,44,45,26
continued,0.09385789687374882,44,45,27
continued,0.09110984925760852,44,45,28
continued,-0.01135443505507521,44,45,29
continued,0.25238050597754225,44,45,30
continued,0.10560036403665267,44,45,31
continued,0.1284678108907045,44,45,32
continued,0.16822473615554362,44,45,33
continued,0.12732042602836366,44,45,34
continued,0.1023487765740008,44,45,35
continued,0.1483839109706321,44,45,36
continued,0.07259192449341283,44,45,37
continued,0.04375059013235711,44,45,38
continued,0.07919143805046212,44,45,39
continued,0.06688081984306907,44,45,40
continued,0.09900852141116591,44,45,41
continued,0.16379801078635034,44,45,42
continued,0.06572186529648803,44,45,43
continued,-0.003228041893465608,44,45,44
continued,0.20770152748892096,44,45,45
continued,0.08795362985668785,44,45,46
continued,0.07440401244487252,44,45,47
continued,0.0757256815776473,44,45,48
continued,0.06826087841759738,44,45,49
continued,0.17223076002703258,45,46,0
continued,0.05103570513388944,45,46,1
continued,0.13058499681218108,45,46,2
continued,0.2286274248280493,45,46,3
continued,0.10646131455372329,45,46,4
continued,-0.030058484094812835,45,46,5
continued,0.005443126528934156,45,46,6
continued,0.15430693695038633,45,46,7
continued,0.08504762241300448,45,46,8
continued,0.008138401408478439,45,46,9
continued,0.11389094853301296,45,46,10
continued,0.11008292109326723,45,46,11
continued,0.05912187870682535,45,46,12
continued,0.17167083916624692,45,46,13
continued,0.22462076069257092,45,46,14
continued,0.14088722430176312,45,46,15
continued,0.12246391673564065,45,46,16
continued,0.043697499864303616,45,46,17
continued,0.09197352815095039,45,46,18
continued,0.10214197864739069,45,46,19
continued,0.207008979735359,45,46,20
continued,0.08716630828897767,45,46,21
continued,0.06755768265749532,45,46,22
continued,0.02934413543118846,45,46,23
continued,0.11822412913007418,45,46,24
continued,0.11798364023342504,45,46,25
continued,0.08506862725681227,45,46,26
continued,0.15505733642844755,45,46,27
continued,0.1473365290187281,45,46,28
continued,0.1160330547770478,45,46,29
continued,0.07064080377303825,45,46,30
continued,0.10439825386289955,45,46,31
continued,0.016927605083945224,45,46,32
continued,0.022973656779052266,45,46,33
continued,0.13595096131052203,45,46,34
continued,0.06471500533317373,45,46,35
continued,0.1545673127475606,45,46,36
continued,0.09431322345969509,45,46,37
continued,0.06210537526653274,45,46,38
continued,0.1810340756953656,45,46,39
continued,0.20056391371553134,45,46,40
continued,0.0912277367106507,45,46,41
continued,0.02103479026670226,45,46,42
continued,0.1568940123364411,45,46,43
continued,0.1562228340048012,45,46,44
continued,0.204328909043761,45,46,45
continued,0.08534684260226989,45,46,46
continued,0.05825471644073214,45,46,47
continued,0.05142612101738609,45,46,48
continued,0.1248687773204496,45,46,49
continued,0.11221708441111587,46,47,0
continued,0.14370067967998632,46,47,1
continued,-0.019286642249163863,46,47,2
continued,0.17246135405177052,46,47,3
continued,0.058438038747300816,46,47,4
continued,0.11079520243262184,46,47,5
continued,0.17108819222431798,46,47,6
continued,0.13247427665051348,46,47,7
continued,0.05366998665206061,46,47,8
continued,0.2279569486380217,46,47,9
continued,0.15180034227739828,46,47,10
continued,0.1039540084382382,46,47,11
continued,0.2288064500544632,46,47,12
continued,0.06473867650150064,46,47,13
continued,0.176079525172956,46,47,14
continued,0.1073177490335563,46,47,15
continued,0.11294705754132613,46,47,16
continued,0.12551366743083822,46,47,17
continued,0.09710834413698798,46,47,18
continued,0.13538748858791855,46,47,19
continued,0.08911592429594775,46,47,20
continued,0.18966862762011436,46,47,21
continued,-0.016894119965099548,46,47,22
continued,0.062186758600428986,46,47,23
continued,0.17567794828626404,46,47,24
continued,0.18276867321155896,46,47,25
continued,0.1918576193862707,46,47,26
continued,0.025510600108220573,46,47,27
continued,0.12772088458833852,46,47,28
continued,-0.028327467554215332,46,47,29
continued,0.051363370936007124,46,47,30
continued,0.18667695340172655,46,47,31
continued,0.09172331212619148,46,47,32
continued,0.15549537901478871,46,47,33
continued,0.09064682741327387,46,47,34
continued,0.04469192297955923,46,47,35
continued,0.1000415840360121,46,47,36
continued,0.2406223793094175,46,47,37
continued,0.23979493354432288,46,47,38
continued,0.12046671241221446,46,47,39
continued,0.14198202734896326,46,47,40
continued,0.038081455063971134,46,47,41
continued,0.15579048206609905,46,47,42
continued,0.11255465448905447,46,47,43
continued,0.13269058623042015,46,47,44
continued,0.07673163958346656,46,47,45
continued,0.03685423107362432,46,47,46
continued,0.01784335404738201,46,47,47
continued,0.12157428221463668,46,47,48
continued,0.18107057613909192,46,47,49
continued,0.13847141422959278,47,48,0
continued,0.14849560725030078,47,48,1
continued,0.09443133452079995,47,48,2
continued,0.20852420449390943,47,48,3
continued,0.13588215156841726,47,48,4
continued,0.054513596689991284,47,48,5
continued,0.161282718030024,47,48,6
continued,0.07276905643616513,47,48,7
continued,0.16579913038325966,47,48,8
continued,0.07648251440216466,47,48,9
continued,0.09056287795719062,47,48,10
continued,0.1123796338358067,47,48,11
continued,0.07271040102781613,47,48,12
continued,0.14291537534673598,47,48,13
continued,0.09253861701465844,47,48,14
continued,0.008452665961198579,47,48,15
continued,0.008687475717826895,47,48,16
continued,0.12960008059376468,47,48,17
continued,0.148064817536883,47,48,18
continued,0.10184567552321952,47,48,19
continued,0.20709107994851683,47,48,20
continued,0.16551934693207715,47,48,21
continued,0.03872920599880538,47,48,22
continued,0.1412572817119623,47,48,23
continued,0.0669917530401119,47,48,24
continued,0.20737620349478367,47,48,25
continued,0.12971094284714724,47,48,26
continued,0.1151586376188354,47,48,27
continued,0.13100130076191935,47,48,28
continued,0.14298926217605765,47,48,29
continued,0.03271555001130251,47,48,30
continued,0.045097612446870904,47,48,31
continued,0.11843836633385978,47,48,32
continued,0.12420961082099621,47,48,33
continued,0.09569166342882557,47,48,34
continued,0.1459869873081033,47,48,35
continued,0.09416079106737901,47,48,36
continued,0.13474700715783386,47,48,37
continued,0.10189633662569736,47,48,38
continued,0.11962630866590021,47,48,39
continued,0.07274915034611955,47,48,40
continued,0.13275803388205634,47,48,41
continued,0.061745656380050286,47,48,42
continued,0.1227856102984258,47,48,43
continued,0.14493407093738428,47,48,44
continued,0.08240387335048152,47,48,45
continued,0.10233328070553309,47,48,46
continued,0.10115394385236855,47,48,47
continued,0.13560009781668836,47,48,48
continued,0.05254778933401665,47,48,49
continued,0.13753902556526013,48,49,0
continued,0.15195852036579235,48,49,1
continued,0.06646557498501428,48,49,2
continued,-0.014307201186154788,48,49,3
continued,0.0798068011893967,48,49,4
continued,0.07209099101517814,48,49,5
continued,0.03121252138064905,48,49,6
continued,0.006043732349649124,48,49,7
continued,0.08449382485599173,48,49,8
continued,0.15568299631447258,48,49,9
continued,0.054673278435082844,48,49,10
continued,0.08524071590531934,48,49,11
continued,0.1525592059688038,48,49,12
continued,0.06933362618276624,48,49,13
continued,0.06764564882313863,48,49,14
continued,0.06662140926794642,48,49,15
continued,-0.004322116882017699,48,49,16
continued,0.18375507195474067,48,49,17
continued,0.022874548256081217,48,49,18
continued,0.21974461789427113,48,49,19
continued,0.04959179549190516,48,49,20
continued,0.1148810843468786,48,49,21
continued,0.20021771838306862,48,49,22
continued,0.09283411169719787,48,49,23
continued,0.19403358006402413,48,49,24
continued,0.16863522025000854,48,49,25
continued,0.20008152875771895,48,49,26
continued,-0.046236697174497646,48,49,27
continued,0.08825724307736292,48,49,28
continued,0.07524122328405987,48,49,29
continued,0.09924825611696947,48,49,30
continued,0.0740752641905975,48,49,31
continued,0.08690331168955688,48,49,32
continued,0.03223254057853152,48,49,33
continued,0.03278707383345821,48,49,34
continued,0.03162707694252358,48,49,35
continued,0.11999642292401494,48,49,36
continued,0.12353981825684732,48,49,37
continued,-0.023831573478435033,48,49,38
continued,-0.02611629248328659,48,49,39
continued,0.030154081758341424,48,49,40
continued,0.06156436699466354,48,49,41
continued,0.12155097441708902,48,49,42
continued,0.17213924656311577,48,49,43
continued,0.15691639184379816,48,49,44
continued,-0.01603445363775044,48,49,45
continued,0.07321052472860386,48,49,46
continued,0.17544390254929135,48,49,47
continued,0.10186266379712164,48,49,48
continued,0.1618447099012049,48,49,49
continued,0.14731326877513942,49,50,0
continued,0.06050487573312063,49,50,1
continued,0.019895132816509755,49,50,2
continued,0.1343650499097594,49,50,3
continued,0.13983595254426207,49,50,4
continued,0.014093496769587897,49,50,5
continued,0.10225210950140419,49,50,6
continued,0.05863267168619821,49,50,7
continued,0.14784353696971922,49,50,8
continued,0.18043742944038696,49,50,9
continued,0.20956962487607836,49,50,10
continued,0.19174131982887835,49,50,11
continued,0.08052448560935017,49,50,12
continued,0.14233461832567817,49,50,13
continued,0.11558095019367905,49,50,14
continued,0.09350651077485217,49,50,15
continued,-0.0222095548374057,49,50,16
continued,0.06906661127783163,49,50,17
continued,0.10992451109900063,49,50,18
continued,0.06514148639523326,49,50,19
continued,0.08368098723036664,49,50,20
continued,0.10060111686332704,49,50,21
continued,0.1004327520617571,49,50,22
continued,0.07481495054794535,49,50,23
continued,0.10025632716615952,49,50,24
continued,0.24414305682529255,49,50,25
continued,0.06691630063055701,49,50,26
continued,0.11779025248826504,49,50,27
continued,0.07095135397488132,49,50,28
continued,-0.044683904690222584,49,50,29
continued,0.158843618596468,49,50,30
continued,0.10596139925985802,49,50,31
continued,0.07661543398571614,49,50,32
continued,-0.021855018339894724,49,50,33
continued,0.1466855891061453,49,50,34
continued,0.014552655610342762,49,50,35
continued,0.1810742704223562,49,50,36
continued,0.06546402600083662,49,50,37
continued,-0.0058932663326051495,49,50,38
continued,0.07500352818347863,49,50,39
continued,0.16150166157648485,49,50,40
continued,0.050528832397137596,49,50,41
continued,0.13078071641275119,49,50,42
continued,-0.0032634220279793968,49,50,43
continued,0.17451074811049005,49,50,44
continued,0.14544261588045546,49,50,45
continued,0.14538150453807222,49,50,46
continued,0.06683837088183954,49,50,47
continued,0.11503268161785618,49,50,48
continued,0.07482490874300232,49,50,49
continued,0.1437709834052156,50,51,0
continued,0.09667058391745072,50,51,1
continued,0.1550031483856969,50,51,2
continued,0.06020549813546134,50,51,3
continued,0.08116390018638661,50,51,4
continued,0.014760819842192466,50,51,5
continued,0.15323229109645578,50,51,6
continued,0.10681299771673018,50,51,7
continued,0.08918000554108818,50,51,8
continued,0.12884849824593325,50,51,9
continued,0.1499671749771906,50,51,10
continued,-0.012161132589006873,50,51,11
continued,0.09179839849603942,50,51,12
continued,0.08478307143337492,50,51,13
continued,0.06691665738150136,50,51,14
continued,0.0087834285065981,50,51,15
continued,0.0707348590828534,50,51,16
continued,0.12054596489561085,50,51,17
continued,0.16192593227838253,50,51,18
continued,0.013091345210471067,50,51,19
continued,0.10334374520047046,50,51,20
continued,0.14144586468494424,50,51,21
continued,0.1584283951903911,50,51,22
continued,0.10585646846177059,50,51,23
continued,0.1415080204833371,50,51,24
continued,0.07499689782470857,50,51,25
continued,0.08673504243656913,50,51,26
continued,0.09647939372870731,50,51,27
continued,0.16956723349623545,50,51,28
continued,-0.014659221595901916,50,51,29
continued,0.05098921907914302,50,51,30
continued,0.004472793889757883,50,51,31
continued,0.023050394627849476,50,51,32
continued,0.09811151318409025,50,51,33
continued,0.1299025159784455,50,51,34
continued,0.16738757255164646,50,51,35
continued,0.09493197832904642,50,51,36
continued,0.11865115003210469,50,51,37
continued,0.07046887088225615,50,51,38
continued,0.13750851788501892,50,51,39
continued,0.09977639233352698,50,51,40
continued,0.10406691959121699,50,51,41
continued,0.1165265732905632,50,51,42
continued,0.19658008215652306,50,51,43
continued,0.168837063179186,50,51,44
continued,0.10197210724712968,50,51,45
continued,0.030619441397420382,50,51,46
continued,0.045634887970908804,50,51,47
continued,0.19648620111662013,50,51,48
continued,0.06801348848580908,50,51,49
continued,0.09149147786456517,51,52,0
continued,0.13980635843364642,51,52,1
continued,0.09189178883615547,51,52,2
continued,0.17773306437478348,51,52,3
continued,0.1743972180339171,51,52,4
continued,0.0037915183752774864,51,52,5
continued,0.1142747213576964,51,52,6
continued,0.020944950527861907,51,52,7
continued,0.04805065655702791,51,52,8
continued,0.1337531607264655,51,52,9
continued,0.16332918931908202,51,52,10
continued,0.04183260166457836,51,52,11
continued,0.07396576419981735,51,52,12
continued,0.1992075157243245,51,52,13
continued,0.08365628197076218,51,52,14
continued,0.01825368341903207,51,52,15
continued,0.16734433432759382,51,52,16
continued,0.12243293481409237,51,52,17
continued,0.09696704441332674,51,52,18
continued,0.15072581939073956,51,52,19
continued,0.20335740870590865,51,52,20
continued,0.013972527333213783,51,52,21
continued,0.10544498934889711,51,52,22
continued,0.03934112317486427,51,52,23
continued,0.04663166500940668,51,52,24
continued,0.1809332531095155,51,52,25
continued,0.006259198572465533,51,52,26
continued,0.005866549296847488,51,52,27
continued,0.15943204724457755,51,52,28
continued,0.06984166524020426,51,52,29
continued,0.14356028956264177,51,52,30
continued,0.13032411246628142,51,52,31
continued,0.20445780190943544,51,52,32
continued,0.1204745025695929,51,52,33
continued,0.07965813121614797,51,52,34
continued,0.2119904268331052,51,52,35
continued,0.11836630885093755,51,52,36
continued,0.0751237839491892,51,52,37
continued,0.14612246136884366,51,52,38
continued,0.10270367435947085,51,52,39
continued,0.1656158528449164,51,52,40
continued,0.08713294546588679,51,52,41
continued,0.18910739297147766,51,52,42
continued,0.07397661115360858,51,52,43
continued,0.18707996881872682,51,52,44
continued,0.08040469505152469,51,52,45
continued,0.07039150589729679,51,52,46
continued,0.17089377222520638,51,52,47
continued,0.1065860210494613,51,52,48
continued,0.14632856782696751,51,52,49
continued,0.100605071316866,52,53,0
continued,0.08613620351904804,52,53,1
continued,0.16364202358014962,52,53,2
continued,0.1348180592742595,52,53,3
continued,0.09226816333996404,52,53,4
continued,0.1040255668111317,52,53,5
continued,0.0877232979282257,52,53,6
continued,0.05537470660795791,52,53,7
continued,0.06185216461137972,52,53,8
continued,0.1004513024192765,52,53,9
continued,0.010480344490207487,52,53,10
continued,0.17460637206982868,52,53,11
continued,0.0702411048195261,52,53,12
continued,0.13337315946063327,52,53,13
continued,-0.002629650800886456,52,53,14
continued,0.02091893194565395,52,53,15
continued,0.12063278851105515,52,53,16
continued,0.09727144696513529,52,53,17
continued,0.013359501429048537,52,53,18
continued,0.12519788176203137,52,53,19
continued,0.15900474527873368,52,53,20
continued,0.14822163319581716,52,53,21
continued,0.15166086956638897,52,53,22
continued,0.028179490049296527,52,53,23
continued,0.14706338995187665,52,53,24
continued,0.09045922717255686,52,53,25
continued,0.05438015229379607,52,53,26
continued,0.1112363632895794,52,53,27
continued,0.019964853687015668,52,53,28
continued,0.18443726267900673,52,53,29
continued,0.1758585360380072,52,53,30
continued,0.07441152299689305,52,53,31
continued,0.1727241075415854,52,53,32
continued,0.060397349900760615,52,53,33
continued,0.10550203958877002,52,53,34
continued,0.09545115937619149,52,53,35
continued,-0.010980651777752752,52,53,36
continued,0.13205585724492194,52,53,37
continued,0.14957648108948035,52,53,38
continued,0.09957433011153081,52,53,39
continued,0.16416357380537588,52,53,40
continued,0.06011661372119208,52,53,41
continued,0.016367267897939387,52,53,42
continued,0.19074534050136044,52,53,43
continued,0.018209670660192183,52,53,44
continued,-0.01083987714218071,52,53,45
continued,-0.025764572369286164,52,53,46
continued,0.09228848258525994,52,53,47
continued,0.1828047579437746,52,53,48
continued,0.18382485691107822,52,53,49
continued,0.18849615821432783,53,54,0
continued,-0.015991871606898213,53,54,1
continued,0.13978639201365356,53,54,2
continued,0.20104259755917495,53,54,3
continued,0.055873591391362665,53,54,4
continued,0.05320452554757836,53,54,5
continued,0.0009565293743163005,53,54,6
continued,0.0771657736944401,53,54,7
continued,0.072635863589818,53,54,8
continued,0.07039892057833044,53,54,9
continued,0.027733640278890994,53,54,10
continued,0.1229369174968617,53,54,11
continued,0.0893041139197646,53,54,12
continued,0.17219297919424864,53,54,13
continued,0.2528444529245087,53,54,14
continued,0.023461818847409437,53,54,15
continued,0.036261815774561695,53,54,16
continued,0.14843213303889652,53,54,17
continued,0.025991908018457913,53,54,18
continued,0.042210455724886825,53,54,19
continued,-0.019486166113982795,53,54,20
continued,0.19639503540613296,53,54,21
continued,0.08563342888891198,53,54,22
continued,0.18413422901608492,53,54,23
continued,0.02987363872706587,53,54,24
continued,0.05462841842334198,53,54,25
continued,0.06729200111418229,53,54,26
continued,0.16367454933465717,53,54,27
continued,0.16138427398123859,53,54,28
continued,0.021989436709365685,53,54,29
continued,0.05373907005313563,53,54,30
continued,0.17568782146583467,53,54,31
continued,0.16634885160301602,53,54,32
continued,0.058434581342699854,53,54,33
continued,0.05387231548362566,53,54,34
continued,0.15857432372392838,53,54,35
continued,0.14490824198481772,53,54,36
continued,0.08427534973594114,53,54,37
continued,0.1595586371888449,53,54,38
continued,0.019241528912506408,53,54,39
continued,0.16015423887688196,53,54,40
continued,0.05969123340270735,53,54,41
continued,0.06896127037133863,53,54,42
continued,0.17452441600599305,53,54,43
continued,0.18132185267929748,53,54,44
continued,0.07584294448890057,53,54,45
continued,0.27026286102058406,53,54,46
continued,0.11486488961208591,53,54,47
continued,0.05769250437762023,53,54,48
continued,0.10123363851456887,53,54,49
continued,0.07004004512884127,54,55,0
continued,0.13758259096539666,54,55,1
continued,0.10899448787118476,54,55,2
continued,0.10764517266469181,54,55,3
continued,0.17502258725608064,54,55,4
continued,0.11460147239559075,54,55,5
continued,0.08801303632155534,54,55,6
continued,0.1378522781263943,54,55,7
continued,0.046558012583492646,54,55,8
continued,0.1407329263683885,54,55,9
continued,0.030783123230039983,54,55,10
continued,0.04699426201068903,54,55,11
continued,0.09086085914261025,54,55,12
continued,0.0748616429132658,54,55,13
continued,0.13153932107221103,54,55,14
continued,0.013267601220570012,54,55,15
continued,0.19891932402127002,54,55,16
continued,0.10221884765007391,54,55,17
continued,0.14550707409749375,54,55,18
continued,0.12722273539402307,54,55,19
continued,-0.02050158283167524,54,55,20
continued,0.009905012992625537,54,55,21
continued,0.20003023262790076,54,55,22
continued,0.14212005202197636,54,55,23
continued,-0.012180974117281593,54,55,24
continued,0.09787191076241226,54,55,25
continued,0.055913066111332135,54,55,26
continued,0.058915890602950126,54,55,27
continued,0.005827177622112005,54,55,28
continued,0.05617761396454267,54,55,29
continued,0.04884582291948044,54,55,30
continued,0.06434167737851551,54,55,31
continued,0.11569002646138614,54,55,32
continued,0.03873962447329906,54,55,33
continued,0.042339401951416555,54,55,34
continued,0.22461662694234294,54,55,35
continued,0.13985517696918479,54,55,36
continued,0.07969586343496535,54,55,37
continued,0.06998259778535824,54,55,38
continued,0.08626639406722782,54,55,39
continued,0.04550536689938023,54,55,40
continued,0.1978503563949477,54,55,41
continued,0.11477328014156343,54,55,42
continued,0.0483310397322141,54,55,43
continued,0.11806772359797287,54,55,44
continued,0.07655495636408985,54,55,45
continued,0.08035330485628928,54,55,46
continued,-0.018145441599580807,54,55,47
continued,0.07064479367063127,54,55,48
continued,0.06945101073630804,54,55,49
continued,0.1910255084971879,55,56,0
continued,0.09201372631408877,55,56,1
continued,0.05530394522026635,55,56,2
continued,0.17571539536105896,55,56,3
continued,0.10657264829756428,55,56,4
continued,0.24979751205874529,55,56,5
continued,0.10521664355973222,55,56,6
continued,0.18754921015240683,55,56,7
continued,0.19189937330043447,55,56,8
continued,0.04643470739954002,55,56,9
continued,0.13162713600215384,55,56,10
continued,0.11688167108008805,55,56,11
continued,0.10990048606012637,55,56,12
continued,-0.035686739642303435,55,56,13
continued,0.02083224212270022,55,56,14
continued,0.17908214468041603,55,56,15
continued,0.0715333234336342,55,56,16
continued,0.11492359626526955,55,56,17
continued,0.0729660822154127,55,56,18
continued,0.04137954470659449,55,56,19
continued,0.13858249070910295,55,56,20
continued,0.06624102488963182,55,56,21
continued,0.15526744486584648,55,56,22
continued,0.09241290223651129,55,56,23
continued,0.12422821201226368,55,56,24
continued,0.14269305292749818,55,56,25
continued,0.06467188443460126,55,56,26
continued,0.16124116143725237,55,56,27
continued,0.03806913546075276,55,56,28
continued,0.07220800084915073,55,56,29
continued,0.1055483842349486,55,56,30
continued,0.09436871562894593,55,56,31
continued,0.17647295225308238,55,56,32
continued,0.1870347477388549,55,56,33
continued,0.0725403456570287,55,56,34
continued,0.10271632785928682,55,56,35
continued,0.1484417209787073,55,56,36
continued,-0.05164196546002752,55,56,37
continued,0.1912589209218325,55,56,38
continued,0.022108382471417165,55,56,39
continued,0.1446445424065056,55,56,40
continued,-0.08012488606882294,55,56,41
continued,0.1995429079079685,55,56,42
continued,0.13754414089662007,55,56,43
continued,0.21486006439084926,55,56,44
continued,0.10551497814287375,55,56,45
continued,0.08290667784968041,55,56,46
continued,0.06303886010165248,55,56,47
continued,0.08201568654596005,55,56,48
continued,0.11964280358907783,55,56,49
continued,0.1250443944873103,56,57,0
continued,0.10415647198297506,56,57,1
continued,0.049458464116147016,56,57,2
continued,0.1258860280602471,56,57,3
continued,0.08969429481356382,56,57,4
continued,0.10470878797141304,56,57,5
continued,0.05055727917480037,56,57,6
continued,0.07042354075973663,56,57,7
continued,0.1214828980021879,56,57,8
continued,0.023414215109194426,56,57,9
continued,0.11758975014206068,56,57,10
continued,0.14531008100062506,56,57,11
continued,0.10075336074427466,56,57,12
continued,0.18374936187878835,56,57,13
continued,0.1595551113060227,56,57,14
continued,0.06742423372469819,56,57,15
continued,0.09062882462374013,56,57,16
continued,0.13519100203493137,56,57,17
continued,0.1189967289383916,56,57,18
continued,0.006725624896782894,56,57,19
continued,0.1733763273117321,56,57,20
continued,0.19619949267651055,56,57,21
continued,0.09326310530406379,56,57,22
continued,0.1592661167134958,56,57,23
continued,0.03678548479758939,56,57,24
continued,0.06324241148170945,56,57,25
continued,0.1714672732053716,56,57,26
continued,0.12341131930757673,56,57,27
continued,0.1464348224171657,56,57,28
continued,0.0080343394974891,56,57,29
continued,0.04421801326278251,56,57,30
continued,0.11585638625673572,56,57,31
continued,0.04311779290747674,56,57,32
continued,0.11772757725597975,56,57,33
continued,0.1666842604308281,56,57,34
continued,-0.008351068456722222,56,57,35
continued,0.11477450290546093,56,57,36
continued,0.05276310823446724,56,57,37
continued,0.10326659814208912,56,57,38
continued,0.1312799679794708,56,57,39
continued,0.11833824070695177,56,57,40
continued,0.10064894234033495,56,57,41
continued,0.11692002733334031,56,57,42
continued,0.14245381544923225,56,57,43
continued,0.11904951271160844,56,57,44
continued,0.2000825026125604,56,57,45
continued,0.13988117234220834,56,57,46
continued,0.07880866356203275,56,57,47
continued,0.08316930845039758,56,57,48
continued,0.07711304374301277,56,57,49
continued,0.09758224086146784,57,58,0
continued,0.13585104072916368,57,58,1
continued,0.12533341168133144,57,58,2
continued,0.1702791135309485,57,58,3
continued,0.1874410419082792,57,58,4
continued,0.1399623157743259,57,58,5
continued,0.16363320387202718,57,58,6
continued,0.12759390448886818,57,58,7
continued,0.08572229949255823,57,58,8
continued,0.11046126811517865,57,58,9
continued,0.09528983809500353,57,58,10
continued,0.14577240260410762,57,58,11
continued,0.12349004637143267,57,58,12
continued,0.1499954685776206,57,58,13
continued,0.13072214531619428,57,58,14
continued,0.10195034912388885,57,58,15
continued,0.1811002103284707,57,58,16
continued,0.07838859417153146,57,58,17
continued,0.13342939260646067,57,58,18
continued,0.19417760992971353,57,58,19
continued,0.12213979423284411,57,58,20
continued,0.12004280026521771,57,58,21
continued,0.15126587399528174,57,58,22
continued,0.1492842968572634,57,58,23
continued,0.14774534064788777,57,58,24
continued,0.14742329511195343,57,58,25
continued,0.1851110394757713,57,58,26
continued,0.12019717610292635,57,58,27
continued,0.12720361309181114,57,58,28
continued,0.047752355613109185,57,58,29
continued,0.16924878164371177,57,58,30
continued,0.11488003567148239,57,58,31
continued,0.05702694964626558,57,58,32
continued,0.09089763962800446,57,58,33
continued,0.12819611894691946,57,58,34
continued,0.12876935121014246,57,58,35
continued,0.22634254214291885,57,58,36
continued,0.12276047732201578,57,58,37
continued,-0.011588109551526563,57,58,38
continued,0.16389892814542226,57,58,39
continued,0.1254066756526946,57,58,40
continued,0.040989192475481925,57,58,41
continued,0.0842235302402883,57,58,42
continued,0.12499588762497017,57,58,43
continued,0.2074240527432595,57,58,44
continued,0.12081815230096886,57,58,45
continued,0.08125435043337487,57,58,46
continued,0.07283076213449836,57,58,47
continued,-0.030700053588615966,57,58,48
continued,0.1550319981142722,57,58,49
continued,0.18195773415269348,58,59,0
continued,0.14256545038517768,58,59,1
continued,0.15857155971881381,58,59,2
continued,0.19404168354782902,58,59,3
continued,0.1321176583039412,58,59,4
continued,0.026543751755387687,58,59,5
continued,0.07534641382363284,58,59,6
continued,-0.012341127289285747,58,59,7
continued,0.0828868248790342,58,59,8
continued,0.06377062490205918,58,59,9
continued,0.04927435585555155,58,59,10
continued,0.10509821206140436,58,59,11
continued,0.14092439762957554,58,59,12
continued,-0.0001515903433360129,58,59,13
continued,0.1465960184739855,58,59,14
continued,0.11046606894065476,58,59,15
continued,0.1001822004945796,58,59,16
continued,0.03357320547497417,58,59,17
continued,0.09643104578122498,58,59,18
continued,0.13849215143720847,58,59,19
continued,0.07630478300188084,58,59,20
continued,0.12033581704887457,58,59,21
continued,0.10255795921601218,58,59,22
continued,0.03280869373905788,58,59,23
continued,0.1904567471735988,58,59,24
continued,0.047444413421359015,58,59,25
continued,0.069557516465227,58,59,26
continued,0.144404309001683,58,59,27
continued,0.06799573586624404,58,59,28
continued,0.038605191530538444,58,59,29
continued,0.12745024839541172,58,59,30
continued,0.031842503364542425,58,59,31
continued,0.059941625797657966,58,59,32
continued,0.14672545696542444,58,59,33
continued,0.16621460829113535,58,59,34
continued,0.14294601495773054,58,59,35
continued,0.16589364147881588,58,59,36
continued,0.04051504477805087,58,59,37
continued,0.016832361060044397,58,59,38
continued,0.13426912485081885,58,59,39
continued,0.06498670249384318,58,59,40
continued,0.056003361449583344,58,59,41
continued,0.07039669581963641,58,59,42
continued,0.12602598038318247,58,59,43
continued,0.11845834943770743,58,59,44
continued,0.1353989576015614,58,59,45
continued,0.08710925627041616,58,59,46
continued,0.13071368317456383,58,59,47
continued,0.07799268311412585,58,59,48
continued,0.09767289903256571,58,59,49
continued,0.09469059816682185,59,60,0
continued,0.033446370079789546,59,60,1
continued,0.16303780266116738,59,60,2
continued,0.1279619649557383,59,60,3
continued,0.11850398233326216,59,60,4
continued,0.09396275880803506,59,60,5
continued,0.08821135854962141,59,60,6
continued,-0.011317992661126482,59,60,7
continued,0.06287142150150603,59,60,8
continued,0.11631465221962005,59,60,9
continued,0.09876650621075131,59,60,10
continued,0.07588691492028785,59,60,11
continued,0.15860154915744729,59,60,12
continued,0.17423316684661194,59,60,13
continued,0.20973505268852824,59,60,14
continued,0.13203557105823754,59,60,15
continued,0.24111150379150945,59,60,16
continued,0.23786729042418878,59,60,17
continued,0.15170486571988506,59,60,18
continued,0.023206520400283665,59,60,19
continued,-0.020047009294716468,59,60,20
continued,0.10036789586832943,59,60,21
continued,0.11522144116075053,59,60,22
continued,0.0960799414478512,59,60,23
continued,0.13378782296280478,59,60,24
continued,0.09640100962865664,59,60,25
continued,-0.012621183579100198,59,60,26
continued,0.09387090811776409,59,60,27
continued,0.1396877692509365,59,60,28
continued,0.019058093627136587,59,60,29
continued,0.05413129747700712,59,60,30
continued,0.14824372781114484,59,60,31
continued,0.0843306726739283,59,60,32
continued,0.08158651315513732,59,60,33
continued,0.17090224829908568,59,60,34
continued,-0.029852984250443634,59,60,35
continued,0.09926050248598872,59,60,36
continued,0.08687224014553555,59,60,37
continued,0.11678046023181243,59,60,38
continued,0.13686695816779382,59,60,39
continued,0.0783552710745891,59,60,40
continued,0.1520258092466337,59,60,41
continued,0.07802457855974486,59,60,42
continued,0.09030601526396595,59,60,43
continued,-0.026688927087108866,59,60,44
continued,0.06169564065852248,59,60,45
continued,0.12250145750561972,59,60,46
continued,-0.022925749075667315,59,60,47
continued,0.14600387114824934,59,60,48
continued,0.022894099435920086,59,60,49
continued,0.03750761022573146,60,61,0
continued,0.15828997626643124,60,61,1
continued,0.16061497441348754,60,61,2
continued,0.12429698280935705,60,61,3
continued,0.09967491061678098,60,61,4
continued,0.15607843152730844,60,61,5
continued,-0.07897769047150341,60,61,6
continued,0.12537606820740493,60,61,7
continued,0.060712964609837355,60,61,8
continued,0.011459632534525697,60,61,9
continued,0.11451991961327572,60,61,10
continued,0.1408452597990283,60,61,11
continued,0.1591700646762747,60,61,12
continued,0.24665036532788415,60,61,13
continued,0.06471437814410702,60,61,14
continued,0.1182007805634645,60,61,15
continued,0.08367770584141479,60,61,16
continued,0.1256986226865397,60,61,17
continued,0.1309600636040453,60,61,18
continued,0.05179285956523822,60,61,19
continued,0.17904331597920672,60,61,20
continued,0.0016582445973162665,60,61,21
continued,0.04215113004261553,60,61,22
continued,0.02756593260517883,60,61,23
continued,0.05170740131425645,60,61,24
continued,0.1581695474134408,60,61,25
continued,0.0015388399419535243,60,61,26
continued,0.07558738031462817,60,61,27
continued,0.1496346488848333,60,61,28
continued,0.01448947114645122,60,61,29
continued,0.05045660681778337,60,61,30
continued,0.12599141067740288,60,61,31
continued,0.06107211506218775,60,61,32
continued,0.003983669436423586,60,61,33
continued,0.12957747272722367,60,61,34
continued,0.15803543433379696,60,61,35
continued,0.2243895015989042,60,61,36
continued,0.0917929238180784,60,61,37
continued,0.10589154820292523,60,61,38
continued,0.10611176500737476,60,61,39
continued,0.07059321251687785,60,61,40
continued,0.08925744310555582,60,61,41
continued,0.22685323373049623,60,61,42
continued,0.12680482925449915,60,61,43
continued,0.0014466395023469596,60,61,44
continued,0.11392948279996432,60,61,45
continued,0.21630764052038262,60,61,46
continued,0.04386030630867828,60,61,47
continued,0.07261617825924045,60,61,48
continued,0.007322216206435098,60,61,49
continued,0.02209018084530369,61,62,0
continued,0.10286719731337268,61,62,1
continued,0.052856813283956396,61,62,2
continued,0.18213992226347103,61,62,3
continued,0.10931538272714852,61,62,4
continued,0.06091889424049334,61,62,5
continued,0.07442152318790615,61,62,6
continued,0.07290378027075475,61,62,7
continued,0.14608606472336744,61,62,8
continued,0.09119135184284241,61,62,9
continued,0.10754962728257071,61,62,10
continued,0.15075743079552534,61,62,11
continued,0.015942619430185146,61,62,12
continued,0.05119969457148527,61,62,13
continued,0.08268233516557065,61,62,14
continued,0.10127864982652048,61,62,15
continued,0.21462646134510707,61,62,16
continued,0.038403848702393585,61,62,17
continued,0.029634422093024523,61,62,18
continued,0.15010167115556666,61,62,19
continued,0.2053272653400119,61,62,20
continued,0.13474675294515295,61,62,21
continued,0.08563510636228573,61,62,22
continued,0.14591290069462765,61,62,23
continued,0.0775126536282973,61,62,24
continued,0.003835645289096449,61,62,25
continued,0.207427022158435,61,62,26
continued,0.0737889996803341,61,62,27
continued,0.15911024867400705,61,62,28
continued,0.12363568213096052,61,62,29
continued,0.15151581694808655,61,62,30
continued,0.06727993332809465,61,62,31
continued,0.12462536098988693,61,62,32
continued,0.11018574058312179,61,62,33
continued,0.187239240703299,61,62,34
continued,0.11346224519901507,61,62,35
continued,0.18764845516553133,61,62,36
continued,0.08358561971472715,61,62,37
continued,0.019971260636922592,61,62,38
continued,0.17812210373819842,61,62,39
continued,0.035938533900689976,61,62,40
continued,-0.016110442065907667,61,62,41
continued,0.007033628021225686,61,62,42
continued,0.1288482310903246,61,62,43
continued,0.13312846830638186,61,62,44
continued,0.061285143150853386,61,62,45
continued,0.1871262558833814,61,62,46
continued,0.06830462846345134,61,62,47
continued,0.06236097687566284,61,62,48
continued,0.14437959340972661,61,62,49
continued,0.0635963514070239,62,63,0
continued,0.16856586634583287,62,63,1
continued,0.11413091286974805,62,63,2
continued,0.06851429635654477,62,63,3
continued,0.13289228247169385,62,63,4
continued,0.112712800320551,62,63,5
continued,0.10141175284968465,62,63,6
continued,0.09253621757199802,62,63,7
continued,0.07500629306276847,62,63,8
continued,0.013683331758143876,62,63,9
continued,0.05950499671593103,62,63,10
continued,0.15495043554951227,62,63,11
continued,0.11393892678040146,62,63,12
continued,0.0613565426300412,62,63,13
continued,0.1387949271059204,62,63,14
continued,0.060929809004408975,62,63,15
continued,0.08543895411106185,62,63,16
continued,0.02666915559727524,62,63,17
continued,0.009558609706822296,62,63,18
continued,0.12038997956257316,62,63,19
continued,0.13641049291978558,62,63,20
continued,-0.005412048465455353,62,63,21
continued,0.08611997551963076,62,63,22
continued,0.10135686985038936,62,63,23
continued,0.20292432535734897,62,63,24
continued,0.09654220325215015,62,63,25
continued,0.2230889402103368,62,63,26
continued,0.11957741515961239,62,63,27
continued,0.16749670827799118,62,63,28
continued,0.13006084905037082,62,63,29
continued,0.08518302246378877,62,63,30
continued,0.01596034022404151,62,63,31
continued,0.03937188647438259,62,63,32
continued,0.015889184619098825,62,63,33
continued,0.12450113908109105,62,63,34
continued,0.15968862069258824,62,63,35
continued,0.08691954950596065,62,63,36
continued,0.11237699143271715,62,63,37
continued,0.14962779263497952,62,63,38
continued,0.09354491636241387,62,63,39
continued,0.16247707255275748,62,63,40
continued,0.17353683680296927,62,63,41
continued,0.10287861471962575,62,63,42
continued,0.1102560761019269,62,63,43
continued,0.06750969467453649,62,63,44
continued,-0.003607565852320955,62,63,45
continued,0.06165005810504534,62,63,46
continued,0.1742624122606171,62,63,47
continued,0.10807286757546335,62,63,48
continued,0.15408851097130385,62,63,49
continued,0.08360345663965317,63,64,0
continued,0.0965743927643541,63,64,1
continued,0.12365136747441684,63,64,2
continued,0.010932505660427395,63,64,3
continued,0.08316078339954142,63,64,4
continued,0.06246543850412597,63,64,5
continued,0.0677619817821355,63,64,6
continued,0.20196544002833597,63,64,7
continued,0.20626178953543312,63,64,8
continued,0.20551587445468297,63,64,9
continued,0.22575139694190058,63,64,10
continued,0.12048144202492558,63,64,11
continued,0.09535205662753746,63,64,12
continued,0.1658991630705424,63,64,13
continued,0.13710588519780856,63,64,14
continued,0.12763304679938647,63,64,15
continued,0.15186512034561975,63,64,16
continued,-0.06422579003043206,63,64,17
continued,0.042580680755046244,63,64,18
continued,0.06568556786764271,63,64,19
continued,0.0670603049675204,63,64,20
continued,0.18648128226712696,63,64,21
continued,0.10681780138826978,63,64,22
continued,0.15226891607427,63,64,23
continued,0.05561822690351643,63,64,24
continued,0.09595861644861156,63,64,25
continued,0.14090504224188374,63,64,26
continued,0.13276696603146462,63,64,27
continued,0.24989986209290732,63,64,28
continued,0.051127585163208276,63,64,29
continued,0.13344505132042817,63,64,30
continued,0.15839023971745844,63,64,31
continued,0.06542562048823602,63,64,32
continued,0.15215334924155346,63,64,33
continued,0.16536210798281958,63,64,34
continued,-0.004336837024932448,63,64,35
continued,0.08284249349208202,63,64,36
continued,-0.0006199923508055891,63,64,37
continued,0.08024802889764644,63,64,38
continued,0.049173454475456305,63,64,39
continued,0.25034647586565045,63,64,40
continued,0.09052791415564229,63,64,41
continued,0.12960513421050046,63,64,42
continued,0.18198166434447283,63,64,43
continued,0.07686470246051415,63,64,44
continued,0.01800140176030395,63,64,45
continued,0.1516699213967024,63,64,46
continued,0.11193589389638149,63,64,47
continued,0.12569884168868786,63,64,48
continued,0.13440095974466418,63,64,49
continued,0.12472793432716239,64,65,0
continued,0.012699703128484832,64,65,1
continued,0.2118497712484929,64,65,2
continued,0.07218124586175799,64,65,3
continued,0.09022891247416971,64,65,4
continued,0.07193132964329772,64,65,5
continued,0.10407170684315165,64,65,6
continued,0.05880210757535155,64,65,7
continued,0.033514697251302274,64,65,8
continued,0.08077943655907611,64,65,9
continued,0.12820489440406538,64,65,10
continued,0.2011590909996411,64,65,11
continued,0.13832622796869423,64,65,12
continued,0.044668131557798973,64,65,13
continued,0.05266307744562996,64,65,14
continued,0.18195250334063837,64,65,15
continued,0.10903053423204365,64,65,16
continued,0.07905649618276434,64,65,17
continued,0.05871478442567977,64,65,18
continued,0.0619519478794992,64,65,19
continued,0.1005981535622337,64,65,20
continued,0.20475279331938462,64,65,21
continued,0.10905245758681194,64,65,22
continued,0.2364383761035931,64,65,23
continued,0.23830608147712393,64,65,24
continued,0.14965806544513277,64,65,25
continued,0.030937280265862933,64,65,26
continued,0.1154933642885174,64,65,27
continued,0.3027942352073445,64,65,28
continued,0.08114679051898605,64,65,29
continued,0.06469734898450762,64,65,30
continued,0.043450513489017566,64,65,31
continued,0.1155333964701253,64,65,32
continued,0.1427165407207629,64,65,33
continued,0.17349930367756758,64,65,34
continued,0.10251531832483471,64,65,35
continued,0.13851152106528003,64,65,36
continued,-0.023837278263133362,64,65,37
continued,0.2332110421190705,64,65,38
continued,0.06792417301966087,64,65,39
continued,0.06160878110705479,64,65,40
continued,0.06329906554877543,64,65,41
continued,0.106163179015441,64,65,42
continued,0.08019825032366655,64,65,43
continued,-0.06212195292603731,64,65,44
continued,0.17555433916476962,64,65,45
continued,0.051568762067428206,64,65,46
continued,0.1051813887680143,64,65,47
continued,0.11106403436071766,64,65,48
continued,0.07052714732465575,64,65,49
continued,-0.011227472570223043,65,66,0
continued,0.1773622381300952,65,66,1
continued,0.10336822828316267,65,66,2
continued,0.06678537228447098,65,66,3
continued,0.14224072394559445,65,66,4
continued,0.09578163683719314,65,66,5
continued,0.0782420617604651,65,66,6
continued,0.06733671332344694,65,66,7
continued,0.21074931745058462,65,66,8
continued,0.027950452239613375,65,66,9
continued,-0.03606675115114367,65,66,10
continued,0.1889740510431768,65,66,11
continued,0.08745383271033592,65,66,12
continued,0.14034403305132037,65,66,13
continued,0.16202001059196805,65,66,14
continued,0.08779339825280538,65,66,15
continued,0.11704831901236583,65,66,16
continued,0.08044972561504105,65,66,17
continued,0.0940816887160771,65,66,18
continued,0.07465588080016755,65,66,19
continued,0.0661411887331224,65,66,20
continued,0.19949407315009907,65,66,21
continued,-0.009683617163949922,65,66,22
continued,0.20070815682887844,65,66,23
continued,0.07444795103970213,65,66,24
continued,0.1183752235493609,65,66,25
continued,0.07534660861417664,65,66,26
continued,0.12150203078971984,65,66,27
continued,0.1309043169217926,65,66,28
continued,0.1356258553826911,65,66,29
continued,0.09751455187911366,65,66,30
continued,0.1867492133122651,65,66,31
continued,0.134477975535865,65,66,32
continued,0.12706735269032812,65,66,33
continued,0.10612925715572805,65,66,34
continued,0.10670195668801352,65,66,35
continued,0.05734577697712172,65,66,36
continued,-0.013025470065553948,65,66,37
continued,0.0734113403291157,65,66,38
continued,-0.017734707151224317,65,66,39
continued,0.07194344638916196,65,66,40
continued,-0.05574664815695144,65,66,41
continued,0.052810556400472934,65,66,42
continued,0.08222519602838323,65,66,43
continued,0.17019376019848184,65,66,44
continued,0.13500223696084715,65,66,45
continued,0.037261539321628664,65,66,46
continued,0.07267564557879024,65,66,47
continued,0.16707062310268592,65,66,48
continued,-0.0006952963640657563,65,66,49
continued,0.06759622920094545,66,67,0
continued,0.015733767922555254,66,67,1
continued,0.11433754969717126,66,67,2
continued,0.12480066463759962,66,67,3
continued,0.05064420036229472,66,67,4
continued,0.1697156284071659,66,67,5
continued,0.013023954111561275,66,67,6
continued,0.15152236184946116,66,67,7
continued,0.14653937042037393,66,67,8
continued,0.14553998096433024,66,67,9
continued,-0.004633517347991769,66,67,10
continued,0.08567792634796798,66,67,11
continued,0.09279833814886149,66,67,12
continued,0.11819940982853423,66,67,13
continued,0.06323028708391157,66,67,14
continued,0.14576751433885593,66,67,15
continued,0.08844046305226526,66,67,16
continued,0.07078367941108148,66,67,17
continued,0.13698608323733213,66,67,18
continued,0.20774169159746736,66,67,19
continued,0.15606646798776178,66,67,20
continued,0.24277034662782904,66,67,21
continued,-0.022027386779723063,66,67,22
continued,0.10620260050779987,66,67,23
continued,0.13076362758251786,66,67,24
continued,0.07499088775825051,66,67,25
continued,0.1353776932020291,66,67,26
continued,0.10718574784490281,66,67,27
continued,0.12491249488207216,66,67,28
continued,0.12960022574488092,66,67,29
continued,0.03999519749994196,66,67,30
continued,0.11728672595317885,66,67,31
continued,0.1273608368400649,66,67,32
continued,0.05621947322297017,66,67,33
continued,0.09910870178127926,66,67,34
continued,0.1841997060227343,66,67,35
continued,0.13378883902851144,66,67,36
continued,0.10534576117342175,66,67,37
continued,0.14343229373268657,66,67,38
continued,0.1944801744351153,66,67,39
continued,0.017990744929645253,66,67,40
continued,0.2065050952486249,66,67,41
continued,0.05050060718458881,66,67,42
continued,0.10329569228041775,66,67,43
continued,0.10434877334081383,66,67,44
continued,0.10594179187013598,66,67,45
continued,0.051062452106284933,66,67,46
continued,0.06886426402334962,66,67,47
continued,0.20427614123538548,66,67,48
continued,0.020050223699220923,66,67,49
continued,0.14891135004309922,67,68,0
continued,0.1481509292242707,67,68,1
continued,0.18708102248007924,67,68,2
continued,0.13851465916742622,67,68,3
continued,0.11231235365997194,67,68,4
continued,0.09923527933600669,67,68,5
continued,-0.01568646321509844,67,68,6
continued,0.13091323717246187,67,68,7
continued,0.10192944675741594,67,68,8
continued,0.12346708899498487,67,68,9
continued,0.14461199129977803,67,68,10
continued,0.031028178517652383,67,68,11
continued,0.17110514921267816,67,68,12
continued,0.0626463292927528,67,68,13
continued,0.1443344423914255,67,68,14
continued,0.14420103294215303,67,68,15
continued,0.2021489718878303,67,68,16
continued,0.09505917257662116,67,68,17
continued,0.07588339690358516,67,68,18
continued,0.09924262054133415,67,68,19
continued,0.13503977816899987,67,68,20
continued,0.17876015832514117,67,68,21
continued,0.16355932516095906,67,68,22
continued,0.11941578299398775,67,68,23
continued,0.1083905251324832,67,68,24
continued,0.08571096866899393,67,68,25
continued,0.15655027925207576,67,68,26
continued,0.12387829437181866,67,68,27
continued,0.08811250329024473,67,68,28
continued,0.19098977895213157,67,68,29
continued,0.06708138294131342,67,68,30
continued,0.07800215095322711,67,68,31
continued,0.03827401072706742,67,68,32
continued,0.1999325322845303,67,68,33
continued,0.13544308767487975,67,68,34
continued,0.17456468161228111,67,68,35
continued,0.06318375316654237,67,68,36
continued,0.04899124444527731,67,68,37
continued,0.11875865424970236,67,68,38
continued,0.10743882007890217,67,68,39
continued,0.03600552647290428,67,68,40
continued,0.10487075492138963,67,68,41
continued,0.09246261131886482,67,68,42
continued,0.17456072521969948,67,68,43
continued,-0.01520751506200201,67,68,44
continued,0.20391319118639367,67,68,45
continued,0.1387258249610907,67,68,46
continued,0.06513872251708135,67,68,47
continued,0.11950285666563022,67,68,48
continued,0.14082469560731647,67,68,49
continued,0.1825788640754738,68,69,0
continued,0.14281924128914664,68,69,1
continued,0.11362286391356882,68,69,2
continued,0.11127985720555637,68,69,3
continued,0.25394455990290005,68,69,4
continued,0.12637664695862716,68,69,5
continued,0.08625960706478734,68,69,6
continued,0.10776803383877362,68,69,7
continued,0.100831861153325,68,69,8
continued,0.014192673218671027,68,69,9
continued,0.03178356521764661,68,69,10
continued,0.1878587268100206,68,69,11
continued,0.058062620715736125,68,69,12
continued,0.06389585250436218,68,69,13
continued,0.11179003672105366,68,69,14
continued,0.14542465825203982,68,69,15
continued,0.17087668518622262,68,69,16
continued,0.11036160517543415,68,69,17
continued,0.044078227177676954,68,69,18
continued,0.014006179348709041,68,69,19
continued,0.12377587935292869,68,69,20
continued,0.11432735037594544,68,69,21
continued,0.08342507223992063,68,69,22
continued,0.03252209356286764,68,69,23
continued,0.08615568386946915,68,69,24
continued,0.23810491879285897,68,69,25
continued,0.14216860296041275,68,69,26
continued,0.12141820768067536,68,69,27
continued,0.07426350959527399,68,69,28
continued,0.1755665029950398,68,69,29
continued,0.07613419367509174,68,69,30
continued,0.044014435411993985,68,69,31
continued,0.08174804950701049,68,69,32
continued,0.13689444733789743,68,69,33
continued,0.15593883218621787,68,69,34
continued,0.12855686224448595,68,69,35
continued,0.04625899925604272,68,69,36
continued,0.11748661547164875,68,69,37
continued,0.09795972901733382,68,69,38
continued,0.10134057819317265,68,69,39
continued,0.1340938156734842,68,69,40
continued,0.01489587979677293,68,69,41
continued,0.12836860067715186,68,69,42
continued,0.03130640652305079,68,69,43
continued,0.09691283175696593,68,69,44
continued,0.1376862251421921,68,69,45
continued,0.10852090690439976,68,69,46
continued,0.12560590323344786,68,69,47
continued,0.09209596768162874,68,69,48
continued,0.05773544903975335,68,69,49
continued,0.21947897749834802,69,70,0
continued,0.09663243173912373,69,70,1
continued,0.1699704237966225,69,70,2
continued,0.10132055721762791,69,70,3
continued,0.2179755115668516,69,70,4
continued,0.11013579452552816,69,70,5
continued,0.13196042456931312,69,70,6
continued,0.034637189423737114,69,70,7
continued,0.11978138992555946,69,70,8
continued,0.04823912104014653,69,70,9
continued,0.03741580792414974,69,70,10
continued,0.07345807449835225,69,70,11
continued,0.1059859021402825,69,70,12
continued,0.14604866169332872,69,70,13
continued,0.12696956315515331,69,70,14
continued,0.07225295727213642,69,70,15
continued,0.10667330250844378,69,70,16
continued,0.038781253000676565,69,70,17
continued,0.19652694455045705,69,70,18
continued,0.06677796188040884,69,70,19
continued,0.04823866750474576,69,70,20
continued,0.1287157264848986,69,70,21
continued,0.2115526490715394,69,70,22
continued,0.10590657198598022,69,70,23
continued,0.1286738440343811,69,70,24
continued,0.15824072555007973,69,70,25
continued,0.04831567900105156,69,70,26
continued,0.09980401967186751,69,70,27
continued,0.03615054938463528,69,70,28
continued,0.1166194502601818,69,70,29
continued,0.17563372794617133,69,70,30
continued,0.07937933217593865,69,70,31
continued,0.26108144158879576,69,70,32
continued,0.061598317839117546,69,70,33
continued,0.05146484286877797,69,70,34
continued,0.1657391193564825,69,70,35
continued,0.08354883983786211,69,70,36
continued,0.05545718508137348,69,70,37
continued,0.0243022711180124,69,70,38
continued,0.02647941635725779,69,70,39
continued,0.17400862755730864,69,70,40
continued,0.024333100363831336,69,70,41
continued,0.12001510519227616,69,70,42
continued,0.10645597008818651,69,70,43
continued,0.24780330831847047,69,70,44
continued,0.07983370206242622,69,70,45
continued,0.025401435210027076,69,70,46
continued,0.2255811652591784,69,70,47
continued,0.02002244748132869,69,70,48
continued,-0.042199453405196694,69,70,49
continued,0.15345184328056946,70,71,0
continued,0.08405357407683517,70,71,1
continued,0.1917849914847015,70,71,2
continued,0.2078084991149741,70,71,3
continued,0.22133090995484886,70,71,4
continued,0.047644852702413,70,71,5
continued,0.04995589423766409,70,71,6
continued,0.048072877392822,70,71,7
continued,0.13123238499119,70,71,8
continued,0.11554038074803484,70,71,9
continued,0.1285808170289804,70,71,10
continued,0.06929950993875852,70,71,11
continued,0.16073908177379392,70,71,12
continued,0.11103109371230471,70,71,13
continued,0.24362982087802412,70,71,14
continued,0.009717109744525061,70,71,15
continued,0.023759905367251314,70,71,16
continued,0.13801084421308196,70,71,17
continued,0.038563321425776,70,71,18
continued,0.015204712452873173,70,71,19
continued,0.2118340356136074,70,71,20
continued,0.13214533271069612,70,71,21
continued,0.052609849731755004,70,71,22
continued,0.0721670992400179,70,71,23
continued,0.14842894133675424,70,71,24
continued,0.08374330974986517,70,71,25
continued,0.0033014320503809915,70,71,26
continued,0.09860427108824767,70,71,27
continued,0.15924344316497524,70,71,28
continued,0.16187522447237823,70,71,29
continued,0.21632831018501478,70,71,30
continued,0.12644368865119165,70,71,31
continued,0.12453410906936654,70,71,32
continued,0.09024734217474939,70,71,33
continued,0.12031341593714762,70,71,34
continued,0.10394084754725638,70,71,35
continued,0.09430937949559373,70,71,36
continued,0.13934305923922313,70,71,37
continued,0.08972265212960251,70,71,38
continued,0.024242157797167527,70,71,39
continued,0.09515012793021815,70,71,40
continued,0.031165991247363245,70,71,41
continued,0.14868210686851582,70,71,42
continued,0.04599464194406292,70,71,43
continued,0.19433486139789324,70,71,44
continued,0.04114383122199261,70,71,45
continued,0.24232926990519907,70,71,46
continued,0.05138716270296263,70,71,47
continued,0.04885310153540772,70,71,48
continued,0.12765649921665095,70,71,49
continued,0.11038220528595824,71,72,0
continued,0.2242412255632302,71,72,1
continued,0.18440969907409335,71,72,2
continued,0.05629385573070291,71,72,3
continued,0.08478587086822115,71,72,4
continued,-0.05769642050792017,71,72,5
continued,0.08576624720302632,71,72,6
continued,0.046879573425323784,71,72,7
continued,0.08066021011084823,71,72,8
continued,0.3019304590881204,71,72,9
continued,0.1603763145232539,71,72,10
continued,0.15808428762990404,71,72,11
continued,0.11626284456244133,71,72,12
continued,0.0397235530798442,71,72,13
continued,0.02066762470992502,71,72,14
continued,0.09704283306926964,71,72,15
continued,0.13318256714824664,71,72,16
continued,0.11726745252083659,71,72,17
continued,0.1305242887839211,71,72,18
continued,0.1328926814016812,71,72,19
continued,0.19250270285838358,71,72,20
continued,0.1564605302529352,71,72,21
continued,0.011081919397266717,71,72,22
continued,0.09398242344622311,71,72,23
continued,0.176125227776558,71,72,24
continued,0.034526056880429694,71,72,25
continued,0.04339539279260919,71,72,26
continued,0.07799001420855951,71,72,27
continued,0.0895065576496829,71,72,28
continued,0.1229100435849272,71,72,29
continued,0.09041305491294521,71,72,30
continued,0.09791775049342792,71,72,31
continued,0.06978971784896981,71,72,32
continued,0.0707954632277375,71,72,33
continued,0.05270940151966724,71,72,34
continued,0.17482107602244448,71,72,35
continued,0.17895325545119642,71,72,36
continued,0.1630533485075132,71,72,37
continued,0.0924888838228624,71,72,38
continued,0.1711583210955176,71,72,39
continued,0.07985144528609069,71,72,40
continued,0.26864889512900464,71,72,41
continued,0.18916759005315747,71,72,42
continued,0.05826415230100084,71,72,43
continued,0.11765104506304966,71,72,44
continued,0.10740535868322332,71,72,45
continued,0.07448715203972907,71,72,46
continued,0.09422548424672617,71,72,47
continued,0.12062926008932795,71,72,48
continued,0.009114920571550703,71,72,49
continued,0.06613879785251507,72,73,0
continued,0.03801352980907173,72,73,1
continued,0.0716069317093852,72,73,2
continued,0.09523852220087478,72,73,3
continued,0.0726809641312726,72,73,4
continued,0.14482617751816468,72,73,5
continued,0.07403963813692938,72,73,6
continued,0.15849267393428576,72,73,7
continued,0.005720420837924178,72,73,8
continued,0.15904584116817846,72,73,9
continued,0.04599963668583864,72,73,10
continued,0.07914018120831236,72,73,11
continued,0.16609494904186844,72,73,12
continued,0.1952642551916286,72,73,13
continued,0.09494684098913421,72,73,14
continued,0.07616863870513632,72,73,15
continued,0.17377111058189962,72,73,16
continued,0.1202292387931489,72,73,17
continued,0.1808307229274159,72,73,18
continued,0.07327921119242838,72,73,19
continued,0.0411234809252037,72,73,20
continued,0.16658159285209614,72,73,21
continued,0.14598755755175735,72,73,22
continued,0.020393136435469566,72,73,23
continued,0.1874584370109992,72,73,24
continued,-0.016247048541763374,72,73,25
continued,0.086729080388951,72,73,26
continued,0.10555129980975506,72,73,27
continued,0.10458419045387861,72,73,28
continued,0.014041283204107824,72,73,29
continued,0.21098589112436353,72,73,30
continued,0.09977350067498453,72,73,31
continued,0.07269109254417955,72,73,32
continued,0.06286834565743163,72,73,33
continued,0.14654409136058583,72,73,34
continued,0.15386258684181567,72,73,35
continued,0.12077585017481983,72,73,36
continued,0.044419543545229,72,73,37
continued,0.006267119818628968,72,73,38
continued,0.14285984297556084,72,73,39
continued,0.1410266276791723,72,73,40
continued,0.09257887459108528,72,73,41
continued,0.14372058558260215,72,73,42
continued,0.1675755461054391,72,73,43
continued,0.02564203427730498,72,73,44
continued,0.1794043422241463,72,73,45
continued,0.21905597812711874,72,73,46
continued,0.015656133644354864,72,73,47
continued,0.15864165126777216,72,73,48
continued,0.07885229520678351,72,73,49
continued,0.02991613918176601,73,74,0
continued,0.18950842332442513,73,74,1
continued,0.1941076216621034,73,74,2
continued,0.005578695394784146,73,74,3
continued,0.06222697500628206,73,74,4
continued,0.0725336859473964,73,74,5
continued,0.12389376192777617,73,74,6
continued,0.19622861137143413,73,74,7
continued,0.05559675174335298,73,74,8
continued,-0.014687632829514602,73,74,9
continued,0.16551887857259998,73,74,10
continued,0.09999819959143509,73,74,11
continued,0.2344958701559196,73,74,12
continued,0.17619233839316994,73,74,13
continued,0.06392751526495602,73,74,14
continued,0.04312998502009377,73,74,15
continued,0.111482606756388,73,74,16
continued,0.07234969003530417,73,74,17
continued,0.16725974723674242,73,74,18
continued,0.041221576503516516,73,74,19
continued,0.0707172542034003,73,74,20
continued,0.1410687130502604,73,74,21
continued,0.15130468794156665,73,74,22
continued,0.0624206439831508,73,74,23
continued,0.10723729635273746,73,74,24
continued,0.04163437518143048,73,74,25
continued,0.09091307441994431,73,74,26
continued,0.08692802068171472,73,74,27
continued,0.08737876851666267,73,74,28
continued,0.09012639645262291,73,74,29
continued,0.08792937972902135,73,74,30
continued,0.07538502544697628,73,74,31
continued,0.029618462422392675,73,74,32
continued,-0.003108917519190866,73,74,33
continued,0.06544234311391872,73,74,34
continued,-0.004769246339226749,73,74,35
continued,0.09153612016934709,73,74,36
continued,0.09810624979489832,73,74,37
continued,0.17205025547082184,73,74,38
continued,0.11943006321924107,73,74,39
continued,0.03712052039010011,73,74,40
continued,0.1394384848702398,73,74,41
continued,0.1632742758979853,73,74,42
continued,0.02226840868487221,73,74,43
continued,0.12506654885123478,73,74,44
continued,0.08189714145955226,73,74,45
continued,0.15359922107104323,73,74,46
continued,-0.0033089386647714857,73,74,47
continued,0.13581930493299396,73,74,48
continued,0.1846375986602711,73,74,49
continued,0.16735444274972883,74,75,0
continued,0.0914295455475203,74,75,1
continued,0.16307106571848867,74,75,2
continued,0.05652922850180974,74,75,3
continued,0.19984841360537886,74,75,4
continued,0.12837124343983541,74,75,5
continued,0.12161097360464859,74,75,6
continued,-0.0010415928048740637,74,75,7
continued,0.046536833869323155,74,75,8
continued,0.10349176816762955,74,75,9
continued,0.10577050684187696,74,75,10
continued,0.19350448786285207,74,75,11
continued,0.21878825944185223,74,75,12
continued,0.07612704557734248,74,75,13
continued,0.08514633362248637,74,75,14
continued,0.130112635272493,74,75,15
continued,0.18124031572669655,74,75,16
continued,0.14712437589521246,74,75,17
continued,0.113295877375486,74,75,18
continued,0.03193976428212068,74,75,19
continued,0.11033761054907991,74,75,20
continued,0.08332755530257228,74,75,21
continued,0.08807880397245962,74,75,22
continued,0.10912986867119673,74,75,23
continued,0.17543620830702,74,75,24
continued,0.03157748110959558,74,75,25
continued,0.09975342517187302,74,75,26
continued,0.060400555094218246,74,75,27
continued,0.15168963549352446,74,75,28
continued,0.11554582714573634,74,75,29
continued,0.05006586821314361,74,75,30
continued,0.1220747152119507,74,75,31
continued,0.028830942799711833,74,75,32
continued,0.20010747862836298,74,75,33
continued,0.06905809749893395,74,75,34
continued,0.12649996790803955,74,75,35
continued,0.19925294523623904,74,75,36
continued,0.14651058938494027,74,75,37
continued,0.05237429240588846,74,75,38
continued,0.20532282721375802,74,75,39
continued,0.1365438921471256,74,75,40
continued,0.03351723640569389,74,75,41
continued,0.07121345473622748,74,75,42
continued,0.1307029480091158,74,75,43
continued,0.11456048144215038,74,75,44
continued,0.09866207757036716,74,75,45
continued,0.15771192254654992,74,75,46
continued,0.18186241140121345,74,75,47
continued,0.028828098019159414,74,75,48
continued,0.11960458610395601,74,75,49
continued,0.19661816091938095,75,76,0
continued,0.06304060930883874,75,76,1
continued,0.12334246914709376,75,76,2
continued,0.0876495438946061,75,76,3
continued,0.1632472437098586,75,76,4
continued,0.08862129395397648,75,76,5
continued,0.15815579314791445,75,76,6
continued,0.13424225908020987,75,76,7
continued,0.1455271444120674,75,76,8
continued,0.1435558408592265,75,76,9
continued,0.07142915191784921,75,76,10
continued,0.0622414718024766,75,76,11
continued,-0.0021449321803246766,75,76,12
continued,0.13406700849592174,75,76,13
continued,0.0873736543536534,75,76,14
continued,0.07881885881793906,75,76,15
continued,0.12498294600586528,75,76,16
continued,0.16294393589534747,75,76,17
continued,0.1377318109828579,75,76,18
continued,0.004253600107706165,75,76,19
continued,0.2231815021862452,75,76,20
continued,0.16319495742344925,75,76,21
continued,0.03403685294172375,75,76,22
continued,0.07010110119080905,75,76,23
continued,0.07850071738700841,75,76,24
continued,0.07042754289496393,75,76,25
continued,0.07423062731525608,75,76,26
continued,0.17971620594919593,75,76,27
continued,0.16343138221666956,75,76,28
continued,0.10425298400601202,75,76,29
continued,0.10590723479794771,75,76,30
continued,0.0988601479375937,75,76,31
continued,0.09395051645015344,75,76,32
continued,0.1907296319970045,75,76,33
continued,0.10992434820672861,75,76,34
continued,0.16755806127582637,75,76,35
continued,0.06513605510083384,75,76,36
continued,0.039318717382316674,75,76,37
continued,0.09069213517435816,75,76,38
continued,0.12786575582882273,75,76,39
continued,0.09771147704561164,75,76,40
continued,0.27652297486420624,75,76,41
continued,0.018883865223530517,75,76,42
continued,0.12822213234537225,75,76,43
continued,0.09269539108165661,75,76,44
continued,0.11925168815695922,75,76,45
continued,0.11666114554705453,75,76,46
continued,0.08659950194450095,75,76,47
continued,0.16987010937744648,75,76,48
continued,-0.010445744539933587,75,76,49
continued,0.09516959831544305,76,77,0
continued,0.11850025054186461,76,77,1
continued,0.12133719716767705,76,77,2
continued,0.08907155688698387,76,77,3
continued,0.19682028107232702,76,77,4
continued,0.12637395100202387,76,77,5
continued,0.18766349966352955,76,77,6
continued,0.17535752793493375,76,77,7
continued,0.16600067841942504,76,77,8
continued,0.1629088025817691,76,77,9
continued,0.11722340524799399,76,77,10
continued,0.22227630507591142,76,77,11
continued,0.037036450236594146,76,77,12
continued,0.07217803663014351,76,77,13
continued,0.10986454580790402,76,77,14
continued,-0.0092431182868584,76,77,15
continued,0.11996974809670799,76,77,16
continued,0.20617839476111047,76,77,17
continued,0.11318372648190657,76,77,18
continued,-0.007026519586343764,76,77,19
continued,0.23260645810720562,76,77,20
continued,0.12413039760361372,76,77,21
continued,0.07026381136841692,76,77,22
continued,-0.01164274950366074,76,77,23
continued,0.16632136304689235,76,77,24
continued,0.12067782843380177,76,77,25
continued,0.11329080055031329,76,77,26
continued,0.1054475984266475,76,77,27
continued,0.021187944552367333,76,77,28
continued,0.0781316541645988,76,77,29
continued,0.010643993686185812,76,77,30
continued,0.13548700024332522,76,77,31
continued,0.14344722716338884,76,77,32
continued,0.1127238650319023,76,77,33
continued,0.20505196366375839,76,77,34
continued,0.03028117871055379,76,77,35
continued,0.0756120857570159,76,77,36
continued,0.059443139514258184,76,77,37
continued,0.009032332181588915,76,77,38
continued,0.09822908332295303,76,77,39
continued,-0.006132565466684272,76,77,40
continued,0.08245035244763843,76,77,41
continued,0.04138753416565934,76,77,42
continued,0.2755376469310596,76,77,43
continued,0.11457297367354148,76,77,44
continued,0.16260531848129833,76,77,45
continued,0.03755230400026818,76,77,46
continued,0.0920108838191489,76,77,47
continued,0.14926054505492983,76,77,48
continued,0.06158958777798442,76,77,49
continued,0.08527132583880027,77,78,0
continued,0.21464175406483316,77,78,1
continued,0.0032152378400935005,77,78,2
continued,0.11056116846682439,77,78,3
continued,0.1098224823148629,77,78,4
continued,0.10088362229772765,77,78,5
continued,0.07601032051557868,77,78,6
continued,0.03885573112257572,77,78,7
continued,0.10766364818020388,77,78,8
continued,0.13718055951461003,77,78,9
continued,0.10164795573840829,77,78,10
continued,0.1419596886152035,77,78,11
continued,0.06911561744168435,77,78,12
continued,0.030684818181304505,77,78,13
continued,0.06366650009749811,77,78,14
continued,0.03222626058461061,77,78,15
continued,0.03609743345111012,77,78,16
continued,0.11764873946189065,77,78,17
continued,0.04350856571637891,77,78,18
continued,0.023994982882228462,77,78,19
continued,0.08498083025316501,77,78,20
continued,0.08075903184795201,77,78,21
continued,0.20272517410568355,77,78,22
continued,0.12720434812408607,77,78,23
continued,0.11341584002921086,77,78,24
continued,0.047018629058566346,77,78,25
continued,0.13935088188091685,77,78,26
continued,0.20578141415749704,77,78,27
continued,0.04878445847106126,77,78,28
continued,0.004822591080845487,77,78,29
continued,0.016796487090368427,77,78,30
continued,0.08786744382695785,77,78,31
continued,-0.0695267711608948,77,78,32
continued,0.03905890389381802,77,78,33
continued,0.176079240269487,77,78,34
continued,0.11099863086070025,77,78,35
continued,0.06684956383426303,77,78,36
continued,0.11353954105877817,77,78,37
continued,0.07884426089856174,77,78,38
continued,0.12429057883141728,77,78,39
continued,0.08916519559284335,77,78,40
continued,0.10800043198153725,77,78,41
continued,0.12953440055811713,77,78,42
continued,0.10921284103360833,77,78,43
continued,0.14999623096584808,77,78,44
continued,0.04367020109969207,77,78,45
continued,0.14564985386562193,77,78,46
continued,0.06871492361343286,77,78,47
continued,-0.03430519606183774,77,78,48
continued,0.12009815777325183,77,78,49
continued,0.05149450951517848,78,79,0
continued,0.017836250956073545,78,79,1
continued,0.1345863880828751,78,79,2
continued,0.06344640002500429,78,79,3
continued,0.12145591495534445,78,79,4
continued,0.15429694338777697,78,79,5
continued,0.14894710153160404,78,79,6
continued,0.06680457283216412,78,79,7
continued,0.14910695317179415,78,79,8
continued,0.06935614623645842,78,79,9
continued,0.1426917864353607,78,79,10
continued,0.03486136537531036,78,79,11
continued,0.0712006482707103,78,79,12
continued,0.15426307847846485,78,79,13
continued,0.16257179947918546,78,79,14
continued,0.08674060817889921,78,79,15
continued,0.15187313100747682,78,79,16
continued,0.1284451191415816,78,79,17
continued,0.13043754173471214,78,79,18
continued,0.21527208165765518,78,79,19
continued,0.16358633779934992,78,79,20
continued,0.06694072326898763,78,79,21
continued,0.19139411453849547,78,79,22
continued,0.07354120543681872,78,79,23
continued,0.16201494903324065,78,79,24
continued,0.11388247558219934,78,79,25
continued,0.08687423637263916,78,79,26
continued,0.12258873493271007,78,79,27
continued,0.08698818521365233,78,79,28
continued,0.09470201149347239,78,79,29
continued,0.16776588207470544,78,79,30
continued,0.05877177495621831,78,79,31
continued,0.11368049549184597,78,79,32
continued,0.030862920434980352,78,79,33
continued,0.022650678614259498,78,79,34
continued,0.03241381492971089,78,79,35
continued,0.1593858137792562,78,79,36
continued,0.07650483005153456,78,79,37
continued,0.08696767450022444,78,79,38
continued,0.11166643310419753,78,79,39
continued,0.22828074327648817,78,79,40
continued,0.14661163317474307,78,79,41
continued,0.07788501541394043,78,79,42
continued,0.1097665225364077,78,79,43
continued,0.0871819952716765,78,79,44
continued,0.10754109973800052,78,79,45
continued,0.1471466313705257,78,79,46
continued,0.07540995908794965,78,79,47
continued,0.05088403598014876,78,79,48
continued,0.078813258082992,78,79,49
continued,0.09263900439267772,79,80,0
continued,0.1845270309688335,79,80,1
continued,0.11305956196378351,79,80,2
continued,0.05114499175035972,79,80,3
continued,0.12630994692830605,79,80,4
continued,0.05399195603448855,79,80,5
continued,0.0797996994118908,79,80,6
continued,0.1771294333641501,79,80,7
continued,0.207944048710416,79,80,8
continued,-0.007218263765234521,79,80,9
continued,0.03027668494887212,79,80,10
continued,-0.045446082965263375,79,80,11
continued,-0.0021593167580790397,79,80,12
continued,0.10260190507480506,79,80,13
continued,0.21317288393263173,79,80,14
continued,0.052292915960557636,79,80,15
continued,0.03966909279111474,79,80,16
continued,0.1747747959024018,79,80,17
continued,0.08832090353166354,79,80,18
continued,0.20498571837055846,79,80,19
continued,0.14071567210618824,79,80,20
continued,0.07748708459307714,79,80,21
continued,0.08809811682149515,79,80,22
continued,0.10620353236706481,79,80,23
continued,0.1324359456661878,79,80,24
continued,0.1373118920519447,79,80,25
continued,0.03736280231685107,79,80,26
continued,0.08368237903474511,79,80,27
continued,0.041746621542946324,79,80,28
continued,0.0964820935433878,79,80,29
continued,0.19216512295345878,79,80,30
continued,0.09044864667839944,79,80,31
continued,0.1863543557740438,79,80,32
continued,0.16438116088944527,79,80,33
continued,0.13533637924267883,79,80,34
continued,0.1581256680031446,79,80,35
continued,0.03711605864975005,79,80,36
continued,0.1715810192871471,79,80,37
continued,0.11280900822168365,79,80,38
continued,0.12628446778201136,79,80,39
continued,0.1697259951057768,79,80,40
continued,0.16692198391452345,79,80,41
continued,0.10239064886823497,79,80,42
continued,0.113586521491341,79,80,43
continued,0.10491555091386753,79,80,44
continued,0.1205339752038323,79,80,45
continued,0.12333226697361308,79,80,46
continued,0.17630793519125654,79,80,47
continued,0.1653788228349099,79,80,48
continued,0.18995124920803852,79,80,49
continued,0.09305796592959702,80,81,0
continued,0.17423057039856127,80,81,1
continued,0.11710926374365714,80,81,2
continued,0.12042115613278015,80,81,3
continued,0.008336765444221707,80,81,4
continued,0.02261890975426784,80,81,5
continued,0.1017612744373769,80,81,6
continued,0.11720953365088921,80,81,7
continued,0.102343346329622,80,81,8
continued,0.12367422356243601,80,81,9
continued,0.03191377337449337,80,81,10
continued,0.11340277797470798,80,81,11
continued,0.048111191516217,80,81,12
continued,0.11326177407986145,80,81,13
continued,0.1388346571194344,80,81,14
continued,0.0342081218141169,80,81,15
continued,0.06198966258073024,80,81,16
continued,-0.044565185092884645,80,81,17
continued,0.21437008551953735,80,81,18
continued,0.15773574469650564,80,81,19
continued,0.11295488081563514,80,81,20
continued,0.15005847068660608,80,81,21
continued,0.10128924946634406,80,81,22
continued,0.14336396813326494,80,81,23
continued,0.1012732122587329,80,81,24
continued,0.10773940424432209,80,81,25
continued,0.08684336863098856,80,81,26
continued,0.1835554919172056,80,81,27
continued,-0.013503449577911194,80,81,28
continued,0.011322054582973367,80,81,29
continued,0.15707317566714127,80,81,30
continued,0.06319502034046472,80,81,31
continued,0.1487980752964334,80,81,32
continued,0.005084206257272314,80,81,33
continued,0.0725888177726172,80,81,34
continued,0.032765808869047966,80,81,35
continued,0.15035815723082815,80,81,36
continued,0.021538323584760367,80,81,37
continued,0.13426979098534755,80,81,38
continued,0.10180071775005846,80,81,39
continued,0.0006994188172296566,80,81,40
continued,0.13636579443842606,80,81,41
continued,0.09600210934891239,80,81,42
continued,0.17627861717923574,80,81,43
continued,0.22853661235793926,80,81,44
continued,0.08102760638032114,80,81,45
continued,0.062196358569781396,80,81,46
continued,0.04056208601928433,80,81,47
continued,0.15593019163199306,80,81,48
continued,0.08587898061015256,80,81,49
continued,0.10554135480902305,81,82,0
continued,0.04620173073922227,81,82,1
continued,0.10762758180632125,81,82,2
continued,0.14881499564929512,81,82,3
continued,0.047772467484771965,81,82,4
continued,0.016354945125505477,81,82,5
continued,0.07021865817016594,81,82,6
continued,0.1445699714339789,81,82,7
continued,0.1706918374867921,81,82,8
continued,0.18374450805579418,81,82,9
continued,0.13137010202400803,81,82,10
continued,0.05800237265478445,81,82,11
continued,0.1594689623685142,81,82,12
continued,0.09128556207055827,81,82,13
continued,0.0875994291926723,81,82,14
continued,0.1780161604597738,81,82,15
continued,0.10571025005452549,81,82,16
continued,0.0650154330780901,81,82,17
continued,0.15069481209857735,81,82,18
continued,0.07614582531213866,81,82,19
continued,0.05839792164507526,81,82,20
continued,0.039967128293328935,81,82,21
continued,0.13094908250214649,81,82,22
continued,0.08626534810072106,81,82,23
continued,0.037153613046144604,81,82,24
continued,0.130976362468279,81,82,25
continued,0.15488206798999912,81,82,26
continued,0.01781827332113874,81,82,27
continued,0.2316000245090462,81,82,28
continued,0.12501600562212864,81,82,29
continued,0.09571684801302792,81,82,30
continued,0.1045555626911052,81,82,31
continued,0.07566607460835265,81,82,32
continued,0.17245911960653004,81,82,33
continued,0.0847175438565357,81,82,34
continued,0.2601823852511245,81,82,35
continued,0.03886322523622023,81,82,36
continued,0.09497466499469379,81,82,37
continued,0.08336993310131217,81,82,38
continued,0.1436994168353353,81,82,39
continued,0.12025369849925878,81,82,40
continued,0.037311001606385986,81,82,41
continued,0.20701248813112688,81,82,42
continued,0.1871918302318499,81,82,43
continued,0.10389762497485189,81,82,44
continued,0.03841432787101711,81,82,45
continued,0.11599670536244337,81,82,46
continued,0.14606245573115498,81,82,47
continued,0.00796551533864288,81,82,48
continued,0.07494552233614969,81,82,49
continued,0.11670819190175799,82,83,0
continued,0.009866556496431526,82,83,1
continued,0.06889978179513308,82,83,2
continued,0.06529342636975703,82,83,3
continued,0.03378834174795329,82,83,4
continued,0.11925996417927777,82,83,5
continued,0.16377413746011207,82,83,6
continued,0.14755152508432515,82,83,7
continued,0.042895016654836055,82,83,8
continued,0.08410800026519992,82,83,9
continued,0.015109355733447518,82,83,10
continued,0.10205730524200782,82,83,11
continued,0.06344101744027346,82,83,12
continued,0.16245210616356115,82,83,13
continued,0.08338714455609908,82,83,14
continued,0.008322278260066238,82,83,15
continued,0.1553849052030638,82,83,16
continued,0.02369370822551857,82,83,17
continued,0.05831509051604511,82,83,18
continued,0.1136901040758947,82,83,19
continued,0.09137309749367001,82,83,20
continued,0.08310177072642415,82,83,21
continued,0.1823663610865684,82,83,22
continued,0.07017713332271398,82,83,23
continued,0.11184835632381662,82,83,24
continued,0.10391260650621366,82,83,25
continued,0.07499197374189608,82,83,26
continued,0.13380931033903837,82,83,27
continued,0.14332905607177573,82,83,28
continued,0.08060577557301024,82,83,29
continued,0.10431752168011955,82,83,30
continued,0.15949844138990593,82,83,31
continued,0.22486802994746374,82,83,32
continued,0.0076130164986920705,82,83,33
continued,0.15296068750590266,82,83,34
continued,0.20015296240230354,82,83,35
continued,0.11245367083528275,82,83,36
continued,0.12089152362267963,82,83,37
continued,0.09557194847590585,82,83,38
continued,0.08504931594795756,82,83,39
continued,0.16604750549249467,82,83,40
continued,0.15323455039164488,82,83,41
continued,0.16415095810452063,82,83,42
continued,0.16366996062636238,82,83,43
continued,0.27297601242784414,82,83,44
continued,0.3027527023762351,82,83,45
continued,0.10580932357640016,82,83,46
continued,0.0868689477250736,82,83,47
continued,0.17070737948680206,82,83,48
continued,0.03783433946960428,82,83,49
continued,0.13811380886422617,83,84,0
continued,0.039713240462717285,83,84,1
continued,0.05902416010366335,83,84,2
continued,0.14162924244256675,83,84,3
continued,0.10746990772897085,83,84,4
continued,0.1608456331214848,83,84,5
continued,0.1087473481836079,83,84,6
continued,0.16742910452099688,83,84,7
continued,0.16563291875638372,83,84,8
continued,0.1778988281713195,83,84,9
continued,0.09026839919076572,83,84,10
continued,0.08590037417583099,83,84,11
continued,0.05984853868247863,83,84,12
continued,0.13276332314614464,83,84,13
continued,0.0535009676813591,83,84,14
continued,0.05976833140398324,83,84,15
continued,0.0884431555184289,83,84,16
continued,0.17419230493737678,83,84,17
continued,0.10964438492296123,83,84,18
continued,0.13329702789695666,83,84,19
continued,0.09472435248203512,83,84,20
continued,0.04360425575951161,83,84,21
continued,0.03966963439649092,83,84,22
continued,0.09264064932216202,83,84,23
continued,0.1801095359901286,83,84,24
continued,0.04388708294766566,83,84,25
continued,0.14213265162203437,83,84,26
continued,0.16051056412402834,83,84,27
continued,0.048261182246152515,83,84,28
continued,0.04891434344675759,83,84,29
continued,0.09887002867938637,83,84,30
continued,-0.04806425773936342,83,84,31
continued,0.09184865644889477,83,84,32
continued,0.1837875345172981,83,84,33
continued,0.08126403493589181,83,84,34
continued,0.12910036677423178,83,84,35
continued,0.20258773280263354,83,84,36
continued,0.2170553223005534,83,84,37
continued,0.08039041289228065,83,84,38
continued,0.08657519264992598,83,84,39
continued,0.1492730088988624,83,84,40
continued,0.05387947470612332,83,84,41
continued,0.11160647567007331,83,84,42
continued,0.028590694871151665,83,84,43
continued,0.08252524085785405,83,84,44
continued,0.22674423679052222,83,84,45
continued,0.16515496974339752,83,84,46
continued,0.05133753881501941,83,84,47
continued,0.130036577664434,83,84,48
continued,0.06556897673937478,83,84,49
continued,0.08677672865073398,84,85,0
continued,0.14697530193748562,84,85,1
continued,0.1618526828157064,84,85,2
continued,0.1706650943898178,84,85,3
continued,-0.0058046591794889265,84,85,4
continued,0.1853353958484724,84,85,5
continued,0.0700638457008726,84,85,6
continued,0.07394878170969818,84,85,7
continued,0.08813710193099368,84,85,8
continued,0.10414945371958287,84,85,9
continued,0.17156600890003693,84,85,10
continued,0.06262334036798456,84,85,11
continued,0.05990281077267172,84,85,12
continued,0.1619481494645379,84,85,13
continued,0.1280135741891735,84,85,14
continued,0.19240831664029143,84,85,15
continued,0.19041637443830187,84,85,16
continued,0.09058958588128473,84,85,17
continued,0.08725569286335183,84,85,18
continued,0.14557704438317595,84,85,19
continued,0.1455402448731794,84,85,20
continued,0.08719258415547491,84,85,21
continued,0.17449748158742934,84,85,22
continued,0.05070954298753471,84,85,23
continued,0.09385493025937205,84,85,24
continued,-0.01601184498784701,84,85,25
continued,-0.019422578477178844,84,85,26
continued,0.1411353265741366,84,85,27
continued,0.16694312282281829,84,85,28
continued,0.06742091244149791,84,85,29
continued,0.06311269126747682,84,85,30
continued,-0.043969519678310934,84,85,31
continued,0.08298852118270776,84,85,32
continued,0.08235000159318587,84,85,33
continued,0.05176134127539481,84,85,34
continued,0.09710746269755696,84,85,35
continued,0.062465115301842414,84,85,36
continued,0.15996915678779985,84,85,37
continued,0.23780076447871226,84,85,38
continued,0.10189085745034208,84,85,39
continued,0.06374116970548682,84,85,40
continued,0.16826153827989357,84,85,41
continued,0.08446924401650183,84,85,42
continued,0.004238005287767245,84,85,43
continued,0.12229773139895339,84,85,44
continued,0.1323564773982883,84,85,45
continued,0.18480565418035466,84,85,46
continued,0.030709010697307422,84,85,47
continued,0.06647019728329796,84,85,48
continued,0.04549893267363463,84,85,49
continued,0.058069612484872433,85,86,0
continued,-0.010200405763170333,85,86,1
continued,0.08245804697576285,85,86,2
continued,0.1596065005528608,85,86,3
continued,0.20885752570496735,85,86,4
continued,0.155683851212961,85,86,5
continued,0.062096918370833816,85,86,6
continued,-0.02709925843768074,85,86,7
continued,0.18761537309406548,85,86,8
continued,0.12335604399251639,85,86,9
continued,0.1978115916653796,85,86,10
continued,0.11648779449508971,85,86,11
continued,0.07802398144572818,85,86,12
continued,0.0829850356261467,85,86,13
continued,0.1504133227524777,85,86,14
continued,-0.002892339109126596,85,86,15
continued,0.051332131881033,85,86,16
continued,0.1525078673698322,85,86,17
continued,0.09402507559938755,85,86,18
continued,0.03641472795774685,85,86,19
continued,0.07789743334799536,85,86,20
continued,0.09888228961673706,85,86,21
continued,0.10640643553867436,85,86,22
continued,0.053357450986863876,85,86,23
continued,0.07882076919113098,85,86,24
continued,0.10152356987523853,85,86,25
continued,0.09095461457745077,85,86,26
continued,0.1487816155107559,85,86,27
continued,0.13526183409388753,85,86,28
continued,0.10693680247336435,85,86,29
continued,0.21560349184902855,85,86,30
continued,0.10261916219152219,85,86,31
continued,0.15980977766390053,85,86,32
continued,0.1828602616589285,85,86,33
continued,0.055951808028795125,85,86,34
continued,0.11365698491737214,85,86,35
continued,0.17424410456158532,85,86,36
continued,0.13307852421960492,85,86,37
continued,0.17333079427468903,85,86,38
continued,0.13108310968481612,85,86,39
continued,0.10391395057515888,85,86,40
continued,0.1681669978040674,85,86,41
continued,0.14191482470907235,85,86,42
continued,0.017904145989500783,85,86,43
continued,0.1614177583203596,85,86,44
continued,-0.012621779284519961,85,86,45
continued,0.12393921708608555,85,86,46
continued,0.036445978985891726,85,86,47
continued,0.21124144793432675,85,86,48
continued,0.07347041841109785,85,86,49
continued,0.11786116498898276,86,87,0
continued,0.00392284038636345,86,87,1
continued,0.023613560196748307,86,87,2
continued,0.19303194897830572,86,87,3
continued,0.13051977725356972,86,87,4
continued,0.04262482319933995,86,87,5
continued,0.10304694497124678,86,87,6
continued,0.2462294572450115,86,87,7
continued,0.13414733831621944,86,87,8
continued,0.09295633086560583,86,87,9
continued,0.07939203305159881,86,87,10
continued,0.12981195960075856,86,87,11
continued,0.13145316065213553,86,87,12
continued,0.11466506677150354,86,87,13
continued,-0.016778280900410877,86,87,14
continued,0.14549316251989552,86,87,15
continued,0.09030497965874816,86,87,16
continued,0.034014790762721826,86,87,17
continued,0.07075633986747296,86,87,18
continued,0.06423356089520783,86,87,19
continued,0.08883394876412619,86,87,20
continued,0.0815124122874279,86,87,21
continued,0.08242167554719014,86,87,22
continued,-0.01624693857001348,86,87,23
continued,0.19695437768578267,86,87,24
continued,0.0554647671595926,86,87,25
continued,0.16307101581098998,86,87,26
continued,0.11590265314157687,86,87,27
continued,0.017494071974601576,86,87,28
continued,0.1189643364272043,86,87,29
continued,0.08713841343432066,86,87,30
continued,0.13172004762091208,86,87,31
continued,0.18088244500407027,86,87,32
continued,0.11779847973795905,86,87,33
continued,0.17878032213384032,86,87,34
continued,0.13872416616816552,86,87,35
continued,0.043644719249934266,86,87,36
continued,0.10981228112686119,86,87,37
continued,0.1224591584074711,86,87,38
continued,0.09193847541038905,86,87,39
continued,0.1757511665065851,86,87,40
continued,0.20055032714005944,86,87,41
continued,0.1899122418036419,86,87,42
continued,0.19681230992639182,86,87,43
continued,0.18722757304231594,86,87,44
continued,0.10394425470381466,86,87,45
continued,0.12754497385608374,86,87,46
continued,0.10276801874996816,86,87,47
continued,0.17312431202293146,86,87,48
continued,0.14268246549249275,86,87,49
continued,0.11434734075052945,87,88,0
continued,0.0004501562145934495,87,88,1
continued,0.07332246114051622,87,88,2
continued,0.1093657185641693,87,88,3
continued,0.024205177639720587,87,88,4
continued,0.03779019452412355,87,88,5
continued,0.06515553369450469,87,88,6
continued,0.100795788312893,87,88,7
continued,0.08475485897594015,87,88,8
continued,0.10698771723100257,87,88,9
continued,0.15736754322896368,87,88,10
continued,0.15279301390713698,87,88,11
continued,0.023652665957993937,87,88,12
continued,0.05767630178363943,87,88,13
continued,-0.005397428889530463,87,88,14
continued,0.08346768618786095,87,88,15
continued,0.12884986725306577,87,88,16
continued,0.13720575388166678,87,88,17
continued,0.09530888478209856,87,88,18
continued,0.16048993368113196,87,88,19
continued,0.10932875978776821,87,88,20
continued,0.12736718782777565,87,88,21
continued,0.08113884047154739,87,88,22
continued,0.06334203575623601,87,88,23
continued,0.12057167238538494,87,88,24
continued,0.1480662284639486,87,88,25
continued,0.14990102423232873,87,88,26
continued,0.1443373801714522,87,88,27
continued,0.14419273210918251,87,88,28
continued,0.11078110204879094,87,88,29
continued,0.1099634710069779,87,88,30
continued,0.04418167516414803,87,88,31
continued,0.12478248619502576,87,88,32
continued,0.03859998229455263,87,88,33
continued,-0.0461297843014085,87,88,34
continued,0.07257030651023184,87,88,35
continued,0.12735912995942428,87,88,36
continued,0.14928639759098322,87,88,37
continued,0.07467647483956798,87,88,38
continued,0.16260599393579753,87,88,39
continued,0.04655084747138282,87,88,40
continued,0.06341787231130677,87,88,41
continued,0.1837193119949012,87,88,42
continued,0.13110323369944393,87,88,43
continued,0.07687132783895492,87,88,44
continued,0.09961160746480317,87,88,45
continued,0.22015975575642582,87,88,46
continued,0.16510124386262806,87,88,47
continued,0.06650732144616951,87,88,48
continued,-0.013239350702309218,87,88,49
continued,0.14813829973322182,88,89,0
continued,0.13561092610646153,88,89,1
continued,0.12413669298641701,88,89,2
continued,0.18631541023049517,88,89,3
continued,0.12283136444522114,88,89,4
continued,0.046991656640444184,88,89,5
continued,0.01837687737423673,88,89,6
continued,0.11184301568471613,88,89,7
continued,0.0010570092492803715,88,89,8
continued,0.12959219801198904,88,89,9
continued,0.23661247023238938,88,89,10
continued,0.14570237283122253,88,89,11
continued,0.06452497011474725,88,89,12
continued,0.11099053332422715,88,89,13
continued,0.16146168300533342,88,89,14
continued,-0.005929318834275043,88,89,15
continued,0.1811063871824459,88,89,16
continued,0.029619447049051922,88,89,17
continued,0.11460837081205089,88,89,18
continued,0.055106806576994634,88,89,19
continued,0.16763277825319017,88,89,20
continued,0.08975965044510897,88,89,21
continued,0.005060048879499578,88,89,22
continued,0.10642684437621588,88,89,23
continued,-0.01676173270930368,88,89,24
continued,0.16766590509831944,88,89,25
continued,0.05742480993278908,88,89,26
continued,0.11450973616007369,88,89,27
continued,0.048221861323562,88,89,28
continued,0.10118087804241531,88,89,29
continued,0.1117604318015405,88,89,30
continued,0.16489763943373323,88,89,31
continued,0.08763392964803106,88,89,32
continued,0.15123631950922273,88,89,33
continued,0.048472272628298736,88,89,34
continued,0.14903226824088792,88,89,35
continued,0.07812737183973932,88,89,36
continued,0.14511124792088634,88,89,37
continued,0.026002553972877714,88,89,38
continued,0.05682356770093962,88,89,39
continued,0.03561364873112975,88,89,40
continued,0.1258614153282263,88,89,41
continued,-0.0250807961251687,88,89,42
continued,0.12207493901958634,88,89,43
continued,0.03633047231581743,88,89,44
continued,0.06299154319904511,88,89,45
continued,0.15632914723185753,88,89,46
continued,0.10976970214092242,88,89,47
continued,0.15312903719548823,88,89,48
continued,-0.012879277283743084,88,89,49
continued,-0.022163590165390108,89,90,0
continued,0.0791908156156726,89,90,1
continued,0.12221543414013246,89,90,2
continued,0.15165090619660285,89,90,3
continued,0.04742816429460019,89,90,4
continued,0.1324142730204118,89,90,5
continued,0.12323151506351433,89,90,6
continued,0.05079520658090032,89,90,7
continued,0.04557645167159746,89,90,8
continued,0.13028483083611458,89,90,9
continued,0.20441557706104474,89,90,10
continued,0.09651885047475339,89,90,11
continued,0.04771646431004306,89,90,12
continued,0.1364028427832925,89,90,13
continued,0.09522835455647828,89,90,14
continued,0.14033972616299809,89,90,15
continued,0.21466024389158972,89,90,16
continued,0.19208253298546699,89,90,17
continued,0.01806706439546498,89,90,18
continued,0.12781108475086067,89,90,19
continued,0.14835887228217107,89,90,20
continued,0.14834457255086242,89,90,21
continued,0.08629675878586779,89,90,22
continued,0.013139882966398383,89,90,23
continued,0.09175936193416816,89,90,24
continued,0.09643066507439949,89,90,25
continued,-0.010952382776940668,89,90,26
continued,0.1158392891471419,89,90,27
continued,0.08059334247126854,89,90,28
continued,-0.04952663367811857,89,90,29
continued,0.16146416170537603,89,90,30
continued,0.05449759159028398,89,90,31
continued,0.06876691802125767,89,90,32
continued,0.08874706210381064,89,90,33
continued,0.20124399384468325,89,90,34
continued,0.08423609972444403,89,90,35
continued,0.16272871304818531,89,90,36
continued,0.1390324863276695,89,90,37
continued,0.14356965088234386,89,90,38
continued,0.09858440886611304,89,90,39
continued,0.10959787564443207,89,90,40
continued,0.05007758709865634,89,90,41
continued,0.07047535571398451,89,90,42
continued,-0.14295074979306108,89,90,43
continued,0.12449691053144543,89,90,44
continued,0.09964417145121209,89,90,45
continued,0.047133696026929454,89,90,46
continued,0.1604963934242674,89,90,47
continued,0.11288905349392257,89,90,48
continued,0.011701768065592259,89,90,49
continued,0.07007634462995578,90,91,0
continued,0.07620583694522591,90,91,1
continued,0.16617075478034135,90,91,2
continued,0.02637371934267525,90,91,3
continued,0.13402976702588626,90,91,4
continued,0.05388553270578986,90,91,5
continued,0.11842688868584336,90,91,6
continued,0.20062617459721316,90,91,7
continued,0.11587274503177915,90,91,8
continued,0.15437051777687352,90,91,9
continued,0.162603446821191,90,91,10
continued,0.09038282622879587,90,91,11
continued,0.12556850778990808,90,91,12
continued,0.1103267346916214,90,91,13
continued,0.08520341464155225,90,91,14
continued,0.06518082601351347,90,91,15
continued,0.0704335617679198,90,91,16
continued,0.22043583116648566,90,91,17
continued,0.06884347417780966,90,91,18
continued,0.2100843507776569,90,91,19
continued,0.1404906018972008,90,91,20
continued,0.11932649733213492,90,91,21
continued,0.09550382116476204,90,91,22
continued,0.16413413754898407,90,91,23
continued,0.08552001451489685,90,91,24
continued,0.11732406401360165,90,91,25
continued,0.20543293243027227,90,91,26
continued,0.1558706850293436,90,91,27
continued,0.15316752596612349,90,91,28
continued,0.16434718181993963,90,91,29
continued,0.02308400143130967,90,91,30
continued,0.08112901568404374,90,91,31
continued,0.0738899925308144,90,91,32
continued,0.13076983377297965,90,91,33
continued,0.10284754096963089,90,91,34
continued,0.04462493847113721,90,91,35
continued,0.1394291753544944,90,91,36
continued,0.07207367617307736,90,91,37
continued,0.21248701331154188,90,91,38
continued,0.10406849676830143,90,91,39
continued,0.14028010842240515,90,91,40
continued,0.17345026680633918,90,91,41
continued,-0.02189597657769338,90,91,42
continued,0.05084943145936979,90,91,43
continued,0.12652018181217511,90,91,44
continued,0.045816614141052495,90,91,45
continued,0.1220706526710331,90,91,46
continued,0.20021791336720246,90,91,47
continued,0.008545228667150049,90,91,48
continued,0.1441393831769218,90,91,49
continued,0.046835745259304416,91,92,0
continued,0.09887335114907791,91,92,1
continued,0.13876933727097307,91,92,2
continued,0.1895856595706064,91,92,3
continued,0.20167125521413262,91,92,4
continued,0.08656123116998778,91,92,5
continued,0.11127527363579104,91,92,6
continued,0.2469075646591337,91,92,7
continued,0.18140565466624695,91,92,8
continued,0.15525421888650376,91,92,9
continued,0.1795680146641511,91,92,10
continued,0.11125483363943821,91,92,11
continued,0.05379540365180325,91,92,12
continued,0.02500265133255797,91,92,13
continued,0.14734865996091645,91,92,14
continued,0.039610162601156164,91,92,15
continued,0.13320788959128224,91,92,16
continued,0.17825016642170952,91,92,17
continued,0.0484959690859628,91,92,18
continued,0.19009626811459418,91,92,19
continued,0.07251714396392954,91,92,20
continued,0.19263719337150922,91,92,21
continued,0.00642068562365579,91,92,22
continued,0.012971757932662047,91,92,23
continued,0.096138352249442,91,92,24
continued,0.1213276605740244,91,92,25
continued,0.030139727436105018,91,92,26
continued,0.086612181469236,91,92,27
continued,0.05775469663882776,91,92,28
continued,0.15643249717702262,91,92,29
continued,0.009609422703665892,91,92,30
continued,0.16132266567750506,91,92,31
continued,0.17366426913430946,91,92,32
continued,0.1373143725030626,91,92,33
continued,0.06084621188272664,91,92,34
continued,0.09055428496319896,91,92,35
continued,0.18448849748991208,91,92,36
continued,0.14727887597635256,91,92,37
continued,0.16144723386266638,91,92,38
continued,0.11274789735164506,91,92,39
continued,0.24157918078956325,91,92,40
continued,0.09733988565852032,91,92,41
continued,0.1645898046782412,91,92,42
continued,0.13179785036297118,91,92,43
continued,0.0037404815379323956,91,92,44
continued,0.20169480263695105,91,92,45
continued,0.13431304256716978,91,92,46
continued,0.0636276537218014,91,92,47
continued,0.08783710561518154,91,92,48
continued,0.02943156425097018,91,92,49
continued,0.040698788398710654,92,93,0
continued,0.16438463699391032,92,93,1
continued,0.02790943678699016,92,93,2
continued,0.10327413338670484,92,93,3
continued,0.1319276596800574,92,93,4
continued,0.1719755538244976,92,93,5
continued,0.20096459205137454,92,93,6
continued,0.14816902899843545,92,93,7
continued,0.09105765285693851,92,93,8
continued,0.06998730449472013,92,93,9
continued,0.10054557894248888,92,93,10
continued,0.06697480539601011,92,93,11
continued,0.043932697659782714,92,93,12
continued,0.04303311613215807,92,93,13
continued,0.11448012315175832,92,93,14
continued,0.12748593617980492,92,93,15
continued,0.1277724204819199,92,93,16
continued,0.1083746695630118,92,93,17
continued,0.14293676103252229,92,93,18
continued,0.14726804882240968,92,93,19
continued,0.08969777077926448,92,93,20
continued,0.2723580316005435,92,93,21
continued,0.06849489481923171,92,93,22
continued,0.014998251171351517,92,93,23
continued,0.11352487425615511,92,93,24
continued,0.12683923481107812,92,93,25
continued,0.1312820827788476,92,93,26
continued,0.10671001727548153,92,93,27
continued,0.1099964756001776,92,93,28
continued,0.18734764090935954,92,93,29
continued,0.15917529583189333,92,93,30
continued,0.06365604968368667,92,93,31
continued,0.09304974336987444,92,93,32
continued,0.08691652189881108,92,93,33
continued,0.07854123072803076,92,93,34
continued,0.11590349412970366,92,93,35
continued,0.0597613460055085,92,93,36
continued,0.11333521507001604,92,93,37
continued,0.012312376449320817,92,93,38
continued,0.07922704377204912,92,93,39
continued,0.20641575229900946,92,93,40
continued,0.1732148372989057,92,93,41
continued,0.08333934606484093,92,93,42
continued,0.13418874408477377,92,93,43
continued,0.17604965293216704,92,93,44
continued,0.200115853980742,92,93,45
continued,0.12134489837042771,92,93,46
continued,0.14191978151341758,92,93,47
continued,0.17623891572017794,92,93,48
continued,0.09449316806147359,92,93,49
continued,0.05504654039750213,93,94,0
continued,0.1894646474649278,93,94,1
continued,0.11937347483041198,93,94,2
continued,0.1427930230642896,93,94,3
continued,0.03441656033480781,93,94,4
continued,0.19829776079329328,93,94,5
continued,0.1829906590949696,93,94,6
continued,0.06413982084370723,93,94,7
continued,0.18592331032285486,93,94,8
continued,0.11287494923451809,93,94,9
continued,0.017623066653472467,93,94,10
continued,0.09983524463752828,93,94,11
continued,0.07982183641948266,93,94,12
continued,0.0388159745583277,93,94,13
continued,0.12903716691572287,93,94,14
continued,0.12306118508411426,93,94,15
continued,0.1516514341280127,93,94,16
continued,0.08850327728128456,93,94,17
continued,0.07331795761416933,93,94,18
continued,0.07899982186136328,93,94,19
continued,0.04211492987875455,93,94,20
continued,0.14948079684658397,93,94,21
continued,0.13516102536888636,93,94,22
continued,0.08371359401973315,93,94,23
continued,0.08118262289063484,93,94,24
continued,0.0793313723780346,93,94,25
continued,0.16595656621146096,93,94,26
continued,0.09734777720903384,93,94,27
continued,0.08195492664089796,93,94,28
continued,0.08857763101519801,93,94,29
continued,0.06121749464467452,93,94,30
continued,0.12828723986731375,93,94,31
continued,0.1146456504533069,93,94,32
continued,0.17456284058906585,93,94,33
continued,0.12340591599962167,93,94,34
continued,0.12032734469894718,93,94,35
continued,0.16307213293810555,93,94,36
continued,0.04125420527747781,93,94,37
continued,-0.0010055862600646833,93,94,38
continued,0.15700402700438937,93,94,39
continued,0.21458430826448774,93,94,40
continued,0.16964659051458908,93,94,41
continued,0.10476323463529641,93,94,42
continued,0.017536475601159927,93,94,43
continued,0.17550341999136157,93,94,44
continued,0.2339736954562033,93,94,45
continued,0.11417891010629663,93,94,46
continued,0.11862866984498856,93,94,47
continued,0.07270341188343085,93,94,48
continued,0.17021568572718396,93,94,49
continued,0.05340531229242274,94,95,0
continued,0.1764572185848209,94,95,1
continued,0.11581639160391906,94,95,2
continued,0.0781338466390992,94,95,3
continued,0.13083895657674094,94,95,4
continued,0.1255245533368322,94,95,5
continued,0.054993880059517705,94,95,6
continued,0.09666889863652457,94,95,7
continued,0.1488001910114136,94,95,8
continued,0.17024153433451386,94,95,9
continued,0.10761331520939826,94,95,10
continued,0.09316136589918152,94,95,11
continued,0.035987565966706145,94,95,12
continued,-0.03179271855444399,94,95,13
continued,0.03685500964290684,94,95,14
continued,0.1594758742991619,94,95,15
continued,0.10167809251269457,94,95,16
continued,0.014308527166490802,94,95,17
continued,0.047132450390935804,94,95,18
continued,0.09207788406468839,94,95,19
continued,0.10198643902051872,94,95,20
continued,0.18282776295201764,94,95,21
continued,0.08154482220308638,94,95,22
continued,0.1363189198148003,94,95,23
continued,0.12151327065989594,94,95,24
continued,0.15031568473867668,94,95,25
continued,0.14888496050226507,94,95,26
continued,0.1100269983110107,94,95,27
continued,0.0583475369007271,94,95,28
continued,0.17052916622834335,94,95,29
continued,0.0575342878291847,94,95,30
continued,0.010111232260874807,94,95,31
continued,0.1638865308625513,94,95,32
continued,0.12989223472322997,94,95,33
continued,0.015657369792629463,94,95,34
continued,0.208771853369676,94,95,35
continued,0.24170187918216182,94,95,36
continued,0.1110268064990692,94,95,37
continued,0.02345017710707743,94,95,38
continued,0.14076202298828389,94,95,39
continued,0.0949722292403388,94,95,40
continued,0.11139007451752798,94,95,41
continued,0.11695600568192761,94,95,42
continued,0.16507731772576173,94,95,43
continued,0.15008658039319817,94,95,44
continued,0.14396296826499577,94,95,45
continued,0.06808993466923718,94,95,46
continued,0.05438483786298407,94,95,47
continued,0.1232645294398679,94,95,48
continued,0.08351667543348303,94,95,49
continued,0.14039559856519646,95,96,0
continued,0.0575253195285294,95,96,1
continued,-0.02355625873269504,95,96,2
continued,0.08933742388456074,95,96,3
continued,0.14759797586409454,95,96,4
continued,-0.0037356707297335635,95,96,5
continued,0.11047164808575269,95,96,6
continued,0.22665146979316644,95,96,7
continued,0.07672323668584474,95,96,8
continued,0.09562919545858517,95,96,9
continued,0.1961525226582684,95,96,10
continued,0.1409859475640323,95,96,11
continued,0.09426699504554596,95,96,12
continued,0.10350701372051328,95,96,13
continued,0.027901073257113888,95,96,14
continued,0.16854393554645403,95,96,15
continued,0.10717142111134512,95,96,16
continued,0.08254785687836319,95,96,17
continued,0.02204740947435848,95,96,18
continued,0.11953351657880947,95,96,19
continued,0.03457462990559839,95,96,20
continued,0.2181470251001948,95,96,21
continued,0.09732164738339671,95,96,22
continued,0.09424225621461925,95,96,23
continued,0.10078457019283009,95,96,24
continued,0.09464451676655038,95,96,25
continued,3.9013613235513436e-05,95,96,26
continued,-0.08603576011952496,95,96,27
continued,0.12586160248468511,95,96,28
continued,0.09314469469419027,95,96,29
continued,0.1288934872850802,95,96,30
continued,0.16227114453048003,95,96,31
continued,0.09708196418615506,95,96,32
continued,0.06936122262035616,95,96,33
continued,0.07575972740941242,95,96,34
continued,0.09102061237654104,95,96,35
continued,0.21576698706358383,95,96,36
continued,0.10162480362514607,95,96,37
continued,0.10575125637784251,95,96,38
continued,0.01627415876426219,95,96,39
continued,0.1555120016528119,95,96,40
continued,0.06651246915885738,95,96,41
continued,0.10881841545959949,95,96,42
continued,0.06416294842008602,95,96,43
continued,0.09017340570432342,95,96,44
continued,0.043467781262134284,95,96,45
continued,0.10298589555911711,95,96,46
continued,-0.00680494532474305,95,96,47
continued,0.06919112752821543,95,96,48
continued,0.054161622033379035,95,96,49
continued,0.10881798047653829,96,97,0
continued,0.08161586754898023,96,97,1
continued,0.1352871969613377,96,97,2
continued,0.003926758572869275,96,97,3
continued,0.15113432955884767,96,97,4
continued,0.13953572394146793,96,97,5
continued,0.1522487413150665,96,97,6
continued,0.09412832003375572,96,97,7
continued,0.15069556325698671,96,97,8
continued,0.07302517170794032,96,97,9
continued,0.029909920545153835,96,97,10
continued,0.015031282205714286,96,97,11
continued,0.11658965147555944,96,97,12
continued,0.14874729102325684,96,97,13
continued,0.09328356493171261,96,97,14
continued,0.18238634360184527,96,97,15
continued,0.08190223870336287,96,97,16
continued,0.15876276578287926,96,97,17
continued,0.14004112195321577,96,97,18
continued,0.1895062108011485,96,97,19
continued,0.03582739656606632,96,97,20
continued,0.0592708882168331,96,97,21
continued,0.18886370821401047,96,97,22
continued,0.09648052789083442,96,97,23
continued,0.12930643507283326,96,97,24
continued,0.11039604015366342,96,97,25
continued,0.06226883493931689,96,97,26
continued,0.1383995290126478,96,97,27
continued,0.03243138986510771,96,97,28
continued,0.07679603478231477,96,97,29
continued,0.1292811786825602,96,97,30
continued,0.053744557608660704,96,97,31
continued,0.18172840427583548,96,97,32
continued,0.14006484748054707,96,97,33
continued,0.06316562015115844,96,97,34
continued,0.17306639153125147,96,97,35
continued,0.2396378146889001,96,97,36
continued,0.15137423741173164,96,97,37
continued,0.11348158276116592,96,97,38
continued,0.15188584606494582,96,97,39
continued,0.10884462752474706,96,97,40
continued,0.07258310615470616,96,97,41
continued,0.17288796192570685,96,97,42
continued,0.15141651670384118,96,97,43
continued,0.1716169912108326,96,97,44
continued,0.06499139320757365,96,97,45
continued,-0.0013494539744316023,96,97,46
continued,0.0453470955653399,96,97,47
continued,0.0033509544140148447,96,97,48
continued,0.13643158114257514,96,97,49
continued,0.21708773061358458,97,98,0
continued,0.13381049386291663,97,98,1
continued,0.11517878496578456,97,98,2
continued,0.16182554938172,97,98,3
continued,0.149421685447724,97,98,4
continued,0.31420993167700656,97,98,5
continued,0.21889306111963197,97,98,6
continued,0.14814383470068554,97,98,7
continued,0.19451161851220333,97,98,8
continued,0.2697418266700907,97,98,9
continued,0.023512420670418605,97,98,10
continued,-0.0505835708384482,97,98,11
continued,0.23244112057217356,97,98,12
continued,0.11905338868505765,97,98,13
continued,-0.056207561259481405,97,98,14
continued,0.1193038117399568,97,98,15
continued,0.19922546746705944,97,98,16
continued,0.22222803897341264,97,98,17
continued,0.12055335046064679,97,98,18
continued,0.012934905563494623,97,98,19
continued,0.06894943972778397,97,98,20
continued,-0.015963779300023465,97,98,21
continued,0.17648613485788792,97,98,22
continued,0.009822017618961983,97,98,23
continued,0.1439740831512612,97,98,24
continued,0.12390172690597459,97,98,25
continued,0.08749484454453543,97,98,26
continued,0.1741195825538086,97,98,27
continued,0.06515874213718276,97,98,28
continued,0.10732271975260865,97,98,29
continued,0.10049458086620326,97,98,30
continued,0.0465453146554987,97,98,31
continued,0.007316028498044467,97,98,32
continued,0.06902682445256103,97,98,33
continued,0.10144186550421429,97,98,34
continued,0.06698291639345408,97,98,35
continued,0.2496180179250049,97,98,36
continued,0.11852062231768326,97,98,37
continued,0.2054609185432225,97,98,38
continued,-0.005650574648300696,97,98,39
continued,0.016264389348568737,97,98,40
continued,0.19672293537456645,97,98,41
continued,0.12666535852422764,97,98,42
continued,0.03169104212147147,97,98,43
continued,0.013401876752484419,97,98,44
continued,0.0403064822620797,97,98,45
continued,0.14774259451358657,97,98,46
continued,0.12732375287538433,97,98,47
continued,0.03287033775521241,97,98,48
continued,0.1789011313046915,97,98,49
continued,0.08932920815474328,98,99,0
continued,0.09788782698058933,98,99,1
continued,0.05167045541305091,98,99,2
continued,0.08150047730828182,98,99,3
continued,0.027709827264748667,98,99,4
continued,0.07399654476168262,98,99,5
continued,-0.008964105088482747,98,99,6
continued,0.08491140351741959,98,99,7
continued,0.1560629205185109,98,99,8
continued,0.10829471385414755,98,99,9
continued,0.03738240878738739,98,99,10
continued,0.13067250089144095,98,99,11
continued,0.13164615843851554,98,99,12
continued,0.08733288828724696,98,99,13
continued,0.11704211192918296,98,99,14
continued,0.06943214941450226,98,99,15
continued,0.13038335106995855,98,99,16
continued,0.23484753672914985,98,99,17
continued,0.10296300025682462,98,99,18
continued,0.08876514904896508,98,99,19
continued,0.012758488858182804,98,99,20
continued,0.05443803825310643,98,99,21
continued,0.17819571256654476,98,99,22
continued,0.10553148803624672,98,99,23
continued,0.11976800235138015,98,99,24
continued,0.01491069844122291,98,99,25
continued,0.12004441182115837,98,99,26
continued,0.1424809695028065,98,99,27
continued,0.20276426345547233,98,99,28
continued,0.1379912573445569,98,99,29
continued,0.17411330347895723,98,99,30
continued,0.0817313280636816,98,99,31
continued,0.08597755453907255,98,99,32
continued,0.041318293887919945,98,99,33
continued,0.07786508357906438,98,99,34
continued,0.08289806396370838,98,99,35
continued,0.1140564973792491,98,99,36
continued,0.1391617680511282,98,99,37
continued,0.1559290670974187,98,99,38
continued,0.05036795645740915,98,99,39
continued,0.11009153285077465,98,99,40
continued,0.012787204756302732,98,99,41
continued,0.06930621107416972,98,99,42
continued,0.06420906540293916,98,99,43
continued,0.1253627895380496,98,99,44
continued,0.07917453466274357,98,99,45
continued,0.0706942343541991,98,99,46
continued,0.12608219234761334,98,99,47
continued,0.1490529001300445,98,99,48
continued,0.10185485632288914,98,99,49
continued,0.1039525953050746,99,100,0
continued,0.050413955057367885,99,100,1
continued,0.17310597941946068,99,100,2
continued,0.17074991964630876,99,100,3
continued,-0.010951494361176666,99,100,4
continued,0.10074545424418709,99,100,5
continued,0.07264024713384334,99,100,6
continued,0.09783691342084315,99,100,7
continued,0.08995693333628307,99,100,8
continued,0.10219003364533852,99,100,9
continued,-0.030846664086236045,99,100,10
continued,0.1879385706149272,99,100,11
continued,0.0652955803431493,99,100,12
continued,0.08303193692673483,99,100,13
continued,0.14545090961900814,99,100,14
continued,0.14250244148098354,99,100,15
continued,0.09307512690694213,99,100,16
continued,-0.034470143469030476,99,100,17
continued,0.08627502237831378,99,100,18
continued,0.12417907409595451,99,100,19
continued,0.12671850557011666,99,100,20
continued,0.14214482307556772,99,100,21
continued,0.11508930797524979,99,100,22
continued,0.12368758040015232,99,100,23
continued,0.1608237171864965,99,100,24
continued,0.03463636744082034,99,100,25
continued,0.20689722507401206,99,100,26
continued,0.08857667480242322,99,100,27
continued,0.040595096752457704,99,100,28
continued,0.07408815369032581,99,100,29
continued,0.024841103417247178,99,100,30
continued,0.10641740563177761,99,100,31
continued,0.09329748691410442,99,100,32
continued,0.15588145965114888,99,100,33
continued,0.016635792003809574,99,100,34
continued,0.20121703231324758,99,100,35
continued,0.1504671410924637,99,100,36
continued,0.20349793533996366,99,100,37
continued,0.09001841315368476,99,100,38
continued,0.1933722137446292,99,100,39
continued,0.12949395384212645,99,100,40
continued,0.08724542672734818,99,100,41
continued,0.04323165045711905,99,100,42
continued,0.13886604681250447,99,100,43
continued,0.08516963152378185,99,100,44
continued,-0.00027650211955200683,99,100,45
continued,0.22724644275430933,99,100,46
continued,0.08128031251428547,99,100,47
continued,0.18150222703780505,99,100,48
continued,-0.03743650150567325,99,100,49
continued,0.10488064732985998,100,101,0
continued,0.13080666600411858,100,101,1
continued,0.19766121187496458,100,101,2
continued,0.012995531233186785,100,101,3
continued,0.15936956400196187,100,101,4
continued,0.08539821032486314,100,101,5
continued,0.1477897695470434,100,101,6
continued,0.295167488714656,100,101,7
continued,0.11551418727381627,100,101,8
continued,0.1650491004585742,100,101,9
continued,0.1204172381282998,100,101,10
continued,0.18794028176385566,100,101,11
continued,0.1464251122149949,100,101,12
continued,0.009236192128866269,100,101,13
continued,0.11995433831743475,100,101,14
continued,0.07799724442813762,100,101,15
continued,0.15350204283092328,100,101,16
continued,0.0854895219216032,100,101,17
continued,0.10874808091850396,100,101,18
continued,0.046771332626686805,100,101,19
continued,0.09843333808527871,100,101,20
continued,0.0918550012203706,100,101,21
continued,0.14250238573587232,100,101,22
continued,0.1406091269267732,100,101,23
continued,0.06248603138344716,100,101,24
continued,0.05789821518458117,100,101,25
continued,0.09073920275544275,100,101,26
continued,0.0892535511193444,100,101,27
continued,0.061664554259995966,100,101,28
continued,0.11734630642069718,100,101,29
continued,0.07695025276159194,100,101,30
continued,0.1705487320489911,100,101,31
continued,0.15567794805896834,100,101,32
continued,0.19804626456372185,100,101,33
continued,0.032289811405395864,100,101,34
continued,0.07268285078967773,100,101,35
continued,0.11209891928929562,100,101,36
continued,0.25591841933243226,100,101,37
continued,0.07413610207689743,100,101,38
continued,0.03228200060798611,100,101,39
continued,0.11605789612893323,100,101,40
continued,0.012398897694202389,100,101,41
continued,0.03687029584920927,100,101,42
continued,0.1091991373464678,100,101,43
continued,0.20088212333177247,100,101,44
continued,0.14045704516012789,100,101,45
continued,0.06400923085955469,100,101,46
continued,0.11270355279961163,100,101,47
continued,0.07934573951693913,100,101,48
continued,0.06619204170145826,100,101,49
continued,0.21609683865629786,101,102,0
continued,0.17480078032985985,101,102,1
continued,0.12427306229621697,101,102,2
continued,0.12581482805840874,101,102,3
continued,0.07301431855402746,101,102,4
continued,0.1710579383298834,101,102,5
continued,0.13733423122627347,101,102,6
continued,0.12599689732674937,101,102,7
continued,0.06033683808315511,101,102,8
continued,0.0839900130593868,101,102,9
continued,0.11595844854219461,101,102,10
continued,0.09853505533717474,101,102,11
continued,0.09699029422768468,101,102,12
continued,0.028853241359024596,101,102,13
continued,0.15156280427402252,101,102,14
continued,0.177095461025095,101,102,15
continued,0.10903954223301096,101,102,16
continued,0.14950608753446948,101,102,17
continued,0.15001774065481616,101,102,18
continued,0.12901568372333233,101,102,19
continued,0.15231154856105442,101,102,20
continued,0.1940240508403256,101,102,21
continued,0.08732064403759161,101,102,22
continued,0.10154526090780318,101,102,23
continued,0.10679659018707405,101,102,24
continued,0.14863376068461573,101,102,25
continued,0.08027440620251533,101,102,26
continued,0.07067755554907888,101,102,27
continued,0.19421117124476292,101,102,28
continued,0.10349836829447058,101,102,29
continued,0.10125533428054512,101,102,30
continued,0.08136187070400895,101,102,31
continued,0.10109429767832227,101,102,32
continued,0.003733914311669323,101,102,33
continued,0.04539842189640809,101,102,34
continued,0.022034822534790558,101,102,35
continued,0.14815826192720744,101,102,36
continued,0.19612580682989778,101,102,37
continued,0.17435640288865004,101,102,38
continued,0.06750925677924087,101,102,39
continued,0.10200951650037815,101,102,40
continued,0.04887230226767422,101,102,41
continued,0.14496940259562213,101,102,42
continued,-0.04617684020642217,101,102,43
continued,0.18142971176019293,101,102,44
continued,0.10371880910851683,101,102,45
continued,0.17535121106023022,101,102,46
continued,0.09511218883940298,101,102,47
continued,0.14064816478283676,101,102,48
continued,0.10867308655091207,101,102,49
continued,0.19747883119410584,102,103,0
continued,0.08517293189518628,102,103,1
continued,0.13266554952674778,102,103,2
continued,0.050785331001480125,102,103,3
continued,0.02074941166435073,102,103,4
continued,0.0923094922851738,102,103,5
continued,0.10967839293387642,102,103,6
continued,0.05802297774150668,102,103,7
continued,0.06443935958174096,102,103,8
continued,0.1233059574371615,102,103,9
continued,0.0787672420652724,102,103,10
continued,0.1299972541057603,102,103,11
continued,0.1003434097518542,102,103,12
continued,0.06647012834876656,102,103,13
continued,0.15960618471897284,102,103,14
continued,0.02957445054190271,102,103,15
continued,0.027960582035760753,102,103,16
continued,0.0943147177942911,102,103,17
continued,0.06429923540426472,102,103,18
continued,0.17415728816105425,102,103,19
continued,0.1765721283399941,102,103,20
continued,0.1049235216960996,102,103,21
continued,0.17228517513779248,102,103,22
continued,0.08649263925824491,102,103,23
continued,-0.0022948567471355757,102,103,24
continued,0.1310010228989482,102,103,25
continued,0.1610933045764617,102,103,26
continued,0.23023113134194625,102,103,27
continued,0.03557570305019874,102,103,28
continued,0.20818862667494004,102,103,29
continued,0.16776265158970344,102,103,30
continued,0.22742184849164543,102,103,31
continued,0.11755567606467596,102,103,32
continued,0.14224440202050925,102,103,33
continued,0.09839011408970846,102,103,34
continued,-0.00990644311732333,102,103,35
continued,0.09864457667523924,102,103,36
continued,0.13062293977053988,102,103,37
continued,0.1363050131226148,102,103,38
continued,0.13090829412093075,102,103,39
continued,0.0761440688004958,102,103,40
continued,0.15604071323585963,102,103,41
continued,0.03246388827507884,102,103,42
continued,0.03216540788286279,102,103,43
continued,0.07942024372250016,102,103,44
continued,0.17226419936403384,102,103,45
continued,0.14149743242504953,102,103,46
continued,0.05779083503662249,102,103,47
continued,0.11486581304781648,102,103,48
continued,0.11442841905302277,102,103,49
continued,0.30100534463664735,103,104,0
continued,0.048210436230272616,103,104,1
continued,0.04447507205849975,103,104,2
continued,0.004197337810341986,103,104,3
continued,0.1907595369884987,103,104,4
continued,0.08498323107883585,103,104,5
continued,0.12418677038095347,103,104,6
continued,0.10164970872128562,103,104,7
continued,0.031088223572473015,103,104,8
continued,-0.05432657903301012,103,104,9
continued,0.12429309567859534,103,104,10
continued,0.06795651653814479,103,104,11
continued,0.12949451164049294,103,104,12
continued,0.08054218185328278,103,104,13
continued,0.10132617247750406,103,104,14
continued,0.14831139307800967,103,104,15
continued,0.0850570151448552,103,104,16
continued,0.10767565012015923,103,104,17
continued,0.10569434755855502,103,104,18
continued,0.03176287246950576,103,104,19
continued,0.007844031857732471,103,104,20
continued,0.05289042181093499,103,104,21
continued,0.014376781691027407,103,104,22
continued,0.07320718535211225,103,104,23
continued,0.16412999920517424,103,104,24
continued,0.10261889607570458,103,104,25
continued,0.16623586015323025,103,104,26
continued,0.07987806590384858,103,104,27
continued,0.22573883223549696,103,104,28
continued,0.13035141757426438,103,104,29
continued,0.06220416766070169,103,104,30
continued,0.08755149719320511,103,104,31
continued,0.06601914912919625,103,104,32
continued,0.11644911221820758,103,104,33
continued,0.15180893034936407,103,104,34
continued,0.05606337384877088,103,104,35
continued,0.1918257652178785,103,104,36
continued,0.09530572955256918,103,104,37
continued,0.1830959827733288,103,104,38
continued,0.10274008625224755,103,104,39
continued,0.10625103280927659,103,104,40
continued,0.003322550189745946,103,104,41
continued,0.12448446517092297,103,104,42
continued,0.030177003897705144,103,104,43
continued,0.037594739799673836,103,104,44
continued,0.15965955912996888,103,104,45
continued,0.060994228900484414,103,104,46
continued,0.1818057949229284,103,104,47
continued,0.031673101424251206,103,104,48
continued,0.13428926985277936,103,104,49
continued,0.13205652193769551,104,105,0
continued,0.044034449484013936,104,105,1
continued,0.16982285191032065,104,105,2
continued,0.192513373266887,104,105,3
continued,0.15439744229650465,104,105,4
continued,0.06800534904692154,104,105,5
continued,0.25745403925823385,104,105,6
continued,0.12144725515306935,104,105,7
continued,0.047040320485354586,104,105,8
continued,0.09098690342434887,104,105,9
continued,0.10413150168228931,104,105,10
continued,0.07991190437501516,104,105,11
continued,0.10876290151799489,104,105,12
continued,0.10221444938148874,104,105,13
continued,0.1887287497660696,104,105,14
continued,0.08918350128504396,104,105,15
continued,0.07726426399487614,104,105,16
continued,0.06384855530250057,104,105,17
continued,0.10357086996342348,104,105,18
continued,0.19778930896748362,104,105,19
continued,0.03414042398066522,104,105,20
continued,0.04045449290525455,104,105,21
continued,0.09230811204128565,104,105,22
continued,-0.01468581700158882,104,105,23
continued,0.07334100506572576,104,105,24
continued,0.11689231117272245,104,105,25
continued,0.13027582663079373,104,105,26
continued,0.09197271974472804,104,105,27
continued,0.0728629081545558,104,105,28
continued,0.1644750010530922,104,105,29
continued,0.0876363217037136,104,105,30
continued,0.1566427077981477,104,105,31
continued,0.14676931656027775,104,105,32
continued,0.17321260102941113,104,105,33
continued,0.2008258452397662,104,105,34
continued,0.110330500314251,104,105,35
continued,0.1046749564250654,104,105,36
continued,0.03163836894498402,104,105,37
continued,0.21824797682746855,104,105,38
continued,0.06803161190729219,104,105,39
continued,-0.016213427644795098,104,105,40
continued,-0.017952069383758314,104,105,41
continued,0.17489163798399754,104,105,42
continued,0.12136097214341504,104,105,43
continued,0.005661601801526944,104,105,44
continued,0.19583178964261774,104,105,45
continued,0.10278505237243331,104,105,46
continued,0.130382754424114,104,105,47
continued,0.03588030050586758,104,105,48
continued,0.12534127060082567,104,105,49
continued,0.16253818064769315,105,106,0
continued,0.03218234917122647,105,106,1
continued,0.17642749607723687,105,106,2
continued,0.10545603415712913,105,106,3
continued,0.17349338560112873,105,106,4
continued,0.16466635745541763,105,106,5
continued,0.1025998707808731,105,106,6
continued,0.01826497554307918,105,106,7
continued,0.10853151431070786,105,106,8
continued,0.1573281347248266,105,106,9
continued,0.06332750404329222,105,106,10
continued,0.07012754314285585,105,106,11
continued,0.1434244967184117,105,106,12
continued,0.11257213427392504,105,106,13
continued,0.10030747498715911,105,106,14
continued,0.12518206673811208,105,106,15
continued,0.07778140722742075,105,106,16
continued,0.09372803581765204,105,106,17
continued,0.1765870750286884,105,106,18
continued,-0.013061326196418395,105,106,19
continued,0.19198415409856184,105,106,20
continued,0.10055474076554223,105,106,21
continued,0.12519457588851654,105,106,22
continued,0.06310689069993239,105,106,23
continued,0.09656858343842085,105,106,24
continued,0.25166946487984726,105,106,25
continued,0.1384117771968185,105,106,26
continued,0.21483046042311044,105,106,27
continued,0.16659574780213385,105,106,28
continued,0.11500539947657687,105,106,29
continued,0.020756888899445023,105,106,30
continued,0.1319527967458348,105,106,31
continued,0.13241261521984918,105,106,32
continued,0.16297773237715754,105,106,33
continued,0.13760284004407972,105,106,34
continued,0.022164421833532996,105,106,35
continued,0.0799757271673931,105,106,36
continued,0.08895843681665666,105,106,37
continued,0.1960265226160022,105,106,38
continued,0.12759141773301289,105,106,39
continued,0.1793066265514639,105,106,40
continued,0.22141510662040767,105,106,41
continued,0.14713284934155535,105,106,42
continued,0.12880536203936563,105,106,43
continued,0.07339999750020247,105,106,44
continued,0.05992477554003608,105,106,45
continued,0.047560806020271205,105,106,46
continued,0.07152803361057299,105,106,47
continued,0.1705586737471976,105,106,48
continued,-0.0007206757111275745,105,106,49
continued,0.15080096577019864,106,107,0
continued,0.10330718340159875,106,107,1
continued,0.0703804718294074,106,107,2
continued,0.026392114331136095,106,107,3
continued,0.06474110463450133,106,107,4
continued,0.09980797254349402,106,107,5
continued,0.12038063032110177,106,107,6
continued,0.06412610763283019,106,107,7
continued,0.16126234347474672,106,107,8
continued,0.10949031942294281,106,107,9
continued,0.061486963502351444,106,107,10
continued,0.1515061779151856,106,107,11
continued,0.014503189505731758,106,107,12
continued,0.2351353143343322,106,107,13
continued,0.22663305556525337,106,107,14
continued,-0.0065474736771624995,106,107,15
continued,0.09452024748483595,106,107,16
continued,-0.1026156079956902,106,107,17
continued,0.16829442494618824,106,107,18
continued,0.09723559560188556,106,107,19
continued,0.2224438686031691,106,107,20
continued,0.1677324592777731,106,107,21
continued,0.0382213892046983,106,107,22
continued,0.0561973426450149,106,107,23
continued,0.1676932138856846,106,107,24
continued,0.11397513495742455,106,107,25
continued,0.17086875299965867,106,107,26
continued,0.05729720262145871,106,107,27
continued,0.08400946053713369,106,107,28
continued,0.1599290444038162,106,107,29
continued,0.14274067388101758,106,107,30
continued,0.10277730474201476,106,107,31
continued,0.1158632509701545,106,107,32
continued,0.020906047150837187,106,107,33
continued,0.0958661279953951,106,107,34
continued,0.024385383431203014,106,107,35
continued,0.17256083736677424,106,107,36
continued,0.06112653193286853,106,107,37
continued,0.12567219770661886,106,107,38
continued,0.010313026683138906,106,107,39
continued,0.13109614626359903,106,107,40
continued,0.08023234658416505,106,107,41
continued,0.019982603176104757,106,107,42
continued,0.08393419232019048,106,107,43
continued,0.16700571443067724,106,107,44
continued,0.19440100537114463,106,107,45
continued,0.057568958330386534,106,107,46
continued,0.05053570556128148,106,107,47
continued,0.18795679503217924,106,107,48
continued,0.013553904452378038,106,107,49
continued,0.10482769173611256,107,108,0
continued,0.1894021367605742,107,108,1
continued,0.03562383312825187,107,108,2
continued,0.09908186295403824,107,108,3
continued,0.12047019151314406,107,108,4
continued,0.1262892048058039,107,108,5
continued,0.057649566244128925,107,108,6
continued,0.02808956872086266,107,108,7
continued,0.06396359570576618,107,108,8
continued,0.09073989568093362,107,108,9
continued,0.1129395978817533,107,108,10
continued,0.11084808315703629,107,108,11
continued,0.12758622098451336,107,108,12
continued,0.06268907814157149,107,108,13
continued,0.1635169869134978,107,108,14
continued,0.1665001186734459,107,108,15
continued,0.15251951402384128,107,108,16
continued,0.058451282682828044,107,108,17
continued,0.08933654083655047,107,108,18
continued,0.10984348431859467,107,108,19
continued,-0.012973013531716517,107,108,20
continued,0.3015818470944998,107,108,21
continued,0.1815318879101642,107,108,22
continued,0.11753160157115175,107,108,23
continued,0.1033105695689904,107,108,24
continued,0.1078104873573613,107,108,25
continued,-0.04131560124632822,107,108,26
continued,0.28009096477382867,107,108,27
continued,0.03602365333879206,107,108,28
continued,0.0998371882746183,107,108,29
continued,0.08722670716763015,107,108,30
continued,0.1269076310845806,107,108,31
continued,0.18252778590805332,107,108,32
continued,0.14569302170933032,107,108,33
continued,0.024180628709880612,107,108,34
continued,0.10778441108393107,107,108,35
continued,0.08063905763516524,107,108,36
continued,-0.013518556090911947,107,108,37
continued,0.05567419548747521,107,108,38
continued,0.13586219773745278,107,108,39
continued,0.22648514583865084,107,108,40
continued,0.12329259174085618,107,108,41
continued,0.2203193087592978,107,108,42
continued,0.10465261662849454,107,108,43
continued,0.1404737629144967,107,108,44
continued,0.12826046716085918,107,108,45
continued,0.015363901736229783,107,108,46
continued,0.07476971534018255,107,108,47
continued,0.12820829616820242,107,108,48
continued,0.0937341874283208,107,108,49
continued,0.003502793725762667,108,109,0
continued,0.12214372906293738,108,109,1
continued,0.1664350316771305,108,109,2
continued,0.030161846468107673,108,109,3
continued,0.24757901372207983,108,109,4
continued,0.12384381191503009,108,109,5
continued,0.1535887001396831,108,109,6
continued,0.1135074451850144,108,109,7
continued,0.07929182882251619,108,109,8
continued,0.0889318551663607,108,109,9
continued,0.11056553204492817,108,109,10
continued,0.042902873508484866,108,109,11
continued,0.0977404890639952,108,109,12
continued,0.13793132966935304,108,109,13
continued,0.11935649255673289,108,109,14
continued,0.05499623554165594,108,109,15
continued,0.12591667706264317,108,109,16
continued,0.18794816206991172,108,109,17
continued,0.09051026732225552,108,109,18
continued,0.1914922428810165,108,109,19
continued,0.0797838969066217,108,109,20
continued,0.09264944145440623,108,109,21
continued,0.08207328740294595,108,109,22
continued,0.18471997785082955,108,109,23
continued,0.05032423681605512,108,109,24
continued,0.014656041317575669,108,109,25
continued,0.020086485380092774,108,109,26
continued,0.13368621561334146,108,109,27
continued,0.11187214963266653,108,109,28
continued,0.0861518881429423,108,109,29
continued,0.11220755859703535,108,109,30
continued,0.11623098245560413,108,109,31
continued,0.14976033131553693,108,109,32
continued,0.12551321462898066,108,109,33
continued,0.25280236186648447,108,109,34
continued,-0.033923989528819865,108,109,35
continued,0.07675359920704834,108,109,36
continued,-0.015189125824399689,108,109,37
continued,0.12604165349848276,108,109,38
continued,0.13589670531743347,108,109,39
continued,0.1367858272209563,108,109,40
continued,0.1345406023732537,108,109,41
continued,0.1237320691628897,108,109,42
continued,0.08926718565855397,108,109,43
continued,0.11205544039269556,108,109,44
continued,0.052551179234611375,108,109,45
continued,0.08021678597266478,108,109,46
continued,0.1534314527931354,108,109,47
continued,0.14049584817012556,108,109,48
continued,0.27302994963279975,108,109,49
continued,0.03447165665298619,109,110,0
continued,0.13817682029139008,109,110,1
continued,0.14972679676509118,109,110,2
continued,0.188656685817598,109,110,3
continued,0.06562332030438485,109,110,4
continued,0.1257896940029946,109,110,5
continued,0.08462136384686345,109,110,6
continued,0.03624392843426093,109,110,7
continued,-0.05080008848806718,109,110,8
continued,0.09199297630860725,109,110,9
continued,0.09748415156730772,109,110,10
continued,0.18542685666349107,109,110,11
continued,0.13638798103354866,109,110,12
continued,0.03587728523445548,109,110,13
continued,0.19807865186709073,109,110,14
continued,0.10042411676165597,109,110,15
continued,0.13599854362579894,109,110,16
continued,0.028096545566619724,109,110,17
continued,0.06976150713322885,109,110,18
continued,0.04372517911973938,109,110,19
continued,0.18498390471395224,109,110,20
continued,0.04543826987388931,109,110,21
continued,0.08051810400592921,109,110,22
continued,0.20586803884252605,109,110,23
continued,0.09128088140684068,109,110,24
continued,0.1432426497073662,109,110,25
continued,0.17207617531401892,109,110,26
continued,0.11938465848343381,109,110,27
continued,0.12272885130370657,109,110,28
continued,0.08805783028733276,109,110,29
continued,0.049744476023188655,109,110,30
continued,0.05452943252860756,109,110,31
continued,-0.04927169086633708,109,110,32
continued,0.1272234126499773,109,110,33
continued,0.07708481195373174,109,110,34
continued,0.10274359460321834,109,110,35
continued,0.10475080065818762,109,110,36
continued,0.08229454380898922,109,110,37
continued,0.0825039863656557,109,110,38
continued,0.1397902141136493,109,110,39
continued,0.11543210383799152,109,110,40
continued,0.19399544594363413,109,110,41
continued,0.14354714232555038,109,110,42
continued,0.14099128487621798,109,110,43
continued,0.06090815210220499,109,110,44
continued,0.14566116772763796,109,110,45
continued,0.122282576312352,109,110,46
continued,0.1514488614589664,109,110,47
continued,0.2187159646278804,109,110,48
continued,0.015324332557066892,109,110,49
continued,0.05301289783386588,110,111,0
continued,0.12402797809252947,110,111,1
continued,0.16670405906882543,110,111,2
continued,0.23997321087404078,110,111,3
continued,0.08352710651957662,110,111,4
continued,0.16118702985604413,110,111,5
continued,0.09530957841662185,110,111,6
continued,0.1466088999694208,110,111,7
continued,0.07920362032738866,110,111,8
continued,0.09211924720386039,110,111,9
continued,0.1372656750789575,110,111,10
continued,0.036976903568140165,110,111,11
continued,0.1216373950267277,110,111,12
continued,0.10257439883482924,110,111,13
continued,0.17520256159148725,110,111,14
continued,0.08871364256144387,110,111,15
continued,0.17428082365414524,110,111,16
continued,0.06105468659330456,110,111,17
continued,-0.07951302450619828,110,111,18
continued,0.1063713792409339,110,111,19
continued,0.0871126932917447,110,111,20
continued,0.07586944743467533,110,111,21
continued,0.0750661871149506,110,111,22
continued,-0.004142985673411404,110,111,23
continued,0.15912152139361815,110,111,24
continued,0.24433643762997118,110,111,25
continued,0.12646384076043005,110,111,26
continued,0.05777479786683588,110,111,27
continued,0.06790179434544692,110,111,28
continued,0.17241064094632275,110,111,29
continued,-0.005006430434224166,110,111,30
continued,0.0083396430852966,110,111,31
continued,0.1206015212856452,110,111,32
continued,0.10281621849437192,110,111,33
continued,0.09896643311612227,110,111,34
continued,0.0711021984210106,110,111,35
continued,0.13552055383572703,110,111,36
continued,0.03045246621372047,110,111,37
continued,0.016415597426462418,110,111,38
continued,0.045679964306869394,110,111,39
continued,0.09437811442538435,110,111,40
continued,0.023772554480350504,110,111,41
continued,0.0862541846997131,110,111,42
continued,0.23077361618448855,110,111,43
continued,0.1639935472686065,110,111,44
continued,0.11715120861782226,110,111,45
continued,0.22815509453840524,110,111,46
continued,0.19116878264395532,110,111,47
continued,0.13344575413118362,110,111,48
continued,0.1533716972989615,110,111,49
continued,0.17821512427460212,111,112,0
continued,0.05472810294826487,111,112,1
continued,0.11572409358593244,111,112,2
continued,0.15111419802583356,111,112,3
continued,0.08794175930251778,111,112,4
continued,0.13243175804368154,111,112,5
continued,0.10513978963436867,111,112,6
continued,0.16985324436377547,111,112,7
continued,0.08625087145849875,111,112,8
continued,0.1175508816868557,111,112,9
continued,0.15504641041677483,111,112,10
continued,0.10057951648874411,111,112,11
continued,0.014187796909407177,111,112,12
continued,0.1537455988067147,111,112,13
continued,0.12718682587088698,111,112,14
continued,0.21563480988922087,111,112,15
continued,0.17723397594444448,111,112,16
continued,-0.024342600903288717,111,112,17
continued,0.07923836822090899,111,112,18
continued,0.15644822324747562,111,112,19
continued,0.03675999233356884,111,112,20
continued,0.10304007346903313,111,112,21
continued,0.021996440923641298,111,112,22
continued,0.026023220384945048,111,112,23
continued,0.07864991047463324,111,112,24
continued,0.117381100652128,111,112,25
continued,0.13270453344124347,111,112,26
continued,0.09558626132980243,111,112,27
continued,0.1786608260577712,111,112,28
continued,0.1760622286711628,111,112,29
continued,0.039710215115483664,111,112,30
continued,0.15455187359628877,111,112,31
continued,0.059251716204032745,111,112,32
continued,0.14020862032240963,111,112,33
continued,0.14603091427674347,111,112,34
continued,0.06188916224023865,111,112,35
continued,0.15880436775379664,111,112,36
continued,-0.006874591968834089,111,112,37
continued,0.13652513136628414,111,112,38
continued,0.06861770047606275,111,112,39
continued,0.16986170481088309,111,112,40
continued,0.047863745285955675,111,112,41
continued,0.05468036745449199,111,112,42
continued,0.10689229716950077,111,112,43
continued,0.07803561421160181,111,112,44
continued,0.07422082285405612,111,112,45
continued,0.25650917646589866,111,112,46
continued,0.10927310869381333,111,112,47
continued,0.07031270098982237,111,112,48
continued,0.09426033036487214,111,112,49
continued,0.10288104908656068,112,113,0
continued,0.06021932341413172,112,113,1
continued,0.09212942534093331,112,113,2
continued,-0.011124331056828127,112,113,3
continued,0.04872995533662741,112,113,4
continued,0.10610939755683968,112,113,5
continued,0.13333319658200535,112,113,6
continued,0.028185990085009396,112,113,7
continued,0.15054862607207398,112,113,8
continued,0.1192281618531506,112,113,9
continued,0.005183671037207499,112,113,10
continued,0.044846163297071466,112,113,11
continued,0.08840402845802574,112,113,12
continued,0.20228171945814566,112,113,13
continued,0.06639112165323313,112,113,14
continued,0.07622881956626555,112,113,15
continued,0.00036323423961093573,112,113,16
continued,0.08197733457184526,112,113,17
continued,0.08607627359481855,112,113,18
continued,0.09575282898962117,112,113,19
continued,0.13757635497907664,112,113,20
continued,0.13159733623169875,112,113,21
continued,0.04862490168675801,112,113,22
continued,0.08504432720343488,112,113,23
continued,0.039656878081262704,112,113,24
continued,0.15402790850436085,112,113,25
continued,0.10877304030794678,112,113,26
continued,0.15266049065638795,112,113,27
continued,-0.023540827940502038,112,113,28
continued,0.11476187992351693,112,113,29
continued,0.16629896394450264,112,113,30
continued,0.15284823619241655,112,113,31
continued,0.03550172138155618,112,113,32
continued,0.07886492893667828,112,113,33
continued,0.13755545827563836,112,113,34
continued,0.11203085240441228,112,113,35
continued,0.10018618382703819,112,113,36
continued,0.129688790937692,112,113,37
continued,0.1984721200063686,112,113,38
continued,0.14266488061161206,112,113,39
continued,0.1938673218515592,112,113,40
continued,0.16928744241229726,112,113,41
continued,0.15734141351274855,112,113,42
continued,0.24180358779296685,112,113,43
continued,0.10720684385484806,112,113,44
continued,0.09863345520583018,112,113,45
continued,0.06905586724624062,112,113,46
continued,0.1232162123765016,112,113,47
continued,0.13248909101141387,112,113,48
continued,0.07532579595465073,112,113,49
continued,0.1328704376004096,113,114,0
continued,0.13547327198147116,113,114,1
continued,0.13365006753941225,113,114,2
continued,0.01062219803558665,113,114,3
continued,0.13253175358890704,113,114,4
continued,0.0049331490724618295,113,114,5
continued,0.06367294025329821,113,114,6
continued,0.22832577539510132,113,114,7
continued,0.08563132384825255,113,114,8
continued,0.12837390578937763,113,114,9
continued,0.15951615024997617,113,114,10
continued,0.050950801401950505,113,114,11
continued,0.11857694102845229,113,114,12
continued,0.09243174005623128,113,114,13
continued,0.11845822506563809,113,114,14
continued,0.08513917255462632,113,114,15
continued,0.16145026995012757,113,114,16
continued,0.168351988202451,113,114,17
continued,0.17107232981132456,113,114,18
continued,0.20967940529441714,113,114,19
continued,0.21125915581452337,113,114,20
continued,0.12282830658806963,113,114,21
continued,0.11597050536363782,113,114,22
continued,0.06690253675419831,113,114,23
continued,0.12628374126796799,113,114,24
continued,0.08918308714411073,113,114,25
continued,0.10537047804375928,113,114,26
continued,0.0755373154840224,113,114,27
continued,0.07634443216336907,113,114,28
continued,0.16976351469233167,113,114,29
continued,0.13574065833496057,113,114,30
continued,0.12496049018712563,113,114,31
continued,0.030547647594439696,113,114,32
continued,0.13837977976231436,113,114,33
continued,0.21165647742447452,113,114,34
continued,0.1143284181063863,113,114,35
continued,0.10667310120880888,113,114,36
continued,0.06668922669619892,113,114,37
continued,0.15978033970789754,113,114,38
continued,0.038534613698988425,113,114,39
continued,-0.02689627170221782,113,114,40
continued,0.1947366177307451,113,114,41
continued,0.0810321513327698,113,114,42
continued,0.18950741131857776,113,114,43
continued,0.08509747517941145,113,114,44
continued,0.013080350207487419,113,114,45
continued,0.17191568574995184,113,114,46
continued,0.08186656119902071,113,114,47
continued,0.13052711953434612,113,114,48
continued,0.12657415149560372,113,114,49
continued,0.20853688380007046,114,115,0
continued,0.1273326594136013,114,115,1
continued,0.16955062949045002,114,115,2
continued,0.0878978252303861,114,115,3
continued,0.05180379394953248,114,115,4
continued,0.009585265340967913,114,115,5
continued,0.002871676215826391,114,115,6
continued,0.06614780909998884,114,115,7
continued,0.19968505038089907,114,115,8
continued,0.0969858340566478,114,115,9
continued,0.09618319224992447,114,115,10
continued,0.11827599628494673,114,115,11
continued,0.15817648815428195,114,115,12
continued,0.08663270708369078,114,115,13
continued,0.07674071546454278,114,115,14
continued,0.12916064605870373,114,115,15
continued,0.18507469698903378,114,115,16
continued,0.21784676296618877,114,115,17
continued,0.12197252133912949,114,115,18
continued,0.12570401141294493,114,115,19
continued,0.08590180428718727,114,115,20
continued,0.13251794861104138,114,115,21
continued,0.12858870697351735,114,115,22
continued,-0.042800459834469805,114,115,23
continued,0.13875339618563906,114,115,24
continued,0.18592937287256456,114,115,25
continued,0.14708066779837503,114,115,26
continued,0.08203876596159486,114,115,27
continued,0.13096147956778426,114,115,28
continued,0.06702732703427741,114,115,29
continued,0.053733742978270056,114,115,30
continued,0.17535666511114906,114,115,31
continued,0.05456829506000632,114,115,32
continued,0.17830671300677808,114,115,33
continued,0.0046237423085622575,114,115,34
continued,0.17082347912556467,114,115,35
continued,0.07719807611432593,114,115,36
continued,0.12440134852745703,114,115,37
continued,0.09472566486682901,114,115,38
continued,0.07836168902901564,114,115,39
continued,0.1397328554021412,114,115,40
continued,-0.010337677132726493,114,115,41
continued,0.08290745965451685,114,115,42
continued,0.1488997578535738,114,115,43
continued,0.09592567309262567,114,115,44
continued,0.1472151792845991,114,115,45
continued,0.06222950193304911,114,115,46
continued,0.10253449868726897,114,115,47
continued,0.12338644618124728,114,115,48
continued,0.05348066693777801,114,115,49
continued,0.15174087059782432,115,116,0
continued,0.09256830422365095,115,116,1
continued,0.05791257695677184,115,116,2
continued,0.07154486213193618,115,116,3
continued,0.18058592316436292,115,116,4
continued,0.1383582460397983,115,116,5
continued,-0.00765760612158074,115,116,6
continued,0.08724472558071067,115,116,7
continued,0.12570887943447698,115,116,8
continued,0.19979736726453728,115,116,9
continued,0.13663580086984195,115,116,10
continued,0.06239883781101845,115,116,11
continued,0.07475945743503759,115,116,12
continued,0.13159487386853713,115,116,13
continued,0.12637468602604582,115,116,14
continued,-8.488832427573038e-05,115,116,15
continued,0.0044194175985422055,115,116,16
continued,-0.03768769162011341,115,116,17
continued,0.15110369024713677,115,116,18
continued,0.1102190908928782,115,116,19
continued,0.007006497803944443,115,116,20
continued,0.12716884796850358,115,116,21
continued,0.09329803488594895,115,116,22
continued,0.021130683352501293,115,116,23
continued,0.15473541683642378,115,116,24
continued,0.12120737447636803,115,116,25
continued,0.01459578181693996,115,116,26
continued,0.07841883590212007,115,116,27
continued,0.1016491778481205,115,116,28
continued,0.0431821526083843,115,116,29
continued,-0.004298219578624198,115,116,30
continued,0.0337658141490359,115,116,31
continued,-0.0009030151534140845,115,116,32
continued,0.14394116166450863,115,116,33
continued,-0.03817966014724119,115,116,34
continued,0.21018890569037985,115,116,35
continued,0.1619784844657926,115,116,36
continued,0.07655286601013837,115,116,37
continued,0.20163530421382772,115,116,38
continued,0.10453781701675235,115,116,39
continued,0.11199227940688573,115,116,40
continued,0.09410137058980124,115,116,41
continued,0.0907091098483673,115,116,42
continued,0.038960825378171665,115,116,43
continued,0.11154807389120604,115,116,44
continued,0.14212210720393362,115,116,45
continued,0.05198743991935649,115,116,46
continued,0.10608399438587646,115,116,47
continued,0.1357274698231099,115,116,48
continued,0.10797232845782442,115,116,49
continued,0.11294395592876501,116,117,0
continued,0.06281509707391138,116,117,1
continued,0.14194380271671966,116,117,2
continued,0.13096786156622786,116,117,3
continued,0.0683100790069772,116,117,4
continued,0.04711822828618675,116,117,5
continued,0.12613838486278336,116,117,6
continued,0.08109066548266396,116,117,7
continued,0.18882889761208005,116,117,8
continued,0.10028039411239976,116,117,9
continued,0.17560191840766842,116,117,10
continued,0.11608036253547814,116,117,11
continued,0.04806681760789172,116,117,12
continued,0.10007700812468046,116,117,13
continued,0.14424837001973836,116,117,14
continued,0.10126344375514955,116,117,15
continued,0.037049990754609095,116,117,16
continued,0.12831744566989145,116,117,17
continued,0.14545483098189851,116,117,18
continued,0.041303893283198764,116,117,19
continued,0.20400246655226828,116,117,20
continued,0.05203583929286741,116,117,21
continued,0.11736189610725804,116,117,22
continued,0.10482703688531159,116,117,23
continued,0.1467297086068303,116,117,24
continued,-0.029725274880484893,116,117,25
continued,0.028236555587085474,116,117,26
continued,-0.0516796058929837,116,117,27
continued,0.18094092243422405,116,117,28
continued,0.1286413890127497,116,117,29
continued,0.09061890689412563,116,117,30
continued,0.09604455353475423,116,117,31
continued,0.16338006286510867,116,117,32
continued,0.18967361168937594,116,117,33
continued,0.163637272458773,116,117,34
continued,0.1386334582897471,116,117,35
continued,0.16087923483135902,116,117,36
continued,0.04894688911485943,116,117,37
continued,0.1262224329685812,116,117,38
continued,0.14251248111510795,116,117,39
continued,0.10501769363537522,116,117,40
continued,0.19979436088531638,116,117,41
continued,0.11522578157391303,116,117,42
continued,0.0018269864584965247,116,117,43
continued,0.13134496880210997,116,117,44
continued,0.17319153664308481,116,117,45
continued,0.10113720945352163,116,117,46
continued,0.09929521058149718,116,117,47
continued,0.0821826562918087,116,117,48
continued,0.22920887688324135,116,117,49
continued,0.18247712748151398,117,118,0
continued,0.10778519912614608,117,118,1
continued,0.06898850359721694,117,118,2
continued,0.09660415040565729,117,118,3
continued,0.092126164425589,117,118,4
continued,0.1039614899538406,117,118,5
continued,0.11095681115438488,117,118,6
continued,0.16812193054678284,117,118,7
continued,0.14505041604320976,117,118,8
continued,0.1172201127695023,117,118,9
continued,0.11888153814772626,117,118,10
continued,0.08082199845312288,117,118,11
continued,0.06555945167107308,117,118,12
continued,0.12181600232607832,117,118,13
continued,0.05261384160163363,117,118,14
continued,0.09481698219227118,117,118,15
continued,0.002559126582789806,117,118,16
continued,0.03455107083296105,117,118,17
continued,0.10259949755293403,117,118,18
continued,0.1176675716732739,117,118,19
continued,0.02574843734079716,117,118,20
continued,0.06514828655742931,117,118,21
continued,0.06756093297257504,117,118,22
continued,0.12575457384891497,117,118,23
continued,0.11421580974850691,117,118,24
continued,-0.03823221357011241,117,118,25
continued,0.0541225225273397,117,118,26
continued,0.13759908134749224,117,118,27
continued,0.06490470049746093,117,118,28
continued,0.13253017077804458,117,118,29
continued,0.17160089634553216,117,118,30
continued,0.008681786378630431,117,118,31
continued,0.18030003126959876,117,118,32
continued,0.18132200369512186,117,118,33
continued,0.17389830637180034,117,118,34
continued,0.13856921373691305,117,118,35
continued,0.13910561794727386,117,118,36
continued,0.1885873269920425,117,118,37
continued,0.19591249861833587,117,118,38
continued,0.14795545883204936,117,118,39
continued,0.16615617747576633,117,118,40
continued,0.2209087984889132,117,118,41
continued,0.08709642326725953,117,118,42
continued,0.07755093081896847,117,118,43
continued,0.1716164017713296,117,118,44
continued,0.1100992386115191,117,118,45
continued,0.05991683218749194,117,118,46
continued,0.14276408497322904,117,118,47
continued,0.18818497055079458,117,118,48
continued,0.09284172568874956,117,118,49
continued,0.0691102330197108,118,119,0
continued,0.08539484452175838,118,119,1
continued,0.06861761955950581,118,119,2
continued,0.08854169106804373,118,119,3
continued,0.02516139769861793,118,119,4
continued,0.04164471048611119,118,119,5
continued,0.11165716150559987,118,119,6
continued,0.0790613434251098,118,119,7
continued,0.0965915778136951,118,119,8
continued,0.19890655964006088,118,119,9
continued,0.04956646201586359,118,119,10
continued,0.13773228282783806,118,119,11
continued,0.08547744168785297,118,119,12
continued,0.0200108861769343,118,119,13
continued,-0.022704296279597976,118,119,14
continued,0.03827669861068132,118,119,15
continued,0.11290338567778221,118,119,16
continued,0.16482004589834554,118,119,17
continued,0.20346652082884373,118,119,18
continued,0.18821864345181677,118,119,19
continued,0.1702308755465791,118,119,20
continued,0.10736137116372407,118,119,21
continued,0.03641727079731279,118,119,22
continued,-0.02734967449272177,118,119,23
continued,0.12943533221930012,118,119,24
continued,0.04822010659300086,118,119,25
continued,0.09343847349351446,118,119,26
continued,0.12751982923752464,118,119,27
continued,0.13589958341074904,118,119,28
continued,0.036007474617793855,118,119,29
continued,0.23593363787829716,118,119,30
continued,0.049185065500996925,118,119,31
continued,0.043016968535071406,118,119,32
continued,0.0800107599734702,118,119,33
continued,0.03133543771480753,118,119,34
continued,0.2192830994134697,118,119,35
continued,0.10512377812084177,118,119,36
continued,0.036719267691778495,118,119,37
continued,0.16334755006795765,118,119,38
continued,0.09318476021661103,118,119,39
continued,0.029334788582127343,118,119,40
continued,0.04499463755682791,118,119,41
continued,0.061538952453822786,118,119,42
continued,0.18921730830535102,118,119,43
continued,0.09030259831404744,118,119,44
continued,0.0919012095087945,118,119,45
continued,0.15895416596459913,118,119,46
continued,0.14971697889612795,118,119,47
continued,0.08730717072546498,118,119,48
continued,0.14096488073881516,118,119,49
continued,0.10210974163890937,119,120,0
continued,0.10164098263534779,119,120,1
continued,0.13040610101161432,119,120,2
continued,0.1969330971906826,119,120,3
continued,0.2669148630410549,119,120,4
continued,0.12163933299905531,119,120,5
continued,0.06760979187394828,119,120,6
continued,0.09977706040629386,119,120,7
continued,0.07861515705365807,119,120,8
continued,0.030034058613378687,119,120,9
continued,0.07008706780014656,119,120,10
continued,0.14197505094780943,119,120,11
continued,0.041797707433598785,119,120,12
continued,0.10645035244323023,119,120,13
continued,0.0629377761972557,119,120,14
continued,0.0832842525409951,119,120,15
continued,0.13871412575469805,119,120,16
continued,0.18226514178952904,119,120,17
continued,0.035664448750635264,119,120,18
continued,0.146470136511254,119,120,19
continued,0.12610097063592543,119,120,20
continued,0.03949192109158997,119,120,21
continued,0.15440123282118834,119,120,22
continued,0.22863147317151045,119,120,23
continued,0.06964835006733046,119,120,24
continued,0.1286675608037031,119,120,25
continued,0.1152351813836605,119,120,26
continued,0.14686779833541086,119,120,27
continued,0.019782729565610294,119,120,28
continued,0.0628231114441836,119,120,29
continued,-0.039293662347186974,119,120,30
continued,0.11813649694274865,119,120,31
continued,0.06871710000640457,119,120,32
continued,0.19427947477589075,119,120,33
continued,0.14154060539363278,119,120,34
continued,0.15353274213683357,119,120,35
continued,0.13501782874323198,119,120,36
continued,0.08365872510675948,119,120,37
continued,0.1086324219349099,119,120,38
continued,0.13061573000016347,119,120,39
continued,0.053554320550706344,119,120,40
continued,0.09149523457494774,119,120,41
continued,0.07411163097369605,119,120,42
continued,0.01695976219402032,119,120,43
continued,0.1812120208277324,119,120,44
continued,0.08721806304810217,119,120,45
continued,0.13941868261946833,119,120,46
continued,0.14526467277026361,119,120,47
continued,0.05574637332439935,119,120,48
continued,0.2035612510727469,119,120,49
continued,0.06473331150821744,120,121,0
continued,0.08611102907277239,120,121,1
continued,0.12587558777557503,120,121,2
continued,0.09814237519088259,120,121,3
continued,0.17526415559043929,120,121,4
continued,0.11722844019900011,120,121,5
continued,0.07527849842431536,120,121,6
continued,0.03546586895585642,120,121,7
continued,0.15728046568785117,120,121,8
continued,0.15374785966052482,120,121,9
continued,0.13903204485684337,120,121,10
continued,0.06948246662032986,120,121,11
continued,0.19091693319064643,120,121,12
continued,0.07527110498630475,120,121,13
continued,-0.032240647405104954,120,121,14
continued,0.1412946156944771,120,121,15
continued,0.054902747060462435,120,121,16
continued,0.11952186446280003,120,121,17
continued,0.13735217497280386,120,121,18
continued,0.16471497459713985,120,121,19
continued,0.12067476542949361,120,121,20
continued,0.020168085209426603,120,121,21
continued,0.105355941200163,120,121,22
continued,0.14175339231508716,120,121,23
continued,0.08054309753912932,120,121,24
continued,0.11073218750130683,120,121,25
continued,0.12419135115063083,120,121,26
continued,0.0909993597535253,120,121,27
continued,0.10098488376822533,120,121,28
continued,0.03973449411232975,120,121,29
continued,-0.016481504667166542,120,121,30
continued,0.04878584181482501,120,121,31
continued,0.05917822663561856,120,121,32
continued,0.06103035346750177,120,121,33
continued,0.1904529366039645,120,121,34
continued,-0.036043083244531066,120,121,35
continued,0.1107879458196886,120,121,36
continued,0.14898229730782997,120,121,37
continued,0.08310305123221715,120,121,38
continued,0.1474666315386787,120,121,39
continued,0.09670010650055909,120,121,40
continued,0.05529391762197821,120,121,41
continued,0.15691175044350847,120,121,42
continued,0.13885785795317185,120,121,43
continued,0.1689026505764101,120,121,44
continued,0.15873739984938426,120,121,45
continued,0.20635479182242614,120,121,46
continued,0.14589612181362002,120,121,47
continued,0.14976931782834582,120,121,48
continued,0.14386890912122463,120,121,49
continued,0.1509507279228813,121,122,0
continued,0.06888668051274954,121,122,1
continued,0.1378834975389952,121,122,2
continued,0.13551902027331497,121,122,3
continued,0.07411512311937711,121,122,4
continued,0.05944768916980031,121,122,5
continued,0.1162745042789769,121,122,6
continued,0.08414468384656232,121,122,7
continued,0.1269007827189809,121,122,8
continued,0.1486531086459044,121,122,9
continued,0.10804645879701696,121,122,10
continued,0.016097933972365096,121,122,11
continued,0.05553653711868609,121,122,12
continued,0.11990816667674294,121,122,13
continued,0.15705947524147,121,122,14
continued,0.1237034851428933,121,122,15
continued,0.161390053394375,121,122,16
continued,0.14968993206694214,121,122,17
continued,0.1183597135120084,121,122,18
continued,0.11211627812924543,121,122,19
continued,0.2065368545526862,121,122,20
continued,0.1298413029174036,121,122,21
continued,0.09603631070990708,121,122,22
continued,0.10990880515502582,121,122,23
continued,0.05063854116558784,121,122,24
continued,0.07767727559356609,121,122,25
continued,0.09522434046230879,121,122,26
continued,0.16522597397028554,121,122,27
continued,0.11986202297955738,121,122,28
continued,0.13086016274649928,121,122,29
continued,0.20478658738905028,121,122,30
continued,0.13752585628461184,121,122,31
continued,0.05768996686045262,121,122,32
continued,0.04772201771247613,121,122,33
continued,0.09537026951853915,121,122,34
continued,0.11786151304768507,121,122,35
continued,0.06761985583220573,121,122,36
continued,0.016699596809994048,121,122,37
continued,0.023830844453830227,121,122,38
continued,0.08839024575071289,121,122,39
continued,0.04154158821078353,121,122,40
continued,0.021889213114253032,121,122,41
continued,0.0642857336215864,121,122,42
continued,0.02868438006457293,121,122,43
continued,0.016501328658014364,121,122,44
continued,0.11848358459280688,121,122,45
continued,0.13779760712898,121,122,46
continued,0.07658388578004656,121,122,47
continued,0.13297779809567528,121,122,48
continued,0.2040792754441123,121,122,49
continued,0.02927388420402763,122,123,0
continued,0.07397866386035452,122,123,1
continued,-0.03746770705668425,122,123,2
continued,0.13957912532412659,122,123,3
continued,0.16286707333228273,122,123,4
continued,0.12333212466220912,122,123,5
continued,0.12301524638728983,122,123,6
continued,0.09062819133755053,122,123,7
continued,0.09907502728457136,122,123,8
continued,0.09881442846760075,122,123,9
continued,0.1315957989517599,122,123,10
continued,0.16009934358180114,122,123,11
continued,0.017014885271533005,122,123,12
continued,0.07537965691028796,122,123,13
continued,0.16993372571139084,122,123,14
continued,0.012528737318706695,122,123,15
continued,0.0727417204110187,122,123,16
continued,0.09636210639840465,122,123,17
continued,0.04831937135327874,122,123,18
continued,0.2633342817080051,122,123,19
continued,0.12382594929004824,122,123,20
continued,0.06536863022198601,122,123,21
continued,0.08728645924176702,122,123,22
continued,0.020516892423507977,122,123,23
continued,0.15757464694263448,122,123,24
continued,0.05005315894611502,122,123,25
continued,0.04676096636811222,122,123,26
continued,0.16818695641711218,122,123,27
continued,0.07564515264149027,122,123,28
continued,0.17538255930586047,122,123,29
continued,0.08823635695972719,122,123,30
continued,0.07200223249032638,122,123,31
continued,0.036921047443727324,122,123,32
continued,0.1443594316191772,122,123,33
continued,0.023778896831302968,122,123,34
continued,0.09317957369504429,122,123,35
continued,0.09424885515420431,122,123,36
continued,0.16471349471438804,122,123,37
continued,0.03569144446965565,122,123,38
continued,0.011495470095988133,122,123,39
continued,0.19614984560075574,122,123,40
continued,0.0329763462988687,122,123,41
continued,0.1550958899635534,122,123,42
continued,0.1375852522916587,122,123,43
continued,0.10127036009761503,122,123,44
continued,0.13008623060263214,122,123,45
continued,0.12174874717427378,122,123,46
continued,0.047054887860520554,122,123,47
continued,0.14084135490576133,122,123,48
continued,0.21531969775733054,122,123,49
continued,0.05374511553434645,123,124,0
continued,0.09363937755841756,123,124,1
continued,0.05742489460548768,123,124,2
continued,0.053479804297566075,123,124,3
continued,0.02327662672456061,123,124,4
continued,0.08254992522500523,123,124,5
continued,0.08237939457889233,123,124,6
continued,0.09018344527811635,123,124,7
continued,0.08820973516114515,123,124,8
continued,0.13865251370728182,123,124,9
continued,0.0669380267765654,123,124,10
continued,0.12055027149986469,123,124,11
continued,0.11248934795549488,123,124,12
continued,0.12528838438450843,123,124,13
continued,0.15259188414900254,123,124,14
continued,0.11283875837752833,123,124,15
continued,0.08988266004831315,123,124,16
continued,0.027119043322916894,123,124,17
continued,0.027755212753694594,123,124,18
continued,0.16944797330253808,123,124,19
continued,0.21705107981082772,123,124,20
continued,0.08666937145926258,123,124,21
continued,0.09835573307102805,123,124,22
continued,0.06448929531579224,123,124,23
continued,0.0898164257055728,123,124,24
continued,0.14797939948486363,123,124,25
continued,0.11935893576404259,123,124,26
continued,0.1215457937484233,123,124,27
continued,0.17739038746453903,123,124,28
continued,0.07195829709557564,123,124,29
continued,0.20425335854494558,123,124,30
continued,0.14932963588061962,123,124,31
continued,0.07928778787277145,123,124,32
continued,0.1400919364879032,123,124,33
continued,0.16841173978576907,123,124,34
continued,0.03132824766875644,123,124,35
continued,0.13866557838419732,123,124,36
continued,-0.007789238259369866,123,124,37
continued,0.12984483788953297,123,124,38
continued,0.05477187696606457,123,124,39
continued,0.04800268446318441,123,124,40
continued,0.1454211557669657,123,124,41
continued,0.13008835642756478,123,124,42
continued,0.13544287821486878,123,124,43
continued,0.051276867253780056,123,124,44
continued,0.0965200777925694,123,124,45
continued,0.08479644710190887,123,124,46
continued,0.2036244098186722,123,124,47
continued,0.09323761340713825,123,124,48
continued,0.10652504158331204,123,124,49
continued,0.10988687556981859,124,125,0
continued,0.0708315305907057,124,125,1
continued,0.08939650452776136,124,125,2
continued,0.18950639255945628,124,125,3
continued,0.03555017530815963,124,125,4
continued,0.028071763333311482,124,125,5
continued,0.09694902351717656,124,125,6
continued,0.007334964733024907,124,125,7
continued,0.1687033361216102,124,125,8
continued,0.14390006310979891,124,125,9
continued,0.157401352881416,124,125,10
continued,0.13413231064881045,124,125,11
continued,0.1654850364786543,124,125,12
continued,0.08478313760312903,124,125,13
continued,0.18430840374664206,124,125,14
continued,0.13030784285236888,124,125,15
continued,0.015385936458693544,124,125,16
continued,0.10759731972346069,124,125,17
continued,0.1586047604605279,124,125,18
continued,0.07098582060422932,124,125,19
continued,0.0631902331293651,124,125,20
continued,0.13857598261474524,124,125,21
continued,0.09333850085815117,124,125,22
continued,0.09534604017097047,124,125,23
continued,0.12985786555550935,124,125,24
continued,0.1577826340969493,124,125,25
continued,0.13207100146836967,124,125,26
continued,0.023178031665520765,124,125,27
continued,0.08947719017084997,124,125,28
continued,0.19206376714744275,124,125,29
continued,0.17698117075246694,124,125,30
continued,0.08158028358547159,124,125,31
continued,0.04759832059296753,124,125,32
continued,0.09018614117513367,124,125,33
continued,0.16659489764583946,124,125,34
continued,0.1148765204616262,124,125,35
continued,0.1346548318814958,124,125,36
continued,0.08840937796338573,124,125,37
continued,-0.027347985667190117,124,125,38
continued,-0.015724080027407765,124,125,39
continued,0.11602774719821303,124,125,40
continued,0.0691302623215102,124,125,41
continued,0.1862285819047743,124,125,42
continued,0.012039165893900616,124,125,43
continued,0.04031368871072527,124,125,44
continued,0.1570832015581017,124,125,45
continued,0.12734416426483514,124,125,46
continued,0.021272069027661194,124,125,47
continued,0.11767750999335565,124,125,48
continued,0.067843250382151,124,125,49
continued,0.20629062991527256,125,126,0
continued,0.07286114244972355,125,126,1
continued,0.1942242087497087,125,126,2
continued,0.2076341771659754,125,126,3
continued,0.1333417808691402,125,126,4
continued,0.0877812941754553,125,126,5
continued,0.09173532720209218,125,126,6
continued,0.12289905339599727,125,126,7
continued,0.18128686505163735,125,126,8
continued,-0.021111537880850493,125,126,9
continued,0.10069505162616711,125,126,10
continued,0.06293414342007007,125,126,11
continued,0.08188468361581323,125,126,12
continued,0.062033386758140976,125,126,13
continued,0.06775552147627772,125,126,14
continued,0.10912779464677129,125,126,15
continued,0.10961078587106465,125,126,16
continued,0.10305976728089772,125,126,17
continued,0.11647972090256282,125,126,18
continued,0.18996874178152556,125,126,19
continued,0.18231845561073273,125,126,20
continued,0.048570193289181454,125,126,21
continued,0.13992643555366152,125,126,22
continued,0.14635175267295658,125,126,23
continued,0.1665198698977061,125,126,24
continued,0.1678233267462552,125,126,25
continued,0.1942843134760989,125,126,26
continued,0.07150553258335941,125,126,27
continued,-0.06251881339295674,125,126,28
continued,0.020145562134208282,125,126,29
continued,0.09205451982545713,125,126,30
continued,0.1146015015948647,125,126,31
continued,0.08140607790005616,125,126,32
continued,0.07023693324216368,125,126,33
continued,0.1043444617998591,125,126,34
continued,0.09931552177522046,125,126,35
continued,-0.031498510547611026,125,126,36
continued,0.058733728541226736,125,126,37
continued,0.06483516724040536,125,126,38
continued,0.03481338526752348,125,126,39
continued,0.19292543864196615,125,126,40
continued,0.1129630702929308,125,126,41
continued,0.09824153364622876,125,126,42
continued,0.05925639891558665,125,126,43
continued,0.11020671842568283,125,126,44
continued,0.0786131836590438,125,126,45
continued,0.09400036573112742,125,126,46
continued,0.1446772869239639,125,126,47
continued,0.14443405288340622,125,126,48
continued,0.16443676742339813,125,126,49
continued,0.07036816805807497,126,127,0
continued,0.08893964858144912,126,127,1
continued,0.26371601975818854,126,127,2
continued,0.08771916264275133,126,127,3
continued,0.16353887409436071,126,127,4
continued,-0.036659584855537164,126,127,5
continued,0.10206067446835984,126,127,6
continued,0.20132341521115044,126,127,7
continued,0.07939257060228284,126,127,8
continued,0.14298341511511356,126,127,9
continued,0.0388233579805127,126,127,10
continued,0.14097140339643266,126,127,11
continued,0.16198374301649732,126,127,12
continued,0.01691183434256483,126,127,13
continued,-0.004723555931071877,126,127,14
continued,0.13108408670446978,126,127,15
continued,0.10038543596063525,126,127,16
continued,0.13516956282624118,126,127,17
continued,0.05875782081991653,126,127,18
continued,0.1460093165035703,126,127,19
continued,0.15789558792688319,126,127,20
continued,0.03005859346903752,126,127,21
continued,0.1524203437857648,126,127,22
continued,0.12752306234673164,126,127,23
continued,0.14179698766635368,126,127,24
continued,0.11120536931686553,126,127,25
continued,0.16092573804636617,126,127,26
continued,0.09673736351140742,126,127,27
continued,0.14392125450631352,126,127,28
continued,0.13015259179953595,126,127,29
continued,0.14702985591532539,126,127,30
continued,0.16703261901304153,126,127,31
continued,-0.00822830501532731,126,127,32
continued,0.08864443669506242,126,127,33
continued,0.03567382250826274,126,127,34
continued,0.0689063056663275,126,127,35
continued,0.0801411061082075,126,127,36
continued,0.1328334233229165,126,127,37
continued,0.08169558584496549,126,127,38
continued,0.13355641158964066,126,127,39
continued,-0.0034128234680766596,126,127,40
continued,0.08274865500286734,126,127,41
continued,0.2079311351213455,126,127,42
continued,0.09401680802528638,126,127,43
continued,0.12972502059118282,126,127,44
continued,0.1105187228198831,126,127,45
continued,0.14296666477339603,126,127,46
continued,0.06464796630210817,126,127,47
continued,0.17609573939103365,126,127,48
continued,0.12088595069711527,126,127,49
continued,0.12665250130949407,127,128,0
continued,0.19793060014913266,127,128,1
continued,0.028263873665858374,127,128,2
continued,0.14320460063304177,127,128,3
continued,0.1086732011501948,127,128,4
continued,-0.00013468898198515898,127,128,5
continued,0.22513688087452813,127,128,6
continued,0.08782980643660113,127,128,7
continued,0.08117858607656502,127,128,8
continued,0.19367326197246798,127,128,9
continued,0.19807558802379277,127,128,10
continued,-0.0009880074988046507,127,128,11
continued,0.15937759447712077,127,128,12
continued,0.04991533118882762,127,128,13
continued,0.03206835851258157,127,128,14
continued,0.0848542326643113,127,128,15
continued,0.14371875864106634,127,128,16
continued,0.2313950131868759,127,128,17
continued,0.11711907117817645,127,128,18
continued,0.04273477308086095,127,128,19
continued,0.2120787531354106,127,128,20
continued,0.1623274654799226,127,128,21
continued,0.10806174526295882,127,128,22
continued,0.08723952472116032,127,128,23
continued,0.22755982015052342,127,128,24
continued,0.11341892416261305,127,128,25
continued,0.11134405364644855,127,128,26
continued,0.13384654076277064,127,128,27
continued,0.15328316922866905,127,128,28
continued,0.10017276848377767,127,128,29
continued,0.07612535783498711,127,128,30
continued,0.15196449618404362,127,128,31
continued,0.04279849074303266,127,128,32
continued,0.07740093064570779,127,128,33
continued,0.04826104946983435,127,128,34
continued,0.1560662954379795,127,128,35
continued,0.088936462735793,127,128,36
continued,0.23543741572973312,127,128,37
continued,0.09749225765624482,127,128,38
continued,0.22767857412004033,127,128,39
continued,0.06909099041232802,127,128,40
continued,0.214642432912892,127,128,41
continued,0.10304699225410427,127,128,42
continued,0.0792905460319456,127,128,43
continued,-0.02213209514358761,127,128,44
continued,-0.007731646714879689,127,128,45
continued,0.13721736665111395,127,128,46
continued,0.156372308575209,127,128,47
continued,0.14982126929308626,127,128,48
continued,0.1342238089283361,127,128,49
continued,0.10745853810196596,128,129,0
continued,0.18364342548221074,128,129,1
continued,0.1040589332015071,128,129,2
continued,0.052908512743907905,128,129,3
continued,0.14839955227860138,128,129,4
continued,0.023246821750487374,128,129,5
continued,0.13850507104934948,128,129,6
continued,0.04237335586299838,128,129,7
continued,0.11219329162317923,128,129,8
continued,0.17693288036630148,128,129,9
continued,0.1798315435452413,128,129,10
continued,0.18546075447144203,128,129,11
continued,0.1444555886180556,128,129,12
continued,-0.04362735071411504,128,129,13
continued,0.14311020268663865,128,129,14
continued,0.13032979084533156,128,129,15
continued,0.08912534714735776,128,129,16
continued,0.0883100784440125,128,129,17
continued,0.09005459975560573,128,129,18
continued,0.09897959946589253,128,129,19
continued,0.10801329115353148,128,129,20
continued,0.1475852972634144,128,129,21
continued,0.07891014268628878,128,129,22
continued,0.1743167589163325,128,129,23
continued,0.10746959562255776,128,129,24
continued,0.10648813498357686,128,129,25
continued,0.056978439631813316,128,129,26
continued,0.07253163568248268,128,129,27
continued,0.15941855745005035,128,129,28
continued,0.14656746893169723,128,129,29
continued,0.18677066855639204,128,129,30
continued,0.056141998142235194,128,129,31
continued,0.12861089826787178,128,129,32
continued,0.08336938055693603,128,129,33
continued,0.046161918522033385,128,129,34
continued,0.13646573696569486,128,129,35
continued,0.08129860901523954,128,129,36
continued,-0.018572942627499082,128,129,37
continued,0.051327609044580245,128,129,38
continued,0.10079743768528585,128,129,39
continued,0.12377220373754666,128,129,40
continued,0.06516463337990472,128,129,41
continued,0.1674339970930452,128,129,42
continued,0.058767068393262976,128,129,43
continued,0.011611045508957663,128,129,44
continued,0.0769617510470513,128,129,45
continued,0.054247191392102725,128,129,46
continued,0.13659423836780504,128,129,47
continued,0.13095382313305853,128,129,48
continued,0.1685248022423479,128,129,49
continued,0.15104207713940185,129,130,0
continued,0.06977316418635882,129,130,1
continued,0.07390621189367409,129,130,2
continued,0.1139205224355632,129,130,3
continued,0.17249337951748053,129,130,4
continued,0.08253378824628925,129,130,5
continued,0.07948830640516416,129,130,6
continued,0.09194226712949205,129,130,7
continued,0.10111633246227146,129,130,8
continued,0.06889912797386509,129,130,9
continued,0.10695032369532728,129,130,10
continued,0.11610367836722459,129,130,11
continued,0.10122541646673205,129,130,12
continued,0.060093956691549134,129,130,13
continued,0.1113997923736176,129,130,14
continued,0.14848807805431916,129,130,15
continued,0.18029871545642542,129,130,16
continued,0.05768141367549233,129,130,17
continued,-0.010714134343956287,129,130,18
continued,0.01982166813568464,129,130,19
continued,0.011440287787448678,129,130,20
continued,0.05406119473591717,129,130,21
continued,0.07681790848272221,129,130,22
continued,0.23469982670485148,129,130,23
continued,-0.0016539259553137158,129,130,24
continued,0.06238105488682156,129,130,25
continued,0.10408488314854918,129,130,26
continued,0.1414733286120739,129,130,27
continued,0.08489768392173527,129,130,28
continued,0.10636795472977836,129,130,29
continued,0.03577858270251212,129,130,30
continued,0.011373778607699368,129,130,31
continued,0.04001589592029675,129,130,32
continued,0.11247154943998006,129,130,33
continued,0.17322474687972078,129,130,34
continued,0.012016599646431161,129,130,35
continued,0.07677126507277221,129,130,36
continued,0.11980574043878395,129,130,37
continued,0.16001840078055882,129,130,38
continued,0.16474741103236973,129,130,39
continued,0.175171242484068,129,130,40
continued,0.06985394035044451,129,130,41
continued,0.04229540983349105,129,130,42
continued,0.17862676248433648,129,130,43
continued,0.05964433528953891,129,130,44
continued,0.11480720798495837,129,130,45
continued,0.13133264615856272,129,130,46
continued,0.1740251340129522,129,130,47
continued,0.18236339979114233,129,130,48
continued,0.1420063761550437,129,130,49
continued,0.2048388981440121,130,131,0
continued,0.09216335413966832,130,131,1
continued,0.09113816652886762,130,131,2
continued,0.12241352835737927,130,131,3
continued,0.18713248343139446,130,131,4
continued,0.08461219882267164,130,131,5
continued,0.04631688336270332,130,131,6
continued,0.06571158896745687,130,131,7
continued,-0.04002597084955679,130,131,8
continued,0.11863596993315279,130,131,9
continued,0.05858771060851558,130,131,10
continued,0.11792553195670073,130,131,11
continued,0.11918875081161526,130,131,12
continued,0.15828643834097414,130,131,13
continued,0.15672761680000186,130,131,14
continued,0.08807620557998916,130,131,15
continued,0.12055466251981169,130,131,16
continued,0.13719014794664347,130,131,17
continued,0.16568150297357287,130,131,18
continued,0.05067175582090694,130,131,19
continued,0.17646255448525502,130,131,20
continued,0.08430525923732067,130,131,21
continued,0.11818032072704758,130,131,22
continued,0.14646146263514043,130,131,23
continued,0.07786432131435005,130,131,24
continued,0.17211768911311126,130,131,25
continued,0.08802601067794212,130,131,26
continued,0.09315166013990844,130,131,27
continued,0.1032022013564843,130,131,28
continued,0.16026177981410294,130,131,29
continued,0.04715109168403164,130,131,30
continued,0.054343545497086504,130,131,31
continued,0.11214197884627695,130,131,32
continued,0.14066889533806815,130,131,33
continued,0.030417472277912482,130,131,34
continued,0.14442289223880558,130,131,35
continued,0.1440409520489834,130,131,36
continued,0.13365981009693736,130,131,37
continued,0.05613312990738724,130,131,38
continued,0.1840707293703629,130,131,39
continued,0.10141635804259386,130,131,40
continued,0.09936961700426644,130,131,41
continued,0.12813603935369686,130,131,42
continued,0.11366904890340246,130,131,43
continued,0.08269613603279038,130,131,44
continued,0.015394530791608931,130,131,45
continued,0.15610505006239075,130,131,46
continued,0.1441576432915087,130,131,47
continued,0.10162863256385656,130,131,48
continued,0.1120016718358476,130,131,49
continued,0.14924675959603811,131,132,0
continued,0.11007992569760557,131,132,1
continued,0.131074355702522,131,132,2
continued,0.05985399707492511,131,132,3
continued,0.1503102931458604,131,132,4
continued,0.0504120655431701,131,132,5
continued,0.1258427332413092,131,132,6
continued,0.138370791687489,131,132,7
continued,0.01854923601668777,131,132,8
continued,0.07856681505949357,131,132,9
continued,0.20541274921831087,131,132,10
continued,0.10830971895948721,131,132,11
continued,0.20673647500715944,131,132,12
continued,0.11391251494202133,131,132,13
continued,0.14631696087921822,131,132,14
continued,-0.012604668158144148,131,132,15
continued,0.1420698900939371,131,132,16
continued,0.0982732936187441,131,132,17
continued,0.11909719897932627,131,132,18
continued,0.045821675477137676,131,132,19
continued,0.1539928984804375,131,132,20
continued,0.14164980196150762,131,132,21
continued,0.10474683660330371,131,132,22
continued,0.04330425156795605,131,132,23
continued,-0.027365696638031196,131,132,24
continued,0.12411867616017463,131,132,25
continued,0.1786591199912783,131,132,26
continued,0.08219716901045046,131,132,27
continued,0.2126048286380755,131,132,28
continued,0.21121344122235414,131,132,29
continued,0.08166798785959195,131,132,30
continued,0.16114019390723172,131,132,31
continued,0.057473727360733404,131,132,32
continued,0.128450266196826,131,132,33
continued,0.1446551149195132,131,132,34
continued,0.09786429489606231,131,132,35
continued,0.19509401772297974,131,132,36
continued,0.09023522363511664,131,132,37
continued,0.10456201651097559,131,132,38
continued,0.21447994042777735,131,132,39
continued,0.048633126180812856,131,132,40
continued,0.06107718648077301,131,132,41
continued,0.0471364269730901,131,132,42
continued,0.16958177537763927,131,132,43
continued,0.09568641146346016,131,132,44
continued,0.010988277775330815,131,132,45
continued,0.09976335416628689,131,132,46
continued,0.07808053309951855,131,132,47
continued,-0.007208053954720992,131,132,48
continued,0.15611113805846763,131,132,49
continued,0.1568913348954921,132,133,0
continued,0.07391422609190292,132,133,1
continued,0.17164922374239158,132,133,2
continued,0.09235395314338131,132,133,3
continued,0.20437963488878466,132,133,4
continued,0.01901938593878527,132,133,5
continued,0.052937831539686654,132,133,6
continued,0.09199091341160381,132,133,7
continued,0.11335164884317651,132,133,8
continued,0.19437351176316983,132,133,9
continued,0.046031113547167886,132,133,10
continued,0.11499501348341284,132,133,11
continued,-0.025234669373195226,132,133,12
continued,0.1855047325436198,132,133,13
continued,0.14084851474710108,132,133,14
continued,0.03582656685538675,132,133,15
continued,0.1321895057053874,132,133,16
continued,0.07398428374942079,132,133,17
continued,0.028568161248206755,132,133,18
continued,0.18846158326251816,132,133,19
continued,0.1659927563876944,132,133,20
continued,0.02021377373977417,132,133,21
continued,0.1271903474255592,132,133,22
continued,0.16117320264168936,132,133,23
continued,0.07025176945843215,132,133,24
continued,0.08673114371434947,132,133,25
continued,0.0969600253196629,132,133,26
continued,0.06253156615646366,132,133,27
continued,0.12844890796955002,132,133,28
continued,0.07020212414245572,132,133,29
continued,0.0001550529499615899,132,133,30
continued,0.09977223642320941,132,133,31
continued,0.09448998690329333,132,133,32
continued,0.039764351624201694,132,133,33
continued,0.019814954006044203,132,133,34
continued,0.08607783475758933,132,133,35
continued,0.06583009491299695,132,133,36
continued,0.10504696810139248,132,133,37
continued,0.1944200152300333,132,133,38
continued,-0.0014477304896621478,132,133,39
continued,0.12965035910494996,132,133,40
continued,0.05263193200274627,132,133,41
continued,0.09803489387518992,132,133,42
continued,0.1216629851836235,132,133,43
continued,0.1312358886969316,132,133,44
continued,0.1359402408146832,132,133,45
continued,0.10961146970449867,132,133,46
continued,0.19067173191994916,132,133,47
continued,0.09941690520959667,132,133,48
continued,0.11517166507735047,132,133,49
continued,0.09944911793681702,133,134,0
continued,0.07927687359081527,133,134,1
continued,0.13720245180268528,133,134,2
continued,0.058540573751398574,133,134,3
continued,0.06243738173278844,133,134,4
continued,0.21619107630334655,133,134,5
continued,0.017722244204366636,133,134,6
continued,0.13398956542284188,133,134,7
continued,0.05286504847452274,133,134,8
continued,0.148630972849837,133,134,9
continued,-0.048942498794908945,133,134,10
continued,0.1137753089901041,133,134,11
continued,0.014435065472035113,133,134,12
continued,0.16277766042046662,133,134,13
continued,0.22383554551274856,133,134,14
continued,0.06454749615939696,133,134,15
continued,0.1694501037163809,133,134,16
continued,0.10168122849536851,133,134,17
continued,0.2193606221753401,133,134,18
continued,0.14716974060496624,133,134,19
continued,0.16442643880751356,133,134,20
continued,0.05468388289426238,133,134,21
continued,0.09796520598478264,133,134,22
continued,0.1323063610542793,133,134,23
continued,0.17624282507888908,133,134,24
continued,0.14001513723957387,133,134,25
continued,0.07840125377852211,133,134,26
continued,0.18239487554223568,133,134,27
continued,0.05057852501647826,133,134,28
continued,0.07246421590109542,133,134,29
continued,0.09267858809213647,133,134,30
continued,0.20946729816066767,133,134,31
continued,0.14716140356542845,133,134,32
continued,0.10396853292948285,133,134,33
continued,0.05880870105750026,133,134,34
continued,0.08848045565280022,133,134,35
continued,0.08305717603934419,133,134,36
continued,0.03689330142883536,133,134,37
continued,0.13155254072265937,133,134,38
continued,0.1451380818505744,133,134,39
continued,0.11847059816925481,133,134,40
continued,0.04597774042393575,133,134,41
continued,0.005872126246605658,133,134,42
continued,0.14548068293668892,133,134,43
continued,0.09795637210074482,133,134,44
continued,0.13376001821520186,133,134,45
continued,0.16597160351013301,133,134,46
continued,0.011154969493918854,133,134,47
continued,0.15007123739951658,133,134,48
continued,0.2180494538787678,133,134,49
continued,0.16952045610581118,134,135,0
continued,0.1468050324000833,134,135,1
continued,0.2280393312943048,134,135,2
continued,0.1420348457721616,134,135,3
continued,0.12997735841682026,134,135,4
continued,0.19898735395900838,134,135,5
continued,0.15682447433131555,134,135,6
continued,0.16535259760928364,134,135,7
continued,0.09160646699576369,134,135,8
continued,0.047292238561639915,134,135,9
continued,0.1251064781786442,134,135,10
continued,0.060526106022900046,134,135,11
continued,-0.007508214498719934,134,135,12
continued,0.14927352397363453,134,135,13
continued,0.14670979958267666,134,135,14
continued,0.15365116203199058,134,135,15
continued,0.07733490593612495,134,135,16
continued,0.06421263607267681,134,135,17
continued,0.010130314306565925,134,135,18
continued,0.12726353540316226,134,135,19
continued,0.08401285419031529,134,135,20
continued,0.10893406710977492,134,135,21
continued,0.15801423750359503,134,135,22
continued,0.10836934516959504,134,135,23
continued,0.2514166438599318,134,135,24
continued,0.19901434697128687,134,135,25
continued,0.16294070370305622,134,135,26
continued,0.16712181546738294,134,135,27
continued,0.17512916117593771,134,135,28
continued,0.04764445939456612,134,135,29
continued,0.16159227747251953,134,135,30
continued,0.06798059045679297,134,135,31
continued,0.13596376892577605,134,135,32
continued,0.13803656197547678,134,135,33
continued,0.07071726580204596,134,135,34
continued,0.08940351568666863,134,135,35
continued,0.1417277938664091,134,135,36
continued,0.02618296737762873,134,135,37
continued,0.11749232370163265,134,135,38
continued,0.06500684798122201,134,135,39
continued,0.09270568835584857,134,135,40
continued,0.06624805976684459,134,135,41
continued,0.09651015530263977,134,135,42
continued,0.10278259379673227,134,135,43
continued,0.10396618734329555,134,135,44
continued,0.13996753727765188,134,135,45
continued,0.09557930381351612,134,135,46
continued,-0.019461395531238216,134,135,47
continued,0.14885445812366627,134,135,48
continued,0.10552649918521578,134,135,49
continued,0.14644680799639603,135,136,0
continued,0.07983692744554684,135,136,1
continued,0.062355551040481294,135,136,2
continued,0.14429853850744653,135,136,3
continued,0.08939553613204924,135,136,4
continued,0.09213320453767293,135,136,5
continued,0.14525302622678216,135,136,6
continued,0.32503026731794993,135,136,7
continued,0.11639484757814536,135,136,8
continued,0.16853852220320292,135,136,9
continued,0.0904382628682604,135,136,10
continued,-0.05464262202336529,135,136,11
continued,0.08058307401474178,135,136,12
continued,0.23511172479220022,135,136,13
continued,0.11234104673206965,135,136,14
continued,0.05928267154492545,135,136,15
continued,0.11479607959641201,135,136,16
continued,0.16698534142628302,135,136,17
continued,0.11160320403211585,135,136,18
continued,0.07861844818450195,135,136,19
continued,0.058326817116007755,135,136,20
continued,0.09408055181738478,135,136,21
continued,0.11054625567233986,135,136,22
continued,0.15965329661847474,135,136,23
continued,0.15748589447188557,135,136,24
continued,0.17197620947557477,135,136,25
continued,0.11167389847226485,135,136,26
continued,0.1361099069885097,135,136,27
continued,0.1362190071539998,135,136,28
continued,0.08918847463055192,135,136,29
continued,0.12985225559475377,135,136,30
continued,0.17803219893421787,135,136,31
continued,0.06787617562574758,135,136,32
continued,0.11128264961115943,135,136,33
continued,0.08885467084913275,135,136,34
continued,0.09440525456456135,135,136,35
continued,0.1707185337800973,135,136,36
continued,0.12110236661948141,135,136,37
continued,0.07942064129224173,135,136,38
continued,-0.016919516498463474,135,136,39
continued,0.09628481923691891,135,136,40
continued,0.13930635258031024,135,136,41
continued,0.1031742438310839,135,136,42
continued,0.04719158080584396,135,136,43
continued,0.15769941607513022,135,136,44
continued,0.17990593120027087,135,136,45
continued,0.14658717515732078,135,136,46
continued,0.12081431645436207,135,136,47
continued,0.1583150641826512,135,136,48
continued,0.10703450819828843,135,136,49
continued,0.17659328379106018,136,137,0
continued,0.08977385630942697,136,137,1
continued,0.07694870801441668,136,137,2
continued,0.07780970088716155,136,137,3
continued,0.15535537633897967,136,137,4
continued,0.1361386995200283,136,137,5
continued,0.15721617041635116,136,137,6
continued,0.09030014366732049,136,137,7
continued,-0.006536509244120204,136,137,8
continued,0.10699824866854822,136,137,9
continued,-0.04282135089546886,136,137,10
continued,0.12059188504035893,136,137,11
continued,0.11565435577366888,136,137,12
continued,0.0137640566718875,136,137,13
continued,0.11420313542300861,136,137,14
continued,-0.08717047634166303,136,137,15
continued,0.16044364107075487,136,137,16
continued,0.14310800954667313,136,137,17
continued,0.17393624447640807,136,137,18
continued,0.15067803229060875,136,137,19
continued,0.08753828217033917,136,137,20
continued,0.10813159131949868,136,137,21
continued,0.013126265176805266,136,137,22
continued,0.2228458368332637,136,137,23
continued,0.12296614442691967,136,137,24
continued,0.10696678615487452,136,137,25
continued,0.11077798691827445,136,137,26
continued,0.021762722713200497,136,137,27
continued,0.07814049089419817,136,137,28
continued,0.044113660927212306,136,137,29
continued,0.14226296602282548,136,137,30
continued,0.11429817171101696,136,137,31
continued,0.10682451296873631,136,137,32
continued,0.06294368978004615,136,137,33
continued,0.12295555975669936,136,137,34
continued,0.07215376758523602,136,137,35
continued,0.2796484496453625,136,137,36
continued,0.10444765100702895,136,137,37
continued,0.10362402746558978,136,137,38
continued,0.05484511108155761,136,137,39
continued,0.10173595034995182,136,137,40
continued,0.1047506042925873,136,137,41
continued,0.03485335119934383,136,137,42
continued,0.1205243664097406,136,137,43
continued,0.1795642499309661,136,137,44
continued,0.10622921415180614,136,137,45
continued,0.11810679902046502,136,137,46
continued,0.15577181000348322,136,137,47
continued,0.1413437378162191,136,137,48
continued,0.21802402910909588,136,137,49
continued,0.15050043334488622,137,138,0
continued,0.05893137966947338,137,138,1
continued,0.17145053742540062,137,138,2
continued,0.13439160887132406,137,138,3
continued,0.1028137726531801,137,138,4
continued,0.07296448973567049,137,138,5
continued,0.07776803069222972,137,138,6
continued,0.12295071669723266,137,138,7
continued,0.06257613115176616,137,138,8
continued,0.13856751518000884,137,138,9
continued,0.10663348857869508,137,138,10
continued,0.08080688241764623,137,138,11
continued,0.1449812426057494,137,138,12
continued,0.1507280219652282,137,138,13
continued,0.13232505238009395,137,138,14
continued,0.11046355985245886,137,138,15
continued,0.11105276809816622,137,138,16
continued,0.18192624069452143,137,138,17
continued,-0.022448397148585306,137,138,18
continued,0.13226428830724066,137,138,19
continued,0.19602332877633147,137,138,20
continued,0.13866366846758868,137,138,21
continued,0.12149837583548986,137,138,22
continued,0.10670415210325458,137,138,23
continued,0.03373395732335526,137,138,24
continued,0.11586152305897443,137,138,25
continued,0.06619506820345535,137,138,26
continued,0.009507845845066153,137,138,27
continued,0.12134976411732984,137,138,28
continued,0.07743063148104644,137,138,29
continued,0.17323477044278882,137,138,30
continued,0.20764107844298357,137,138,31
continued,0.05333304825348494,137,138,32
continued,0.16405702625883653,137,138,33
continued,0.1003238199600413,137,138,34
continued,0.13897294610515298,137,138,35
continued,0.1188557223918853,137,138,36
continued,0.20563902585501903,137,138,37
continued,0.09046858691290276,137,138,38
continued,0.06756201844443091,137,138,39
continued,0.16854139305456353,137,138,40
continued,0.1480375115732849,137,138,41
continued,0.16153318976773698,137,138,42
continued,0.1298247548496339,137,138,43
continued,0.07505038742541863,137,138,44
continued,0.14713772512614615,137,138,45
continued,0.06759276395245578,137,138,46
continued,0.039308132508217755,137,138,47
continued,0.20309204469224343,137,138,48
continued,0.1715714012950738,137,138,49
continued,0.0987877744675756,138,139,0
continued,0.017312810514832418,138,139,1
continued,0.02801483200699158,138,139,2
continued,0.05835510466626875,138,139,3
continued,0.14590036588243377,138,139,4
continued,0.08611298949049542,138,139,5
continued,0.06669057140721629,138,139,6
continued,0.05729781148623241,138,139,7
continued,0.10099714774806388,138,139,8
continued,0.11337908212488877,138,139,9
continued,0.15964769412133592,138,139,10
continued,0.1250669587239927,138,139,11
continued,0.1324762004894845,138,139,12
continued,0.08280124519201346,138,139,13
continued,0.10749163079482268,138,139,14
continued,0.06562711405634376,138,139,15
continued,0.1110760670423051,138,139,16
continued,0.15042336969037137,138,139,17
continued,0.08552342336769926,138,139,18
continued,0.20117951671908713,138,139,19
continued,0.10599811436224926,138,139,20
continued,0.09182135001612016,138,139,21
continued,0.1264332401871739,138,139,22
continued,0.1617616587949612,138,139,23
continued,0.13955424971338642,138,139,24
continued,0.020612342882663167,138,139,25
continued,0.0700827494824127,138,139,26
continued,0.14816999799179087,138,139,27
continued,0.03162943273843187,138,139,28
continued,0.060934247066720425,138,139,29
continued,0.08729818878061046,138,139,30
continued,0.08049189662338303,138,139,31
continued,0.21235520649813908,138,139,32
continued,0.10126705460989031,138,139,33
continued,0.0959589066190509,138,139,34
continued,0.049890090144605236,138,139,35
continued,0.10330898955833208,138,139,36
continued,0.2199487446824733,138,139,37
continued,0.018488865180699022,138,139,38
continued,0.1837504399287936,138,139,39
continued,0.07654658188275537,138,139,40
continued,0.13947689857438966,138,139,41
continued,0.01002336254598303,138,139,42
continued,0.09106897934140581,138,139,43
continued,0.041235390916492635,138,139,44
continued,0.02001742080906099,138,139,45
continued,0.09939738170124048,138,139,46
continued,0.2369186216565758,138,139,47
continued,0.1981710024032808,138,139,48
continued,0.0696448725175861,138,139,49
continued,0.1765526755831255,139,140,0
continued,0.07399158098768435,139,140,1
continued,0.06797057763432306,139,140,2
continued,0.08648340133809462,139,140,3
continued,0.19130564400369796,139,140,4
continued,0.07365798809534765,139,140,5
continued,0.1815029301217806,139,140,6
continued,0.1646446119807604,139,140,7
continued,0.13007238555935227,139,140,8
continued,0.09627237716824462,139,140,9
continued,0.11441006176931784,139,140,10
continued,0.033360372568724636,139,140,11
continued,0.03720578700200481,139,140,12
continued,0.07770646509415857,139,140,13
continued,0.14007198131464843,139,140,14
continued,0.01795201331181452,139,140,15
continued,0.1701853629816339,139,140,16
continued,0.08759313932258106,139,140,17
continued,0.018354038427694407,139,140,18
continued,0.18250530262666592,139,140,19
continued,0.004031337401636832,139,140,20
continued,0.11632221063183779,139,140,21
continued,0.0824012849950262,139,140,22
continued,0.19080308738158555,139,140,23
continued,0.05686951931667839,139,140,24
continued,0.13631115801643026,139,140,25
continued,0.10228328338288077,139,140,26
continued,0.04961261448505003,139,140,27
continued,0.011528869387247832,139,140,28
continued,0.02310151679153803,139,140,29
continued,0.04719636801520901,139,140,30
continued,0.1107532983511107,139,140,31
continued,0.2087833269355704,139,140,32
continued,0.08374658862594457,139,140,33
continued,0.10698260002334953,139,140,34
continued,0.13364611529979847,139,140,35
continued,0.07347747250847131,139,140,36
continued,0.19634625427810232,139,140,37
continued,0.019119877942265273,139,140,38
continued,0.2217037467583161,139,140,39
continued,0.16656441473923705,139,140,40
continued,0.11023539958659834,139,140,41
continued,0.0910537778143515,139,140,42
continued,0.185244710147014,139,140,43
continued,0.059964960409271566,139,140,44
continued,0.05550432121700193,139,140,45
continued,0.05160908580139641,139,140,46
continued,0.12636507431457114,139,140,47
continued,0.09272371660762822,139,140,48
continued,0.12065080176524985,139,140,49
continued,0.06902816878521076,140,141,0
continued,0.0546574124899376,140,141,1
continued,0.08116881714009001,140,141,2
continued,0.0972289789892696,140,141,3
continued,0.06495587919812879,140,141,4
continued,0.10186542207381047,140,141,5
continued,0.18364826514769378,140,141,6
continued,0.09111768314866074,140,141,7
continued,0.06594474710937864,140,141,8
continued,0.1459036576386759,140,141,9
continued,0.0820293243185489,140,141,10
continued,0.06454255479637755,140,141,11
continued,0.07184362790556176,140,141,12
continued,0.18631098572498778,140,141,13
continued,-0.005633526930218329,140,141,14
continued,0.06147743879560576,140,141,15
continued,0.04074468906187341,140,141,16
continued,0.11304723249246157,140,141,17
continued,0.1508708936132186,140,141,18
continued,0.0993195814251558,140,141,19
continued,0.08028394491137898,140,141,20
continued,0.1024096296689487,140,141,21
continued,0.1079959307507858,140,141,22
continued,0.07023055955102492,140,141,23
continued,0.17586436888102774,140,141,24
continued,0.17138848225344197,140,141,25
continued,0.10351786979184263,140,141,26
continued,0.15128886329817728,140,141,27
continued,0.10457510642328265,140,141,28
continued,0.1463466890029959,140,141,29
continued,0.25079014775563196,140,141,30
continued,0.13885975321560567,140,141,31
continued,0.08941055145968936,140,141,32
continued,0.12662656439536038,140,141,33
continued,0.09299784633083645,140,141,34
continued,0.13772058740374912,140,141,35
continued,0.1114589435378792,140,141,36
continued,0.0908206269558704,140,141,37
continued,0.15063836545978035,140,141,38
continued,0.1282342179104286,140,141,39
continued,0.04525799302860065,140,141,40
continued,0.10237439388557631,140,141,41
continued,0.08003274505660998,140,141,42
continued,0.05833335583369712,140,141,43
continued,0.12872241711883958,140,141,44
continued,0.107409978110433,140,141,45
continued,0.01423111614397412,140,141,46
continued,0.2517545509250278,140,141,47
continued,0.07390355943373293,140,141,48
continued,0.0774193592710242,140,141,49
continued,0.2477943440553563,141,142,0
continued,0.16077071338640553,141,142,1
continued,0.11907736016585946,141,142,2
continued,0.0005826563614918053,141,142,3
continued,0.09821767947774777,141,142,4
continued,0.06532849002300323,141,142,5
continued,0.10606911121207924,141,142,6
continued,0.03169015305187458,141,142,7
continued,0.08803256069501465,141,142,8
continued,0.08949931902572252,141,142,9
continued,0.09513219438634457,141,142,10
continued,0.08168401501766591,141,142,11
continued,0.01613324235526594,141,142,12
continued,0.014557721359112182,141,142,13
continued,0.13392878376744294,141,142,14
continued,0.11182239117481498,141,142,15
continued,0.10349654439502631,141,142,16
continued,0.06099821130833398,141,142,17
continued,0.10815638995903122,141,142,18
continued,0.09246635410754393,141,142,19
continued,0.17363236725862996,141,142,20
continued,0.08650029966162588,141,142,21
continued,0.20017322969372486,141,142,22
continued,0.1738585215189858,141,142,23
continued,0.09636004554484022,141,142,24
continued,0.0638524932281108,141,142,25
continued,0.1122523408212533,141,142,26
continued,0.11782371607266806,141,142,27
continued,0.08966123121386109,141,142,28
continued,0.10768497992365947,141,142,29
continued,0.11199472231559206,141,142,30
continued,0.15209034375192834,141,142,31
continued,0.06358767351788443,141,142,32
continued,0.17126215333221873,141,142,33
continued,0.07813800953038272,141,142,34
continued,0.1492271698314896,141,142,35
continued,0.037010456742416105,141,142,36
continued,0.11830165885076145,141,142,37
continued,0.13365299911237807,141,142,38
continued,0.08051204046698847,141,142,39
continued,0.15388300176695205,141,142,40
continued,0.22002629673741936,141,142,41
continued,0.08254023996956793,141,142,42
continued,0.08387027684984881,141,142,43
continued,0.13778212602521575,141,142,44
continued,0.10587278197336014,141,142,45
continued,0.08826017078125976,141,142,46
continued,0.14699510333389793,141,142,47
continued,0.10527205256339658,141,142,48
continued,0.1631614471755096,141,142,49
continued,0.1660997050324983,142,143,0
continued,0.040484456152053414,142,143,1
continued,0.12635448018469977,142,143,2
continued,-0.017318177466192356,142,143,3
continued,0.12672685544230836,142,143,4
continued,-0.014512376769069357,142,143,5
continued,0.16177945879878802,142,143,6
continued,0.14246489568661477,142,143,7
continued,0.1454633182374822,142,143,8
continued,0.09159774904964336,142,143,9
continued,0.04303154391873855,142,143,10
continued,0.12319523587125925,142,143,11
continued,0.028142603902655695,142,143,12
continued,0.05545306709090578,142,143,13
continued,0.07070843337052805,142,143,14
continued,0.1687932632979953,142,143,15
continued,0.05908003275253512,142,143,16
continued,0.27908159957170386,142,143,17
continued,0.18384882708302938,142,143,18
continued,0.1004359500112599,142,143,19
continued,0.20248306132098645,142,143,20
continued,0.121793118739,142,143,21
continued,0.09366226500542375,142,143,22
continued,0.16256244672555148,142,143,23
continued,0.17537404734061132,142,143,24
continued,0.09607276329430092,142,143,25
continued,0.08510433644436069,142,143,26
continued,0.15609038866402727,142,143,27
continued,0.12620612680006774,142,143,28
continued,0.15992119242135802,142,143,29
continued,0.07073764608387863,142,143,30
continued,0.08222397039043547,142,143,31
continued,0.11223065438928151,142,143,32
continued,0.031535458195268984,142,143,33
continued,0.023081558249756717,142,143,34
continued,0.08842498624277684,142,143,35
continued,0.18270512053177562,142,143,36
continued,0.08459973394195565,142,143,37
continued,0.13872790004431554,142,143,38
continued,0.07612080263882902,142,143,39
continued,0.05356052363308719,142,143,40
continued,0.16292576629672134,142,143,41
continued,0.02281131818126986,142,143,42
continued,0.0261339742622837,142,143,43
continued,0.12157936653939157,142,143,44
continued,0.23980561513780044,142,143,45
continued,0.22196913670758436,142,143,46
continued,0.11157326608701164,142,143,47
continued,0.1699526994794581,142,143,48
continued,0.147290043762061,142,143,49
continued,0.1814758989300817,143,144,0
continued,0.0677661175108886,143,144,1
continued,0.03947290814432852,143,144,2
continued,0.137640631264939,143,144,3
continued,0.18042583064696519,143,144,4
continued,0.07282488812782573,143,144,5
continued,0.07073109054226037,143,144,6
continued,0.13535219200004261,143,144,7
continued,0.1826179966708477,143,144,8
continued,0.17976297863389243,143,144,9
continued,0.1546419680706076,143,144,10
continued,0.1175707264676622,143,144,11
continued,0.15300835385745296,143,144,12
continued,0.04834439064719815,143,144,13
continued,0.19298766630776074,143,144,14
continued,0.028905526379010487,143,144,15
continued,0.17330572401145528,143,144,16
continued,0.1819837352734627,143,144,17
continued,0.1402417560386118,143,144,18
continued,0.146415188633943,143,144,19
continued,0.1998848614937306,143,144,20
continued,0.17122378198846547,143,144,21
continued,0.13083324534628823,143,144,22
continued,0.11749679570138583,143,144,23
continued,0.11714681830928715,143,144,24
continued,0.03557274766638015,143,144,25
continued,-0.014381122732782595,143,144,26
continued,0.10153748374553395,143,144,27
continued,-0.011367054067713149,143,144,28
continued,-0.006164498391664452,143,144,29
continued,0.06113145679382272,143,144,30
continued,0.032831205365638876,143,144,31
continued,0.09019223410146125,143,144,32
continued,0.09891697702165063,143,144,33
continued,0.05029156437802181,143,144,34
continued,0.11317660720087043,143,144,35
continued,0.13315257861587274,143,144,36
continued,0.17721288692025502,143,144,37
continued,0.14596309083528938,143,144,38
continued,0.07925848476756282,143,144,39
continued,0.05990891601218492,143,144,40
continued,0.050662865482320886,143,144,41
continued,0.08157269296495558,143,144,42
continued,0.17258573863559465,143,144,43
continued,0.03048644371388091,143,144,44
continued,0.15319057675791453,143,144,45
continued,0.08478618133258707,143,144,46
continued,0.13929351464613984,143,144,47
continued,0.20838273602792448,143,144,48
continued,0.09802408572563005,143,144,49
continued,0.07401932118026744,144,145,0
continued,0.00944805758418584,144,145,1
continued,0.08131340213034713,144,145,2
continued,0.06257411385990667,144,145,3
continued,0.015676106956079187,144,145,4
continued,0.16062191810889723,144,145,5
continued,0.11708297810256948,144,145,6
continued,0.14939437276776618,144,145,7
continued,0.024047273035232408,144,145,8
continued,0.10680236578319736,144,145,9
continued,0.0776664488558359,144,145,10
continued,0.14759460909494337,144,145,11
continued,0.05227134400369263,144,145,12
continued,0.11988156373501732,144,145,13
continued,0.19508895401022547,144,145,14
continued,0.1592264007834844,144,145,15
continued,0.09673033185771913,144,145,16
continued,0.07967638273416451,144,145,17
continued,0.10767034822561405,144,145,18
continued,0.1174838556572296,144,145,19
continued,0.1929076732984992,144,145,20
continued,0.1426668563620708,144,145,21
continued,0.16580222970080014,144,145,22
continued,0.007575608864665525,144,145,23
continued,0.041975001922707235,144,145,24
continued,0.008360073323239185,144,145,25
continued,-0.04038886468151558,144,145,26
continued,0.1171489793660278,144,145,27
continued,0.05080362282333311,144,145,28
continued,0.1941927829088965,144,145,29
continued,0.004476023426685607,144,145,30
continued,0.12157735227064925,144,145,31
continued,0.12800311697821187,144,145,32
continued,0.20589718448010916,144,145,33
continued,0.013521972570459522,144,145,34
continued,0.17378507476917418,144,145,35
continued,0.14233957955152077,144,145,36
continued,0.1404175012399685,144,145,37
continued,0.1400797499166273,144,145,38
continued,0.04220589152456503,144,145,39
continued,0.11101254213571722,144,145,40
continued,0.17438351681874645,144,145,41
continued,0.06987870469503157,144,145,42
continued,0.18565837531591595,144,145,43
continued,0.1436718189530317,144,145,44
continued,0.15623016652990315,144,145,45
continued,0.16234641157644705,144,145,46
continued,0.06117723025622694,144,145,47
continued,0.15396937658712084,144,145,48
continued,0.17488677462123473,144,145,49
continued,0.025951415088488413,145,146,0
continued,0.055234417665706574,145,146,1
continued,0.20448653085085539,145,146,2
continued,0.16154130518099916,145,146,3
continued,0.05445337546348622,145,146,4
continued,0.016615318934275643,145,146,5
continued,0.11553701978357458,145,146,6
continued,0.07585626739532132,145,146,7
continued,0.0011377903252611404,145,146,8
continued,0.03812150378340227,145,146,9
continued,0.08268291220184615,145,146,10
continued,0.11994932114466206,145,146,11
continued,0.14680524526084496,145,146,12
continued,0.14560617640433868,145,146,13
continued,0.1865394886205564,145,146,14
continued,0.09977659757955162,145,146,15
continued,0.1953895312087597,145,146,16
continued,0.17159305597305954,145,146,17
continued,0.12783642973107986,145,146,18
continued,0.06260781196232588,145,146,19
continued,0.14757808070148198,145,146,20
continued,0.10255507967302556,145,146,21
continued,0.1443317453809027,145,146,22
continued,0.1347384716485194,145,146,23
continued,0.03678970458747756,145,146,24
continued,-0.0028434636460172007,145,146,25
continued,0.03201365118485937,145,146,26
continued,0.03338883021950514,145,146,27
continued,0.14402061230088162,145,146,28
continued,0.14975942247357288,145,146,29
continued,0.12293428292035127,145,146,30
continued,0.10072662828262659,145,146,31
continued,-0.031240074879771,145,146,32
continued,0.0726357548394266,145,146,33
continued,0.11638270916940952,145,146,34
continued,0.1569353077747942,145,146,35
continued,0.0908664749133505,145,146,36
continued,0.028456588139760812,145,146,37
continued,0.05162658699033676,145,146,38
continued,0.17063911281137828,145,146,39
continued,0.16950570052471076,145,146,40
continued,0.11903228294180458,145,146,41
continued,0.15047319366090026,145,146,42
continued,0.07643950540905367,145,146,43
continued,0.19172310937225995,145,146,44
continued,0.07587948880167183,145,146,45
continued,0.03915216231530729,145,146,46
continued,0.0856455725568503,145,146,47
continued,-0.024042800928121697,145,146,48
continued,0.0963341131380741,145,146,49
continued,0.06950785140072296,146,147,0
continued,0.11913974872738901,146,147,1
continued,0.13764458802903823,146,147,2
continued,0.14191177517991932,146,147,3
continued,0.07546303200545769,146,147,4
continued,0.07497252752126134,146,147,5
continued,0.03788596111155712,146,147,6
continued,0.021617179187498402,146,147,7
continued,0.1753666364740282,146,147,8
continued,0.04059216088251745,146,147,9
continued,-0.019774267525532012,146,147,10
continued,0.20406202224855985,146,147,11
continued,0.10670954867437266,146,147,12
continued,0.08852045106177973,146,147,13
continued,0.08891330748908262,146,147,14
continued,0.05344487436266038,146,147,15
continued,0.2266688732177165,146,147,16
continued,0.20540248558781854,146,147,17
continued,0.15500828011219858,146,147,18
continued,0.038640789125014126,146,147,19
continued,0.14143008553688938,146,147,20
continued,0.16081294967154813,146,147,21
continued,0.049618871926077064,146,147,22
continued,0.08588865235990917,146,147,23
continued,0.14715029099309224,146,147,24
continued,0.045697250968128024,146,147,25
continued,0.16906429541128856,146,147,26
continued,0.19815939437475089,146,147,27
continued,0.141151620560436,146,147,28
continued,0.0930501301883651,146,147,29
continued,0.11473238631070427,146,147,30
continued,0.08785870767428623,146,147,31
continued,0.04077544643153359,146,147,32
continued,0.0530983661167472,146,147,33
continued,0.06871291375163453,146,147,34
continued,0.1924911632185032,146,147,35
continued,0.13176871501696327,146,147,36
continued,0.14553535300085887,146,147,37
continued,0.09946150991561334,146,147,38
continued,0.10695919267184387,146,147,39
continued,0.12046347419741762,146,147,40
continued,0.033632076058056286,146,147,41
continued,0.11705070271237505,146,147,42
continued,0.11268439456805787,146,147,43
continued,0.23289660243259278,146,147,44
continued,0.03532974303361921,146,147,45
continued,0.0916640613833538,146,147,46
continued,0.042731437868428694,146,147,47
continued,0.12504470652410496,146,147,48
continued,0.013988962860275032,146,147,49
continued,0.17892794535415563,147,148,0
continued,0.065198023077364,147,148,1
continued,0.10588920264589209,147,148,2
continued,0.146650357059094,147,148,3
continued,0.1861648496128218,147,148,4
continued,0.12213095159150483,147,148,5
continued,0.16477981311547202,147,148,6
continued,0.09564895999877307,147,148,7
continued,-0.02619061252490358,147,148,8
continued,0.03607502012068272,147,148,9
continued,0.1771792695154074,147,148,10
continued,-0.011753573866553091,147,148,11
continued,0.14562693468032442,147,148,12
continued,0.13818618297256266,147,148,13
continued,0.059418906205164226,147,148,14
continued,0.11039312950098054,147,148,15
continued,0.09950485554466164,147,148,16
continued,0.17740331504452567,147,148,17
continued,0.07634120493570921,147,148,18
continued,0.07883198013552448,147,148,19
continued,0.13796074627163687,147,148,20
continued,0.07668546343558735,147,148,21
continued,0.013511872550526122,147,148,22
continued,0.125853610375125,147,148,23
continued,0.12388540236304076,147,148,24
continued,0.025449994852002354,147,148,25
continued,0.2379340080995312,147,148,26
continued,0.10309176360348203,147,148,27
continued,0.19506142950625394,147,148,28
continued,0.14258322806347282,147,148,29
continued,0.1363018331465693,147,148,30
continued,0.08056081438959699,147,148,31
continued,0.08471156978241036,147,148,32
continued,0.14504168414351906,147,148,33
continued,0.18290814006897135,147,148,34
continued,0.040544530146464614,147,148,35
continued,0.17928815431074727,147,148,36
continued,0.07696340611259857,147,148,37
continued,0.1719060276419155,147,148,38
continued,0.0633912153661782,147,148,39
continued,0.1824114834853405,147,148,40
continued,0.09985688710414636,147,148,41
continued,0.12300950466474031,147,148,42
continued,0.14529589411740296,147,148,43
continued,0.16927273512687913,147,148,44
continued,0.013459314233130987,147,148,45
continued,0.0763711001926043,147,148,46
continued,0.12319620960799293,147,148,47
continued,0.10834648302240628,147,148,48
continued,0.008663375120112985,147,148,49
continued,0.0650886782948125,148,149,0
continued,0.11172117859105585,148,149,1
continued,0.1859079705681597,148,149,2
continued,0.03125150621326518,148,149,3
continued,0.13041193778534704,148,149,4
continued,0.05493487629642595,148,149,5
continued,0.25054660864664957,148,149,6
continued,-0.0056323167240177946,148,149,7
continued,0.06240409485110142,148,149,8
continued,0.13823304541171494,148,149,9
continued,0.0560230193760525,148,149,10
continued,0.1269150063419917,148,149,11
continued,-0.06216417646933829,148,149,12
continued,0.1587959351466876,148,149,13
continued,0.13452988646251846,148,149,14
continued,0.14669495993221057,148,149,15
continued,0.1576354813450916,148,149,16
continued,0.12309452513633037,148,149,17
continued,0.10036533747639645,148,149,18
continued,0.09980350387049503,148,149,19
continued,0.038199833152854,148,149,20
continued,0.17488076960434026,148,149,21
continued,0.11984659139841047,148,149,22
continued,0.15012413982250988,148,149,23
continued,0.038771441936905744,148,149,24
continued,0.19709234237487233,148,149,25
continued,0.06795853644302241,148,149,26
continued,0.12457386859913121,148,149,27
continued,0.1309837624205623,148,149,28
continued,0.13452305155837818,148,149,29
continued,0.07121519989111258,148,149,30
continued,0.1100766711221832,148,149,31
continued,0.08049499370746689,148,149,32
continued,0.19191050063695422,148,149,33
continued,0.1096455155776273,148,149,34
continued,0.16730448467623857,148,149,35
continued,0.16485818553370396,148,149,36
continued,0.05328116534427456,148,149,37
continued,0.19063365857427939,148,149,38
continued,0.07372189396253243,148,149,39
continued,0.1649085580808863,148,149,40
continued,0.10294828589206212,148,149,41
continued,0.1241319414813791,148,149,42
continued,0.05650629456515651,148,149,43
continued,0.1266726590304905,148,149,44
continued,0.10015577732989007,148,149,45
continued,0.040546613028676494,148,149,46
continued,0.09215366437852325,148,149,47
continued,0.09833492788762431,148,149,48
continued,0.11118244668941858,148,149,49
continued,0.05756021131824638,149,150,0
continued,0.15302273794142474,149,150,1
continued,0.14514363620314952,149,150,2
continued,0.06411731727216786,149,150,3
continued,-0.001244798166607255,149,150,4
continued,0.1749582974117183,149,150,5
continued,0.10821193524764626,149,150,6
continued,-0.01600124165547971,149,150,7
continued,0.008431836309883839,149,150,8
continued,0.13407285487391268,149,150,9
continued,0.13029540478214716,149,150,10
continued,0.14596839819847293,149,150,11
continued,0.1733276547544541,149,150,12
continued,0.21051951188224224,149,150,13
continued,-0.002278178959375496,149,150,14
continued,0.18600884777952756,149,150,15
continued,0.1871436476383624,149,150,16
continued,0.08929307036015847,149,150,17
continued,0.025244514853740234,149,150,18
continued,0.17076034885466196,149,150,19
continued,0.10978912503762961,149,150,20
continued,0.10013822831800298,149,150,21
continued,0.15185061295807642,149,150,22
continued,0.15610432791639509,149,150,23
continued,0.08598977084892082,149,150,24
continued,0.06115760638904616,149,150,25
continued,0.11062620875356888,149,150,26
continued,0.14132319359352163,149,150,27
continued,0.0935982225731428,149,150,28
continued,0.12102608390102503,149,150,29
continued,0.23426608592801265,149,150,30
continued,0.16206241682374445,149,150,31
continued,0.1364501466785802,149,150,32
continued,0.08046490949115447,149,150,33
continued,0.047034938964456506,149,150,34
continued,0.06832215640675027,149,150,35
continued,0.23131819653859284,149,150,36
continued,0.1170711134230673,149,150,37
continued,0.13693017392500917,149,150,38
continued,0.1327852189490057,149,150,39
continued,-0.002187305840416168,149,150,40
continued,0.09850069196133981,149,150,41
continued,0.08633893905315379,149,150,42
continued,0.0431860681281907,149,150,43
continued,0.042150616422112125,149,150,44
continued,0.04598328496901878,149,150,45
continued,0.2060713144392295,149,150,46
continued,0.18000473883457044,149,150,47
continued,0.06117300981521418,149,150,48
continued,0.0963913866445397,149,150,49
continued,0.08107490796116262,150,151,0
continued,0.05683814214340054,150,151,1
continued,0.15061265568679535,150,151,2
continued,0.03448748552242846,150,151,3
continued,0.09095419606383032,150,151,4
continued,0.16469276407133265,150,151,5
continued,0.10211005069093874,150,151,6
continued,0.09874208837004339,150,151,7
continued,0.21329988970443403,150,151,8
continued,0.09730128524351943,150,151,9
continued,0.17527097468761038,150,151,10
continued,0.1726390029375009,150,151,11
continued,0.10148250820918117,150,151,12
continued,0.17899421021170103,150,151,13
continued,0.0005656893049938334,150,151,14
continued,0.20581114919275792,150,151,15
continued,0.1128120888174337,150,151,16
continued,0.05432772924734552,150,151,17
continued,0.10471158852762183,150,151,18
continued,0.040474521558654816,150,151,19
continued,0.12245876840447281,150,151,20
continued,0.15268945320194055,150,151,21
continued,0.14143763048480956,150,151,22
continued,0.143095944982537,150,151,23
continued,0.10207334846352044,150,151,24
continued,0.06997015850027868,150,151,25
continued,0.15064478542573564,150,151,26
continued,0.18848008631017102,150,151,27
continued,0.21930582112321548,150,151,28
continued,0.035783865999321894,150,151,29
continued,0.14097062196821086,150,151,30
continued,0.10052799421825905,150,151,31
continued,0.08013643161341567,150,151,32
continued,0.1398686951483096,150,151,33
continued,0.016104652836586172,150,151,34
continued,0.1359828853502321,150,151,35
continued,0.17788222153264657,150,151,36
continued,0.2010381433844895,150,151,37
continued,0.20782925735830182,150,151,38
continued,0.07931312871526215,150,151,39
continued,0.08802238785358839,150,151,40
continued,0.1791570073765121,150,151,41
continued,-0.02654655509425716,150,151,42
continued,0.06607208528026001,150,151,43
continued,0.09623072556964168,150,151,44
continued,0.09011807009587458,150,151,45
continued,0.14335818324618832,150,151,46
continued,0.11244041881532997,150,151,47
continued,0.06375396277352578,150,151,48
continued,0.1416727821817881,150,151,49
continued,0.09987750420039056,151,152,0
continued,0.13732449685365372,151,152,1
continued,0.16691437176794802,151,152,2
continued,0.1191014313750196,151,152,3
continued,0.1328241532385407,151,152,4
continued,-0.05264027295845304,151,152,5
continued,0.13707372771501394,151,152,6
continued,0.10111277080976581,151,152,7
continued,0.13980010242443527,151,152,8
continued,0.16604650380438837,151,152,9
continued,0.06185837782362026,151,152,10
continued,0.05977976079853724,151,152,11
continued,0.10362268876538239,151,152,12
continued,0.11769457577216764,151,152,13
continued,0.10460623447877096,151,152,14
continued,0.09560743937767899,151,152,15
continued,0.15849014267158218,151,152,16
continued,0.041317551945736844,151,152,17
continued,0.02515282720323328,151,152,18
continued,0.08352833595618528,151,152,19
continued,0.16625979318694423,151,152,20
continued,0.24255807172220287,151,152,21
continued,0.0719359005680129,151,152,22
continued,0.10994328003194051,151,152,23
continued,0.08532768004191224,151,152,24
continued,0.07505707658752844,151,152,25
continued,-0.0020851251283176917,151,152,26
continued,0.1009947535577878,151,152,27
continued,0.08908125426234134,151,152,28
continued,0.04736175614622683,151,152,29
continued,0.13402622546402695,151,152,30
continued,0.06960075490886694,151,152,31
continued,0.17436868422708146,151,152,32
continued,0.04011578029989349,151,152,33
continued,0.07561497520591999,151,152,34
continued,-0.029233863348675025,151,152,35
continued,0.06701101437964188,151,152,36
continued,0.02637866846503009,151,152,37
continued,0.18561941280366,151,152,38
continued,0.08325172172593233,151,152,39
continued,0.06139519220522057,151,152,40
continued,0.19256415449823808,151,152,41
continued,0.04500158785206538,151,152,42
continued,0.04019094234479639,151,152,43
continued,0.1547649768910938,151,152,44
continued,0.11023887360463928,151,152,45
continued,0.0559169302228475,151,152,46
continued,0.13736459722519234,151,152,47
continued,0.09204262810983514,151,152,48
continued,0.11104540950896961,151,152,49
continued,0.14508422292313145,152,153,0
continued,0.06994596296517348,152,153,1
continued,0.05674192739433397,152,153,2
continued,0.16344202947820688,152,153,3
continued,0.1071055458965496,152,153,4
continued,0.21724885968026011,152,153,5
continued,0.14842365491722284,152,153,6
continued,0.08504443838494699,152,153,7
continued,0.13761784615422346,152,153,8
continued,0.17392053308684688,152,153,9
continued,0.24517148161018518,152,153,10
continued,0.1732766178421717,152,153,11
continued,0.152332813145059,152,153,12
continued,0.12752506294553326,152,153,13
continued,0.03544142027021567,152,153,14
continued,0.0014799443728000703,152,153,15
continued,0.06381429633148329,152,153,16
continued,0.16438229012781078,152,153,17
continued,0.06363657097860817,152,153,18
continued,0.06778849291497446,152,153,19
continued,0.13000269319158542,152,153,20
continued,0.13367852553620282,152,153,21
continued,0.12191021598533339,152,153,22
continued,0.22492888511874176,152,153,23
continued,0.1674059809287768,152,153,24
continued,0.020098101503587245,152,153,25
continued,0.09116421039442912,152,153,26
continued,0.08771409141738559,152,153,27
continued,0.0623312926104228,152,153,28
continued,0.038214207607188036,152,153,29
continued,0.03569908421774647,152,153,30
continued,0.025523602775061154,152,153,31
continued,0.07007202429357687,152,153,32
continued,0.04433264409069765,152,153,33
continued,-0.0013352574938387276,152,153,34
continued,0.16246772629427264,152,153,35
continued,0.11050269719497997,152,153,36
continued,0.1266208187363877,152,153,37
continued,-0.012918306563023922,152,153,38
continued,0.0029773746153252743,152,153,39
continued,0.159991352562443,152,153,40
continued,0.06306943128913992,152,153,41
continued,0.06712891376649027,152,153,42
continued,0.21138229772588418,152,153,43
continued,0.21235422119416147,152,153,44
continued,0.04936871363165852,152,153,45
continued,0.1531719931511934,152,153,46
continued,0.0399944345057518,152,153,47
continued,-0.015901254621995858,152,153,48
continued,0.06714516245622787,152,153,49
continued,0.18869427690466797,153,154,0
continued,0.13704296484105488,153,154,1
continued,0.06674046615593338,153,154,2
continued,0.14513716455242498,153,154,3
continued,0.13344972344187264,153,154,4
continued,0.08424753909425681,153,154,5
continued,0.12257084793235909,153,154,6
continued,0.04852789065264523,153,154,7
continued,-3.075348139925109e-05,153,154,8
continued,0.06969231644920461,153,154,9
continued,0.1277057592517578,153,154,10
continued,0.09047078427805962,153,154,11
continued,0.08352447359743048,153,154,12
continued,0.21513614329933142,153,154,13
continued,0.15138156863689178,153,154,14
continued,0.13570081481404261,153,154,15
continued,0.15990139407707266,153,154,16
continued,0.13416108071103278,153,154,17
continued,0.04583860259242216,153,154,18
continued,0.15589664293303815,153,154,19
continued,0.02519480080578229,153,154,20
continued,-0.02963709850383953,153,154,21
continued,0.05417037114521515,153,154,22
continued,0.16753218740099002,153,154,23
continued,0.0445426864834398,153,154,24
continued,0.048826454983527515,153,154,25
continued,0.07376605216214414,153,154,26
continued,0.009435452590672338,153,154,27
continued,0.12666599425360178,153,154,28
continued,0.16473119966654748,153,154,29
continued,0.13239026961202005,153,154,30
continued,0.18601741988526044,153,154,31
continued,0.20365481483079614,153,154,32
continued,0.15604108227191693,153,154,33
continued,0.14259968994466907,153,154,34
continued,0.09146777108352946,153,154,35
continued,0.15801705761379436,153,154,36
continued,0.07847888752444675,153,154,37
continued,0.06169991132274796,153,154,38
continued,0.09263452596976735,153,154,39
continued,0.1540964619657728,153,154,40
continued,0.09529503235805761,153,154,41
continued,0.07197345889660232,153,154,42
continued,0.023198979216203213,153,154,43
continued,0.1903996744591118,153,154,44
continued,0.21393609026460836,153,154,45
continued,0.1386708290145179,153,154,46
continued,0.16650741839035174,153,154,47
continued,0.09706227536266375,153,154,48
continued,0.08237490272045833,153,154,49
continued,0.11956726873125746,154,155,0
continued,0.16329805482573986,154,155,1
continued,-0.008508861236032629,154,155,2
continued,0.16293233110138966,154,155,3
continued,0.17199607132280817,154,155,4
continued,0.15169169315806313,154,155,5
continued,0.17010294672662563,154,155,6
continued,0.06647238717252263,154,155,7
continued,0.09065316130550148,154,155,8
continued,0.07513988077979196,154,155,9
continued,0.15921442607248606,154,155,10
continued,0.1207473983994535,154,155,11
continued,-0.03239691619780197,154,155,12
continued,0.11038298866132724,154,155,13
continued,0.1258626333998153,154,155,14
continued,0.13691659240624185,154,155,15
continued,0.029055075929213546,154,155,16
continued,0.17060762015943468,154,155,17
continued,0.05190780602173752,154,155,18
continued,0.11438566473344466,154,155,19
continued,0.1400239520059026,154,155,20
continued,0.14123274838805072,154,155,21
continued,0.13349569789482504,154,155,22
continued,0.2101677523358463,154,155,23
continued,0.15204777749348627,154,155,24
continued,0.058926957275274,154,155,25
continued,0.083747833029508,154,155,26
continued,0.05328460881724483,154,155,27
continued,0.06477264094818802,154,155,28
continued,0.28024083277053763,154,155,29
continued,0.10686653653843463,154,155,30
continued,0.0026933122084758627,154,155,31
continued,0.14179655778653866,154,155,32
continued,0.16257069342564107,154,155,33
continued,0.18170095083191776,154,155,34
continued,0.12328625668907639,154,155,35
continued,0.13376548133013672,154,155,36
continued,0.16307688322304115,154,155,37
continued,0.06562960923274495,154,155,38
continued,0.18369746941005308,154,155,39
continued,0.14664439659922723,154,155,40
continued,0.05876531490220204,154,155,41
continued,0.10201046368621533,154,155,42
continued,0.12604531004251499,154,155,43
continued,0.14692089584380058,154,155,44
continued,0.15564253105906434,154,155,45
continued,0.12153360157825317,154,155,46
continued,0.09923617388109358,154,155,47
continued,0.06048985343381239,154,155,48
continued,0.07456228713872365,154,155,49
continued,0.142353100404744,155,156,0
continued,0.06413774432021116,155,156,1
continued,0.06286691495087705,155,156,2
continued,0.14003245299978231,155,156,3
continued,0.1362218366967101,155,156,4
continued,0.09856273449669553,155,156,5
continued,0.14242415294064922,155,156,6
continued,0.11754001344014808,155,156,7
continued,0.01847340284993672,155,156,8
continued,0.09366713204675378,155,156,9
continued,0.015008077039797924,155,156,10
continued,0.09479087580747093,155,156,11
continued,0.17719839380110544,155,156,12
continued,0.18832588201020894,155,156,13
continued,0.11775630262815244,155,156,14
continued,0.10056135510528592,155,156,15
continued,0.05127240244242295,155,156,16
continued,0.16499901818250637,155,156,17
continued,0.06298623784785268,155,156,18
continued,0.08749087219143324,155,156,19
continued,0.22752716769128137,155,156,20
continued,0.15293016831676268,155,156,21
continued,0.08428054913412887,155,156,22
continued,0.09992442446295977,155,156,23
continued,0.10923539836504029,155,156,24
continued,0.07522221888565374,155,156,25
continued,0.18215797195793154,155,156,26
continued,0.05653772878755917,155,156,27
continued,0.19350786626694508,155,156,28
continued,0.06141911793823429,155,156,29
continued,0.13093787825649134,155,156,30
continued,0.10846654710598069,155,156,31
continued,0.18648850929837182,155,156,32
continued,0.10210727224542093,155,156,33
continued,0.12480101187201192,155,156,34
continued,0.24704808505690687,155,156,35
continued,0.10040492854811196,155,156,36
continued,0.11842985038144883,155,156,37
continued,0.10498695241850652,155,156,38
continued,0.2333455733534455,155,156,39
continued,0.24411645492432357,155,156,40
continued,0.05574464211141937,155,156,41
continued,0.09238630316690194,155,156,42
continued,0.11445089855668192,155,156,43
continued,0.1840388134962089,155,156,44
continued,0.09403164227778231,155,156,45
continued,0.07179913431698813,155,156,46
continued,0.12247867488020016,155,156,47
continued,0.06353517996228167,155,156,48
continued,-0.007091323147964349,155,156,49
continued,0.15655782724783177,156,157,0
continued,0.06331216158375268,156,157,1
continued,-0.024429761093258166,156,157,2
continued,0.12384450041146713,156,157,3
continued,0.1514068679572618,156,157,4
continued,0.06739599749821046,156,157,5
continued,0.08554921241561445,156,157,6
continued,0.11315465425935162,156,157,7
continued,0.14469246441716987,156,157,8
continued,0.078366896378191,156,157,9
continued,0.06726257757943949,156,157,10
continued,0.21495719944901742,156,157,11
continued,0.08455318790389774,156,157,12
continued,0.04912299216302784,156,157,13
continued,0.2345671481552016,156,157,14
continued,0.08314177623470874,156,157,15
continued,0.11793430618599231,156,157,16
continued,0.12032608903359804,156,157,17
continued,0.09927537732673401,156,157,18
continued,0.0965262833407079,156,157,19
continued,0.08026456944355888,156,157,20
continued,0.19170167638968852,156,157,21
continued,0.24257133393781452,156,157,22
continued,0.1820606091599006,156,157,23
continued,0.134609462431123,156,157,24
continued,0.08213810438055594,156,157,25
continued,0.05627371778718536,156,157,26
continued,0.03769130005770211,156,157,27
continued,0.0988902613191714,156,157,28
continued,0.12619626862617042,156,157,29
continued,0.043909529733453925,156,157,30
continued,0.1342766951873011,156,157,31
continued,0.028473235162640363,156,157,32
continued,0.15777724051263337,156,157,33
continued,0.05486732220211916,156,157,34
continued,0.052314226531149456,156,157,35
continued,0.022973113138413905,156,157,36
continued,0.09795787822624781,156,157,37
continued,0.12111436212726084,156,157,38
continued,0.1308059044810403,156,157,39
continued,0.08813371222709084,156,157,40
continued,0.1073539070454288,156,157,41
continued,0.11591738299828497,156,157,42
continued,0.11579274503161835,156,157,43
continued,0.09200159006965568,156,157,44
continued,0.049701551546801746,156,157,45
continued,0.1509057345242174,156,157,46
continued,0.18975438821924365,156,157,47
continued,0.1962011769183943,156,157,48
continued,0.11883654793289568,156,157,49
continued,0.07542118247349724,157,158,0
continued,0.11101028453373428,157,158,1
continued,0.07202565872457048,157,158,2
continued,0.03874012289073609,157,158,3
continued,0.057380325559636104,157,158,4
continued,0.08495195709064562,157,158,5
continued,0.07368437886508622,157,158,6
continued,0.12594538399371177,157,158,7
continued,0.032107656971575416,157,158,8
continued,0.11875712460369345,157,158,9
continued,0.14259550786973918,157,158,10
continued,0.1365758533616776,157,158,11
continued,0.19186149170189506,157,158,12
continued,0.09195201606439739,157,158,13
continued,0.19342877753263069,157,158,14
continued,0.09902571477554921,157,158,15
continued,0.16124382481316266,157,158,16
continued,0.10812964063628559,157,158,17
continued,0.02853858871896734,157,158,18
continued,0.07872951734672873,157,158,19
continued,0.1719358638558589,157,158,20
continued,0.07383549617969938,157,158,21
continued,0.18840083480070333,157,158,22
continued,0.15933688634172294,157,158,23
continued,0.04480471072800088,157,158,24
continued,0.06763960949554362,157,158,25
continued,0.09377531724228928,157,158,26
continued,0.021369487025131233,157,158,27
continued,0.09330525043293393,157,158,28
continued,0.23813645987563864,157,158,29
continued,0.09484581456441747,157,158,30
continued,0.11506557247911321,157,158,31
continued,0.12217684551059965,157,158,32
continued,0.13701861297559875,157,158,33
continued,0.10519994607130496,157,158,34
continued,0.08028907339797428,157,158,35
continued,0.01883202406642102,157,158,36
continued,0.18466716859749283,157,158,37
continued,0.1359680655133088,157,158,38
continued,0.016097195439936304,157,158,39
continued,0.16826960503784313,157,158,40
continued,0.08658385129930804,157,158,41
continued,0.12604083741624136,157,158,42
continued,0.1291305971754401,157,158,43
continued,0.2089575061438207,157,158,44
continued,-0.039894062935446326,157,158,45
continued,0.09357713818446452,157,158,46
continued,0.15364812292563754,157,158,47
continued,0.09534568465750749,157,158,48
continued,0.3214232954002794,157,158,49
continued,0.07363635876144894,158,159,0
continued,0.158604397743432,158,159,1
continued,0.06950672081226497,158,159,2
continued,0.195134545335922,158,159,3
continued,0.03660786100719283,158,159,4
continued,0.020385057743572375,158,159,5
continued,0.17807790519744388,158,159,6
continued,0.05301818860931992,158,159,7
continued,0.12380150447155927,158,159,8
continued,0.17978385381486345,158,159,9
continued,0.13365352918965215,158,159,10
continued,-0.012047795778104787,158,159,11
continued,0.12369987654222542,158,159,12
continued,0.07504308311628169,158,159,13
continued,0.16045551720892276,158,159,14
continued,0.19179412520961148,158,159,15
continued,0.11551495145518736,158,159,16
continued,0.1512811176957128,158,159,17
continued,0.2195785047232069,158,159,18
continued,0.06189767588862746,158,159,19
continued,0.0824428213893134,158,159,20
continued,0.045400589707808144,158,159,21
continued,0.056833720031563326,158,159,22
continued,0.18631184144856258,158,159,23
continued,0.08705566128381793,158,159,24
continued,0.11439520376325424,158,159,25
continued,0.1914443922505346,158,159,26
continued,0.07576725051004674,158,159,27
continued,0.1346939919630184,158,159,28
continued,0.13131453855152442,158,159,29
continued,0.16878139206458315,158,159,30
continued,0.09594185065432212,158,159,31
continued,0.0859983841204442,158,159,32
continued,0.0657182220503392,158,159,33
continued,0.02001867061514612,158,159,34
continued,0.04865617321691614,158,159,35
continued,0.13056164503532128,158,159,36
continued,0.10688878842258911,158,159,37
continued,0.19615959569649505,158,159,38
continued,0.020130165032521567,158,159,39
continued,0.1024535979039143,158,159,40
continued,0.0018571992449388653,158,159,41
continued,0.18804247160145182,158,159,42
continued,0.11198052953298292,158,159,43
continued,0.09745378628039314,158,159,44
continued,0.06987578655665319,158,159,45
continued,0.03798322313346795,158,159,46
continued,0.237464432981239,158,159,47
continued,0.07185285611545422,158,159,48
continued,0.11052976911510003,158,159,49
continued,0.1782863867099431,159,160,0
continued,0.06894115370264475,159,160,1
continued,0.17425412697045325,159,160,2
continued,0.23348367430638886,159,160,3
continued,0.06397882040848306,159,160,4
continued,0.08519763840690114,159,160,5
continued,0.17505017452667465,159,160,6
continued,0.12970645731331612,159,160,7
continued,0.07131360657770688,159,160,8
continued,0.14991328617349992,159,160,9
continued,0.15797694856951305,159,160,10
continued,0.08698261331709568,159,160,11
continued,0.07750080202554432,159,160,12
continued,-0.0184126892767359,159,160,13
continued,0.12898128443817194,159,160,14
continued,0.019321033493296527,159,160,15
continued,0.10617865883502632,159,160,16
continued,0.13306519801372382,159,160,17
continued,0.09338467569878962,159,160,18
continued,0.027814403864904854,159,160,19
continued,0.16295305085775924,159,160,20
continued,0.19613504502720747,159,160,21
continued,0.0877167381599346,159,160,22
continued,0.13052152266734776,159,160,23
continued,0.08247715239883475,159,160,24
continued,0.19637372422799998,159,160,25
continued,0.23036657230626914,159,160,26
continued,0.09067903055969065,159,160,27
continued,0.1007611500687387,159,160,28
continued,0.04340399860040567,159,160,29
continued,0.12162275423403024,159,160,30
continued,0.08752330861932246,159,160,31
continued,0.1416957960240507,159,160,32
continued,0.11176166180074186,159,160,33
continued,0.008953635404705111,159,160,34
continued,0.15426529272795347,159,160,35
continued,0.1888943126245996,159,160,36
continued,0.07743298006399467,159,160,37
continued,0.03929072901109648,159,160,38
continued,0.10368578360247051,159,160,39
continued,0.08612374246167878,159,160,40
continued,0.050333022680243075,159,160,41
continued,0.18003228637768315,159,160,42
continued,0.11928492560367071,159,160,43
continued,0.06230682124616534,159,160,44
continued,0.01967661665154421,159,160,45
continued,0.054278458911804627,159,160,46
continued,0.09884278347115208,159,160,47
continued,0.17288849497078432,159,160,48
continued,0.17980719532092176,159,160,49
continued,0.12465606720705757,160,161,0
continued,0.18042274726348545,160,161,1
continued,0.17708058895774628,160,161,2
continued,-0.009333952607742136,160,161,3
continued,0.19525093274068495,160,161,4
continued,0.20219626176762534,160,161,5
continued,0.08375965467201701,160,161,6
continued,0.15011934373362884,160,161,7
continued,0.0840078284010625,160,161,8
continued,0.11786262049278251,160,161,9
continued,0.167039457446768,160,161,10
continued,0.2399017380262061,160,161,11
continued,0.03309711225785789,160,161,12
continued,0.09457627450594659,160,161,13
continued,0.135700183802681,160,161,14
continued,0.13962659788690987,160,161,15
continued,0.05704113575315505,160,161,16
continued,0.07607812633407615,160,161,17
continued,0.1219255624245207,160,161,18
continued,0.06572388221551681,160,161,19
continued,0.0278699632544435,160,161,20
continued,0.09235927638571832,160,161,21
continued,0.14406901541988487,160,161,22
continued,0.16557739737100388,160,161,23
continued,0.11853161204041136,160,161,24
continued,0.2251248024875215,160,161,25
continued,0.12712081170428302,160,161,26
continued,0.10019046516929815,160,161,27
continued,0.16571221259993166,160,161,28
continued,0.008309162972057242,160,161,29
continued,0.1959163403208723,160,161,30
continued,0.06608778821529142,160,161,31
continued,0.15114333376531427,160,161,32
continued,0.0004411749399722767,160,161,33
continued,0.00667601995211392,160,161,34
continued,0.0812699904083142,160,161,35
continued,0.05498093359539411,160,161,36
continued,0.03414724302197459,160,161,37
continued,0.08252245017299685,160,161,38
continued,0.10008315346833271,160,161,39
continued,0.17611326384680012,160,161,40
continued,-0.010260566178493895,160,161,41
continued,0.04719616529411519,160,161,42
continued,0.17603992695358625,160,161,43
continued,0.08402851172405394,160,161,44
continued,0.1306686823798276,160,161,45
continued,0.11871838536607097,160,161,46
continued,0.12574932536762407,160,161,47
continued,0.0459921566919831,160,161,48
continued,0.054891148202018285,160,161,49
continued,0.08799691565123612,161,162,0
continued,-0.010297686690424428,161,162,1
continued,0.07534965454452537,161,162,2
continued,0.14895722672405573,161,162,3
continued,0.04995037440175892,161,162,4
continued,0.15174735712619483,161,162,5
continued,0.03180242302113939,161,162,6
continued,0.19012293494207883,161,162,7
continued,0.2037126906959156,161,162,8
continued,0.02103104392766,161,162,9
continued,0.0787559875981845,161,162,10
continued,0.22966840936396174,161,162,11
continued,0.20059489085532345,161,162,12
continued,0.18979403614829585,161,162,13
continued,0.10957014613512354,161,162,14
continued,0.013190873528657119,161,162,15
continued,-0.039713516382784565,161,162,16
continued,0.07427164490613374,161,162,17
continued,0.06562167754096304,161,162,18
continued,0.0224302316914312,161,162,19
continued,0.24456161684629674,161,162,20
continued,0.017227287221480495,161,162,21
continued,0.094002172021484,161,162,22
continued,0.15669419621197553,161,162,23
continued,0.20988949705791582,161,162,24
continued,0.1698678823336347,161,162,25
continued,0.08231646914457473,161,162,26
continued,0.03014747991781275,161,162,27
continued,0.12613696434510369,161,162,28
continued,0.15397019161530381,161,162,29
continued,0.043677866849234595,161,162,30
continued,0.02553638922432204,161,162,31
continued,0.03655640094657348,161,162,32
continued,0.1584418380343808,161,162,33
continued,0.1089051956545604,161,162,34
continued,0.12483765548808039,161,162,35
continued,-0.027666786776092772,161,162,36
continued,0.03481923830587384,161,162,37
continued,0.1294734645003095,161,162,38
continued,0.1433828448501178,161,162,39
continued,0.021799092047892644,161,162,40
continued,0.112705168465747,161,162,41
continued,0.08642698140280583,161,162,42
continued,0.1727879541803935,161,162,43
continued,0.18120357334009868,161,162,44
continued,0.14919424999027195,161,162,45
continued,0.09683928461386729,161,162,46
continued,0.18012953708102353,161,162,47
continued,0.11429989757772656,161,162,48
continued,0.15001325898816079,161,162,49
continued,0.1259627853485305,162,163,0
continued,0.10694100230729593,162,163,1
continued,0.14887874351369298,162,163,2
continued,0.1331431931158718,162,163,3
continued,0.19916639694275712,162,163,4
continued,0.11927369778752532,162,163,5
continued,0.08974571505014185,162,163,6
continued,0.06329571885311294,162,163,7
continued,-0.007276281957497184,162,163,8
continued,0.1472066692452461,162,163,9
continued,0.02441138525376875,162,163,10
continued,0.038440778332313956,162,163,11
continued,0.1773912021109139,162,163,12
continued,0.0422254774219794,162,163,13
continued,0.139179586559658,162,163,14
continued,0.06373799737144184,162,163,15
continued,0.08033031576867072,162,163,16
continued,0.16461290410619772,162,163,17
continued,0.12036260626912697,162,163,18
continued,0.16596361912976285,162,163,19
continued,0.13040095036493102,162,163,20
continued,0.10202231058170992,162,163,21
continued,0.13052714543317687,162,163,22
continued,0.038962522650760986,162,163,23
continued,-0.09178565092870697,162,163,24
continued,0.1256670316079519,162,163,25
continued,0.11570033117642639,162,163,26
continued,0.059590598689300694,162,163,27
continued,0.16625279453855352,162,163,28
continued,0.06327648837266693,162,163,29
continued,0.14291920174060366,162,163,30
continued,0.06102081011099718,162,163,31
continued,0.059777895344120445,162,163,32
continued,0.14873726457859893,162,163,33
continued,-0.0799960400013593,162,163,34
continued,0.11043576980421743,162,163,35
continued,0.0031842767887911,162,163,36
continued,0.15777169328306417,162,163,37
continued,0.005578478668665546,162,163,38
continued,0.00158215430855788,162,163,39
continued,0.1921056748287711,162,163,40
continued,0.07442419063378103,162,163,41
continued,0.27305240067567005,162,163,42
continued,0.2228537101953704,162,163,43
continued,0.13394648877794968,162,163,44
continued,-0.003727263671191775,162,163,45
continued,0.16016857775400214,162,163,46
continued,0.11351445171641869,162,163,47
continued,0.2210130410101815,162,163,48
continued,-0.030026336133281425,162,163,49
continued,0.12934678579196776,163,164,0
continued,0.17366939196578784,163,164,1
continued,0.20119792738669745,163,164,2
continued,0.12388640191971222,163,164,3
continued,0.15565060702736003,163,164,4
continued,0.16679349442011757,163,164,5
continued,0.1009092249565896,163,164,6
continued,0.20328359311473027,163,164,7
continued,0.18674425699483246,163,164,8
continued,0.2189645424486298,163,164,9
continued,-0.0448030008460026,163,164,10
continued,0.11161182056535705,163,164,11
continued,0.05771671907687746,163,164,12
continued,0.1495970645110459,163,164,13
continued,0.1852135812023587,163,164,14
continued,0.11767206849065483,163,164,15
continued,0.14754245443471495,163,164,16
continued,0.07759263039865799,163,164,17
continued,0.012795901330993203,163,164,18
continued,0.16577191226502888,163,164,19
continued,0.0860126984034538,163,164,20
continued,-0.012982937047601015,163,164,21
continued,0.11193187963171092,163,164,22
continued,0.013084481519018277,163,164,23
continued,0.05352799774208508,163,164,24
continued,0.16519587387496887,163,164,25
continued,-0.003104474863428479,163,164,26
continued,0.1731387293499832,163,164,27
continued,0.1639092902847438,163,164,28
continued,0.16096349097106757,163,164,29
continued,0.16400161402402177,163,164,30
continued,0.049448742545138515,163,164,31
continued,-0.04840978843202429,163,164,32
continued,-0.07778626500111752,163,164,33
continued,0.0409218888149542,163,164,34
continued,0.231402645418228,163,164,35
continued,0.10242261336522425,163,164,36
continued,0.08754993624012783,163,164,37
continued,0.15436753423639174,163,164,38
continued,0.07085409593620023,163,164,39
continued,0.15191457653972792,163,164,40
continued,0.11886050179001463,163,164,41
continued,0.21851949833323553,163,164,42
continued,0.18244934671869,163,164,43
continued,0.11186209473698602,163,164,44
continued,0.0836414104659648,163,164,45
continued,0.18978634151245494,163,164,46
continued,0.05298721596796271,163,164,47
continued,0.1514251675637779,163,164,48
continued,0.1011203256300493,163,164,49
continued,0.12823494663529525,164,165,0
continued,0.044901289306312195,164,165,1
continued,0.10395002279058263,164,165,2
continued,0.06742528151523759,164,165,3
continued,0.16479695550668844,164,165,4
continued,0.10493574428676718,164,165,5
continued,-0.04173105226853802,164,165,6
continued,0.10109547034783127,164,165,7
continued,0.05610168097433679,164,165,8
continued,0.17855103249405602,164,165,9
continued,0.03897409609585428,164,165,10
continued,0.08855460233157719,164,165,11
continued,0.10933031466816762,164,165,12
continued,0.2098285478128249,164,165,13
continued,0.1312383094470915,164,165,14
continued,0.18154188303409038,164,165,15
continued,0.026788852250375254,164,165,16
continued,0.12127202630901034,164,165,17
continued,0.21406286732283034,164,165,18
continued,0.1605248996753444,164,165,19
continued,0.06469518152145734,164,165,20
continued,0.03326555746818435,164,165,21
continued,0.12361505851236357,164,165,22
continued,0.11716129279745585,164,165,23
continued,0.11281813981483747,164,165,24
continued,0.12112494718387944,164,165,25
continued,0.16032060209573418,164,165,26
continued,0.05817065315098578,164,165,27
continued,0.1141952929899651,164,165,28
continued,0.17348434912368502,164,165,29
continued,0.11843509114006771,164,165,30
continued,0.0823467068165945,164,165,31
continued,0.11746331654569295,164,165,32
continued,0.1616374296362585,164,165,33
continued,0.09653803692679622,164,165,34
continued,0.14231744006317218,164,165,35
continued,0.07204981391540649,164,165,36
continued,0.1579101946786627,164,165,37
continued,0.08517318027375347,164,165,38
continued,0.08447245520176135,164,165,39
continued,0.11568464670817172,164,165,40
continued,-0.024496461727012697,164,165,41
continued,0.1692045262359085,164,165,42
continued,0.14958574240590616,164,165,43
continued,0.06519632317495096,164,165,44
continued,0.11575595023749209,164,165,45
continued,0.24533420229187172,164,165,46
continued,0.18620576245868148,164,165,47
continued,0.18627707233519522,164,165,48
continued,0.07681269493257846,164,165,49
continued,0.0860842016227501,165,166,0
continued,0.13072550507891814,165,166,1
continued,0.10334836354118312,165,166,2
continued,0.12243469221129732,165,166,3
continued,0.14079039084709485,165,166,4
continued,0.08761244305136455,165,166,5
continued,0.1386127048289714,165,166,6
continued,0.1189061216436641,165,166,7
continued,0.03308696788228179,165,166,8
continued,0.11268043387329904,165,166,9
continued,0.14382344894694604,165,166,10
continued,0.04150614331685993,165,166,11
continued,0.06620838261859428,165,166,12
continued,0.08273600201479842,165,166,13
continued,0.09651658886785425,165,166,14
continued,0.11803935057233084,165,166,15
continued,0.1702998759702062,165,166,16
continued,0.18130499654342824,165,166,17
continued,0.05677652198421223,165,166,18
continued,0.17494088553927856,165,166,19
continued,-0.04720573221713144,165,166,20
continued,0.11499194246706528,165,166,21
continued,-0.016519114881644845,165,166,22
continued,0.12498629796551734,165,166,23
continued,0.16858043068847905,165,166,24
continued,0.10240840707417047,165,166,25
continued,0.15416029629428957,165,166,26
continued,0.10052263752531984,165,166,27
continued,0.14252703250438517,165,166,28
continued,0.1804041082446827,165,166,29
continued,0.06321797461168827,165,166,30
continued,0.10141009336582239,165,166,31
continued,0.10135835390662164,165,166,32
continued,0.0870156841792286,165,166,33
continued,0.1997057468939106,165,166,34
continued,0.03676395635846076,165,166,35
continued,0.10215356375382147,165,166,36
continued,0.07573748378969962,165,166,37
continued,0.05530980373443578,165,166,38
continued,0.05278064950537127,165,166,39
continued,0.06709686157724981,165,166,40
continued,0.08757959148149075,165,166,41
continued,0.14030454268745643,165,166,42
continued,0.06995634443377145,165,166,43
continued,0.16256227264585899,165,166,44
continued,0.2835959663399723,165,166,45
continued,0.14241757508827835,165,166,46
continued,0.14122876314161137,165,166,47
continued,0.14688240008794126,165,166,48
continued,0.13410025269221554,165,166,49
continued,0.2184239086330224,166,167,0
continued,0.13496818364016328,166,167,1
continued,0.18939134063202498,166,167,2
continued,0.080941563796977,166,167,3
continued,0.08662220992309455,166,167,4
continued,0.1002371162282957,166,167,5
continued,0.03154877426012933,166,167,6
continued,0.10396033263623643,166,167,7
continued,0.1591268346812341,166,167,8
continued,0.14622572047629265,166,167,9
continued,0.1602739818640733,166,167,10
continued,0.15692296759397498,166,167,11
continued,0.13404826112423493,166,167,12
continued,0.14045628594433612,166,167,13
continued,0.07050912952404555,166,167,14
continued,0.13342080302614387,166,167,15
continued,0.17070758759539661,166,167,16
continued,0.06052684468564425,166,167,17
continued,0.13913225698610024,166,167,18
continued,0.05647024518434011,166,167,19
continued,0.12185340926595865,166,167,20
continued,0.08514904173853516,166,167,21
continued,0.1506328361317556,166,167,22
continued,0.09896798537195967,166,167,23
continued,0.05803513217669115,166,167,24
continued,0.17283494594655982,166,167,25
continued,0.10560433059704515,166,167,26
continued,0.05180850510559396,166,167,27
continued,0.021618285630599775,166,167,28
continued,0.0678016919090273,166,167,29
continued,0.04739350038937127,166,167,30
continued,0.09804204728637265,166,167,31
continued,0.09862460558469442,166,167,32
continued,0.08268273139642826,166,167,33
continued,0.1066423025947407,166,167,34
continued,0.15324980602185706,166,167,35
continued,0.09386932095291788,166,167,36
continued,0.022637514033581843,166,167,37
continued,0.0795340218551228,166,167,38
continued,0.18074244611710866,166,167,39
continued,0.08389319680522492,166,167,40
continued,0.08260751602766757,166,167,41
continued,0.052284364653631114,166,167,42
continued,0.08930239725727052,166,167,43
continued,0.15538269127053625,166,167,44
continued,0.08532853888203007,166,167,45
continued,0.08285817233981374,166,167,46
continued,0.03152164510696258,166,167,47
continued,0.08764325984151748,166,167,48
continued,0.12808528631224045,166,167,49
continued,0.08954984470890967,167,168,0
continued,-0.0385893520199258,167,168,1
continued,0.10491814174527246,167,168,2
continued,0.11572385282613426,167,168,3
continued,0.1863357326876489,167,168,4
continued,0.05527386404127952,167,168,5
continued,0.07823077991565923,167,168,6
continued,0.04484211397531204,167,168,7
continued,0.18670507172251968,167,168,8
continued,0.16489466033189595,167,168,9
continued,0.12822478730208975,167,168,10
continued,0.14452368631204193,167,168,11
continued,0.08511973137080607,167,168,12
continued,0.06277739571747949,167,168,13
continued,0.018866917537753426,167,168,14
continued,0.11603664085818537,167,168,15
continued,0.18973779766471693,167,168,16
continued,0.11793344235305872,167,168,17
continued,0.18242933261740618,167,168,18
continued,0.10487895249433672,167,168,19
continued,0.08215107771155042,167,168,20
continued,0.07619403076699763,167,168,21
continued,0.1692342328873397,167,168,22
continued,0.22254362219685364,167,168,23
continued,0.16928852307101144,167,168,24
continued,0.15188106241474833,167,168,25
continued,0.08842623930233795,167,168,26
continued,0.11500980162703653,167,168,27
continued,0.08986360277318022,167,168,28
continued,0.1630739111070858,167,168,29
continued,0.16257391642197158,167,168,30
continued,0.11737545387303257,167,168,31
continued,0.15767220673094,167,168,32
continued,0.04964223460936548,167,168,33
continued,-0.009223006962963173,167,168,34
continued,0.12586643436483713,167,168,35
continued,0.030191897738038403,167,168,36
continued,0.17029201120217785,167,168,37
continued,0.15960643043877973,167,168,38
continued,0.0008118743034109652,167,168,39
continued,0.2152973628378665,167,168,40
continued,0.045990918892408826,167,168,41
continued,-0.0016769897354018029,167,168,42
continued,0.12403414843669869,167,168,43
continued,0.15853100456849747,167,168,44
continued,0.24226949722432334,167,168,45
continued,0.07718937868119181,167,168,46
continued,0.11558509935634963,167,168,47
continued,0.1450714613608611,167,168,48
continued,0.1335852108497855,167,168,49
continued,0.18706452533111256,168,169,0
continued,0.14169472635097952,168,169,1
continued,0.12056192054370157,168,169,2
continued,0.008986286263036838,168,169,3
continued,0.17416521170095645,168,169,4
continued,0.21915820008221515,168,169,5
continued,0.0811263052453711,168,169,6
continued,0.07792250797538747,168,169,7
continued,0.09719556526418999,168,169,8
continued,0.1092612501142824,168,169,9
continued,0.20588087983965,168,169,10
continued,0.23993759797190045,168,169,11
continued,0.11919096905818556,168,169,12
continued,0.14105271407384495,168,169,13
continued,0.11186872618377512,168,169,14
continued,0.0965882560837245,168,169,15
continued,0.07027131221253553,168,169,16
continued,0.19185419608937107,168,169,17
continued,0.04925231965322237,168,169,18
continued,0.19997034859924287,168,169,19
continued,0.17539380620815195,168,169,20
continued,0.13194674264934417,168,169,21
continued,0.14186968577691586,168,169,22
continued,0.10425937535787201,168,169,23
continued,0.21318825089933857,168,169,24
continued,0.2756045840047643,168,169,25
continued,0.15555366799162157,168,169,26
continued,0.09314445456088062,168,169,27
continued,-0.008558084221162736,168,169,28
continued,0.028306318166846256,168,169,29
continued,0.06835236224950676,168,169,30
continued,0.10962741461987484,168,169,31
continued,0.13155659641083697,168,169,32
continued,0.12473049164975325,168,169,33
continued,0.07378486219921498,168,169,34
continued,0.053454035684877076,168,169,35
continued,0.15030315143851508,168,169,36
continued,0.13294227243371115,168,169,37
continued,0.04540686971639692,168,169,38
continued,0.06965049557529618,168,169,39
continued,0.24407474417972289,168,169,40
continued,0.07188060386523067,168,169,41
continued,0.01922146601401852,168,169,42
continued,0.13953492545129298,168,169,43
continued,0.02435358704269315,168,169,44
continued,0.15177171909675777,168,169,45
continued,0.21901545758622337,168,169,46
continued,0.08174486310033298,168,169,47
continued,0.15564888929620405,168,169,48
continued,0.11174596772196745,168,169,49
continued,0.17584588078901578,169,170,0
continued,0.07827499814113809,169,170,1
continued,0.13424292023332163,169,170,2
continued,0.09804418038731277,169,170,3
continued,0.15729323976659396,169,170,4
continued,0.1205245432792698,169,170,5
continued,0.10713956259554791,169,170,6
continued,0.09744090476119764,169,170,7
continued,0.10509298388237408,169,170,8
continued,0.07394666758098128,169,170,9
continued,0.07084879500066527,169,170,10
continued,0.15745661139601905,169,170,11
continued,0.13122330044610078,169,170,12
continued,0.09349176918321836,169,170,13
continued,0.16285695116702642,169,170,14
continued,0.15383996131824484,169,170,15
continued,0.020186185096450402,169,170,16
continued,0.1907984467489253,169,170,17
continued,0.19019556456747602,169,170,18
continued,-0.02682937793612568,169,170,19
continued,0.12249047297573734,169,170,20
continued,0.10790109716627298,169,170,21
continued,0.1933313049919064,169,170,22
continued,0.13847564899787937,169,170,23
continued,0.08917434513820878,169,170,24
continued,0.12417785663547853,169,170,25
continued,0.07392169322430414,169,170,26
continued,0.0944324473118838,169,170,27
continued,0.12284171489777604,169,170,28
continued,0.09585919598246233,169,170,29
continued,0.14742215222119773,169,170,30
continued,0.173947147376011,169,170,31
continued,0.04551785308637492,169,170,32
continued,0.3094281001904276,169,170,33
continued,0.16797823291045805,169,170,34
continued,0.05764489120838858,169,170,35
continued,0.15776816502511923,169,170,36
continued,0.12795971347372945,169,170,37
continued,0.02179324258499196,169,170,38
continued,0.04028107947356246,169,170,39
continued,0.09512987828032342,169,170,40
continued,0.15873314158007004,169,170,41
continued,0.2204990794854709,169,170,42
continued,0.02285059512177437,169,170,43
continued,0.03351984532908137,169,170,44
continued,0.1948862779308246,169,170,45
continued,0.13999715412048808,169,170,46
continued,0.04385230410976401,169,170,47
continued,0.109872510531138,169,170,48
continued,0.11308121787374381,169,170,49
continued,0.17175559817331584,170,171,0
continued,0.1175529492125728,170,171,1
continued,0.1004462952838278,170,171,2
continued,0.10418203440211216,170,171,3
continued,0.049921259891035845,170,171,4
continued,0.04232652848182737,170,171,5
continued,0.10178530048566067,170,171,6
continued,0.06627483320305082,170,171,7
continued,-0.003675897701209143,170,171,8
continued,0.1645671240280368,170,171,9
continued,0.10749598907906811,170,171,10
continued,0.059003801993493546,170,171,11
continued,0.16792232885381714,170,171,12
continued,0.07654447166520965,170,171,13
continued,0.09896910924662863,170,171,14
continued,0.06052063909106156,170,171,15
continued,0.16909769740593525,170,171,16
continued,0.07731865608428837,170,171,17
continued,0.04540738820773686,170,171,18
continued,0.09868143081777776,170,171,19
continued,0.06606685276005653,170,171,20
continued,0.11533289294124502,170,171,21
continued,0.08602670746041333,170,171,22
continued,0.09684164963456275,170,171,23
continued,0.1781068460303031,170,171,24
continued,0.0957965866660594,170,171,25
continued,0.1109880074470806,170,171,26
continued,-0.0007793208176306186,170,171,27
continued,0.08582936800673086,170,171,28
continued,0.1544982923518577,170,171,29
continued,0.14909389876019757,170,171,30
continued,0.15359625732432025,170,171,31
continued,0.20021044519286813,170,171,32
continued,0.1225266030267163,170,171,33
continued,0.15418250655206264,170,171,34
continued,0.07759376695727672,170,171,35
continued,0.09387388947971148,170,171,36
continued,0.12710588240449355,170,171,37
continued,0.11112294899514112,170,171,38
continued,0.1395795399381711,170,171,39
continued,0.08111184205747782,170,171,40
continued,0.047076716219926075,170,171,41
continued,0.09212256440313926,170,171,42
continued,0.042689086036812006,170,171,43
continued,0.1908846979040669,170,171,44
continued,0.2544376108692564,170,171,45
continued,0.04559720138768706,170,171,46
continued,0.055291951342785736,170,171,47
continued,0.17332819697933116,170,171,48
continued,0.07211236652833271,170,171,49
continued,0.13282503162065512,171,172,0
continued,-0.055309013281997,171,172,1
continued,0.12032002411725395,171,172,2
continued,0.004816408613216635,171,172,3
continued,0.06905895988443263,171,172,4
continued,0.0838460592863334,171,172,5
continued,0.1421475100747326,171,172,6
continued,0.02463329276404049,171,172,7
continued,0.12541662119391014,171,172,8
continued,0.14578428004911415,171,172,9
continued,0.21667803201269772,171,172,10
continued,0.04685016014325558,171,172,11
continued,-0.017032365683317195,171,172,12
continued,0.11383401806148004,171,172,13
continued,-0.009120751870293053,171,172,14
continued,0.1712082611899804,171,172,15
continued,-0.010143343572264192,171,172,16
continued,0.2429947297562867,171,172,17
continued,0.19564738119098016,171,172,18
continued,0.08690809834779462,171,172,19
continued,0.11072549116812579,171,172,20
continued,0.0971978099034328,171,172,21
continued,0.12247281841727226,171,172,22
continued,0.180749266016797,171,172,23
continued,0.12419129390505301,171,172,24
continued,0.16941432975671145,171,172,25
continued,0.08096252340359805,171,172,26
continued,0.09000157254344905,171,172,27
continued,0.13969595215729746,171,172,28
continued,0.02260035328434167,171,172,29
continued,0.16641897473724387,171,172,30
continued,0.1922309988970361,171,172,31
continued,0.2030496945452302,171,172,32
continued,0.22832529134936175,171,172,33
continued,0.0035755255973748583,171,172,34
continued,0.08899949334989841,171,172,35
continued,0.15915864229263108,171,172,36
continued,0.10394158680774682,171,172,37
continued,0.1974602520200357,171,172,38
continued,0.08366282315982966,171,172,39
continued,0.0677914307879997,171,172,40
continued,0.13841930681937145,171,172,41
continued,0.08811808069786115,171,172,42
continued,0.09320217460818768,171,172,43
continued,0.1391457553629051,171,172,44
continued,0.03196587848880615,171,172,45
continued,0.10960564985688313,171,172,46
continued,-0.029791779982798597,171,172,47
continued,0.04966799896789226,171,172,48
continued,0.049089063497284736,171,172,49
continued,0.10528977437436778,172,173,0
continued,0.034703881628392746,172,173,1
continued,0.06992596868728897,172,173,2
continued,0.12704908740851725,172,173,3
continued,0.0910515489549889,172,173,4
continued,0.11375805662084193,172,173,5
continued,0.12443129380205988,172,173,6
continued,0.09563237542452552,172,173,7
continued,0.11855868825142687,172,173,8
continued,0.09127551897493175,172,173,9
continued,0.16974198416416814,172,173,10
continued,0.16788575547727622,172,173,11
continued,0.11495373833534861,172,173,12
continued,0.07801674864389244,172,173,13
continued,0.08526232582348998,172,173,14
continued,0.13471858808439077,172,173,15
continued,0.1387538070227479,172,173,16
continued,0.3107728504506801,172,173,17
continued,0.11250734533688543,172,173,18
continued,0.137979418608256,172,173,19
continued,0.07506222069478008,172,173,20
continued,0.05677846973442792,172,173,21
continued,0.06504134779130694,172,173,22
continued,0.057561182580247915,172,173,23
continued,0.018672730364206313,172,173,24
continued,0.14208257764438728,172,173,25
continued,0.10774084212852085,172,173,26
continued,0.15314248964365879,172,173,27
continued,0.08071952666419455,172,173,28
continued,0.03680426736862644,172,173,29
continued,0.1767656054519863,172,173,30
continued,-0.00968662320366429,172,173,31
continued,0.12668154184007288,172,173,32
continued,0.1278196975520057,172,173,33
continued,0.09189431272713028,172,173,34
continued,0.1402372364349459,172,173,35
continued,0.23295836269648224,172,173,36
continued,0.10476847789077118,172,173,37
continued,0.06942372845839519,172,173,38
continued,0.08664188883843535,172,173,39
continued,0.10482814363912715,172,173,40
continued,-0.004252254274729225,172,173,41
continued,0.09992860162685664,172,173,42
continued,0.09603684963406985,172,173,43
continued,0.020413787383185385,172,173,44
continued,0.11037743940255222,172,173,45
continued,0.16774564676210238,172,173,46
continued,0.14570047568975208,172,173,47
continued,0.2045425324366868,172,173,48
continued,0.20210572530996812,172,173,49
continued,0.06800793404649233,173,174,0
continued,0.060881489179784844,173,174,1
continued,0.16783388100250424,173,174,2
continued,0.17956066626265907,173,174,3
continued,0.0925163592515357,173,174,4
continued,0.11970143824381006,173,174,5
continued,0.09371768906657771,173,174,6
continued,0.11928944008565777,173,174,7
continued,0.07371503229850943,173,174,8
continued,0.11699169606324494,173,174,9
continued,0.14916328298182902,173,174,10
continued,0.18489989772024304,173,174,11
continued,0.14089194824110154,173,174,12
continued,0.19065823212200114,173,174,13
continued,0.021100271594237864,173,174,14
continued,0.12877249401259816,173,174,15
continued,0.12128300270518518,173,174,16
continued,0.11891867484295585,173,174,17
continued,0.21952449987235093,173,174,18
continued,0.17357375495199928,173,174,19
continued,0.09846559497849226,173,174,20
continued,0.06513424443387554,173,174,21
continued,0.15312854375232637,173,174,22
continued,0.0461368506273474,173,174,23
continued,0.10284707379593704,173,174,24
continued,0.15287409875420618,173,174,25
continued,0.1435847860891586,173,174,26
continued,0.0651367889951551,173,174,27
continued,0.02085577449393914,173,174,28
continued,0.06904566960102161,173,174,29
continued,0.1534604450533716,173,174,30
continued,0.10380322762732944,173,174,31
continued,0.13521606938043185,173,174,32
continued,0.004007523299115046,173,174,33
continued,0.23102582823854603,173,174,34
continued,0.1164782309392641,173,174,35
continued,0.07978008495297417,173,174,36
continued,0.16554292980872068,173,174,37
continued,0.13117984047785763,173,174,38
continued,0.10218020869033279,173,174,39
continued,0.09430111587674302,173,174,40
continued,0.004396325872935614,173,174,41
continued,0.0400221757328706,173,174,42
continued,0.03771747851737518,173,174,43
continued,-0.04670510759774239,173,174,44
continued,0.03031141028115384,173,174,45
continued,0.13107987483681,173,174,46
continued,0.11534971126841519,173,174,47
continued,0.10185843942303596,173,174,48
continued,0.09767683736980126,173,174,49
continued,0.1121051608676566,174,175,0
continued,0.037714367151733576,174,175,1
continued,0.08472410506515428,174,175,2
continued,0.10308474055539643,174,175,3
continued,0.027647970234175968,174,175,4
continued,0.14600893631575168,174,175,5
continued,0.06764173338469986,174,175,6
continued,0.03165240813234742,174,175,7
continued,0.001921185907226999,174,175,8
continued,-0.030334673636533277,174,175,9
continued,0.16868260482804492,174,175,10
continued,0.17316458572042226,174,175,11
continued,0.17772421429960494,174,175,12
continued,0.06682456285924408,174,175,13
continued,0.06678346371809682,174,175,14
continued,0.08532839846525507,174,175,15
continued,0.0008020063935539018,174,175,16
continued,0.12557765123213624,174,175,17
continued,0.08091038260943272,174,175,18
continued,0.2502604651697878,174,175,19
continued,0.1300249035882024,174,175,20
continued,0.10426221513850956,174,175,21
continued,0.009314878869709109,174,175,22
continued,0.09186864929750813,174,175,23
continued,0.09845765576818362,174,175,24
continued,0.11605713064245397,174,175,25
continued,0.11245042369303875,174,175,26
continued,0.08304608372501751,174,175,27
continued,0.12220449171115998,174,175,28
continued,0.08304230504647013,174,175,29
continued,0.08989400793702412,174,175,30
continued,0.19719559997367517,174,175,31
continued,0.1756938723223275,174,175,32
continued,0.057880361267709825,174,175,33
continued,0.08342868589443993,174,175,34
continued,0.06793742095095938,174,175,35
continued,0.2248031939020851,174,175,36
continued,0.09154984642477183,174,175,37
continued,0.10402099488657053,174,175,38
continued,0.21592861897539878,174,175,39
continued,0.06683390033341194,174,175,40
continued,0.061919337113479356,174,175,41
continued,0.11270520108210087,174,175,42
continued,0.07527240072752599,174,175,43
continued,0.11708182002451648,174,175,44
continued,0.1536665808804939,174,175,45
continued,0.14146830156466972,174,175,46
continued,0.08801656887569805,174,175,47
continued,0.08350596676520153,174,175,48
continued,0.08110601508135809,174,175,49
continued,0.14469940263536857,175,176,0
continued,0.08039284344361809,175,176,1
continued,0.10812593307183241,175,176,2
continued,0.08379852960878603,175,176,3
continued,0.04847864758726743,175,176,4
continued,0.07613462658003471,175,176,5
continued,0.10112242764132576,175,176,6
continued,0.14070028821744976,175,176,7
continued,0.03453389156693881,175,176,8
continued,0.09231024490632182,175,176,9
continued,0.1509395864517987,175,176,10
continued,0.10800870515854795,175,176,11
continued,0.1517011121559718,175,176,12
continued,0.1570684976828615,175,176,13
continued,0.006745938402505425,175,176,14
continued,0.10218166548412372,175,176,15
continued,0.1767602513762136,175,176,16
continued,0.10579847475917625,175,176,17
continued,0.19565939154840542,175,176,18
continued,0.17859805873056628,175,176,19
continued,0.04351094643028345,175,176,20
continued,0.13824633110427967,175,176,21
continued,0.14295537083797677,175,176,22
continued,0.07300124136959114,175,176,23
continued,0.15848004526524384,175,176,24
continued,0.14659126884548598,175,176,25
continued,0.2254846064698299,175,176,26
continued,0.12353830997988612,175,176,27
continued,0.09930959197811419,175,176,28
continued,0.1433416297793299,175,176,29
continued,0.05205987273333161,175,176,30
continued,0.2247493962477794,175,176,31
continued,-0.026805159774257303,175,176,32
continued,-0.025071560879089592,175,176,33
continued,0.1508799819891086,175,176,34
continued,0.0007817118777884782,175,176,35
continued,0.042574856061024687,175,176,36
continued,0.19327504407318769,175,176,37
continued,0.1566860791416501,175,176,38
continued,0.05885436041803732,175,176,39
continued,0.10570848368878132,175,176,40
continued,0.18995325310078942,175,176,41
continued,0.11703004026441238,175,176,42
continued,0.05700272051931118,175,176,43
continued,0.12487755295283309,175,176,44
continued,0.1751387939837083,175,176,45
continued,0.014077791496378998,175,176,46
continued,0.13489200483957736,175,176,47
continued,-0.02914874857418935,175,176,48
continued,0.1205596757197216,175,176,49
continued,0.18896140658516938,176,177,0
continued,0.13683212388107263,176,177,1
continued,0.032427222105078785,176,177,2
continued,0.001607666968280597,176,177,3
continued,0.13856864157151863,176,177,4
continued,0.05067959636996063,176,177,5
continued,0.08699572085637902,176,177,6
continued,0.16217901178857622,176,177,7
continued,0.02356487116754704,176,177,8
continued,0.08845636275030226,176,177,9
continued,0.07633658966931359,176,177,10
continued,0.1866248239318044,176,177,11
continued,0.04767356181483458,176,177,12
continued,0.15269500095565292,176,177,13
continued,0.08115274177449558,176,177,14
continued,0.17193406740540965,176,177,15
continued,0.07114329357457116,176,177,16
continued,0.10201873813648336,176,177,17
continued,0.12004177336348135,176,177,18
continued,0.05206804596167999,176,177,19
continued,0.10968795483665249,176,177,20
continued,0.1355159426281572,176,177,21
continued,0.07155519053819054,176,177,22
continued,0.11911358583872005,176,177,23
continued,0.12887858101852717,176,177,24
continued,0.15505484070178274,176,177,25
continued,0.09959574845593665,176,177,26
continued,0.2314709513423029,176,177,27
continued,0.11404772679258328,176,177,28
continued,0.23692746576497403,176,177,29
continued,0.09451312189697562,176,177,30
continued,0.049955344157814545,176,177,31
continued,0.0727634506410035,176,177,32
continued,0.1847542769093561,176,177,33
continued,0.10252009812673993,176,177,34
continued,0.15971841968736422,176,177,35
continued,0.15436941119685338,176,177,36
continued,0.11769299841489511,176,177,37
continued,0.1350201364123907,176,177,38
continued,0.10970679715162907,176,177,39
continued,0.056307270359150646,176,177,40
continued,0.05620488493864543,176,177,41
continued,0.08511867211490474,176,177,42
continued,0.048534912390582635,176,177,43
continued,0.23255883059570281,176,177,44
continued,0.011038383652065322,176,177,45
continued,0.05098999312848498,176,177,46
continued,0.012074161303947553,176,177,47
continued,0.035129670483279744,176,177,48
continued,0.15857770661870774,176,177,49
continued,0.18498536988403616,177,178,0
continued,0.09015223025273325,177,178,1
continued,0.04498378597603084,177,178,2
continued,0.10537716399483418,177,178,3
continued,0.10062355629339961,177,178,4
continued,0.05424417569172815,177,178,5
continued,0.11580023518491124,177,178,6
continued,0.06152194700488268,177,178,7
continued,0.03755260000423871,177,178,8
continued,0.10521052662073124,177,178,9
continued,0.13671264799197327,177,178,10
continued,-0.0002703095803562635,177,178,11
continued,0.09398386720041356,177,178,12
continued,0.07084686569978794,177,178,13
continued,0.15570771985111675,177,178,14
continued,0.1861400106364334,177,178,15
continued,0.09949334269757922,177,178,16
continued,0.06846260962539322,177,178,17
continued,-0.02867832260107262,177,178,18
continued,0.1616486104104354,177,178,19
continued,0.14275341548653817,177,178,20
continued,0.053466637254056044,177,178,21
continued,0.04352039594994188,177,178,22
continued,0.22164759446015336,177,178,23
continued,0.08256412069587375,177,178,24
continued,0.0677288287382905,177,178,25
continued,0.07980123961411457,177,178,26
continued,0.2286342285945406,177,178,27
continued,0.1557030238814484,177,178,28
continued,0.08645192349836783,177,178,29
continued,0.08740934280686904,177,178,30
continued,0.0556002978830322,177,178,31
continued,0.09219716043498093,177,178,32
continued,0.12866461178976796,177,178,33
continued,0.1246834709841073,177,178,34
continued,0.114944856392534,177,178,35
continued,0.06466741643999514,177,178,36
continued,0.16362011126911055,177,178,37
continued,0.11714638619468488,177,178,38
continued,0.08456863150984159,177,178,39
continued,0.05361401305052962,177,178,40
continued,0.12885962607236484,177,178,41
continued,0.1354152530977944,177,178,42
continued,0.1677811143076895,177,178,43
continued,0.13438769070372716,177,178,44
continued,0.15697787338101982,177,178,45
continued,0.09637052438880947,177,178,46
continued,0.09003297326243176,177,178,47
continued,0.16748566327368278,177,178,48
continued,0.07462686002420767,177,178,49
continued,0.059024556551190696,178,179,0
continued,0.12105484231147579,178,179,1
continued,0.13565286085677697,178,179,2
continued,0.06364000338655093,178,179,3
continued,0.11930803429767148,178,179,4
continued,0.09690086149737791,178,179,5
continued,0.03993817269913028,178,179,6
continued,0.16108421492996974,178,179,7
continued,0.08688060409916756,178,179,8
continued,0.20625572361532354,178,179,9
continued,0.2116487681325529,178,179,10
continued,0.111420892282489,178,179,11
continued,0.08058547408508525,178,179,12
continued,0.05915867734027773,178,179,13
continued,0.15028327301132316,178,179,14
continued,0.15528911420288988,178,179,15
continued,0.129044718273672,178,179,16
continued,0.14027745337700354,178,179,17
continued,0.06070050887637835,178,179,18
continued,0.1392382833306866,178,179,19
continued,0.0009801681741411676,178,179,20
continued,-0.028624982618843366,178,179,21
continued,0.1321812318193998,178,179,22
continued,0.1564335861779639,178,179,23
continued,0.0787175689110625,178,179,24
continued,0.11467282875004083,178,179,25
continued,0.04109211685261192,178,179,26
continued,0.09995115304304722,178,179,27
continued,0.0824114206728068,178,179,28
continued,0.06814126760973581,178,179,29
continued,0.11940334541553888,178,179,30
continued,0.13906079618611067,178,179,31
continued,0.07971600724398717,178,179,32
continued,0.08123889111399235,178,179,33
continued,0.14685188763756954,178,179,34
continued,0.06218415246651082,178,179,35
continued,0.19311818715823967,178,179,36
continued,0.14021340819394065,178,179,37
continued,0.08672182289579045,178,179,38
continued,0.10859354174028792,178,179,39
continued,0.06599979066250287,178,179,40
continued,0.1577696582669865,178,179,41
continued,0.07502343660103405,178,179,42
continued,0.07571292171861281,178,179,43
continued,0.15634880851128014,178,179,44
continued,0.08047574585882937,178,179,45
continued,0.1278022121846422,178,179,46
continued,0.04759325820833499,178,179,47
continued,0.1352369097600429,178,179,48
continued,0.13414440117771775,178,179,49
continued,0.1395836754603287,179,180,0
continued,0.08469164242221208,179,180,1
continued,0.11255704558935414,179,180,2
continued,0.08392130070718323,179,180,3
continued,0.1766263027100821,179,180,4
continued,0.12029359063633313,179,180,5
continued,0.23349041189732148,179,180,6
continued,0.13072663251677172,179,180,7
continued,0.11992458950242806,179,180,8
continued,0.16811471787070117,179,180,9
continued,0.1933858037679353,179,180,10
continued,0.04926735772679148,179,180,11
continued,0.17147164496979694,179,180,12
continued,0.11309938900858366,179,180,13
continued,0.10245060167548606,179,180,14
continued,0.1550652852678729,179,180,15
continued,0.07476655771351483,179,180,16
continued,0.1268365917820343,179,180,17
continued,0.029963036205539244,179,180,18
continued,0.09367737195819277,179,180,19
continued,-0.007002114758470315,179,180,20
continued,-0.0032208185999093334,179,180,21
continued,0.1268187836072494,179,180,22
continued,0.09302939909617433,179,180,23
continued,0.1777738041917856,179,180,24
continued,0.12248332565053435,179,180,25
continued,0.17644580803959525,179,180,26
continued,0.058174261681494845,179,180,27
continued,0.18244335467914324,179,180,28
continued,0.0543622834170505,179,180,29
continued,0.15504454282847996,179,180,30
continued,0.04889486934715908,179,180,31
continued,0.18522499603539275,179,180,32
continued,0.05178612428476424,179,180,33
continued,0.12658287894149448,179,180,34
continued,0.1603627998855377,179,180,35
continued,0.0887698622084295,179,180,36
continued,0.2099357121622141,179,180,37
continued,0.0739037236529731,179,180,38
continued,0.06700746758495972,179,180,39
continued,0.04934046993389023,179,180,40
continued,0.02189023053013851,179,180,41
continued,0.15158197349397867,179,180,42
continued,0.12193147290149108,179,180,43
continued,0.03536097776755908,179,180,44
continued,0.09531652561076558,179,180,45
continued,0.11511934407417716,179,180,46
continued,0.06205538568902206,179,180,47
continued,0.15260165299663794,179,180,48
continued,0.07208265540840382,179,180,49
continued,-0.05135425310867352,180,181,0
continued,0.08200234553561665,180,181,1
continued,0.07548446834429752,180,181,2
continued,0.07731605633485847,180,181,3
continued,0.16900156450186984,180,181,4
continued,0.1722600911704975,180,181,5
continued,0.1017117907151548,180,181,6
continued,-0.012655688578177835,180,181,7
continued,0.12334273490531876,180,181,8
continued,0.21970472028249693,180,181,9
continued,0.061874372930267624,180,181,10
continued,0.04690789931856936,180,181,11
continued,0.15299793273833504,180,181,12
continued,0.06131406421851968,180,181,13
continued,0.17049421360936914,180,181,14
continued,0.12319581694945708,180,181,15
continued,-0.001636722185609344,180,181,16
continued,0.1933517152823225,180,181,17
continued,0.11359600987393598,180,181,18
continued,0.09340405793532598,180,181,19
continued,0.08745859463038702,180,181,20
continued,0.05713384216186066,180,181,21
continued,0.13066062507548418,180,181,22
continued,0.12506389605197993,180,181,23
continued,0.028325381887216994,180,181,24
continued,0.07777293971480595,180,181,25
continued,0.07543802470202114,180,181,26
continued,0.11952786462915851,180,181,27
continued,0.1852015717641902,180,181,28
continued,-0.041321835799479435,180,181,29
continued,0.030672273770679777,180,181,30
continued,0.1472507788683232,180,181,31
continued,0.17970454595108842,180,181,32
continued,0.14460496360166078,180,181,33
continued,0.12276077499097056,180,181,34
continued,0.09903182229751221,180,181,35
continued,0.12494031990349098,180,181,36
continued,0.19330197574619332,180,181,37
continued,0.07500237427996703,180,181,38
continued,0.1922521034967688,180,181,39
continued,0.13613636876117263,180,181,40
continued,0.09038598005225013,180,181,41
continued,0.06281327244486642,180,181,42
continued,0.12367797862310573,180,181,43
continued,-0.04171101687131782,180,181,44
continued,0.15580298637828813,180,181,45
continued,0.12922488374083288,180,181,46
continued,0.19086664962621733,180,181,47
continued,0.07016394597699514,180,181,48
continued,0.08355323289634653,180,181,49
continued,0.10996110136831097,181,182,0
continued,0.12095229614713145,181,182,1
continued,0.003950857481409828,181,182,2
continued,0.0711913072389798,181,182,3
continued,0.1314895837437486,181,182,4
continued,0.019349753159831833,181,182,5
continued,0.13235223320530257,181,182,6
continued,0.14737074764506133,181,182,7
continued,0.11047969216449663,181,182,8
continued,0.09864710734803836,181,182,9
continued,0.08793791000831319,181,182,10
continued,0.18657983812019105,181,182,11
continued,0.14044134306779124,181,182,12
continued,0.06634489391143278,181,182,13
continued,0.12855287076827124,181,182,14
continued,0.009277617883542673,181,182,15
continued,0.03579693264270366,181,182,16
continued,0.12776325783666873,181,182,17
continued,0.1362149318703874,181,182,18
continued,0.19865058011486808,181,182,19
continued,0.1493410570957037,181,182,20
continued,0.12773951564155836,181,182,21
continued,0.11509189411048718,181,182,22
continued,0.07321831184717471,181,182,23
continued,0.11872560526910896,181,182,24
continued,0.11899200420808777,181,182,25
continued,0.0961132555869261,181,182,26
continued,0.14208897777178828,181,182,27
continued,0.22787378530876765,181,182,28
continued,0.17178142725446222,181,182,29
continued,0.1571539035614677,181,182,30
continued,0.16101222286603997,181,182,31
continued,0.13703610927586735,181,182,32
continued,0.12870015676657054,181,182,33
continued,0.15438129597172565,181,182,34
continued,0.11815041061052621,181,182,35
continued,0.12699127970092614,181,182,36
continued,0.1952617777260292,181,182,37
continued,0.04191483980052883,181,182,38
continued,0.21358368549915302,181,182,39
continued,0.11388517030621091,181,182,40
continued,0.08751490531584018,181,182,41
continued,0.11768376061472528,181,182,42
continued,0.14469902363387352,181,182,43
continued,0.06258169957979873,181,182,44
continued,0.17887753463174666,181,182,45
continued,0.09515859446669293,181,182,46
continued,0.15885487103549237,181,182,47
continued,0.1227250017284079,181,182,48
continued,0.09726698442122247,181,182,49
continued,0.08484863448892654,182,183,0
continued,0.13752815526926868,182,183,1
continued,0.05110542377130931,182,183,2
continued,-0.012833380151981153,182,183,3
continued,0.1830675088088517,182,183,4
continued,0.04401526038494726,182,183,5
continued,0.14287976864545723,182,183,6
continued,0.22602532742998224,182,183,7
continued,0.16534228994907446,182,183,8
continued,0.09297012409357809,182,183,9
continued,0.06738211228101498,182,183,10
continued,0.1264671819828585,182,183,11
continued,-0.02000029145802341,182,183,12
continued,0.08429836093621247,182,183,13
continued,0.015580346449473568,182,183,14
continued,0.2902915843249222,182,183,15
continued,0.10996044370329719,182,183,16
continued,0.059313938519145876,182,183,17
continued,0.11262995902983629,182,183,18
continued,0.043510223220459616,182,183,19
continued,0.15069694668034306,182,183,20
continued,0.05336020952022228,182,183,21
continued,0.03464725858609813,182,183,22
continued,-0.05437651969610128,182,183,23
continued,0.15247298862369543,182,183,24
continued,0.12997049410635922,182,183,25
continued,0.11393011971488447,182,183,26
continued,0.14937354501462266,182,183,27
continued,0.14310472919493505,182,183,28
continued,0.22564851622243084,182,183,29
continued,0.048989370363753504,182,183,30
continued,0.07919959517426285,182,183,31
continued,0.1334941888653055,182,183,32
continued,0.04613479022816925,182,183,33
continued,0.05888899765880376,182,183,34
continued,0.002650901246465402,182,183,35
continued,0.06759461218220202,182,183,36
continued,0.1092119635498998,182,183,37
continued,0.0918145929076997,182,183,38
continued,0.03532866413448052,182,183,39
continued,0.07637180768677196,182,183,40
continued,0.03650810443148129,182,183,41
continued,0.13054203129807476,182,183,42
continued,0.12916187571522264,182,183,43
continued,0.11214401932695033,182,183,44
continued,0.009608112839033558,182,183,45
continued,0.1177040734087143,182,183,46
continued,0.141161488864817,182,183,47
continued,0.15385403316888946,182,183,48
continued,0.22159793749563259,182,183,49
continued,0.06835800594667168,183,184,0
continued,0.046684740030899154,183,184,1
continued,0.16922816659692566,183,184,2
continued,0.060678023887017665,183,184,3
continued,0.08973519190600204,183,184,4
continued,0.07251159478133502,183,184,5
continued,0.1363597544086052,183,184,6
continued,0.08496293325828849,183,184,7
continued,0.11575597481510239,183,184,8
continued,0.2123210914089017,183,184,9
continued,0.14516224987231488,183,184,10
continued,0.0945898947688518,183,184,11
continued,0.12222025521762707,183,184,12
continued,0.18002203097979283,183,184,13
continued,0.06389049807572296,183,184,14
continued,0.05023617300119707,183,184,15
continued,0.09541362251107345,183,184,16
continued,0.0975073265290203,183,184,17
continued,0.16201024325400876,183,184,18
continued,0.1464200706003107,183,184,19
continued,0.2158349928248921,183,184,20
continued,0.16171905695994154,183,184,21
continued,0.13295915977815584,183,184,22
continued,0.10056062120294587,183,184,23
continued,0.1849162271602697,183,184,24
continued,0.09722939604444517,183,184,25
continued,0.14896310457133963,183,184,26
continued,0.05348455544217575,183,184,27
continued,0.22979717409828307,183,184,28
continued,0.18306041151438154,183,184,29
continued,0.09078803778382949,183,184,30
continued,0.07015408541058618,183,184,31
continued,-0.022539917084236243,183,184,32
continued,0.10329038871650931,183,184,33
continued,0.11106692123575398,183,184,34
continued,0.059907512410840774,183,184,35
continued,0.16103922029687512,183,184,36
continued,0.20358895689258585,183,184,37
continued,0.04689182394681669,183,184,38
continued,0.11662970922046781,183,184,39
continued,0.1164899866155062,183,184,40
continued,0.08766037477812377,183,184,41
continued,0.14022462680354825,183,184,42
continued,0.11273576169148883,183,184,43
continued,0.178532285038062,183,184,44
continued,0.0573162418508272,183,184,45
continued,0.12070287876959292,183,184,46
continued,0.20023764747061673,183,184,47
continued,0.03373551301372441,183,184,48
continued,0.06826415240908114,183,184,49
continued,0.17653398524570818,184,185,0
continued,0.12049563584162548,184,185,1
continued,0.12286142237069136,184,185,2
continued,0.14704863445592856,184,185,3
continued,0.16422997522864974,184,185,4
continued,0.13209276521771418,184,185,5
continued,0.10133172704072302,184,185,6
continued,0.14792930878578603,184,185,7
continued,0.15031819821350956,184,185,8
continued,0.10404164545255234,184,185,9
continued,0.07830223477729632,184,185,10
continued,0.12471590047276347,184,185,11
continued,0.20447800147803263,184,185,12
continued,0.10205671339326608,184,185,13
continued,0.08210566565628652,184,185,14
continued,0.12175664676324742,184,185,15
continued,0.045701596380915824,184,185,16
continued,0.06471149241377173,184,185,17
continued,0.11348877746137932,184,185,18
continued,0.0320171766232256,184,185,19
continued,0.07720266529409649,184,185,20
continued,0.12479695992788918,184,185,21
continued,0.12969182410951707,184,185,22
continued,-0.007102744062971312,184,185,23
continued,0.06593171845032388,184,185,24
continued,0.0729606760124568,184,185,25
continued,0.24648344246325962,184,185,26
continued,0.10213512068627847,184,185,27
continued,0.07857074302707225,184,185,28
continued,0.1161447382737907,184,185,29
continued,0.05860206504807409,184,185,30
continued,0.18729621800092414,184,185,31
continued,-0.08989888971565921,184,185,32
continued,0.1278745222499521,184,185,33
continued,0.086592824568634,184,185,34
continued,0.04133171593954723,184,185,35
continued,0.10106926940025432,184,185,36
continued,0.08424701902489658,184,185,37
continued,0.10914558516367051,184,185,38
continued,0.2295910410958503,184,185,39
continued,0.14112954555972157,184,185,40
continued,0.2138411735535896,184,185,41
continued,0.054460198412596264,184,185,42
continued,0.11586215598365478,184,185,43
continued,0.05314944824221644,184,185,44
continued,0.050483835935412884,184,185,45
continued,0.04705528071503806,184,185,46
continued,0.07966417731391784,184,185,47
continued,0.1671251917681608,184,185,48
continued,0.08098012170237551,184,185,49
continued,0.17939757435728992,185,186,0
continued,0.17614379185119924,185,186,1
continued,0.005895928986583149,185,186,2
continued,0.05317350872652862,185,186,3
continued,0.10333965441870277,185,186,4
continued,0.07592469899212208,185,186,5
continued,0.09484771640126502,185,186,6
continued,0.09866910369860976,185,186,7
continued,0.13718125700370304,185,186,8
continued,0.1159149203196242,185,186,9
continued,0.06932706659277166,185,186,10
continued,0.07214135630389151,185,186,11
continued,0.009374225736001064,185,186,12
continued,0.15416529708499208,185,186,13
continued,0.18415588060701774,185,186,14
continued,0.14852163287464937,185,186,15
continued,0.2274450125014716,185,186,16
continued,0.11172389964384762,185,186,17
continued,0.09696309002867515,185,186,18
continued,0.0777837680619533,185,186,19
continued,0.10865730890822962,185,186,20
continued,0.06106813960612063,185,186,21
continued,-0.028957900719440915,185,186,22
continued,0.14677644192221923,185,186,23
continued,0.1680372706687677,185,186,24
continued,0.033192445042594595,185,186,25
continued,0.19797466612626125,185,186,26
continued,0.2219069378803038,185,186,27
continued,0.09387328276572499,185,186,28
continued,-0.00030558632358865457,185,186,29
continued,0.029389370991351867,185,186,30
continued,0.1426446477128447,185,186,31
continued,0.18420687142976747,185,186,32
continued,-0.014544866151782953,185,186,33
continued,0.014047296875141078,185,186,34
continued,0.06264575224079211,185,186,35
continued,0.13068253980507286,185,186,36
continued,0.030289797202101256,185,186,37
continued,0.17145914907134324,185,186,38
continued,0.16754045663641826,185,186,39
continued,0.2105821434542534,185,186,40
continued,-0.0355607022987486,185,186,41
continued,0.06046534914997641,185,186,42
continued,0.10879657096679532,185,186,43
continued,0.15917978519335757,185,186,44
continued,0.13403299130971222,185,186,45
continued,0.17175453176478275,185,186,46
continued,0.07928543448234769,185,186,47
continued,0.05681850236251688,185,186,48
continued,0.18823424479563974,185,186,49
continued,0.07390983655415852,186,187,0
continued,0.1165812677757751,186,187,1
continued,-0.007141256983668361,186,187,2
continued,-0.06576288597242592,186,187,3
continued,0.17616409702627278,186,187,4
continued,0.0702570416380236,186,187,5
continued,0.12012728279436177,186,187,6
continued,-0.017415569415632565,186,187,7
continued,0.057911278789283156,186,187,8
continued,0.16332583017197522,186,187,9
continued,0.0696497767983577,186,187,10
continued,0.1887291958304308,186,187,11
continued,0.15648862693250967,186,187,12
continued,0.0039384198046273425,186,187,13
continued,0.20150580888025463,186,187,14
continued,-0.04187177718755267,186,187,15
continued,0.13159873549709536,186,187,16
continued,0.03308582874408492,186,187,17
continued,0.029156961193821794,186,187,18
continued,0.07038089782578885,186,187,19
continued,0.08174445827002595,186,187,20
continued,0.1255132665337558,186,187,21
continued,0.0754683333203056,186,187,22
continued,0.09420019433497683,186,187,23
continued,0.18907873479983228,186,187,24
continued,0.09083034817450432,186,187,25
continued,0.03865070943588841,186,187,26
continued,0.2030156631732685,186,187,27
continued,0.041945975291714704,186,187,28
continued,0.13154942965662034,186,187,29
continued,0.09529883415731433,186,187,30
continued,0.08655030857054692,186,187,31
continued,0.18898991375320787,186,187,32
continued,0.1438172680158596,186,187,33
continued,0.07951974416668822,186,187,34
continued,0.09682578288387532,186,187,35
continued,0.06193486490470943,186,187,36
continued,0.013350455749778367,186,187,37
continued,0.13804518884259637,186,187,38
continued,0.15263347204309546,186,187,39
continued,0.17265034528874063,186,187,40
continued,0.08614343588788768,186,187,41
continued,0.14607982711577383,186,187,42
continued,0.11624569153984937,186,187,43
continued,0.2004181493958629,186,187,44
continued,0.13577847416648187,186,187,45
continued,0.18676471809619757,186,187,46
continued,0.11393235478398386,186,187,47
continued,0.10161218702941158,186,187,48
continued,0.18166915192645444,186,187,49
continued,0.12601668638250296,187,188,0
continued,0.17041915066445779,187,188,1
continued,0.18935416465437993,187,188,2
continued,0.12230617773420761,187,188,3
continued,0.13240392216497637,187,188,4
continued,0.18233930157687572,187,188,5
continued,0.19136928142047077,187,188,6
continued,0.1785210628988727,187,188,7
continued,0.027724720930730792,187,188,8
continued,0.06100617106893188,187,188,9
continued,0.08389016702251889,187,188,10
continued,0.09455388530772682,187,188,11
continued,0.024570999122075318,187,188,12
continued,0.1742851996508074,187,188,13
continued,0.17598939742685737,187,188,14
continued,0.16770415253965817,187,188,15
continued,0.1577035186909605,187,188,16
continued,0.028411791921163575,187,188,17
continued,0.106553786192684,187,188,18
continued,0.23572100244595776,187,188,19
continued,-0.0365944799873645,187,188,20
continued,0.20147931540983852,187,188,21
continued,0.10015513299356736,187,188,22
continued,0.13497512807939635,187,188,23
continued,0.17926352610558732,187,188,24
continued,-0.006558168129633992,187,188,25
continued,0.07724552144779798,187,188,26
continued,0.2041831307021503,187,188,27
continued,0.01683193429776368,187,188,28
continued,0.08538378305450733,187,188,29
continued,0.19435128710005492,187,188,30
continued,0.13373533753292097,187,188,31
continued,0.1345531044357175,187,188,32
continued,0.03728094212012187,187,188,33
continued,0.2322864161501977,187,188,34
continued,0.19230982820517925,187,188,35
continued,0.08052507421796076,187,188,36
continued,0.13240565964628861,187,188,37
continued,0.054146967785729215,187,188,38
continued,0.1811756918987701,187,188,39
continued,0.1087083907905615,187,188,40
continued,0.1742710682867993,187,188,41
continued,0.1218525491625705,187,188,42
continued,0.11454234484935703,187,188,43
continued,0.12219132066641056,187,188,44
continued,0.1728168027542256,187,188,45
continued,0.04555748512706269,187,188,46
continued,0.006404712416639005,187,188,47
continued,0.08071687825964755,187,188,48
continued,0.12931357880949262,187,188,49
continued,0.07700332006997615,188,189,0
continued,0.01794382984569433,188,189,1
continued,0.1394892004844216,188,189,2
continued,0.1232140784023015,188,189,3
continued,0.20877917057075662,188,189,4
continued,0.1577745183112233,188,189,5
continued,0.12892572306246156,188,189,6
continued,0.09726605237475497,188,189,7
continued,0.1272310295110105,188,189,8
continued,0.12489949387361268,188,189,9
continued,0.03745328312699805,188,189,10
continued,0.08127970431915275,188,189,11
continued,0.10075333667207972,188,189,12
continued,0.05860097499881802,188,189,13
continued,0.08073154197648007,188,189,14
continued,0.11682913199210154,188,189,15
continued,0.044606868545980116,188,189,16
continued,0.2075518090629553,188,189,17
continued,-0.008702783986026882,188,189,18
continued,0.16961003628332272,188,189,19
continued,0.0415537957895129,188,189,20
continued,0.1077897065437725,188,189,21
continued,0.043013272355566984,188,189,22
continued,0.08477526013300611,188,189,23
continued,0.12465194002376974,188,189,24
continued,0.10374923239524314,188,189,25
continued,-0.018592309980869567,188,189,26
continued,0.1425335563903658,188,189,27
continued,0.07070037624965315,188,189,28
continued,0.08813093314194256,188,189,29
continued,0.16950924619465574,188,189,30
continued,0.08450101760556161,188,189,31
continued,0.0727598356773688,188,189,32
continued,0.06858588789730771,188,189,33
continued,0.04762662531935827,188,189,34
continued,0.10536930473806787,188,189,35
continued,0.08272552451206552,188,189,36
continued,0.10938148951123026,188,189,37
continued,0.19321725579510293,188,189,38
continued,-0.06963691812884128,188,189,39
continued,0.13459130422782853,188,189,40
continued,0.12933098991320163,188,189,41
continued,0.21130426121123183,188,189,42
continued,0.12529165978456192,188,189,43
continued,0.032450619472379656,188,189,44
continued,0.1580688095671007,188,189,45
continued,-0.02534428360467597,188,189,46
continued,0.02173015631544857,188,189,47
continued,0.049388959456006264,188,189,48
continued,0.020823635989948058,188,189,49
continued,0.24080522098346938,189,190,0
continued,0.05177398059982352,189,190,1
continued,0.10685396840869651,189,190,2
continued,0.10909595965513762,189,190,3
continued,0.26113445546600356,189,190,4
continued,0.06543581055525405,189,190,5
continued,0.07512149482555822,189,190,6
continued,0.12216015074166481,189,190,7
continued,0.09286161050120195,189,190,8
continued,0.13286513551415596,189,190,9
continued,0.0071850297060320695,189,190,10
continued,0.07002467111653382,189,190,11
continued,0.019306066540275897,189,190,12
continued,0.13209611218001716,189,190,13
continued,0.09382382467432629,189,190,14
continued,0.23262441926151084,189,190,15
continued,0.14747983382221702,189,190,16
continued,0.08396473484250158,189,190,17
continued,0.18533445447756422,189,190,18
continued,0.13536191490929506,189,190,19
continued,0.05745268950080798,189,190,20
continued,-0.007623144281155863,189,190,21
continued,0.052522304050929204,189,190,22
continued,0.146287763888728,189,190,23
continued,0.14803376249689898,189,190,24
continued,0.14194667117212026,189,190,25
continued,-0.027660805574647878,189,190,26
continued,0.11424444367824639,189,190,27
continued,0.0990318621169583,189,190,28
continued,0.06126120995983742,189,190,29
continued,0.03092243522900191,189,190,30
continued,0.1888646642892369,189,190,31
continued,0.12114688363947652,189,190,32
continued,0.10582942969794383,189,190,33
continued,0.09069072678529229,189,190,34
continued,0.04733338984462162,189,190,35
continued,0.06277788016542928,189,190,36
continued,0.22443523030329676,189,190,37
continued,0.07617943533414501,189,190,38
continued,0.12635227688836598,189,190,39
continued,-0.04302111071820586,189,190,40
continued,0.08357604290283074,189,190,41
continued,0.20511909733583583,189,190,42
continued,0.1441249307545276,189,190,43
continued,0.09102533285342987,189,190,44
continued,0.2481835093849869,189,190,45
continued,0.08399202268326621,189,190,46
continued,0.1751328291379111,189,190,47
continued,0.03266214415878193,189,190,48
continued,0.04824936232514102,189,190,49
continued,0.15671968397789263,190,191,0
continued,0.02954771424997862,190,191,1
continued,0.1602728696924279,190,191,2
continued,0.05857569369363304,190,191,3
continued,0.05518280688287079,190,191,4
continued,0.12081505326040219,190,191,5
continued,0.17173332557360835,190,191,6
continued,0.2081927320614269,190,191,7
continued,0.12082902139015884,190,191,8
continued,0.014122533727680213,190,191,9
continued,0.036503205308897564,190,191,10
continued,0.13622866904196437,190,191,11
continued,0.1437046592791304,190,191,12
continued,0.0323330484569139,190,191,13
continued,0.0599713255492774,190,191,14
continued,0.07274715274594579,190,191,15
continued,0.12590492355157676,190,191,16
continued,0.05104707334116419,190,191,17
continued,0.03950935454576672,190,191,18
continued,0.12719480491316315,190,191,19
continued,0.16869585853061878,190,191,20
continued,0.20251205534603725,190,191,21
continued,0.06304759801667367,190,191,22
continued,0.0456772449398411,190,191,23
continued,0.13279644787709113,190,191,24
continued,0.05481689261259164,190,191,25
continued,0.024968044390342756,190,191,26
continued,0.03701678201279354,190,191,27
continued,0.09007192073254405,190,191,28
continued,0.15266556042814147,190,191,29
continued,0.11888641405606876,190,191,30
continued,0.10607298916502285,190,191,31
continued,0.17548816032048586,190,191,32
continued,0.0251813829026647,190,191,33
continued,0.026746264086021557,190,191,34
continued,0.15890754212088973,190,191,35
continued,0.18313641329296307,190,191,36
continued,0.10286837318953773,190,191,37
continued,0.14372085539718124,190,191,38
continued,0.16924097086872925,190,191,39
continued,0.19660681212393682,190,191,40
continued,0.12933900631452355,190,191,41
continued,0.1987319505339655,190,191,42
continued,0.189288909503031,190,191,43
continued,0.1932155061761006,190,191,44
continued,0.22591474545629076,190,191,45
continued,0.1613575976223883,190,191,46
continued,0.034976984028757416,190,191,47
continued,0.05747115603167353,190,191,48
continued,0.11595562124246707,190,191,49
continued,0.05689891559557051,191,192,0
continued,0.04893895941841756,191,192,1
continued,0.13529497994063272,191,192,2
continued,0.10585254518786269,191,192,3
continued,0.11570572753214547,191,192,4
continued,0.08493949125504388,191,192,5
continued,0.14716322273739768,191,192,6
continued,0.11768633916466145,191,192,7
continued,0.08901332407149411,191,192,8
continued,0.15260672222470523,191,192,9
continued,0.09326386111591446,191,192,10
continued,-0.06354103636045635,191,192,11
continued,-0.0014522367370584381,191,192,12
continued,0.07982787963295009,191,192,13
continued,0.04605788234378793,191,192,14
continued,0.1513719294421452,191,192,15
continued,0.1382011069216646,191,192,16
continued,0.16459798293348762,191,192,17
continued,-0.004086646631224137,191,192,18
continued,0.05603869740864958,191,192,19
continued,0.1123745458741983,191,192,20
continued,0.041218962130894106,191,192,21
continued,0.20030428137387424,191,192,22
continued,0.1624525309377838,191,192,23
continued,0.05892151706643881,191,192,24
continued,0.07396943140060087,191,192,25
continued,0.1094134312441223,191,192,26
continued,0.11929923580522114,191,192,27
continued,0.19884685927080045,191,192,28
continued,0.10314840541569419,191,192,29
continued,0.17623894692254807,191,192,30
continued,0.12523115227154127,191,192,31
continued,0.18520574138923795,191,192,32
continued,0.11201219151804194,191,192,33
continued,0.10949617964810883,191,192,34
continued,0.09609464469019013,191,192,35
continued,0.1339886380682335,191,192,36
continued,0.06037411854799549,191,192,37
continued,0.037420544877961315,191,192,38
continued,0.04196372033645834,191,192,39
continued,0.13959154911087962,191,192,40
continued,0.006129127883198081,191,192,41
continued,0.197433106097167,191,192,42
continued,0.16372582313411504,191,192,43
continued,0.15613313469606138,191,192,44
continued,0.15237275153913798,191,192,45
continued,0.17720645970921273,191,192,46
continued,0.1679841618821911,191,192,47
continued,0.05650891865703565,191,192,48
continued,0.10355097339933798,191,192,49
continued,0.04942256056656048,192,193,0
continued,0.08557007365921464,192,193,1
continued,0.05211040730907469,192,193,2
continued,0.20960151986312617,192,193,3
continued,0.04110258613106034,192,193,4
continued,0.018177647851412293,192,193,5
continued,0.23888703987073845,192,193,6
continued,0.11028326909162656,192,193,7
continued,0.14141073836103102,192,193,8
continued,0.08961979729234312,192,193,9
continued,0.06216128667592079,192,193,10
continued,-0.002865647432173909,192,193,11
continued,0.015843382942887195,192,193,12
continued,0.11024017326016705,192,193,13
continued,0.16726147627146332,192,193,14
continued,-0.008093260698238614,192,193,15
continued,0.05475762581774995,192,193,16
continued,0.1731401991552874,192,193,17
continued,0.1721559657560095,192,193,18
continued,0.19478421443303415,192,193,19
continued,0.09667023729617188,192,193,20
continued,0.2251719773675986,192,193,21
continued,0.12161114678093048,192,193,22
continued,0.12403043605429566,192,193,23
continued,0.08193900833459872,192,193,24
continued,0.029276343342214947,192,193,25
continued,0.06666557230133556,192,193,26
continued,0.07733113894723473,192,193,27
continued,0.02723926974141412,192,193,28
continued,0.04987472026789455,192,193,29
continued,0.10420725307027079,192,193,30
continued,0.1098218557139886,192,193,31
continued,0.11421084810418787,192,193,32
continued,0.060687869019903466,192,193,33
continued,0.11720541230131423,192,193,34
continued,0.08770203780373007,192,193,35
continued,0.12660256685185606,192,193,36
continued,0.08727493283933892,192,193,37
continued,0.10972644319360648,192,193,38
continued,0.09074151198354878,192,193,39
continued,0.07464445057828244,192,193,40
continued,0.10763048250127102,192,193,41
continued,0.07093978448830754,192,193,42
continued,0.061619302847290745,192,193,43
continued,0.21164988837888535,192,193,44
continued,0.07063360366023064,192,193,45
continued,0.11533575639385321,192,193,46
continued,0.16824790875757478,192,193,47
continued,0.23813134568807115,192,193,48
continued,0.04465246979307209,192,193,49
continued,0.14650538151771117,193,194,0
continued,0.1056618173464712,193,194,1
continued,0.19005281356683432,193,194,2
continued,0.19229528134694132,193,194,3
continued,0.07722923575051435,193,194,4
continued,0.10528672627196208,193,194,5
continued,0.16063245579338384,193,194,6
continued,0.0676636907450656,193,194,7
continued,0.25147629734976723,193,194,8
continued,0.09142928238250132,193,194,9
continued,0.22037794654747397,193,194,10
continued,-0.08951347034538835,193,194,11
continued,0.041405632621132844,193,194,12
continued,0.09202135381234887,193,194,13
continued,0.16890649607464883,193,194,14
continued,0.1204532636862094,193,194,15
continued,0.08432744596690739,193,194,16
continued,0.13151040100112457,193,194,17
continued,-0.059145688849021015,193,194,18
continued,0.1754010544356577,193,194,19
continued,0.13817266772914688,193,194,20
continued,0.09288445350937508,193,194,21
continued,0.0452607798750367,193,194,22
continued,0.13704515310442555,193,194,23
continued,0.15427351512492657,193,194,24
continued,0.07479400020569976,193,194,25
continued,0.09587780781295802,193,194,26
continued,0.10798740556688706,193,194,27
continued,0.09513240254965351,193,194,28
continued,0.053719496196035235,193,194,29
continued,0.036005917725490465,193,194,30
continued,0.25674193410466367,193,194,31
continued,0.14577668158170848,193,194,32
continued,0.11025603098652687,193,194,33
continued,0.11164622715374056,193,194,34
continued,0.15930401350233234,193,194,35
continued,0.09339909035826474,193,194,36
continued,0.07301279998379917,193,194,37
continued,0.08835598115335974,193,194,38
continued,0.19933358455307754,193,194,39
continued,0.03918282451765934,193,194,40
continued,0.11558310698762503,193,194,41
continued,0.13111024710249553,193,194,42
continued,0.06810512701176814,193,194,43
continued,0.03420033208478382,193,194,44
continued,-0.0352347877233051,193,194,45
continued,0.13511624783969775,193,194,46
continued,0.074884079487451,193,194,47
continued,0.11256563940483001,193,194,48
continued,0.12951095188223397,193,194,49
continued,0.17292536727302543,194,195,0
continued,0.0007149511799714678,194,195,1
continued,0.1509546328223935,194,195,2
continued,0.13981348706414518,194,195,3
continued,0.0858999963203259,194,195,4
continued,0.09422202527319494,194,195,5
continued,0.14836696452228568,194,195,6
continued,0.07597198927912711,194,195,7
continued,0.1444044116591311,194,195,8
continued,0.06775104680539656,194,195,9
continued,-0.03727105578467585,194,195,10
continued,0.1187635681147099,194,195,11
continued,0.16490869308714085,194,195,12
continued,0.06948062982368229,194,195,13
continued,0.06706682137527026,194,195,14
continued,0.1999496057985825,194,195,15
continued,0.15698957656756443,194,195,16
continued,0.07624622240006906,194,195,17
continued,0.03486546240122563,194,195,18
continued,0.1490607444157346,194,195,19
continued,0.09844669226548636,194,195,20
continued,-0.012607100001931167,194,195,21
continued,0.07267852322315219,194,195,22
continued,0.06604655882760412,194,195,23
continued,0.04110654331712824,194,195,24
continued,0.08189064411554543,194,195,25
continued,-0.018922358049028636,194,195,26
continued,0.14827671519752011,194,195,27
continued,0.23379911530069286,194,195,28
continued,-0.008202242770689028,194,195,29
continued,-0.08915186573521701,194,195,30
continued,0.2702562988334036,194,195,31
continued,0.0063095219581710835,194,195,32
continued,0.05726938208601743,194,195,33
continued,0.23896376055897564,194,195,34
continued,0.17208317666658016,194,195,35
continued,0.2026883588786794,194,195,36
continued,0.134021533651988,194,195,37
continued,0.09056940737693565,194,195,38
continued,0.11065190211434635,194,195,39
continued,0.03190490240525635,194,195,40
continued,0.04582364957645388,194,195,41
continued,0.16736335622445894,194,195,42
continued,0.09933298890546537,194,195,43
continued,0.16377595945097617,194,195,44
continued,0.12599382721466185,194,195,45
continued,0.24976552050647863,194,195,46
continued,0.05450714222101127,194,195,47
continued,0.14376598937665583,194,195,48
continued,0.048631110608755614,194,195,49
continued,0.18078377039772622,195,196,0
continued,0.18363579340835573,195,196,1
continued,0.10487969157170113,195,196,2
continued,0.012569855881118483,195,196,3
continued,-0.02408023514723776,195,196,4
continued,0.18725399986677962,195,196,5
continued,0.1002105473812537,195,196,6
continued,-0.001188685719704288,195,196,7
continued,0.12739026062589837,195,196,8
continued,0.08825456007938143,195,196,9
continued,0.1000478840998514,195,196,10
continued,0.10069685099657807,195,196,11
continued,0.14445223632395127,195,196,12
continued,0.1900210404295797,195,196,13
continued,0.01329616025283255,195,196,14
continued,0.06509102437800578,195,196,15
continued,0.11750028350796866,195,196,16
continued,-0.051990063035730096,195,196,17
continued,0.08190007502635488,195,196,18
continued,0.028539272387255028,195,196,19
continued,0.042914657219557555,195,196,20
continued,0.14385220729263487,195,196,21
continued,0.09372321956602561,195,196,22
continued,0.11248261595164684,195,196,23
continued,0.1385284209825975,195,196,24
continued,0.13619333469898476,195,196,25
continued,0.07235383938923669,195,196,26
continued,0.207765791254046,195,196,27
continued,0.18212984088687859,195,196,28
continued,0.04539886690763592,195,196,29
continued,0.18242342581673654,195,196,30
continued,0.14679484548685642,195,196,31
continued,0.11838386186280928,195,196,32
continued,0.11722356757381884,195,196,33
continued,0.11695008628541566,195,196,34
continued,0.12781515433665633,195,196,35
continued,0.14990330300839252,195,196,36
continued,0.12023454325633175,195,196,37
continued,0.05089737080258757,195,196,38
continued,0.11248449146004692,195,196,39
continued,0.08587383492058157,195,196,40
continued,0.1422016019326368,195,196,41
continued,0.1198072657054652,195,196,42
continued,0.22542703650648954,195,196,43
continued,0.1824293613485374,195,196,44
continued,-0.004896364836606244,195,196,45
continued,0.16250044786767293,195,196,46
continued,0.0859484997386333,195,196,47
continued,-0.023205016233353543,195,196,48
continued,0.04652076781480564,195,196,49
continued,0.14677087317612547,196,197,0
continued,0.026872885838288108,196,197,1
continued,0.05385963789257064,196,197,2
continued,0.12161995586505772,196,197,3
continued,0.09045770805318185,196,197,4
continued,0.032891537916200815,196,197,5
continued,0.0513223682731742,196,197,6
continued,0.12712659353496458,196,197,7
continued,0.20608029003199974,196,197,8
continued,0.04336452891007627,196,197,9
continued,0.07830872259275777,196,197,10
continued,0.11667118580803601,196,197,11
continued,0.006092989324649731,196,197,12
continued,0.11726781541312675,196,197,13
continued,0.10111307955111273,196,197,14
continued,0.132986854067266,196,197,15
continued,0.19217210143167412,196,197,16
continued,0.13229466770909118,196,197,17
continued,0.19886788982854975,196,197,18
continued,0.10050435676330699,196,197,19
continued,-0.01574196872529233,196,197,20
continued,0.09124526397334654,196,197,21
continued,0.14586048980193145,196,197,22
continued,0.15515733827411093,196,197,23
continued,0.1804567437622372,196,197,24
continued,0.004269054274853238,196,197,25
continued,0.09874230892719657,196,197,26
continued,0.0622029301211921,196,197,27
continued,-0.016716530739345262,196,197,28
continued,0.17350102077239876,196,197,29
continued,0.14826206126832497,196,197,30
continued,0.1404521015517247,196,197,31
continued,0.12772010063860692,196,197,32
continued,0.12242517943098727,196,197,33
continued,0.039033091548303075,196,197,34
continued,0.04553458140831233,196,197,35
continued,0.14417861532838916,196,197,36
continued,0.02593175365504896,196,197,37
continued,0.07262033004986357,196,197,38
continued,0.029828726382626666,196,197,39
continued,0.0463130853406296,196,197,40
continued,0.11313036649591568,196,197,41
continued,0.1287328890851265,196,197,42
continued,0.07729705942371198,196,197,43
continued,0.12184632325504352,196,197,44
continued,0.11848089082929793,196,197,45
continued,0.1977108180101298,196,197,46
continued,0.11305657472220554,196,197,47
continued,0.0484192088050886,196,197,48
continued,0.14555298689869098,196,197,49
continued,0.13505258249716176,197,198,0
continued,0.20485537289689446,197,198,1
continued,0.15419486325365853,197,198,2
continued,0.07244896511788046,197,198,3
continued,0.09964547412639184,197,198,4
continued,0.1299502200071124,197,198,5
continued,0.028390622787385644,197,198,6
continued,0.08596354646206124,197,198,7
continued,0.16237139912149154,197,198,8
continued,0.20065886518281315,197,198,9
continued,0.13709231222550763,197,198,10
continued,0.15667085789180607,197,198,11
continued,0.13816372720911266,197,198,12
continued,0.0903229042057244,197,198,13
continued,0.021680526576810286,197,198,14
continued,0.08523981436319247,197,198,15
continued,0.15083524657438896,197,198,16
continued,0.019025103447758377,197,198,17
continued,0.07881257977498207,197,198,18
continued,0.13399991412316456,197,198,19
continued,0.10413941009218212,197,198,20
continued,0.11882371567190256,197,198,21
continued,0.0684349947299295,197,198,22
continued,-0.026217712610912203,197,198,23
continued,-0.017794147524407354,197,198,24
continued,0.026608841197924792,197,198,25
continued,0.06942695650377109,197,198,26
continued,0.11869602531086189,197,198,27
continued,0.04846810299505207,197,198,28
continued,0.10673379967729725,197,198,29
continued,0.04968167272723473,197,198,30
continued,0.042102056344172085,197,198,31
continued,0.1500746398182911,197,198,32
continued,0.08878787628192657,197,198,33
continued,0.15767438548887258,197,198,34
continued,0.08517037010968014,197,198,35
continued,0.11496723706287107,197,198,36
continued,-0.0026163814340110967,197,198,37
continued,0.16415714514190588,197,198,38
continued,0.05142761357398293,197,198,39
continued,0.036388659939522484,197,198,40
continued,0.06760149657421488,197,198,41
continued,0.22161071079579553,197,198,42
continued,0.03909766953527229,197,198,43
continued,0.1522552297884029,197,198,44
continued,0.06085931901049648,197,198,45
continued,0.11375273700612551,197,198,46
continued,0.06388864210875672,197,198,47
continued,0.11718755229758454,197,198,48
continued,0.1758209494959147,197,198,49
continued,0.09455204319628426,198,199,0
continued,0.2504983362101144,198,199,1
continued,0.16153469971700604,198,199,2
continued,0.1352349826747561,198,199,3
continued,0.09626919426087732,198,199,4
continued,0.13010052316468435,198,199,5
continued,0.05517525160086747,198,199,6
continued,0.16823625158902974,198,199,7
continued,0.07054344877016716,198,199,8
continued,0.0655154513866927,198,199,9
continued,0.1292613200079528,198,199,10
continued,0.17995012285419212,198,199,11
continued,0.03765262815277138,198,199,12
continued,0.052124460678015364,198,199,13
continued,0.09022585713464545,198,199,14
continued,0.10804728399874701,198,199,15
continued,0.14220877771700655,198,199,16
continued,0.11035521761591194,198,199,17
continued,-0.01834911138496057,198,199,18
continued,0.11328926394524627,198,199,19
continued,0.06634272716277057,198,199,20
continued,0.22501765185038808,198,199,21
continued,0.17148154441557012,198,199,22
continued,0.1258854600624024,198,199,23
continued,0.17641321434449034,198,199,24
continued,0.1236004214597841,198,199,25
continued,0.03282722953232856,198,199,26
continued,0.12019793856808922,198,199,27
continued,0.11949276719103168,198,199,28
continued,0.15662552998567197,198,199,29
continued,0.06763463065814325,198,199,30
continued,0.12252954859656823,198,199,31
continued,0.09989073635535758,198,199,32
continued,0.14704710606361487,198,199,33
continued,0.09280690082607258,198,199,34
continued,0.10340063268850505,198,199,35
continued,0.14884777063877166,198,199,36
continued,0.105111588838161,198,199,37
continued,0.13155651242286728,198,199,38
continued,0.171133499621916,198,199,39
continued,0.21768375728194808,198,199,40
continued,0.13035909412159916,198,199,41
continued,0.03543487511850893,198,199,42
continued,0.1421841457754196,198,199,43
continued,0.08654205961561812,198,199,44
continued,0.03350011202770266,198,199,45
continued,0.23605709726381843,198,199,46
continued,0.10932530864914933,198,199,47
continued,0.0968359249459284,198,199,48
continued,0.12295481272499077,198,199,49
continued,0.08327305141504368,199,200,0
continued,0.12438286800734825,199,200,1
continued,0.1714109918902659,199,200,2
continued,0.14463629715099274,199,200,3
continued,0.2253598494319063,199,200,4
continued,0.06985317613420643,199,200,5
continued,0.18298969160448042,199,200,6
continued,0.11840675844394506,199,200,7
continued,0.08410178679930792,199,200,8
continued,0.14187434747498787,199,200,9
continued,0.16424350087988282,199,200,10
continued,0.10151599553751355,199,200,11
continued,0.08764907245349879,199,200,12
continued,0.09554472921950191,199,200,13
continued,0.06198094044172536,199,200,14
continued,0.09809275626940553,199,200,15
continued,0.058202159655055624,199,200,16
continued,0.07216892817898041,199,200,17
continued,0.006474711043483577,199,200,18
continued,0.13582392208236904,199,200,19
continued,0.10519689566534994,199,200,20
continued,0.11816755919842017,199,200,21
continued,0.11056846825440851,199,200,22
continued,0.10657012819518831,199,200,23
continued,0.09768992076677639,199,200,24
continued,0.12038521563346942,199,200,25
continued,0.0481664250467285,199,200,26
continued,0.11594600397606707,199,200,27
continued,0.24016324789628207,199,200,28
continued,0.11749470498248545,199,200,29
continued,0.10820746745650836,199,200,30
continued,0.1573609945887376,199,200,31
continued,-0.01698082119315233,199,200,32
continued,0.11889358084152855,199,200,33
continued,0.07440884014566304,199,200,34
continued,0.024995932101989214,199,200,35
continued,0.08287063591693866,199,200,36
continued,-0.003466025512488647,199,200,37
continued,-0.0010102401049059079,199,200,38
continued,0.12116879472471519,199,200,39
continued,0.08524688147852076,199,200,40
continued,0.1534862427056187,199,200,41
continued,-0.019038690341273985,199,200,42
continued,0.13751394117437654,199,200,43
continued,0.07788009944681387,199,200,44
continued,0.13618447768108727,199,200,45
continued,0.21764932143239266,199,200,46
continued,0.10671189073368954,199,200,47
continued,0.12615889540870087,199,200,48
continued,0.17797931066112863,199,200,49
continued,0.046218341318304504,200,201,0
continued,0.2800882119396234,200,201,1
continued,0.25321490525181656,200,201,2
continued,0.12737140544609987,200,201,3
continued,0.09830549883306144,200,201,4
continued,0.1384938584276462,200,201,5
continued,0.14425253055398807,200,201,6
continued,0.28916514558950274,200,201,7
continued,0.15090776516374949,200,201,8
continued,0.08096692934802302,200,201,9
continued,0.07385018841297761,200,201,10
continued,0.14452991614935612,200,201,11
continued,0.18072844696274784,200,201,12
continued,0.11328224396768538,200,201,13
continued,0.1674644562968643,200,201,14
continued,0.06289833866092621,200,201,15
continued,0.19903833099411,200,201,16
continued,0.03232405264421506,200,201,17
continued,0.06585435515414519,200,201,18
continued,0.19625107243102588,200,201,19
continued,0.13192959126554457,200,201,20
continued,0.09308384413853787,200,201,21
continued,0.10700654552378787,200,201,22
continued,0.2090219055665155,200,201,23
continued,0.16209956540433246,200,201,24
continued,0.010232377021745889,200,201,25
continued,0.08271364874482776,200,201,26
continued,0.08258712128745513,200,201,27
continued,0.07324787257816316,200,201,28
continued,0.10877057817243582,200,201,29
continued,0.1341785412284571,200,201,30
continued,0.0680151248618554,200,201,31
continued,0.11463732367188204,200,201,32
continued,0.10673312134017482,200,201,33
continued,0.13976975098291153,200,201,34
continued,0.18190694246087266,200,201,35
continued,0.14021855636111588,200,201,36
continued,0.1877362623356175,200,201,37
continued,0.14196734419501633,200,201,38
continued,0.08425525241518846,200,201,39
continued,0.18494267549131418,200,201,40
continued,0.23268552847344925,200,201,41
continued,-0.005883487958862559,200,201,42
continued,0.14527376887612747,200,201,43
continued,0.17127862329333793,200,201,44
continued,0.11745109686081674,200,201,45
continued,0.13668439204591848,200,201,46
continued,0.20420069900675797,200,201,47
continued,0.07578220055295802,200,201,48
continued,0.11266970370091996,200,201,49
continued,0.05964722064123398,201,202,0
continued,0.06377972527524021,201,202,1
continued,0.12469916063506783,201,202,2
continued,0.1678007776517575,201,202,3
continued,0.07818312662791427,201,202,4
continued,0.09971429400622255,201,202,5
continued,0.14057449309112985,201,202,6
continued,0.24304170582049847,201,202,7
continued,0.10337936859631557,201,202,8
continued,0.13646295479863998,201,202,9
continued,0.16206258709664786,201,202,10
continued,0.1369335346661975,201,202,11
continued,0.0969451800506063,201,202,12
continued,0.14170109051332544,201,202,13
continued,0.1258053171204598,201,202,14
continued,0.051812754110952715,201,202,15
continued,0.08104518151564268,201,202,16
continued,-0.010257260712815556,201,202,17
continued,0.16691770214687734,201,202,18
continued,0.08945488620955636,201,202,19
continued,-0.022789579903418494,201,202,20
continued,0.1310461734836032,201,202,21
continued,0.20404085882146636,201,202,22
continued,0.1858358532625745,201,202,23
continued,0.07772778895882412,201,202,24
continued,0.086014925382879,201,202,25
continued,0.13913000183802768,201,202,26
continued,0.06954215360243078,201,202,27
continued,0.18562025728167578,201,202,28
continued,0.14814847147760998,201,202,29
continued,0.07329705746875732,201,202,30
continued,0.11182465856347257,201,202,31
continued,0.12028831807532761,201,202,32
continued,0.0840208280479494,201,202,33
continued,0.18799491786379563,201,202,34
continued,0.1520906694167829,201,202,35
continued,0.16578924100968975,201,202,36
continued,0.09091361516216327,201,202,37
continued,-0.012818336087590665,201,202,38
continued,0.2409430743233401,201,202,39
continued,0.1113334750762705,201,202,40
continued,0.27231600375452925,201,202,41
continued,0.05659477753117523,201,202,42
continued,0.23961381604930598,201,202,43
continued,0.1837109672511164,201,202,44
continued,0.07885225216151572,201,202,45
continued,0.09329873708577255,201,202,46
continued,0.08504132044083837,201,202,47
continued,0.15939247618296012,201,202,48
continued,0.09034804365630601,201,202,49
continued,0.1025061203079191,202,203,0
continued,0.14802121887020026,202,203,1
continued,0.056632401847297155,202,203,2
continued,0.10545969087646935,202,203,3
continued,0.04422884710443705,202,203,4
continued,0.041036039498920665,202,203,5
continued,0.19170730849443637,202,203,6
continued,0.1415776486039378,202,203,7
continued,0.108146741398075,202,203,8
continued,0.09659560714022844,202,203,9
continued,0.031099490083773017,202,203,10
continued,0.022770310385148027,202,203,11
continued,0.020410405262612223,202,203,12
continued,0.138371017460429,202,203,13
continued,0.10047867082277075,202,203,14
continued,0.1191405511017561,202,203,15
continued,0.148605410272965,202,203,16
continued,0.12065090406701658,202,203,17
continued,0.022300272060284083,202,203,18
continued,0.14804435804085306,202,203,19
continued,0.21246099806629795,202,203,20
continued,0.144072768584581,202,203,21
continued,0.10491426706304677,202,203,22
continued,0.1316478653344735,202,203,23
continued,0.1262308324400121,202,203,24
continued,0.15752920637401704,202,203,25
continued,0.0005025843336788955,202,203,26
continued,0.22057569920838763,202,203,27
continued,0.0900999307154712,202,203,28
continued,0.12154932200133434,202,203,29
continued,0.057848769911156374,202,203,30
continued,0.10529703723894189,202,203,31
continued,0.1589513317165228,202,203,32
continued,0.023815523052229573,202,203,33
continued,0.13321863176384538,202,203,34
continued,0.17968044747271422,202,203,35
continued,0.21300814802583756,202,203,36
continued,0.03459325210141004,202,203,37
continued,0.08880511067365375,202,203,38
continued,0.2471775878236464,202,203,39
continued,0.0765478197120087,202,203,40
continued,0.08021937486380197,202,203,41
continued,0.0429118965813144,202,203,42
continued,0.01655233175027406,202,203,43
continued,0.18496145933368646,202,203,44
continued,0.19776790055463053,202,203,45
continued,0.10251568932141844,202,203,46
continued,0.1122519532691683,202,203,47
continued,0.1601338310298872,202,203,48
continued,0.0874017470637341,202,203,49
continued,0.05442520244265227,203,204,0
continued,0.1587059357945385,203,204,1
continued,0.08387162970946949,203,204,2
continued,0.14583593570674502,203,204,3
continued,0.18491737709552183,203,204,4
continued,0.15018753164275722,203,204,5
continued,0.054675884639769946,203,204,6
continued,0.18700904944409305,203,204,7
continued,0.06863059369055564,203,204,8
continued,0.03210874419136935,203,204,9
continued,0.1702699360524326,203,204,10
continued,0.09436335651449101,203,204,11
continued,0.1255230691755308,203,204,12
continued,0.06060031418751748,203,204,13
continued,0.0861054363318749,203,204,14
continued,0.10662779941331167,203,204,15
continued,0.12433718991137623,203,204,16
continued,0.14973781084884136,203,204,17
continued,0.10027025330136942,203,204,18
continued,0.21757256308220208,203,204,19
continued,0.12215865833354411,203,204,20
continued,0.09187469736752749,203,204,21
continued,0.14720836636642906,203,204,22
continued,0.22821840036350105,203,204,23
continued,0.11180037033407286,203,204,24
continued,0.14970299140998472,203,204,25
continued,0.04801450230420165,203,204,26
continued,-0.007651242119109297,203,204,27
continued,0.08871387701956182,203,204,28
continued,0.20964704129129708,203,204,29
continued,0.01520869950369822,203,204,30
continued,0.1886529812752741,203,204,31
continued,0.09723517086356617,203,204,32
continued,0.1238939669669247,203,204,33
continued,0.22394530920285355,203,204,34
continued,0.07391850871840219,203,204,35
continued,0.12294790042355114,203,204,36
continued,0.09629547815233588,203,204,37
continued,0.03596615755885108,203,204,38
continued,0.10513520378868184,203,204,39
continued,-0.024770567143114125,203,204,40
continued,0.16035895699494784,203,204,41
continued,0.09851113561036023,203,204,42
continued,0.07733288345308391,203,204,43
continued,0.12787812832736162,203,204,44
continued,0.11833182442574781,203,204,45
continued,0.11626611418119931,203,204,46
continued,0.10277473076049137,203,204,47
continued,0.09553626735144888,203,204,48
continued,0.004664229410330812,203,204,49
continued,0.07212893803239734,204,205,0
continued,-0.08763988167281603,204,205,1
continued,0.07071864205603041,204,205,2
continued,0.12987670374040927,204,205,3
continued,0.12440111721711342,204,205,4
continued,0.18583354137012956,204,205,5
continued,0.07544697219640474,204,205,6
continued,0.1638417542373326,204,205,7
continued,0.08435829267467021,204,205,8
continued,0.08108088672369809,204,205,9
continued,0.20282593226762174,204,205,10
continued,0.16342150250340284,204,205,11
continued,0.005960094072472356,204,205,12
continued,0.18408990125849678,204,205,13
continued,0.19065214842847655,204,205,14
continued,0.19504230427053906,204,205,15
continued,0.11792100133956748,204,205,16
continued,0.11591605407021525,204,205,17
continued,0.11126819582726089,204,205,18
continued,0.16918767493714038,204,205,19
continued,0.18134435919150607,204,205,20
continued,0.25504904220567703,204,205,21
continued,0.11229028017601513,204,205,22
continued,0.11114274830969605,204,205,23
continued,0.08423384980587258,204,205,24
continued,0.3013643717740838,204,205,25
continued,0.21398298338252175,204,205,26
continued,0.1581371642141228,204,205,27
continued,0.19951649945491937,204,205,28
continued,0.1337683328767208,204,205,29
continued,0.14778885800156982,204,205,30
continued,0.051670419828410905,204,205,31
continued,0.004076485685542275,204,205,32
continued,0.24171480136797585,204,205,33
continued,0.02497909965463191,204,205,34
continued,0.16336490123878034,204,205,35
continued,0.07396037945823085,204,205,36
continued,0.20476235122717934,204,205,37
continued,0.10443359578055078,204,205,38
continued,0.07835927655192411,204,205,39
continued,0.1258817250477065,204,205,40
continued,0.12303234092577138,204,205,41
continued,0.13688875138261272,204,205,42
continued,0.1655352204847879,204,205,43
continued,0.08487532984533887,204,205,44
continued,0.16011930600609411,204,205,45
continued,0.06929370476727148,204,205,46
continued,0.09865879734229106,204,205,47
continued,0.059040687664147135,204,205,48
continued,0.11142279443186123,204,205,49
continued,0.14989802758661988,205,206,0
continued,-0.001679964440899244,205,206,1
continued,0.17456694510281598,205,206,2
continued,0.15279673231483856,205,206,3
continued,0.08588564446926615,205,206,4
continued,0.20181176314557722,205,206,5
continued,-0.005994427331134349,205,206,6
continued,0.1040958075741994,205,206,7
continued,0.034129736676182555,205,206,8
continued,0.18217241933460943,205,206,9
continued,0.05620132987933921,205,206,10
continued,0.09653478491969553,205,206,11
continued,0.08905568954015379,205,206,12
continued,0.23468779707996526,205,206,13
continued,0.19265969155118864,205,206,14
continued,0.14516964362061738,205,206,15
continued,0.1495860131580434,205,206,16
continued,0.03232706018912831,205,206,17
continued,0.004690367742346446,205,206,18
continued,0.15168428467370138,205,206,19
continued,0.0583687814874638,205,206,20
continued,-0.03258732016745042,205,206,21
continued,0.17860997133476092,205,206,22
continued,0.074224670660422,205,206,23
continued,0.11916336988346374,205,206,24
continued,0.20797271499793318,205,206,25
continued,0.14059679308761905,205,206,26
continued,0.06492839729901236,205,206,27
continued,0.06041406548089629,205,206,28
continued,0.12540502726166733,205,206,29
continued,0.12109821272712584,205,206,30
continued,0.09672503829208887,205,206,31
continued,0.054123391520838955,205,206,32
continued,0.08406194688224015,205,206,33
continued,0.12908386018999238,205,206,34
continued,-0.029513927435739287,205,206,35
continued,0.05968249339440951,205,206,36
continued,0.09585646067891031,205,206,37
continued,0.07182592797412353,205,206,38
continued,0.0710937462703481,205,206,39
continued,0.12160350715686379,205,206,40
continued,0.15040482375438183,205,206,41
continued,0.07741604491076005,205,206,42
continued,0.14492598152977482,205,206,43
continued,0.05255323491679822,205,206,44
continued,0.047364967716519386,205,206,45
continued,-0.03753150766086699,205,206,46
continued,0.08100681274046387,205,206,47
continued,0.12003583255111186,205,206,48
continued,0.10207773428006992,205,206,49
continued,0.10398892647660388,206,207,0
continued,-0.004296432407445515,206,207,1
continued,0.19111677177279535,206,207,2
continued,0.0028473889071766643,206,207,3
continued,0.14323448608649217,206,207,4
continued,0.1284848970736776,206,207,5
continued,0.034339382392122676,206,207,6
continued,0.125840834316662,206,207,7
continued,0.1287841690174332,206,207,8
continued,0.17272617885750102,206,207,9
continued,0.05340662235165359,206,207,10
continued,0.1679854828837597,206,207,11
continued,0.012076761972452403,206,207,12
continued,0.1201009105230288,206,207,13
continued,0.174421949168179,206,207,14
continued,0.03775924780447562,206,207,15
continued,0.027346408079120164,206,207,16
continued,0.14069273039529318,206,207,17
continued,0.13396243541664787,206,207,18
continued,0.09380280338712836,206,207,19
continued,0.2048925523874943,206,207,20
continued,0.10642425415604737,206,207,21
continued,0.11788582532671066,206,207,22
continued,0.08279873899774379,206,207,23
continued,0.09345905378309574,206,207,24
continued,0.0637658744887537,206,207,25
continued,0.009289292121826992,206,207,26
continued,0.01472267081695902,206,207,27
continued,0.026053571100026655,206,207,28
continued,0.13330224312307776,206,207,29
continued,0.0629918002736536,206,207,30
continued,0.20121515551949196,206,207,31
continued,0.2462612556300008,206,207,32
continued,0.07019337500027274,206,207,33
continued,0.1043571321454787,206,207,34
continued,0.1052882056076316,206,207,35
continued,0.11940862472386676,206,207,36
continued,0.11159907604697321,206,207,37
continued,0.18256222384336948,206,207,38
continued,0.13547804742947378,206,207,39
continued,0.021858689038735047,206,207,40
continued,0.06504036176232224,206,207,41
continued,0.08932057544605294,206,207,42
continued,0.2857403732504649,206,207,43
continued,0.08323989463840899,206,207,44
continued,-0.0070543221805500125,206,207,45
continued,0.17635839386739044,206,207,46
continued,0.10029493699228369,206,207,47
continued,0.12063443943062574,206,207,48
continued,0.06632365669993705,206,207,49
continued,0.06689668748205707,207,208,0
continued,0.11284744104800115,207,208,1
continued,0.19213254024346044,207,208,2
continued,0.003874092487274579,207,208,3
continued,0.19305947299950127,207,208,4
continued,0.08489411206018714,207,208,5
continued,0.07569165079567958,207,208,6
continued,-0.005899847017515034,207,208,7
continued,0.06117358019372801,207,208,8
continued,0.06237118736535115,207,208,9
continued,0.15147756985191646,207,208,10
continued,0.2736871173582919,207,208,11
continued,-0.008999274336168667,207,208,12
continued,0.0884966305303795,207,208,13
continued,0.10595522595588647,207,208,14
continued,0.27402327217664835,207,208,15
continued,0.09579764437506084,207,208,16
continued,0.14556928658146348,207,208,17
continued,0.11315011918774694,207,208,18
continued,0.13055651238285293,207,208,19
continued,0.040923496342637616,207,208,20
continued,0.10348437041542893,207,208,21
continued,0.15468478266606797,207,208,22
continued,0.12250764617962052,207,208,23
continued,0.11821454947101573,207,208,24
continued,0.10044763364123521,207,208,25
continued,0.09931577367346468,207,208,26
continued,0.15708025992126493,207,208,27
continued,0.10779253983435581,207,208,28
continued,0.19228551820629164,207,208,29
continued,0.12855026087455487,207,208,30
continued,0.11995028466708836,207,208,31
continued,0.1309188811561913,207,208,32
continued,0.11986272144090424,207,208,33
continued,0.052687048905947734,207,208,34
continued,0.09200628928492621,207,208,35
continued,0.05999764291549389,207,208,36
continued,0.04235704785243817,207,208,37
continued,0.1863567394066343,207,208,38
continued,0.14209213163653872,207,208,39
continued,0.05814442164594234,207,208,40
continued,0.14546793280654266,207,208,41
continued,0.13682020654590624,207,208,42
continued,0.0707963468458502,207,208,43
continued,0.2812653713118681,207,208,44
continued,0.17928969806353448,207,208,45
continued,0.0056602173642202065,207,208,46
continued,0.0809479429347272,207,208,47
continued,0.09943167387333766,207,208,48
continued,0.1842526012886841,207,208,49
continued,0.061179745054201304,208,209,0
continued,0.1795008653148071,208,209,1
continued,0.13735366247233124,208,209,2
continued,0.13134748202609306,208,209,3
continued,0.08188539979926515,208,209,4
continued,0.18225628115222559,208,209,5
continued,0.21113956951797738,208,209,6
continued,0.1416712616977062,208,209,7
continued,0.13906744117526815,208,209,8
continued,0.1716129801237371,208,209,9
continued,0.07808897942539655,208,209,10
continued,0.08445603534799663,208,209,11
continued,0.10500593599784902,208,209,12
continued,0.07078850443936435,208,209,13
continued,0.031708366146227664,208,209,14
continued,0.08903555453241224,208,209,15
continued,0.13069336434261208,208,209,16
continued,0.1138548781169438,208,209,17
continued,0.0858010026861225,208,209,18
continued,0.06954044798561163,208,209,19
continued,0.0462856014058839,208,209,20
continued,0.17356978681280033,208,209,21
continued,0.10862002682976009,208,209,22
continued,0.1562354763418167,208,209,23
continued,0.1011462228501578,208,209,24
continued,0.10849845326922562,208,209,25
continued,0.07840387688482338,208,209,26
continued,0.12967326788969147,208,209,27
continued,0.04564064660499918,208,209,28
continued,0.012067411396047459,208,209,29
continued,0.08500720206826246,208,209,30
continued,0.06817148707106103,208,209,31
continued,0.08277218959578134,208,209,32
continued,0.10316529040249967,208,209,33
continued,0.12002268172966558,208,209,34
continued,0.01944043627641461,208,209,35
continued,0.06509463753071347,208,209,36
continued,0.043027586124544444,208,209,37
continued,0.06359900662090823,208,209,38
continued,0.06724852684504852,208,209,39
continued,0.07400748517120545,208,209,40
continued,0.12892761774467645,208,209,41
continued,0.014359420137170545,208,209,42
continued,0.11458176033398518,208,209,43
continued,0.12340742405984381,208,209,44
continued,0.19460850049766384,208,209,45
continued,0.1431528017500833,208,209,46
continued,0.09774076879486601,208,209,47
continued,0.14944624371427837,208,209,48
continued,0.07615189718165172,208,209,49
continued,0.12499651223178325,209,210,0
continued,0.00827408108510845,209,210,1
continued,0.11051017801593947,209,210,2
continued,0.09792591970380882,209,210,3
continued,0.12239705613341925,209,210,4
continued,0.1119734518268006,209,210,5
continued,0.011633488967798252,209,210,6
continued,0.0702126480786037,209,210,7
continued,0.1570139293844097,209,210,8
continued,0.11670308139856658,209,210,9
continued,0.1553503699655675,209,210,10
continued,0.08886914747332283,209,210,11
continued,0.19601983881157697,209,210,12
continued,0.1144303721649953,209,210,13
continued,0.01838158790900376,209,210,14
continued,0.05432427621343805,209,210,15
continued,0.13948614316041769,209,210,16
continued,0.032554667671232156,209,210,17
continued,0.175726593954435,209,210,18
continued,-0.045265150282214485,209,210,19
continued,-0.03620561943729737,209,210,20
continued,0.06069458597867335,209,210,21
continued,0.06308415459023202,209,210,22
continued,0.20764331304770287,209,210,23
continued,0.08154780049468575,209,210,24
continued,0.04841266291687195,209,210,25
continued,0.019932661328550698,209,210,26
continued,0.12450088863163704,209,210,27
continued,0.053801435710445926,209,210,28
continued,0.08182012054080011,209,210,29
continued,0.11169015399370798,209,210,30
continued,0.12786097415526326,209,210,31
continued,0.17934043851278544,209,210,32
continued,0.08683379320308987,209,210,33
continued,0.08171494248598367,209,210,34
continued,0.15830760675749633,209,210,35
continued,0.06065590281220238,209,210,36
continued,0.07000553652934212,209,210,37
continued,0.09658982233867448,209,210,38
continued,0.07742093288052794,209,210,39
continued,0.02856550407362635,209,210,40
continued,0.042678591178674015,209,210,41
continued,0.06981634036970942,209,210,42
continued,0.11624529296561324,209,210,43
continued,0.05411275072847108,209,210,44
continued,0.13436147232646495,209,210,45
continued,0.15956175098489586,209,210,46
continued,0.11344634405247417,209,210,47
continued,0.07229766571109217,209,210,48
continued,-0.0291999472641113,209,210,49
continued,0.13839188193639096,210,211,0
continued,0.07087081453268369,210,211,1
continued,0.09242432814435238,210,211,2
continued,0.13311069954132246,210,211,3
continued,0.1218687859860227,210,211,4
continued,0.11499704963315192,210,211,5
continued,0.06718896187869194,210,211,6
continued,-0.016157339792491125,210,211,7
continued,0.15080544388439068,210,211,8
continued,0.05179655772275053,210,211,9
continued,0.2337234017439332,210,211,10
continued,0.0375937615129553,210,211,11
continued,0.0808243025796222,210,211,12
continued,0.17721578648207015,210,211,13
continued,0.07167563306748197,210,211,14
continued,0.09953001821774497,210,211,15
continued,0.07262717857406623,210,211,16
continued,0.16273563444597058,210,211,17
continued,0.06131306248502273,210,211,18
continued,0.07552909081306676,210,211,19
continued,0.24010475058198125,210,211,20
continued,0.09941025995475389,210,211,21
continued,0.1363248386957064,210,211,22
continued,0.06255902227978992,210,211,23
continued,0.0218297878850486,210,211,24
continued,0.18781167001002821,210,211,25
continued,0.10069737337710447,210,211,26
continued,0.033668296489425736,210,211,27
continued,0.15969821303834555,210,211,28
continued,0.11733856582535016,210,211,29
continued,0.03131355571595383,210,211,30
continued,0.11257607499394914,210,211,31
continued,0.09243990830245725,210,211,32
continued,0.0717230290966583,210,211,33
continued,0.13163552946312027,210,211,34
continued,0.16543088233175182,210,211,35
continued,0.03232876680176222,210,211,36
continued,0.2116386837805871,210,211,37
continued,0.08796662840333282,210,211,38
continued,0.08622189076291858,210,211,39
continued,0.0712636859588744,210,211,40
continued,0.14375622233269314,210,211,41
continued,0.13550107388203492,210,211,42
continued,0.028683584307914168,210,211,43
continued,0.11176912331005065,210,211,44
continued,0.027062106141806253,210,211,45
continued,0.1044359030276187,210,211,46
continued,0.030307025038203345,210,211,47
continued,0.10636552199678938,210,211,48
continued,0.16654431805450956,210,211,49
continued,0.12048355341952095,211,212,0
continued,0.06541423282828912,211,212,1
continued,0.08433684030477359,211,212,2
continued,-0.05371942664032951,211,212,3
continued,0.09729407092767114,211,212,4
continued,0.09397022967382448,211,212,5
continued,0.10731660483144988,211,212,6
continued,0.1420664602964547,211,212,7
continued,0.09572252562838197,211,212,8
continued,0.04321130470463931,211,212,9
continued,-0.0003176767537436874,211,212,10
continued,0.11855185734272254,211,212,11
continued,0.02785957077113021,211,212,12
continued,0.10507558832917246,211,212,13
continued,0.06685741080628903,211,212,14
continued,0.08520714836175211,211,212,15
continued,0.13151220966008004,211,212,16
continued,0.08552380191409496,211,212,17
continued,0.03341116782000182,211,212,18
continued,0.12223985049362723,211,212,19
continued,0.2259929039798318,211,212,20
continued,0.1667037948029798,211,212,21
continued,0.037230668168708306,211,212,22
continued,0.1760163484695657,211,212,23
continued,0.05898769954917857,211,212,24
continued,0.08863989547378337,211,212,25
continued,0.21168787291423138,211,212,26
continued,0.04401999583433752,211,212,27
continued,0.11680831446736713,211,212,28
continued,0.047830294211010205,211,212,29
continued,0.16219718829649368,211,212,30
continued,0.25302790275651843,211,212,31
continued,0.22173309610844205,211,212,32
continued,0.21759939319636806,211,212,33
continued,0.1216779485638491,211,212,34
continued,0.14135118058686694,211,212,35
continued,0.09527301332555646,211,212,36
continued,0.10967839658716003,211,212,37
continued,0.06784658392984215,211,212,38
continued,0.12450166586090944,211,212,39
continued,0.08910227192936294,211,212,40
continued,0.19853615787999934,211,212,41
continued,-0.021544092685902745,211,212,42
continued,0.033078122133533346,211,212,43
continued,0.05302342369341907,211,212,44
continued,0.0941774207669985,211,212,45
continued,0.015519249422451746,211,212,46
continued,0.12001365876111562,211,212,47
continued,-0.06270953563482079,211,212,48
continued,0.11698472141799686,211,212,49
continued,0.11491454368745489,212,213,0
continued,0.11238265879502787,212,213,1
continued,0.08989250775372877,212,213,2
continued,0.05817212888202975,212,213,3
continued,0.15464287063230855,212,213,4
continued,0.007629715840777687,212,213,5
continued,0.06537425382405558,212,213,6
continued,0.15681962477639297,212,213,7
continued,0.003893565235426579,212,213,8
continued,0.09732515131098773,212,213,9
continued,0.08166762129597539,212,213,10
continued,0.08385722084872457,212,213,11
continued,0.01993040549429148,212,213,12
continued,0.18175489811456746,212,213,13
continued,0.10008076001341044,212,213,14
continued,0.06368812792932574,212,213,15
continued,0.152720168322391,212,213,16
continued,0.1419921824385706,212,213,17
continued,0.12496327394226059,212,213,18
continued,0.11365560523750007,212,213,19
continued,0.10735365714640493,212,213,20
continued,0.045862360251814054,212,213,21
continued,0.1876399521685918,212,213,22
continued,0.1294990364199751,212,213,23
continued,0.13754472656530697,212,213,24
continued,0.12655237331175978,212,213,25
continued,0.04930514483965076,212,213,26
continued,0.04263621841597572,212,213,27
continued,0.1628313954845016,212,213,28
continued,0.11759316391042521,212,213,29
continued,0.15214440453208639,212,213,30
continued,0.1296326432760414,212,213,31
continued,0.18330674724207566,212,213,32
continued,-0.0005591627221333806,212,213,33
continued,0.1682840809679597,212,213,34
continued,0.14450679145064346,212,213,35
continued,0.09307844233152017,212,213,36
continued,0.03551738940103637,212,213,37
continued,0.08137846131938334,212,213,38
continued,0.22068917876099423,212,213,39
continued,0.05102524129110339,212,213,40
continued,0.056844762800253024,212,213,41
continued,0.1916991098563605,212,213,42
continued,-0.012737287703029395,212,213,43
continued,-0.024851349559709683,212,213,44
continued,0.08957072758052412,212,213,45
continued,0.06468276442622461,212,213,46
continued,0.1051007646825382,212,213,47
continued,0.1014983235187085,212,213,48
continued,0.19010645886841188,212,213,49
continued,0.07652413657253,213,214,0
continued,0.1777309817281575,213,214,1
continued,0.12264227386806113,213,214,2
continued,0.0022332004550042173,213,214,3
continued,0.0999355844976905,213,214,4
continued,0.09089289668841564,213,214,5
continued,-0.007572595424903908,213,214,6
continued,0.1880124077054216,213,214,7
continued,0.07942920569970412,213,214,8
continued,0.10565686825262495,213,214,9
continued,0.03704380025291421,213,214,10
continued,-0.0041355312987842495,213,214,11
continued,0.04306981572366062,213,214,12
continued,0.20760432396875975,213,214,13
continued,0.10202513271412054,213,214,14
continued,0.0368226197810871,213,214,15
continued,0.0943164606973022,213,214,16
continued,0.005388547245782164,213,214,17
continued,0.2564596323699324,213,214,18
continued,0.2063039450740546,213,214,19
continued,0.1226609575093831,213,214,20
continued,0.19706635427186123,213,214,21
continued,0.13305241529229853,213,214,22
continued,0.25903092318228194,213,214,23
continued,0.09328174365725045,213,214,24
continued,0.09721060935587597,213,214,25
continued,0.1633899258287168,213,214,26
continued,0.15101024040937094,213,214,27
continued,0.14840455495401395,213,214,28
continued,0.144510196747453,213,214,29
continued,0.12640444921806457,213,214,30
continued,0.14737049008679437,213,214,31
continued,0.05915454254250569,213,214,32
continued,0.05636438018209255,213,214,33
continued,0.04573826452247467,213,214,34
continued,0.041771979157087864,213,214,35
continued,0.14291917352614125,213,214,36
continued,0.14059625856896993,213,214,37
continued,0.17618962681352854,213,214,38
continued,0.20824091784581947,213,214,39
continued,0.08550749558217838,213,214,40
continued,0.11958651839197246,213,214,41
continued,0.0872567229455484,213,214,42
continued,0.107404198007637,213,214,43
continued,0.04599116925294883,213,214,44
continued,0.09879187807958412,213,214,45
continued,0.19339535083885948,213,214,46
continued,0.005043610954942579,213,214,47
continued,0.06027197177828521,213,214,48
continued,0.02254252812701181,213,214,49
continued,0.14186709551610624,214,215,0
continued,0.22239781975402295,214,215,1
continued,0.14229127652531529,214,215,2
continued,0.18695738624252603,214,215,3
continued,0.1799681678843365,214,215,4
continued,0.039489178151690264,214,215,5
continued,0.032948855972438344,214,215,6
continued,-0.03733434900756602,214,215,7
continued,0.1170036189791129,214,215,8
continued,0.09958431855256605,214,215,9
continued,0.06740491342991464,214,215,10
continued,0.2650022041892733,214,215,11
continued,0.0734883946844379,214,215,12
continued,0.17922853598687502,214,215,13
continued,0.10971758561718059,214,215,14
continued,0.25872943160149203,214,215,15
continued,0.1501202328918098,214,215,16
continued,0.0164376467494015,214,215,17
continued,0.20069977343363618,214,215,18
continued,0.08207342646279642,214,215,19
continued,0.1310844508686043,214,215,20
continued,0.10738462741065696,214,215,21
continued,0.13660024627246942,214,215,22
continued,0.04042332262566393,214,215,23
continued,0.18243706777400046,214,215,24
continued,0.16468022162102008,214,215,25
continued,0.0403212216377523,214,215,26
continued,0.07774730835114936,214,215,27
continued,0.15620806327605025,214,215,28
continued,0.07753974935662362,214,215,29
continued,0.22639044052655166,214,215,30
continued,0.100049569963065,214,215,31
continued,0.05102911899240886,214,215,32
continued,0.102534771913129,214,215,33
continued,0.09503095724588,214,215,34
continued,0.07373359745494314,214,215,35
continued,0.18262685224030106,214,215,36
continued,0.052836995687131176,214,215,37
continued,0.05617190487888977,214,215,38
continued,0.05320514799742296,214,215,39
continued,0.050972665033573256,214,215,40
continued,0.058930811499008175,214,215,41
continued,0.12736199183863103,214,215,42
continued,0.20770653355559948,214,215,43
continued,0.10866078087701937,214,215,44
continued,0.07633029004280914,214,215,45
continued,0.13839207913105173,214,215,46
continued,0.054127544649719285,214,215,47
continued,0.026189593691510513,214,215,48
continued,0.10069786435791901,214,215,49
continued,0.04072601113853589,215,216,0
continued,0.18742818081027865,215,216,1
continued,0.11971460778836655,215,216,2
continued,0.16373588224684474,215,216,3
continued,0.14257249955180115,215,216,4
continued,0.06214036218111362,215,216,5
continued,0.10470216103998477,215,216,6
continued,0.016516341780490086,215,216,7
continued,0.10545251303277307,215,216,8
continued,0.13901985245266305,215,216,9
continued,0.17645256294795364,215,216,10
continued,0.1283321600078622,215,216,11
continued,0.17478744755515419,215,216,12
continued,0.07114447275548376,215,216,13
continued,0.13094804841743377,215,216,14
continued,0.11684381551599508,215,216,15
continued,0.11845719021907317,215,216,16
continued,0.043388964467377056,215,216,17
continued,0.09464782992814656,215,216,18
continued,0.18127213502996947,215,216,19
continued,0.004015354747023804,215,216,20
continued,0.07310994245334877,215,216,21
continued,0.01651883247289971,215,216,22
continued,0.10664335851457897,215,216,23
continued,0.0569302361536,215,216,24
continued,0.13250534404962808,215,216,25
continued,0.14509295455694599,215,216,26
continued,0.0519621429666796,215,216,27
continued,0.20943982056124202,215,216,28
continued,0.1335511607441762,215,216,29
continued,0.06206763909637668,215,216,30
continued,0.08996231069497639,215,216,31
continued,0.10384316119016584,215,216,32
continued,0.1594402265878047,215,216,33
continued,0.2232491877764882,215,216,34
continued,0.1224726219957529,215,216,35
continued,0.12593158514229302,215,216,36
continued,0.09182532915214439,215,216,37
continued,0.055542736038484024,215,216,38
continued,0.08411939911918556,215,216,39
continued,0.12364841451974215,215,216,40
continued,0.08099805517018749,215,216,41
continued,0.04122942132545369,215,216,42
continued,0.21695958536719215,215,216,43
continued,0.031167079111331004,215,216,44
continued,0.07973803567007205,215,216,45
continued,0.10746910918777036,215,216,46
continued,0.2284502780265922,215,216,47
continued,0.10171184075508855,215,216,48
continued,0.13077840565109186,215,216,49
continued,0.22393416802888635,216,217,0
continued,0.02035703904637591,216,217,1
continued,0.12192778912841055,216,217,2
continued,0.09314359572756163,216,217,3
continued,0.13458835199015334,216,217,4
continued,-0.009405022349946867,216,217,5
continued,0.049741087441330316,216,217,6
continued,0.02958740475117106,216,217,7
continued,0.06786254267993301,216,217,8
continued,0.011021452831702734,216,217,9
continued,0.1955948631176704,216,217,10
continued,0.0801834511732501,216,217,11
continued,0.1661408386768028,216,217,12
continued,0.10911014491241466,216,217,13
continued,0.07969607586412533,216,217,14
continued,0.06328917010202775,216,217,15
continued,0.11068325385935006,216,217,16
continued,0.04566237983098251,216,217,17
continued,0.20905090413636138,216,217,18
continued,0.14286008514757123,216,217,19
continued,0.11884615933222407,216,217,20
continued,0.06347305164041825,216,217,21
continued,0.14277420553754336,216,217,22
continued,0.008481219222555885,216,217,23
continued,0.11306683028055323,216,217,24
continued,0.22173721965058302,216,217,25
continued,0.20800961601449858,216,217,26
continued,0.05865657873585517,216,217,27
continued,0.13114560736226513,216,217,28
continued,0.1596783964185997,216,217,29
continued,0.12451816195083625,216,217,30
continued,0.07704082235822239,216,217,31
continued,0.0659679521345263,216,217,32
continued,0.15947079992924934,216,217,33
continued,0.022805620643105415,216,217,34
continued,0.042552314998852606,216,217,35
continued,0.06819777583980235,216,217,36
continued,-0.08582164966939276,216,217,37
continued,0.13680179566623482,216,217,38
continued,0.11416748847038624,216,217,39
continued,0.06871055282419873,216,217,40
continued,0.06572495290234008,216,217,41
continued,0.1272726581424889,216,217,42
continued,0.15797736694685285,216,217,43
continued,0.10101571257225139,216,217,44
continued,0.000680332086356629,216,217,45
continued,0.15505036645989834,216,217,46
continued,0.13436060396545974,216,217,47
continued,0.11350193507007118,216,217,48
continued,0.13880988825714213,216,217,49
continued,0.10737945034125011,217,218,0
continued,0.04458728528544374,217,218,1
continued,0.18369350514870694,217,218,2
continued,0.058974859908196925,217,218,3
continued,0.12395113923820197,217,218,4
continued,0.03427908881054995,217,218,5
continued,0.10304358968469013,217,218,6
continued,0.06812286754875102,217,218,7
continued,0.19823658287789941,217,218,8
continued,0.05214913976102685,217,218,9
continued,0.09251817862097282,217,218,10
continued,0.1310349548915185,217,218,11
continued,0.06745023550064388,217,218,12
continued,0.04208470950240587,217,218,13
continued,0.14377242614032854,217,218,14
continued,0.013270030503966643,217,218,15
continued,0.09229156442793579,217,218,16
continued,0.041082912649922906,217,218,17
continued,0.05888788534539263,217,218,18
continued,0.08848825856572919,217,218,19
continued,0.10154210061217686,217,218,20
continued,0.2150570357383687,217,218,21
continued,0.13291208750525751,217,218,22
continued,-0.006433249799187734,217,218,23
continued,0.02319597392789491,217,218,24
continued,0.16401766683183172,217,218,25
continued,0.08368770177383042,217,218,26
continued,0.16103442969085283,217,218,27
continued,0.0925427660598016,217,218,28
continued,0.1931489782468535,217,218,29
continued,0.16912555365388046,217,218,30
continued,0.1789326511232572,217,218,31
continued,0.09775335629136638,217,218,32
continued,0.12028676268689155,217,218,33
continued,0.11785221553872605,217,218,34
continued,0.16664339466594275,217,218,35
continued,0.03416693038442316,217,218,36
continued,0.08112434096198048,217,218,37
continued,0.1447615127314541,217,218,38
continued,0.1204695985548149,217,218,39
continued,0.16759196522301492,217,218,40
continued,0.1331706023731703,217,218,41
continued,0.03248749783812217,217,218,42
continued,0.0743736574828643,217,218,43
continued,0.1561109722623849,217,218,44
continued,0.11043233566159368,217,218,45
continued,0.01196480757819591,217,218,46
continued,0.23675085846171232,217,218,47
continued,0.18774975873696498,217,218,48
continued,0.1075630699223724,217,218,49
continued,0.1768121753460656,218,219,0
continued,0.014456309493288553,218,219,1
continued,0.08948044477994993,218,219,2
continued,0.23219170470964445,218,219,3
continued,0.16457897375595726,218,219,4
continued,0.08004699087098746,218,219,5
continued,0.1342936498567257,218,219,6
continued,0.1707335018122848,218,219,7
continued,0.13479742489734253,218,219,8
continued,0.08191851620381731,218,219,9
continued,0.11315142392817684,218,219,10
continued,0.1496264650210679,218,219,11
continued,0.04804000511862596,218,219,12
continued,0.1296261014947166,218,219,13
continued,0.14649052511187774,218,219,14
continued,0.23422496790210937,218,219,15
continued,0.12792267896892315,218,219,16
continued,0.09678442755240717,218,219,17
continued,0.14599267711751776,218,219,18
continued,0.10786022219487156,218,219,19
continued,0.08899298800742653,218,219,20
continued,0.24872613080214442,218,219,21
continued,0.10847108556494717,218,219,22
continued,0.0010902901750555014,218,219,23
continued,0.1546150007501901,218,219,24
continued,0.027662111926477533,218,219,25
continued,0.07616368952224488,218,219,26
continued,0.11554893004158126,218,219,27
continued,0.11025916878497924,218,219,28
continued,0.018302791729759196,218,219,29
continued,0.05712942149689023,218,219,30
continued,0.22288510534519002,218,219,31
continued,0.0500487547438121,218,219,32
continued,0.122994664189041,218,219,33
continued,0.19315221933820534,218,219,34
continued,0.1507815447785019,218,219,35
continued,0.1104506709854097,218,219,36
continued,0.14224557461497875,218,219,37
continued,0.14348103830153397,218,219,38
continued,0.018754207827693294,218,219,39
continued,0.023259035355887192,218,219,40
continued,0.05282536554464966,218,219,41
continued,0.07791002417140276,218,219,42
continued,0.21097412660983858,218,219,43
continued,0.16287362699661573,218,219,44
continued,0.08136770374646579,218,219,45
continued,0.04753957462237486,218,219,46
continued,0.10263951910455486,218,219,47
continued,0.07923924867492987,218,219,48
continued,0.16219068846717452,218,219,49
continued,0.12118750102661209,219,220,0
continued,0.06471197707777337,219,220,1
continued,0.19201278311353406,219,220,2
continued,0.14792858783611942,219,220,3
continued,0.1406096548643435,219,220,4
continued,0.07782238801761274,219,220,5
continued,0.05280322235435897,219,220,6
continued,0.034286491812091466,219,220,7
continued,0.20738396872691223,219,220,8
continued,-0.0007336985486057921,219,220,9
continued,0.2609869269792695,219,220,10
continued,0.07812333035904995,219,220,11
continued,0.0631543424836701,219,220,12
continued,0.029894665738602715,219,220,13
continued,0.08693558701468676,219,220,14
continued,0.13880236536076584,219,220,15
continued,-0.012946154134830547,219,220,16
continued,0.14632962010294223,219,220,17
continued,0.10666270290629529,219,220,18
continued,0.10085133650279561,219,220,19
continued,0.11553729055899634,219,220,20
continued,0.12997107444601746,219,220,21
continued,0.15593147344098168,219,220,22
continued,0.1002509627272582,219,220,23
continued,0.08637359781798531,219,220,24
continued,0.13496663060004957,219,220,25
continued,0.17218585720197177,219,220,26
continued,0.0030140380571548418,219,220,27
continued,0.20624689237840976,219,220,28
continued,0.11563618994996398,219,220,29
continued,0.1547286978570125,219,220,30
continued,0.09198208746196343,219,220,31
continued,0.16682887916347938,219,220,32
continued,0.05803032877956807,219,220,33
continued,0.08221712839229398,219,220,34
continued,0.117178665787777,219,220,35
continued,0.13318250387180594,219,220,36
continued,0.10232436140909794,219,220,37
continued,0.06439399902761013,219,220,38
continued,0.07842910701457441,219,220,39
continued,0.1251036994965196,219,220,40
continued,0.13908591420669064,219,220,41
continued,0.06176897484838298,219,220,42
continued,0.13731965911665023,219,220,43
continued,0.154981775202982,219,220,44
continued,0.16321950558011564,219,220,45
continued,0.17974637395301044,219,220,46
continued,0.18343204615782846,219,220,47
continued,0.08659575642804752,219,220,48
continued,0.095786521736731,219,220,49
continued,0.1393119928662112,220,221,0
continued,0.2036499019344272,220,221,1
continued,0.15142332045107265,220,221,2
continued,0.15358680794990953,220,221,3
continued,0.09554702662412941,220,221,4
continued,0.10539320548719326,220,221,5
continued,0.162225840490242,220,221,6
continued,0.07344018331196829,220,221,7
continued,0.09419916712128991,220,221,8
continued,0.11494740897450681,220,221,9
continued,0.07114227420306012,220,221,10
continued,0.14140806826880944,220,221,11
continued,0.23079271105192223,220,221,12
continued,0.08835059495625201,220,221,13
continued,0.05263414471487119,220,221,14
continued,0.07489021698995296,220,221,15
continued,0.1498995536931437,220,221,16
continued,0.18523606165728332,220,221,17
continued,0.18011390159072077,220,221,18
continued,0.15559742082662384,220,221,19
continued,0.16702960241969114,220,221,20
continued,-0.03563422194339535,220,221,21
continued,0.10593471163082141,220,221,22
continued,0.09001383863320861,220,221,23
continued,0.12119745065059682,220,221,24
continued,0.09490637010505613,220,221,25
continued,0.12133186956895259,220,221,26
continued,-0.019487882659046663,220,221,27
continued,0.16148576957563618,220,221,28
continued,0.08332304139092678,220,221,29
continued,0.07999418299281287,220,221,30
continued,-0.040825190468359696,220,221,31
continued,0.20148017468773657,220,221,32
continued,0.21130265445885635,220,221,33
continued,0.13890289426505054,220,221,34
continued,0.05159789029155448,220,221,35
continued,0.11648548890360978,220,221,36
continued,0.1384717627295659,220,221,37
continued,0.09802336583954993,220,221,38
continued,0.04399784822656498,220,221,39
continued,-0.013921091927664294,220,221,40
continued,0.14301451558620423,220,221,41
continued,0.07501987120741749,220,221,42
continued,-0.002819353834802003,220,221,43
continued,0.014172147244484432,220,221,44
continued,0.04544567127949072,220,221,45
continued,0.068014631315621,220,221,46
continued,0.12332547437806804,220,221,47
continued,0.15752083945108533,220,221,48
continued,0.23041856781589223,220,221,49
continued,0.1703938222545629,221,222,0
continued,0.08715606853398904,221,222,1
continued,0.1754048456720648,221,222,2
continued,0.1709609559191218,221,222,3
continued,0.10017212839967467,221,222,4
continued,0.1127228305640211,221,222,5
continued,0.0354245266775502,221,222,6
continued,0.06601136052473276,221,222,7
continued,0.06486990676523717,221,222,8
continued,0.04479304079406647,221,222,9
continued,0.14170680600326924,221,222,10
continued,0.21970428731388522,221,222,11
continued,0.017149715886020395,221,222,12
continued,0.16219344672214606,221,222,13
continued,0.0724345472877115,221,222,14
continued,0.17374889086314818,221,222,15
continued,0.11372979441946797,221,222,16
continued,0.056884037593715846,221,222,17
continued,0.15054324938580504,221,222,18
continued,0.12594810546347007,221,222,19
continued,0.07670950797180545,221,222,20
continued,0.05133227443994457,221,222,21
continued,0.14835563165538032,221,222,22
continued,0.14011660821364508,221,222,23
continued,0.14993654707111634,221,222,24
continued,0.1602695048146387,221,222,25
continued,0.17699503012301235,221,222,26
continued,0.015996283796890685,221,222,27
continued,0.2059250433224736,221,222,28
continued,0.07206730468160344,221,222,29
continued,0.05070999879337132,221,222,30
continued,0.07321951641631622,221,222,31
continued,0.06784295444650856,221,222,32
continued,0.16137674516949982,221,222,33
continued,0.09985567758707703,221,222,34
continued,0.19139754954424334,221,222,35
continued,0.14236022609135812,221,222,36
continued,0.05993755509959126,221,222,37
continued,0.10917819632783685,221,222,38
continued,0.23164409917135645,221,222,39
continued,0.13200864696450185,221,222,40
continued,0.04895012927326195,221,222,41
continued,0.12788713659485773,221,222,42
continued,-0.04413727960568696,221,222,43
continued,0.05262692908020536,221,222,44
continued,0.009227390849572494,221,222,45
continued,0.18657972854791266,221,222,46
continued,0.1915259542097716,221,222,47
continued,0.12785101955553718,221,222,48
continued,0.15252687942125556,221,222,49
continued,0.07924619185739115,222,223,0
continued,0.04570636404330039,222,223,1
continued,0.0823012014028872,222,223,2
continued,0.14379420307332047,222,223,3
continued,0.14774567078120426,222,223,4
continued,0.03158338348662129,222,223,5
continued,0.19486626595307988,222,223,6
continued,0.16696351465032042,222,223,7
continued,0.07695238534963025,222,223,8
continued,0.07462653527232835,222,223,9
continued,0.2222324700417556,222,223,10
continued,0.1279483917599725,222,223,11
continued,0.03905559073014356,222,223,12
continued,0.11963788839607097,222,223,13
continued,0.060336921089271224,222,223,14
continued,-0.030738479214331496,222,223,15
continued,0.08197957513770947,222,223,16
continued,0.1851502142415684,222,223,17
continued,0.16033853758410788,222,223,18
continued,0.1476783979407009,222,223,19
continued,0.16870074639289706,222,223,20
continued,0.03447460679991785,222,223,21
continued,0.057283928144845064,222,223,22
continued,0.06187477681862109,222,223,23
continued,0.05605168491997034,222,223,24
continued,0.042820998456878465,222,223,25
continued,0.08580812375485326,222,223,26
continued,0.08380773328350874,222,223,27
continued,0.2522199030314423,222,223,28
continued,0.14121525805042495,222,223,29
continued,0.06429583296748911,222,223,30
continued,0.21316604504871645,222,223,31
continued,0.10708299738380962,222,223,32
continued,0.13250678004138583,222,223,33
continued,0.11319246597777766,222,223,34
continued,0.07225150522981363,222,223,35
continued,0.1352909399489082,222,223,36
continued,0.16523177407410417,222,223,37
continued,0.08661587353302692,222,223,38
continued,0.06180537485868774,222,223,39
continued,0.09606752777795013,222,223,40
continued,0.14465368929090344,222,223,41
continued,-0.07114022736544262,222,223,42
continued,0.09546907960420119,222,223,43
continued,0.062093901319559455,222,223,44
continued,0.0978277588952456,222,223,45
continued,0.09165598458751162,222,223,46
continued,0.16615154816266312,222,223,47
continued,0.069597522718714,222,223,48
continued,0.15517832163231668,222,223,49
continued,0.1392776667381651,223,224,0
continued,0.006074681632408508,223,224,1
continued,0.03905786313261871,223,224,2
continued,0.13524490645709764,223,224,3
continued,0.0845321838427083,223,224,4
continued,0.19435363531281233,223,224,5
continued,0.1369889817644051,223,224,6
continued,0.06252050094290966,223,224,7
continued,0.23030675062583492,223,224,8
continued,0.13771159173437852,223,224,9
continued,0.11580711895933232,223,224,10
continued,0.14185722722597865,223,224,11
continued,0.16990635274114504,223,224,12
continued,0.16865445902059426,223,224,13
continued,0.06422667637656819,223,224,14
continued,0.11623949777631616,223,224,15
continued,0.10993260360068084,223,224,16
continued,0.0871644836289941,223,224,17
continued,0.10939872627245405,223,224,18
continued,0.15507779608254438,223,224,19
continued,0.05152908057933665,223,224,20
continued,0.07598016927105683,223,224,21
continued,0.27539632802453745,223,224,22
continued,0.0036475992447719836,223,224,23
continued,0.12416742173060197,223,224,24
continued,0.14466954201728638,223,224,25
continued,0.19296838355621432,223,224,26
continued,0.12980814251303202,223,224,27
continued,0.10661489543180414,223,224,28
continued,0.1433724955443484,223,224,29
continued,0.03824382193485083,223,224,30
continued,0.19038220993585164,223,224,31
continued,0.1505648137626006,223,224,32
continued,0.08974017333814817,223,224,33
continued,0.17458080130965528,223,224,34
continued,0.07372612648943576,223,224,35
continued,0.08074618964186574,223,224,36
continued,0.12598570039017182,223,224,37
continued,0.12298353030517378,223,224,38
continued,0.11919052628458209,223,224,39
continued,0.09219196312278581,223,224,40
continued,0.199909492530864,223,224,41
continued,0.1450597126413095,223,224,42
continued,0.15821117413454736,223,224,43
continued,0.14327048492418135,223,224,44
continued,0.22941588893055456,223,224,45
continued,0.16560085467533833,223,224,46
continued,0.10180280978107359,223,224,47
continued,0.1453915108583662,223,224,48
continued,0.11620344364194918,223,224,49
continued,0.09776065526953645,224,225,0
continued,0.12118474885741194,224,225,1
continued,0.14584831771150644,224,225,2
continued,0.0035705436561243808,224,225,3
continued,0.15922716715273688,224,225,4
continued,0.13715506934175561,224,225,5
continued,0.1292745490069526,224,225,6
continued,0.09203474303219816,224,225,7
continued,0.2163125382532418,224,225,8
continued,0.07828836936541589,224,225,9
continued,0.04281770520496056,224,225,10
continued,0.11369674332507924,224,225,11
continued,0.15084068230283906,224,225,12
continued,0.025432179630745958,224,225,13
continued,0.15639562312939748,224,225,14
continued,0.03487980446114774,224,225,15
continued,0.08670605298173183,224,225,16
continued,0.07421806076473361,224,225,17
continued,0.07812148942506354,224,225,18
continued,0.14139840260450598,224,225,19
continued,0.16965999590547934,224,225,20
continued,0.09033724878471935,224,225,21
continued,0.07120008039459613,224,225,22
continued,0.07508006157619498,224,225,23
continued,0.10688440221462293,224,225,24
continued,0.006780563991741663,224,225,25
continued,0.1749012335047606,224,225,26
continued,0.05951782717164224,224,225,27
continued,0.21218059363175032,224,225,28
continued,0.13090569282882097,224,225,29
continued,0.14087574151504093,224,225,30
continued,0.08129593857957441,224,225,31
continued,0.023598352315600677,224,225,32
continued,0.11002697437015932,224,225,33
continued,0.07575876954130123,224,225,34
continued,0.1009209055576678,224,225,35
continued,0.0840852568563892,224,225,36
continued,0.17619673543356615,224,225,37
continued,-0.05589807039418273,224,225,38
continued,0.1108731062095138,224,225,39
continued,0.1653539913365146,224,225,40
continued,0.09359521771964763,224,225,41
continued,-0.06626149825585918,224,225,42
continued,0.04055799211701322,224,225,43
continued,0.08816984022675008,224,225,44
continued,0.21782265524507122,224,225,45
continued,-0.010940617265267993,224,225,46
continued,0.11183871855747857,224,225,47
continued,0.0669221348764246,224,225,48
continued,0.08701567250586167,224,225,49
continued,-0.025875642307132293,225,226,0
continued,0.16547643902424003,225,226,1
continued,0.08638544695295047,225,226,2
continued,0.14576413622709591,225,226,3
continued,-0.023196415670219548,225,226,4
continued,0.03542477789332364,225,226,5
continued,0.09447773830154471,225,226,6
continued,0.034490714305901365,225,226,7
continued,0.1699391213106454,225,226,8
continued,0.13477404597570755,225,226,9
continued,0.08276499591146144,225,226,10
continued,0.13722576630106134,225,226,11
continued,0.0684900363405008,225,226,12
continued,-0.010956628515784016,225,226,13
continued,0.007783202002574978,225,226,14
continued,0.10256785418588171,225,226,15
continued,0.12802996952813078,225,226,16
continued,0.19324291696760246,225,226,17
continued,0.04733813988594442,225,226,18
continued,0.09497529310936818,225,226,19
continued,0.08585856030621913,225,226,20
continued,0.06419420188258287,225,226,21
continued,0.1593056778141164,225,226,22
continued,0.060514685670433874,225,226,23
continued,0.05754141682838942,225,226,24
continued,0.07368519606510454,225,226,25
continued,0.12457515357767547,225,226,26
continued,0.1593542668850887,225,226,27
continued,0.20672987946320545,225,226,28
continued,0.030085284311619293,225,226,29
continued,0.09453151125716233,225,226,30
continued,0.24301741467434837,225,226,31
continued,0.08461574237660552,225,226,32
continued,0.19091891499532077,225,226,33
continued,-0.024001438643042775,225,226,34
continued,0.01397357040127699,225,226,35
continued,-0.0006315608897291252,225,226,36
continued,0.062066666709539586,225,226,37
continued,0.09243384032616973,225,226,38
continued,0.04927914267741192,225,226,39
continued,0.10459831815450492,225,226,40
continued,0.053645607414167615,225,226,41
continued,0.14672714454916724,225,226,42
continued,0.17275166565953,225,226,43
continued,0.1375018116051941,225,226,44
continued,0.04902238782428331,225,226,45
continued,0.19785157687896004,225,226,46
continued,0.19082617902494645,225,226,47
continued,0.10547881260772253,225,226,48
continued,0.12097052788420629,225,226,49
