start_year,end_year,num_docs,cv,npmi,umass,diversity,tq,topics,topic_doc_counts
1791,1798,183,0.6287194610795086,0.03190703414078169,-2.969532007574751,1.0,0.6287194610795086,"['provision | object | indians | proper | consideration | militia | lay | constitution | ought | establishment', 'treaty | commissioner | vessel | th | article | capture | appoint | britain | majesty | meet']","[156, 24]"
1794,1801,155,0.5414385202697887,-0.08786405242593232,-7.358676651128765,0.9952380952380953,0.5383128280991747,"['militia | pennsylvania | constitution | seat | county | execution | army | officer | judicial | execute', 'happiness | let | ruler | supreme | fully | blessing | gratitude | wish | sense | insurrection', 'expenditure | manufacture | appropriation | direct | estimate | revenue | account | ensue | sum | satisfaction', 'commissioner | treaty | article | th | appoint | majesty | britain | vessel | river | amity', 'treaty | negotiation | honor | faith | algier | regency | france | envoy | disposition | french', 'naval | navy | port | sea | experience | coast | fortification | ought | pacific | intercourse', 'indians | indian | tribe | creek | frontier | georgia | hostility | friendship | prevent | consequence']","[32, 22, 22, 18, 12, 11, 10]"
1797,1804,140,0.5526986986610952,-0.0498484289693251,-5.777620345882817,0.9952380952380953,0.5502339050546274,"['vessel | naval | sea | lay | measure | information | harbor | mediterranean | respect | cruiser', 'expense | expenditure | taxis | revenue | receipt | treasury | direct | ensue | principal | loan', 'gratitude | city | health | prospect | blessing | providence | safety | neglect | afflict | sickness', 'treaty | commissioner | article | th | claim | river | vessel | majesty | appoint | capture', 'france | minister | french | honor | disposition | envoy | sincerity | receive | negotiation | difference', 'title | tribe | territory | indian | include | extinguish | demarcation | extend | ground | boundary', 'court | judiciary | consider | consideration | constitution | perform | organization | sufficiently | cause | execute']","[25, 19, 16, 13, 10, 7, 6]"
1800,1807,151,0.661517779552812,-0.07597253195053413,-4.594484460087875,0.9916666666666667,0.6559621301241418,"['treasury | principal | receipt | expense | revenue | payment | sum | upward | discharge | th', 'vessel | sea | mediterranean | coast | tripoli | harbor | cruiser | appear | send | barbary', 'river | mississippi | ohio | land | tribe | settle | mouth | include | cede | purchase', 'constitution | legislature | judiciary | court | case | trust | consider | exercise | enterprise | execution', 'neutral | circumstance | wisdom | look | commit | friendly | tend | conduct | desirable | affair', 'negotiation | issue | duty | treaty | river | produce | enable | difference | western | france', 'port | militia | town | sea | competent | point | boat | fortification | gun | appropriation', 'establish | indian | disposition | friendship | newly | friendly | household | moderate | health | acquire', 'officer | district | having | function | louisiana | deposit | form | appoint | supply | command']","[21, 20, 13, 13, 12, 10, 10, 7, 7]"
1803,1810,142,0.7353289760672814,-0.009991237860829352,-3.2280101728694355,0.9833333333333334,0.7247419912554744,"['minister | vessel | british | belligerent | intercourse | occasion | instruction | neutral | spain | communication', 'sea | militia | appropriation | town | gun | port | work | vessel | boat | harbor', 'tribe | indian | mississippi | friendship | ohio | source | advance | neighbor | establish | agriculture', 'treasury | receipt | sum | revenue | fund | principal | th | payment | september | current']","[72, 22, 16, 14]"
1806,1813,165,0.7487986946899156,0.06134752404833924,-3.367971548456827,1.0,0.7487986946899156,"['british | order | council | minister | decree | communication | france | neutral | repeal | communicate', 'appropriation | port | work | sea | york | town | harbor | repair | place | authorize', 'militia | army | preparation | establishment | provision | recommend | raise | portion | importance | volunteer', 'treasury | receipt | september | principal | th | revenue | current | loan | end | near', 'tribe | indian | friendship | neighbor | quarter | advance | continuance | disposition | attachment | preserve', 'improvement | education | branch | expense | road | canal | thought | invite | science | seminary']","[79, 14, 10, 9, 7, 5]"
1809,1816,188,0.6870751729671023,-0.006849778344090674,-4.908764739779475,0.9690909090909089,0.6653393195568703,"['manufacture | port | navigation | supply | particular | complete | statement | require | improvement | experience', 'militia | establishment | army | recommend | provision | discipline | expense | resource | academy | bulwark', 'tribe | enemy | regular | savage | frontier | indian | volunteer | command | major | troop', 'prisoner | british | britain | mode | criminal | confinement | province | send | confine | officer', 'enemy | contest | example | savage | humanity | independent | honorable | circumstance | usage | defeat', 'french | france | decree | repeal | neutral | british | minister | communication | paris | receive', 'treasury | sum | loan | receipt | th | include | september | end | revenue | expense', 'blessing | divine | welfare | express | close | providence | cherish | communication | extend | institution', 'order | british | proposal | minister | explanation | council | ratification | know | regard | armistice', 'lake | command | squadron | officer | naval | force | ontario | erie | savage | canada', 'ship | capture | enemy | ocean | naval | frigate | captain | command | skill | cruiser']","[27, 20, 18, 15, 14, 14, 12, 11, 10, 9, 8]"
1812,1819,230,0.6310540913066977,-0.0511763972070949,-4.970372247567891,0.9818181818181818,0.6173046722415744,"['militia | establishment | consideration | provision | recommend | constitution | army | organization | improvement | convenient', 'liberty | earth | blessing | happy | unite | grateful | repose | institution | flourish | enjoyment', 'spain | minister | negotiation | plenipotentiary | know | arrangement | receive | independent | treaty | respect', 'treasury | sum | loan | estimate | revenue | receipt | note | january | include | annual', 'enemy | british | prisoner | humanity | contest | retaliation | example | confinement | hope | britain', 'tribe | indian | territory | purchase | mississippi | river | treaty | settlement | indiana | civilize', 'volunteer | enemy | command | regular | major | attack | troop | brigadier | hostile | fort', 'lake | command | captain | squadron | officer | force | naval | capture | superiority | enemy', 'intercourse | extent | recommendation | taxis | especially | proper | adhere | road | canal | entertain', 'value | manufacture | sale | proceed | emigration | manufacturing | revenue | land | duty | competition', 'ship | ocean | naval | frigate | enemy | capture | successful | skill | cruiser | coast', 'spain | florida | post | spanish | pensacola | suppress | protect | adventurer | enter | act']","[26, 21, 17, 17, 16, 13, 11, 10, 10, 10, 9, 9]"
1815,1822,264,0.5893961951964827,-0.04243963659727151,-4.9252265395909856,0.9928571428571429,0.5846784693688742,"['spain | treaty | florida | province | minister | spanish | party | friendly | ratify | majesty', 'tribe | fortification | work | frontier | complete | mississippi | coast | construction | river | point', 'blessing | happy | grateful | institution | enjoy | liberty | strength | feel | pressure | prosperous', 'treasury | sum | estimate | receipt | january | stock | revenue | amount | exceed | balance', 'british | vessel | port | party | navigation | france | condition | convention | allow | arrangement', 'establishment | officer | building | consideration | accommodation | provision | district | station | convenient | merit', 'domestic | duty | manufacture | raise | price | augment | manufacturing | supply | demand | revenue', 'affair | circumstance | vast | experience | intercourse | favorable | adhere | recommendation | canal | road']","[85, 28, 24, 24, 22, 15, 11, 8]"
1818,1825,357,0.6883671721914036,0.04966968185371141,-3.932902644917743,0.9868131868131869,0.6785525619802095,"['spain | treaty | minister | ratify | receive | ayre | buenos | independent | friendly | ratification', 'treasury | receipt | january | stock | sum | th | exceed | september | estimate | post', 'piracy | suppress | squadron | coast | sea | suppression | island | vessel | slave | mediterranean', 'engineer | fortification | survey | work | examine | complete | coast | board | frontier | road', 'tribe | territory | missouri | appropriation | mouth | limit | establish | mississippi | civilization | indians', 'blessing | happy | feel | pressure | grateful | enjoy | prosperous | spectacle | let | acknowledgment', 'th | decision | treaty | article | convention | ghent | emperor | imperial | having | britain', 'florida | pensacola | savage | st | inhabitant | indians | combination | territory | province | district', 'manufacture | domestic | revenue | price | raise | source | duty | derive | demand | article', 'affair | especially | cause | pursue | form | satisfaction | regard | think | circumstance | adhere', 'vessel | port | allow | condition | production | manufacture | admit | france | favor | article', 'british | colony | indie | satisfactory | west | britain | commercial | intercourse | continent | open', 'army | discipline | institution | attain | staff | science | academy | improvement | corps | attainment', 'injury | interfere | cause | preparation | hemisphere | european | internal | declare | consider | independence']","[57, 37, 31, 28, 18, 17, 16, 15, 14, 11, 11, 9, 9, 6]"
1821,1828,405,0.6561223646304535,0.04717427240969074,-3.9984568895472417,0.9850000000000001,0.6460336851327917,"['constitution | blessing | improvement | manufacture | condition | exercise | human | consideration | communication | population', 'treasury | receipt | expenditure | january | exceed | estimate | sum | post | balance | revenue', 'france | vessel | duty | port | convention | article | netherlands | favor | french | manufacture', 'squadron | piracy | sea | suppress | coast | slave | island | mediterranean | flag | naval', 'british | colony | parliament | colonial | intercourse | britain | open | negotiation | term | port', 'fortification | navy | repair | gradual | road | construction | improvement | completion | frontier | cumberland', 'th | treaty | ghent | commissioner | article | decision | convention | conclude | britain | boundary', 'survey | engineer | canal | road | board | ohio | route | river | estimate | plan', 'spain | greece | independence | feeling | war | portugal | favor | independent | hemisphere | sentiment', 'secretary | militia | branch | army | arm | artillery | condition | establishment | organization | report', 'tribe | territory | limit | indians | hostility | missouri | mississippi | treaty | upper | establish', 'army | discipline | academy | institution | officer | attain | science | instruction | improvement | staff', 'interfere | injury | faithful | cause | piratical | consider | respectively | suppression | constitutional | rest', 'minister | republic | colombia | represent | mexico | panama | treaty | ayre | buenos | south', 'florida | pensacola | territory | inhabitant | province | district | augustine | appoint | st | governor', 'brazil | affaire | brazilian | charge | commander | diplomatic | portugal | neutral | dominion | rio']","[80, 58, 35, 31, 22, 18, 17, 17, 16, 12, 12, 9, 8, 8, 6, 6]"
1824,1831,515,0.6601936629974545,0.014783477981956717,-4.654420363019385,0.9885714285714284,0.6515635482225707,"['treaty | party | britain | british | convention | vessel | negotiation | colony | th | france', 'tribe | indians | indian | limit | civilization | territory | mississippi | savage | land | art', 'blessing | condition | happy | providence | man | heart | human | hand | welfare | bless', 'army | fortification | secretary | navy | artillery | improvement | officer | branch | academy | condition', 'sea | squadron | coast | mediterranean | navy | piracy | pacific | vessel | ocean | naval', 'election | court | choice | constitution | majority | supreme | chief | magistrate | candidate | circuit', 'revenue | importation | reduce | back | short | estimate | value | draw | annual | import', 'bank | fraud | penitentiary | provision | collection | debtor | officer | prosecution | individual | treasury', 'republic | mexico | minister | treaty | mexican | colombia | represent | panama | south | plenipotentiary', 'tariff | burden | part | opinion | surplus | fund | modification | impose | suppose | duty', 'january | treasury | receipt | st | estimate | balance | principal | quarter | exceed | expenditure', 'survey | engineer | road | canal | route | river | board | ohio | plan | estimate', 'constitution | exercise | recommend | deliberation | judiciary | influence | sense | patriotism | conclusion | authority', 'light | house | monument | canal | bill | buoy | river | subscription | improvement | portland', 'post | mail | master | mile | transportation | receipt | exceed | revenue | office | july', 'emperor | russia | nichola | greece | sentiment | suffer | indulge | european | humanity | predecessor', 'stock | redeemable | loan | bank | authorize | account | capital | january | st | reduce', 'importance | thing | overcome | difficulty | character | prosper | internal | ready | influence | regard', 'brazil | brazilian | affaire | portugal | commander | diplomatic | charge | neutral | representative | capture', 'land | purchaser | sale | credit | pay | acre | property | sell | treasury | pledge', 'enumeration | census | marshal | return | population | take | convenient | commence | august | contain']","[98, 34, 26, 24, 23, 22, 16, 16, 14, 13, 11, 11, 10, 9, 9, 8, 8, 8, 7, 7, 6]"
1827,1834,508,0.6637698306955782,0.03243629843639111,-4.174914159371443,0.9870129870129868,0.6546505046302639,"['navy | secretary | army | improvement | branch | ship | gradual | fortification | vessel | officer', 'tribe | indians | indian | removal | limit | mississippi | savage | population | territory | white', 'blessing | happiness | happy | providence | intercourse | congratulate | condition | liberty | institution | wisdom', 'tariff | importation | revenue | duty | burden | article | price | reduction | produce | import', 'election | constitution | amendment | objection | propose | magistrate | agency | constituent | vice | likely', 'bank | fraud | deposit | officer | treasury | provision | charter | debtor | institution | resolution', 'mexico | republic | mexican | treaty | diplomatic | colombia | peru | boundary | intercourse | mutual', 'treaty | party | convention | britain | ghent | th | commissioner | boundary | friendly | conclude', 'january | treasury | st | receipt | estimate | expenditure | exceed | revenue | balance | sum', 'colony | british | vessel | colonial | britain | parliament | restriction | production | port | exclusion', 'land | purchaser | sale | purchase | arise | consideration | sell | disposal | pay | soil', 'france | french | minister | claim | paris | receive | stipulation | convention | favorable | installment', 'survey | river | canal | light | house | road | harbor | buoy | work | improvement', 'portugal | rice | blockade | commit | usual | portuguese | terceira | information | installment | capture', 'post | mail | master | expense | exhibit | revenue | office | mile | transportation | correct', 'claimant | denmark | danish | award | adjustment | claim | treaty | indemnity | march | th', 'russia | european | emperor | empire | porte | predecessor | indulge | nichola | greek | friendly', 'enumeration | census | marshal | return | august | render | precede | take | column | commence', 'spain | port | spanish | discriminating | duty | royal | tonnage | vessel | cent | th', 'negotiation | mutual | preserve | thousand | equivalent | britain | britannic | advise | hope | favor', 'constitution | express | heretofore | view | authority | earnestly | legislative | constitutional | legislature | sovereign', 'patriotism | conflict | subservient | resist | unconstitutional | sectional | influence | party | delegate | prejudice']","[39, 32, 31, 26, 26, 24, 22, 20, 18, 15, 15, 13, 12, 8, 8, 8, 7, 7, 7, 6, 6, 5]"
1830,1837,609,0.6690868011242659,0.020989647123603038,-4.189777938200697,0.9863157894736843,0.6590103563513661,"['congratulate | institution | affair | blessing | happy | intercourse | desire | condition | avoid | regard', 'bank | deposit | currency | institution | charter | issue | paper | credit | note | treasury', 'revenue | tariff | distribution | taxation | ration | produce | duty | expenditure | price | burden', 'navy | secretary | army | refer | accompany | operation | militia | branch | recommend | arm', 'tribe | indians | indian | removal | mississippi | population | savage | submit | humanity | western', 'estimate | treasury | appropriation | balance | revenue | january | sum | exceed | stock | object', 'french | chamber | minister | france | ministry | king | paris | assurance | honor | know', 'light | bill | appropriation | river | house | object | character | beacon | buoy | harbor', 'republic | brazil | colombia | peru | diplomatic | minister | venezuela | reunion | appointment | grenada', 'constitution | district | conviction | amendment | election | vice | code | consideration | recommend | constitutional', 'spain | portugal | claim | convention | payment | rice | sicily | installment | terceira | portuguese', 'britain | north | british | sovereign | boundary | settlement | proposition | east | majesty | arrangement', 'installment | french | treaty | convention | france | paris | exchange | ratify | ratification | draft', 'mexico | mexican | boundary | treaty | territory | commissioner | party | appointment | line | civil', 'vessel | britain | colony | production | british | colonial | port | restriction | cargoe | allow', 'land | sale | arise | soil | expense | consideration | contribute | speedy | cede | harmony', 'austria | russia | treaty | prussia | commercial | liberal | sweden | ratification | denmark | mutually', 'mail | post | grow | expense | office | master | exhibit | incur | franking | method', 'france | pronounce | cut | sum | claim | negotiation | clear | insist | controversy | satisfactory', 'florida | delivery | archive | governor | movement | order | mean | send | havannah | vigor']","[63, 62, 56, 40, 30, 25, 24, 23, 19, 19, 17, 14, 12, 12, 10, 9, 8, 6, 5, 5]"
1833,1840,581,0.658012567809743,0.07951847040044599,-3.746210723840116,0.9836842105263157,0.6473515583428646,"['french | france | chamber | treaty | minister | paris | king | installment | ratification | th', 'desire | intercourse | providence | regard | institution | condition | satisfaction | seek | feel | reward', 'expenditure | revenue | duty | burden | surplus | distribution | appropriation | ration | taxation | taxis', 'navy | army | secretary | naval | militia | recommend | officer | organization | arm | squadron', 'treasury | estimate | appropriation | balance | secretary | sum | january | revenue | unexpended | object', 'bank | institution | note | charter | banking | old | suspension | community | trustee | individual', 'mail | post | transportation | office | railroad | mile | revenue | building | postmaster | contract', 'land | price | sell | value | preemption | sale | settler | occupy | tract | intrusion', 'intercourse | russia | sweden | austria | liberal | commercial | portugal | denmark | prussia | treaty', 'currency | bank | paper | gold | value | issue | medium | metal | transfer | credit', 'tribe | indians | indian | mississippi | removal | territory | seminole | west | humanity | cherokee', 'republic | peru | colombia | venezuela | brazil | argentine | claim | confederation | treaty | diplomatic', 'mexico | mexican | treaty | demand | commissioner | boundary | convention | frontier | republic | case', 'bank | deposit | regulate | individual | treasury | connection | keep | agent | safe | exercise', 'election | constitutional | constitution | consideration | exercise | local | unconstitutional | formidable | forget | hold', 'britain | british | line | article | boundary | proposition | north | russian | coast | adjustment', 'officer | office | department | intrust | suggestion | keep | money | collector | collection | disbursement', 'spain | convention | sicily | claim | pay | internal | installment | madrid | indemnification | queen', 'vessel | port | cargoe | duty | tonnage | spanish | spain | discriminate | discrimination | discriminating', 'court | circuit | district | writ | judge | mandamus | postmaster | judicial | ministerial | maryland']","[62, 58, 41, 41, 34, 29, 23, 22, 21, 19, 18, 18, 16, 12, 12, 11, 11, 9, 8, 8]"
1836,1843,453,0.6259229606057569,0.06556088076746185,-3.424368694072647,0.9783625730994152,0.6119334476151376,"['constitution | revenue | duty | surplus | distribution | influence | appropriation | produce | ration | taxis', 'land | price | sell | preemption | sale | settler | value | occupy | tribe | tract', 'britain | british | treaty | province | canada | line | correspondence | boundary | territory | article', 'treasury | estimate | balance | january | appropriation | receipt | st | secretary | quarter | expenditure', 'indian | indians | florida | tribe | mississippi | command | territory | hostility | west | removal', 'republic | claim | peru | spain | ecuador | treaty | brazil | convention | colombia | delay', 'mexico | mexican | convention | minister | republic | demand | commissioner | communicate | claim | redress', 'mail | post | postmaster | railroad | transportation | office | mile | contract | revenue | june', 'providence | health | gratitude | blessing | husbandman | bestow | sure | happily | satisfaction | disease', 'treaty | intercourse | commercial | austria | friendly | prussia | belgium | ratification | belgian | naples', 'currency | bank | metal | note | issue | gold | value | precious | paper | circulation', 'bank | deposit | institution | connection | individual | measure | safe | keep | dependence | concern', 'navy | naval | squadron | coast | ship | vessel | station | employ | secretary | complete', 'court | circuit | district | case | writ | tribunal | mandamus | decision | postmaster | judge', 'treasure | speculation | finance | institution | value | stand | bank | specie | invariable | paper', 'bank | circulation | paper | bill | exchange | note | currency | propose | specie | silver', 'charter | note | trustee | old | expiration | bank | corporation | stock | cancel | reissue', 'vessel | slave | portugal | flag | cargoe | africa | portuguese | suppression | coast | piracy', 'army | ordnance | corps | recommend | staff | establishment | reorganization | educate | enlistment | manufactory']","[53, 27, 26, 22, 21, 20, 20, 19, 16, 15, 14, 14, 14, 12, 9, 9, 8, 8, 7]"
1839,1846,376,0.5974640335290317,0.048010459771621807,-2.774397825695711,0.9791208791208792,0.5860046274223524,"['mexico | texas | claim | republic | mexican | treaty | convention | annexation | th | minister', 'british | territory | britain | treaty | oregon | negotiation | stipulation | line | case | claim', 'navy | ship | coast | officer | appropriation | vessel | secretary | flag | steam | branch', 'bank | institution | suspension | banking | credit | center | afford | influence | currency | community', 'circulation | currency | bank | paper | issue | note | exchange | specie | bill | silver', 'duty | article | revenue | rate | impose | cent | wine | tariff | raise | tax', 'mail | postmaster | transportation | expenditure | railroad | post | revenue | postage | office | compensation', 'providence | husbandman | season | gratitude | happiness | health | partial | preserve | earth | blessing', 'treasury | st | estimate | balance | outstanding | january | receipt | quarter | fiscal | loan', 'land | price | acre | minimum | settler | mineral | preemption | establishment | rate | inferior', 'florida | indians | troop | hostility | indian | command | summer | west | tribe | officer', 'appropriation | legislature | necessity | constitution | surplus | reduction | revenue | fidelity | expenditure | proof', 'expenditure | revenue | th | money | reduction | deposit | exceed | previously | payment | accrue', 'european | continent | interference | principle | north | independent | attempt | interfere | resist | balance']","[53, 40, 23, 21, 17, 17, 13, 11, 10, 9, 9, 8, 7, 6]"
1842,1849,614,0.6136279195341259,0.09676622322863322,-2.740236933585025,0.9690058479532164,0.5954130919579111,"['treasury | loan | bank | currency | fiscal | estimate | paper | note | institution | issue', 'mexico | redress | mexican | wrong | demand | property | parede | honorable | person | hostility', 'revenue | duty | article | impose | tariff | rate | tax | import | class | manufacture', 'constitution | bill | exercise | pass | vote | majority | legislative | veto | senator | house', 'claim | convention | treaty | mexico | commissioner | payment | pay | th | republic | indemnity', 'texas | mexico | annexation | territory | rio | independent | independence | army | mexican | grande', 'steamer | mail | navy | vessel | steam | naval | transportation | contract | construction | lake', 'secretary | navy | army | officer | efficiency | condition | operation | supply | refer | attorney', 'tribe | indian | oregon | indians | territory | treaty | provision | reside | rocky | education', 'land | price | sale | acre | quantity | market | minimum | settler | unsold | purchase', 'continent | european | interference | principle | colony | commercial | independent | north | territory | attempt', 'army | enemy | officer | line | force | soldier | mexico | navy | volunteer | post', 'california | mine | coast | gold | mineral | wealth | rich | metal | command | precious', 'postmaster | mail | postage | expenditure | revenue | mile | rate | income | march | modification', 'province | mexico | california | cession | californias | grande | rio | boundary | conqueror | conquest', 'negotiation | proposition | columbia | british | britain | territory | north | plenipotentiary | oregon | compromise', 'privateer | marque | blank | spanish | pirate | immediately | vessel | letter | commission | mexican', 'commissioner | army | dispatch | receive | headquarters | secretary | affairs | mexico | command | presence', 'case | arise | slave | treaty | detention | sea | message | stipulation | british | vessel']","[132, 51, 45, 43, 30, 29, 22, 19, 16, 16, 14, 14, 14, 14, 13, 8, 7, 6, 5]"
1845,1852,733,0.6736526666985264,0.1226733072497937,-2.866880398121128,0.9722222222222222,0.6534833457379405,"['mexico | territory | texas | treaty | mexican | army | constitution | th | claim | officer', 'treasury | estimate | loan | expenditure | fiscal | th | sum | june | balance | reduce', 'revenue | article | duty | tariff | impose | rate | produce | manufacture | tax | class', 'bank | treasury | currency | keep | paper | disbursement | constitutional | specie | loan | credit', 'postage | postmaster | reduction | mail | rate | letter | revenue | cent | recommend | reduce', 'export | value | domestic | fiscal | specie | end | june | import | cotton | crop', 'agricultural | bureau | soil | cultivation | agriculture | encouragement | seed | analysis | prosper | population', 'food | product | demand | market | price | increase | gratifying | receive | fair | enlarge', 'mile | transportation | annual | cost | mail | route | thereon | length | precede | expense']","[548, 48, 39, 23, 16, 9, 7, 7, 6]"
1848,1855,602,0.6295552767994443,0.07296300522730063,-3.6980295940195655,0.9885714285714287,0.6222843016979391,"['blessing | institution | liberty | self | honor | hand | war | individual | form | revolution', 'mexico | treaty | republic | mexican | nicaragua | territory | army | isthmus | commissioner | boundary', 'constitution | bill | pass | exercise | majority | vote | legislative | veto | senator | constitutional', 'acre | sell | warrant | locate | land | survey | appropriation | complete | dock | census', 'navy | officer | secretary | army | efficiency | seaman | discipline | grade | naval | corps', 'postage | postmaster | post | mail | office | reduction | rate | transportation | cent | mile', 'cuba | minister | island | consul | spanish | expedition | spain | havana | france | captain', 'gold | california | mine | mineral | metal | coast | wealth | precious | mint | rich', 'tribe | indians | indian | oregon | texas | territory | mile | california | treaty | mexico', 'tariff | revenue | manufacture | protective | duty | tax | article | competition | rate | favor', 'british | treaty | vessel | convention | province | britain | arrangement | naval | negotiation | fish', 'bank | currency | bankruptcy | credit | loan | revulsion | paper | occur | disbursement | satisfied', 'estimate | treasury | expenditure | sum | july | include | st | account | deficit | appropriation', 'export | value | specie | fiscal | domestic | import | cotton | end | crop | compare', 'japan | open | expedition | commercial | intercourse | china | asia | pacific | empire | command', 'treasury | june | expenditure | balance | receipt | fiscal | amount | aggregate | end | available', 'finance | treasury | secretary | annual | statement | detail | condition | exhibit | amount | details', 'agricultural | bureau | soil | cultivation | encouragement | agriculture | seed | promote | analysis | plant', 'texas | stock | release | file | treasury | creditor | issue | prescribe | th | september', 'columbia | district | guardian | relation | commend | inhabitant | city | liberal | object | washington', 'domain | work | rapid | intelligence | improvement | commendable | wing | construction | internal | grant']","[73, 63, 57, 34, 34, 32, 25, 22, 22, 19, 18, 11, 11, 8, 8, 7, 7, 7, 7, 6, 6]"
1851,1858,592,0.5961323123868839,0.029260374959448988,-4.0721735826504615,0.9896774193548386,0.5894857072943596,"['navy | army | naval | seaman | secretary | efficiency | officer | artillery | ship | discipline', 'blessing | revolution | liberty | wisdom | mind | honor | sacred | enjoy | institution | integrity', 'kansas | slavery | election | constitution | majority | vote | territory | convention | delegate | institution', 'treaty | honduras | britain | central | convention | hondura | ratification | bay | ratify | balize', 'postmaster | post | mail | postage | office | mile | transportation | receipt | expenditure | rate', 'fiscal | treasury | balance | receipt | quarter | estimate | june | expenditure | amount | remain', 'cuba | spanish | spain | island | minister | captain | havana | expedition | board | neutral', 'british | province | treaty | britain | central | convention | question | coast | north | fish', 'bank | circulation | currency | paper | gold | coin | silver | loan | specie | deposit', 'tariff | revenue | article | import | duty | manufacture | valorem | ad | modification | reduction', 'denmark | sound | due | baltic | cargoe | convention | arrangement | toll | tribute | navigation', 'compensation | work | complete | census | lose | commissioner | harbor | apportionment | appropriation | commence', 'institution | agitation | agitator | southern | equally | social | self | domestic | passion | organization', 'indians | tribe | territory | apart | oregon | white | settlement | remove | frontier | portion', 'naval | privateer | belligerent | paris | declaration | property | propose | proposition | maritime | armed', 'panama | isthmus | granada | company | nicaragua | juan | peruvian | railroad | peru | san', 'acre | locate | sell | warrant | land | swamp | survey | quantity | aggregate | market', 'repeal | statute | compact | territory | restriction | louisiana | book | open | null | enactment', 'domain | work | growth | land | proprietor | interior | construction | improvement | experience | rapid', 'mexico | boundary | line | point | run | treaty | initial | guadalupe | hidalgo | mexican', 'republic | mexican | mexico | obligation | obstacle | enterprise | object | injury | ocean | claim', 'expenditure | estimate | sum | acquisition | ordinary | appropriation | reduction | account | mexico | average', 'texas | stock | treasury | release | file | creditor | st | th | prescribe | issue', 'constitution | judicial | fugitive | person | declare | judge | clause | information | aim | magistrate', 'smyrna | body | koszta | turkish | kossuth | release | austria | spanish | th | prisoner', 'export | value | specie | fiscal | cotton | price | import | crop | compare | end', 'japan | expedition | pacific | asia | china | eastern | intercourse | open | seas | command', 'local | constitution | purpose | grant | constitutional | reserve | separate | sovereignty | confederate | enumerate', 'columbia | district | relation | commend | liberal | peculiar | city | especially | inhabitant | washington', 'greatly | railroad | route | communication | commercial | exploration | enhance | economical | importance | deem', 'fraud | importer | book | specific | levy | duty | evidence | false | treasury | perjury']","[29, 26, 25, 22, 20, 20, 18, 18, 16, 14, 14, 13, 13, 13, 12, 12, 11, 10, 10, 10, 10, 8, 8, 8, 7, 7, 7, 7, 7, 6, 5]"
1854,1861,626,0.6392431636006674,0.06017729313990714,-3.7760187145637656,0.9852272727272728,0.6292441844741902,"['mexico | mexican | republic | redress | constitutional | wrong | minister | capital | injury | outrage', 'constitution | amendment | confederation | legislature | enumerate | article | delegate | clause | reserve | expressly', 'duty | revenue | specific | tariff | article | manufacturer | valorem | ad | manufacture | import', 'fiscal | estimate | treasury | june | expenditure | balance | quarter | july | receipt | aggregate', 'minister | french | chinese | treaty | france | china | empire | exchange | th | plenipotentiary', 'spanish | spain | claim | cuba | amistad | madrid | december | cuban | claimant | urge', 'utah | mormon | governor | territory | indian | send | young | rebellion | army | troop', 'honduras | treaty | britain | central | convention | hondura | bay | coast | republic | british', 'institution | social | southern | agitation | domestic | agitator | existence | organization | passion | evil', 'route | nicaragua | isthmus | transit | panama | pacific | company | atlantic | communication | treaty', 'territory | district | columbia | land | settler | vice | education | actual | population | senator', 'slave | african | prohibit | civilization | importation | master | africa | market | reopen | extend', 'bank | circulation | currency | specie | paper | deposit | gold | loan | dollar | issue', 'kansas | vote | election | majority | constitution | party | topeka | slavery | civil | frame', 'british | island | mr | authority | collision | washington | britain | marcy | juan | company', 'postmaster | mail | post | office | transportation | end | expenditure | june | postage | treasury', 'denmark | sound | baltic | due | arrangement | cargoe | toll | tribute | convention | proposition', 'domestic | danger | liberty | apprehension | blessing | providence | institution | integrity | generation | human', 'naval | privateer | belligerent | paris | declaration | maritime | propose | proposition | property | privateering', 'navy | secretary | efficiency | construction | vessel | draft | recommend | naval | light | recommendation', 'treaty | question | adjust | britain | central | clayton | bulwer | friendly | british | misunderstanding', 'kansas | territory | disorder | obstruction | occur | attainment | view | lesson | irregularity | flame', 'bill | approve | inconvenience | rule | approval | practice | appropriation | elect | examine | present', 'constitutional | revolution | secession | constitution | exercise | legislature | party | equality | territorial | resistance', 'artillery | army | officer | staff | duty | troop | regiment | perform | additional | field', 'slavery | majority | constitution | kansas | convention | institution | delegate | vote | form | admission', 'road | railroad | pacific | construction | west | mountains | regularly | rocky | route | undertake', 'paraguay | witch | river | water | steamer | republic | february | commissioner | argentine | message', 'africa | agent | commander | cyane | charge | town | society | deliver | coast | punta', 'repeal | statute | compact | open | null | field | louisiana | book | unrepeale | organize', 'missouri | territory | line | propose | probability | restriction | occur | organization | acquiesce | cede', 'expenditure | amount | sum | treasury | june | fiscal | end | department | total | contingent', 'granada | panama | tax | tonnage | railroad | port | company | levy | vessel | resist']","[36, 25, 23, 23, 22, 19, 19, 18, 18, 16, 16, 16, 15, 14, 14, 14, 13, 12, 11, 10, 10, 9, 9, 8, 8, 8, 7, 7, 7, 6, 6, 5, 5]"
1857,1864,595,0.653695434699844,0.044920676778322136,-4.047076902182334,0.9835497835497834,0.642763276743193,"['vessel | navy | british | naval | secretary | island | authority | sea | mr | report', 'kansas | constitution | slavery | vote | majority | election | admission | convention | territory | form', 'constitution | legislature | amendment | constitutional | sovereign | article | slave | exercise | confederation | provision', 'land | territory | tribe | settlement | interior | sale | acre | sum | indian | population', 'treasury | fiscal | estimate | balance | june | expenditure | receipt | quarter | july | aggregate', 'minister | empire | treaty | china | chinese | french | france | exchange | brazil | th', 'bank | currency | circulation | coin | paper | specie | gold | credit | note | dollar', 'mexico | mexican | republic | constitutional | redress | property | arizona | wrong | miramon | establish', 'bill | approve | inconvenience | appropriation | rule | approval | practice | recommend | present | elect', 'utah | territory | mormon | governor | indian | young | send | troop | rebellion | officer', 'white | emancipation | slave | north | slavery | color | old | section | wage | south', 'treaty | honduras | britain | hondura | british | republic | central | th | bulwer | clayton', 'spain | spanish | claim | cuba | amistad | madrid | december | negotiation | cuban | minister', 'route | transit | nicaragua | isthmus | panama | pacific | treaty | granada | passage | pass', 'disloyal | social | hostile | sound | actuate | prudence | ambition | invoke | sure | profound', 'post | office | postmaster | mail | fiscal | postal | postage | deficiency | mile | expenditure', 'duty | specific | revenue | article | valorem | ad | tariff | manufacturer | value | price', 'road | railroad | pacific | construction | munition | construct | importance | enlarge | vast | illinois', 'rica | costa | republic | granada | claim | convention | connect | submit | joint | commissioner', 'slave | civilization | african | master | africa | market | reopen | cuba | supply | domestic', 'expenditure | june | treasury | sum | department | end | contingent | bond | expense | fiscal', 'slavery | art | abolishment | person | abolish | color | length | district | rebellion | intemperate']","[50, 37, 36, 35, 32, 31, 28, 25, 22, 20, 19, 19, 18, 17, 15, 14, 14, 10, 9, 8, 6, 6]"
1860,1867,457,0.5539533881358828,-0.03479652722704582,-5.9005011595042385,0.9888888888888889,0.5477336034939866,"['vessel | naval | navy | secretary | army | port | ship | operation | pension | soldier', 'land | acre | region | interior | homestead | line | sale | railroad | sum | cash', 'treasury | receipt | expenditure | june | balance | end | estimate | leave | disbursement | fiscal', 'capital | hire | preserve | class | danger | exist | generation | slave | risk | save', 'claim | convention | costa | rica | spain | republic | san | peru | chile | amistad', 'slavery | white | emancipation | property | compensation | slave | abolish | responsible | wage | let', 'constitution | amendment | legislature | third | sovereign | propose | article | language | election | convention', 'lie | contract | chief | statute | forget | labor | department | proper | civil | consideration', 'constitution | kansas | party | refuse | election | lecompton | revolutionary | vote | declare | face', 'treaty | japan | claim | th | chinese | award | tycoon | bay | honduras | expect', 'bank | note | circulation | currency | credit | coin | banking | payment | issue | uniform', 'mexico | republic | france | november | evacuation | emperor | miramon | force | constitutional | minister', 'duty | specific | ad | valorem | revenue | article | manufacturer | tariff | value | dishonest', 'constitution | word | republican | form | constitutional | washington | preservation | father | hold | jefferson', 'circuit | court | judge | supreme | judicial | useful | admission | election | member | restoration', 'mail | postal | postmaster | postage | revenue | expenditure | annual | deficiency | mile | post', 'indian | indians | attack | tribe | march | superintendency | kill | outbreak | check | utah', 'proclamation | term | pardon | oath | fugitive | say | act | class | retract | slave']","[50, 34, 27, 23, 19, 16, 14, 14, 14, 13, 12, 11, 10, 10, 9, 9, 6, 5]"
1863,1870,390,0.6159377878283403,0.05608028884756798,-3.8396909875736767,0.9809523809523808,0.6034822246740424,"['constitution | election | act | form | constitutional | proclamation | republican | rebellion | true | amendment', 'republic | mexico | paraguay | peru | spain | minister | friendly | france | cordial | receive', 'britain | british | claim | treaty | port | european | subject | engage | convention | expedition', 'indian | land | indians | railroad | road | interior | pacific | secretary | district | commissioner', 'currency | paper | bank | circulation | gold | value | note | bond | coin | specie', 'taxation | class | institution | character | follow | revenue | discharge | hand | treasury | ballot', 'vessel | navy | naval | gun | secretary | yard | squadron | recommendation | construction | army', 'estimate | fiscal | treasury | june | expenditure | receipt | secretary | end | army | ending', 'treaty | company | island | claim | hudson | puget | bay | britain | enter | reciprocity', 'mail | postal | expenditure | revenue | postmaster | post | postage | ocean | mile | receipt', 'pension | pensioner | roll | soldier | disbursement | invalid | balance | navy | name | pay', 'revenue | taxation | tax | reduce | consul | income | internal | office | suggest | funding', 'population | capita | reach | cent | compare | expenditure | expense | period | annual | seventy', 'acre | cash | dispose | quantity | homestead | sell | precede | sale | fiscal | june', 'emigration | away | monopoly | cuba | region | mainly | slavery | population | suffering | emigrant']","[90, 35, 33, 30, 24, 20, 18, 18, 16, 10, 8, 8, 8, 7, 5]"
1866,1873,422,0.6300323591493313,0.026383647489451566,-3.8591673870608187,0.9858333333333333,0.6203668842856174,"['constitution | act | election | admit | person | legislature | judicial | senator | constitutional | form', 'republic | france | mexico | spain | treaty | paraguay | friendly | ally | minister | peru', 'indian | indians | land | grant | acre | territory | settlement | line | improvement | homestead', 'britain | majesty | treaty | claim | british | tribunal | convention | arbitrator | arbitration | difference', 'treaty | british | vessel | navigation | britain | company | water | port | river | canada', 'cuba | spain | island | slavery | spanish | domingo | continuance | struggle | porto | rico', 'currency | paper | value | gold | circulation | specie | bank | coin | payment | silver', 'estimate | fiscal | june | expenditure | receipt | army | ending | secretary | end | treasury', 'revenue | tax | reduce | tariff | taxation | article | reduction | reform | taxis | internal', 'navy | vessel | secretary | gun | squadron | carry | repair | naval | appropriation | relief', 'mail | postal | expenditure | postmaster | post | revenue | mile | postage | excess | receipt', 'patent | issue | end | september | include | fee | design | roll | receipt | pensioner', 'china | exposition | japan | steamer | product | production | manufacture | largely | increase | machinery', 'office | compensation | official | share | creation | invite | scrutiny | commissioner | seizure | salary', 'negro | race | bad | southern | govern | white | oppose | entertain | ought | propose', 'population | capita | reach | cent | compare | expenditure | expense | seventy | estimate | give']","[64, 54, 33, 27, 24, 22, 21, 14, 14, 14, 9, 8, 8, 8, 7, 5]"
1869,1876,526,0.6302693452214626,0.04157134446156789,-4.491179184524675,0.9905303030303028,0.6247279141566613,"['constitution | election | amendment | governor | vote | elect | officer | legislature | violence | southern', 'navy | ship | repair | ironclad | effective | vessel | efficiency | maintenance | current | iron', 'currency | value | specie | gold | medium | tender | legal | resumption | payment | industry', 'cuba | spain | island | slavery | party | contest | recognition | strife | continuance | insurrection', 'mail | postmaster | post | postal | expenditure | office | matter | postage | receipt | railroad', 'claim | britain | treaty | arise | majesty | april | british | alien | provision | thank', 'boundary | british | line | rocky | lake | summit | treaty | commission | copy | mountain', 'indian | indians | reservation | white | society | agent | territory | missionary | pursue | territorial', 'acre | land | grant | settler | homestead | illinois | cash | survey | water | entry', 'naturalization | reside | citizenship | expatriation | certificate | naturalize | fraudulent | native | allegiance | person', 'rule | civil | appointment | reform | office | tenure | place | fault | trust | prove', 'pensioner | pension | fiscal | roll | widow | estimate | invalid | name | include | expense', 'article | revenue | manufacture | tariff | produce | reduce | tax | enter | collect | reduction', 'cable | shore | line | concession | company | french | communication | telegraphic | connect | facility', 'china | japan | chinese | interpreter | youth | language | serve | minister | occasion | japanese', 'republic | mexico | mexican | frontier | central | border | texas | zone | grande | injurious', 'army | staff | corps | promotion | officer | vacancy | grade | recommendation | arsenal | ordnance', 'claim | fraud | salary | office | loss | treasury | court | testimony | scrutiny | fictitious', 'france | germany | paris | friendly | european | diplomatic | north | french | german | minister', 'navigation | british | vessel | river | canada | fisherman | water | fishing | canadian | lawrence', 'payment | venezuela | republic | march | account | thereto | sense | announce | regret | argentine', 'patent | office | exposition | vienna | fee | inventor | receipt | magnitude | eastern | application', 'building | city | archive | improvement | appropriation | district | inadequate | capital | commence | burn', 'product | capital | manufactory | element | wage | largely | market | abroad | machinery | employment', 'ocean | survey | coast | isthmus | vessel | exploration | navy | atlantic | explore | darien', 'treasury | sink | fiscal | fund | receipt | june | ending | expenditure | surplus | failure', 'education | interior | give | bureau | statistic | secretary | office | attach | show | interesting', 'agriculture | bureau | commissioner | useful | adapt | climate | agricultural | soil | foster | introduce', 'ratification | exchange | extradition | treaty | convention | proclaim | empire | naturalization | duly | salvador', 'court | evidence | duration | impracticable | claim | present | november | mariner | month | alabama', 'spanish | capture | captain | cuba | embargo | frigate | proclamation | prisoner | sea | search', 'spain | peru | ally | republic | conference | mr | spanish | departure | sincere | chile', 'geneva | tribunal | arbitration | award | majesty | redeem | request | arbitrator | treaty | pay']","[30, 25, 23, 22, 21, 17, 15, 15, 14, 13, 13, 13, 12, 11, 11, 10, 10, 10, 10, 9, 9, 9, 9, 8, 8, 8, 8, 7, 7, 7, 6, 6, 6]"
1872,1879,534,0.5935380630657234,0.029465358823160107,-4.521573138365625,0.991503267973856,0.5886936899849634,"['currency | value | revenue | specie | silver | coinage | bond | tender | fiscal | gold', 'treaty | award | british | commission | tribunal | majesty | boundary | japan | claim | britain', 'indians | indian | secretary | recommendation | interior | army | invite | reservation | tribe | territory', 'navy | repair | effective | naval | ship | ironclad | vessel | powerful | purpose | appropriation', 'opinion | rule | court | civil | mind | crime | territory | desire | duty | error', 'acre | agricultural | capital | soil | product | agriculture | land | improvement | water | city', 'mail | postal | postmaster | total | expenditure | post | receipt | postage | office | stamp', 'cuba | spain | island | insurrection | party | contest | recognition | strife | conflict | slavery', 'exhibition | exposition | hold | exhibit | international | vienna | centennial | commissioner | building | art', 'constitution | election | amendment | color | vote | governor | say | violence | provide | constitutional', 'naturalization | expatriation | citizenship | naturalize | certificate | reside | person | fraudulent | fraud | return', 'claim | court | case | claimant | present | late | testimony | tribunal | alien | commissioner', 'venezuela | republic | payment | account | argentine | central | brazil | thereto | regret | april', 'mexico | border | mexican | grande | rio | texas | republic | river | incursion | frontier', 'education | school | institution | show | district | teacher | post | donation | statistic | liberality', 'cable | line | shore | company | concession | communication | french | connect | continent | lay', 'commission | mexico | claim | convention | umpire | joint | award | favor | representative | close', 'pensioner | pension | widow | family | officer | annuity | paymaster | army | decrease | invalid']","[81, 52, 51, 29, 29, 28, 23, 22, 22, 21, 21, 15, 12, 10, 10, 10, 9, 9]"
1875,1882,563,0.5955771547620714,0.012115813734960675,-5.918997266692085,0.9917241379310345,0.5904827743060789,"['diplomatic | treaty | consular | extradition | island | ratify | roumania | pago | negotiation | duly', 'coinage | silver | value | bond | tender | legal | issue | coin | gold | currency', 'appointment | office | examination | method | official | test | partisan | civil | promotion | removal', 'estimate | fiscal | expenditure | june | receipt | revenue | ending | sink | actual | end', 'exhibition | building | exhibit | melbourne | accommodation | art | centennial | exposition | hold | participation', 'mexico | mexican | border | grande | rio | frontier | commission | claim | incursion | texas', 'naturalize | naturalization | expatriation | citizenship | certificate | person | honest | question | native | reside', 'navy | ship | repair | naval | ironclad | powerful | effective | ready | fiscal | sea', 'cable | line | communication | shore | france | concession | company | continent | french | commercial', 'treaty | british | fisherman | bay | relate | fishery | fortune | chinese | commission | indemnity', 'colombia | republic | canal | guaranty | isthmus | bolivia | chile | panama | argentine | king', 'cuba | spain | island | contest | insurrection | party | conflict | recognition | consider | spanish', 'agriculture | agricultural | soil | production | product | produce | manufactory | annually | knowledge | climate', 'amendment | education | election | suffrage | constitution | color | constitutional | enjoyment | citizenship | race', 'court | claim | circuit | remedy | alien | present | case | dispose | date | arise', 'postmaster | mail | stamp | receipt | expenditure | precede | sum | post | fiscal | total', 'polygamy | utah | territory | church | enforcement | crime | uphold | property | taxation | sect', 'health | sanitary | epidemic | disease | spread | tent | quarantine | conference | board | approve', 'treasury | finance | secretary | condition | increase | financial | revenue | capital | satisfactory | preferable', 'timber | land | acre | trespasser | entry | territory | settler | trespass | irrigation | pasturage', 'school | education | district | pupil | teacher | university | commissioner | system | educational | building', 'black | hill | indian | reservation | settlement | territory | indians | gold | sioux | white', 'sorrow | noble | gratitude | hand | adhesion | foreshadow | geneva | federation | exalt | sacred', 'indian | indians | agitation | interior | committee | express | decision | secretary | insufficiency | treatment', 'army | artillery | infantry | recruit | reduction | authorize | revision | require | cavalry | repeal', 'venezuela | payment | proposal | monthly | claim | adjustment | account | propose | maintains | grief', 'army | indians | actively | employ | secretary | indian | cavalry | hostility | praise | campaign', 'recommendation | invite | secretary | follow | vindicate | annexation | renewal | detailed | accompany | etc', 'district | columbia | commissioners | herewith | capital | health | potomac | timely | block | impassable', 'pursue | employment | opinion | presence | example | local | declaration | harmony | immediate | certainly']","[37, 36, 27, 27, 25, 23, 21, 20, 19, 18, 17, 15, 14, 14, 14, 14, 11, 11, 9, 9, 9, 8, 8, 7, 7, 6, 6, 5, 5, 5]"
1878,1885,586,0.6057947495129314,0.025281526623065938,-6.508533024068901,0.9928876244665717,0.6016234872823027,"['estimate | fiscal | june | receipt | actual | revenue | expenditure | ordinary | end | quarter', 'appointment | office | examination | civil | method | partisan | official | test | department | removal', 'vessel | improvement | navy | naval | include | machinery | establishment | steel | yard | ton', 'spanish | spain | claim | cuba | port | late | reparation | commission | colonial | case', 'indian | indians | reservation | tribe | interior | secretary | report | land | child | civilization', 'postmaster | mail | stamp | postage | letter | precede | postal | delivery | office | post', 'silver | dollar | coinage | coin | gold | value | circulation | currency | secretary | standard', 'timber | destruction | library | forest | accommodation | building | completion | interior | fireproof | fire', 'sink | fund | company | railway | pacific | repayment | fractional | currency | arrear | require', 'japan | indemnity | china | fund | return | japanese | revision | treaty | western | equitably', 'epidemic | health | sanitary | disease | spread | yellow | fever | tent | quarantine | approve', 'chile | peru | bolivia | republic | belligerent | chilean | iglesias | accept | iglesia | territory', 'egypt | legation | khedive | diplomatic | intercourse | siam | premise | persia | tribunal | gift', 'bay | british | fisherman | fishery | expedition | fortune | lieutenant | treaty | indemnity | correspondence', 'chinese | china | immigration | treaty | laborer | immigrant | violate | canton | cooperate | forbid', 'bond | note | cent | issue | redeem | deposit | compound | bear | exchange | sell', 'mexico | mexican | border | frontier | crossing | grande | rio | endanger | order | quiet', 'cable | rule | vessel | sea | collision | france | water | flag | burdensome | international', 'convention | paris | meridian | international | postal | universal | conference | copyright | attend | april', 'agricultural | agriculture | soil | product | produce | production | manufacture | individual | encourage | market', 'exhibition | hold | melbourne | conference | participation | commissioner | international | sydney | paris | represent', 'election | amendment | suffrage | constitution | constitutional | colored | confer | enjoyment | paramount | opposition', 'extradition | ratification | treaty | netherlands | privilege | conclude | belgium | ratify | duly | consular', 'canal | colombia | isthmus | guaranty | panama | interoceanic | obligation | propose | king | colombian', 'school | education | district | popular | local | responsibility | educational | university | columbia | grant', 'mexico | boundary | july | mexican | commission | guatemala | counsel | dispute | await | convention', 'love | sorrow | honor | citizen | pleasing | mankind | federation | salute | signal | lull', 'condition | finance | treasury | secretary | financial | exhibit | interesting | operation | branch | satisfactory', 'venezuela | caracas | venezuelan | awards | pende | bolivar | birth | centennial | statue | celebration', 'appropriation | expense | marshal | entitle | attorney | compensation | incur | approve | deputy | amendatory', 'hawaii | treaty | reciprocity | uncivilized | alaska | tribe | onerous | foster | provision | indicate', 'utah | territory | polygamy | enforcement | uphold | sect | practice | suppress | recommend | sectarian', 'columbia | district | account | expenditure | commissioners | detailed | affair | statement | present | ', 'example | regret | assurance | direction | feel | afford | increase | inaction | distract | profoundly', 'bank | deposit | tax | circulation | survey | individual | land |  |  | ', 'switzerland | swiss | emigration | pauper | authority | person | criminal | propose | treaty | tutelage', 'recommendation | judge | consideration | limitation | declaratory | advocate | graver | respects | restate | desertion', 'statute | zeal | grade | section | recommend | charge | commission | duty | unqualified | interpret']","[24, 23, 21, 20, 19, 16, 15, 14, 13, 13, 13, 12, 12, 12, 11, 11, 10, 10, 10, 10, 10, 9, 9, 9, 9, 8, 8, 8, 8, 7, 7, 7, 6, 6, 6, 6, 5, 5]"
1881,1888,847,0.601181313484912,0.012558597546866127,-6.390845214140321,0.9918181818181818,0.5960987819592783,"['court | district | fee | trial | attorney | commissioner | marshal | person | charge | criminal', 'tariff | price | taxation | manufacture | import | wool | farmer | article | sheep | reduction', 'indian | indians | reservation | civilization | land | agent | tribe | charge | management | allotment', 'silver | coin | coinage | gold | dollar | circulation | currency | value | certificate | bullion', 'postmaster | postage | rate | mail | letter | postal | delivery | recommendation | office | cost', 'mexico | mexican | treaty | boundary | offense | citizen | convention | release | commercial | commission', 'june | estimate | end | fiscal | ordinary | total | receipt | ending | expenditure | surplus', 'canal | colombia | panama | isthmus | transit | route | guaranty | atlantic | line | nicaragua', 'vessel | gun | machinery | steel | cruiser | ton | navy | construction | naval | board', 'international | conference | kongo | convention | copyright | paris | attend | delegate | association | meridian', 'consideration | commissioner | station | constitution | statute | information | stock | department | contain | recommend', 'chinese | china | immigration | treaty | laborer | race | outbreak | recent | territory | opium', 'bond | cent | sum | outstanding | surplus | amount | treasury | note | purchase | redemption', 'pension | bureau | widow | pensioner | roll | soldier | merit | army | enlist | allow', 'soldier | sorrow | patriotic | sympathy | gift | relief | colossal | france | sacred | achievement', 'diplomatic | salary | consular | representative | post | minister | hungary | office | appropriation | recast', 'party | partisan | office | civil | mean | reform | place | principle | insist | remember', 'chile | peru | bolivia | arbitration | chilean | claim | king | iglesias | convention | territory', 'theory | pay | fairness | daily | revenue | supply | taxation | justifiable | protective | manner', 'secretary | branch | contain | finance | exhibit | recommendation | treasury | condition | connect | fully', 'troop | indians | proclamation | reservation | murder | remove | territory | intruder | arizona | outrage', 'situation | danger | distress | financial | condition | demand | threshold | certainly | disaster | state', 'fishing | fishery | british | north | water | season | fisherman | intercourse | majesty | relation', 'harbor | river | arsenal | include | improvement | establishment | fiscal | work | balance | expense', 'patent | label | reissue | application | month | mark | consular | letter | arrear | include', 'hawaii | treaty | island | reciprocity | king | samoa | malietoa | terminable | group | seven', 'spanish | spain | cargoe | port | onerous | antille | cuba | suspension | impose | export', 'sink | railway | company | fund | pacific | fractional | repayment | currency | loan | august', 'venezuela | caracas | awards | venezuelan | commission | reopening | bolivar | delay | convention | centennial', 'japan | tokyo | western | china | revision | treaty | testify | discussion | dispose | request', 'extradition | german | treaty | germany | imperial | assassination | naturalize | origin | belgium | practice', 'vessel | sea | port | rule | collision | water | come | conform | international | maritime', 'spanish | spain | claim | speedy | commission | reparation | agreement | settlement | late | colonial', 'navy | fortification | seacoast | board | construction | direction | thoroughly | vessel | step | effective', 'russia | missionary | turkey | empire | hebrew | czar | russian | friendliness | affect | religious', 'naturalization | citizenship | section | naturalize | alien | status | record | define | domicile | franchise', 'disease | health | sanitary | session | board | contagious | cholera | epidemic | spread | approve', 'exhibition | field | exhibitor | invitation | hold | honorary | transaction | participation | participate | formal', 'collect | house | miscellaneous | light | building | revenue | include | expense | expenditure | internal', 'deposit | bank | tax | circulation | assay | bullion | profit | coinage |  | ', 'account | columbia | expenditure | district | academy | exclusive | purpose | army | appropriation | sum', 'agriculturist | agriculture | farming | subject | productive | intelligent | agricultural | comfort | largely | farmer', 'legation | korea | premise | siam | gift | siamese | persia | own | eastern | japan', 'appoint | discretionary | reasonable | invitation | compensation | institution | congress | frequency | utility | defrayment', 'export | value | follow | compare | precede | fiscal | total | suggestive | respectively | percentage']","[37, 37, 33, 31, 29, 24, 22, 21, 19, 19, 19, 17, 17, 17, 16, 15, 15, 15, 14, 14, 11, 11, 10, 10, 10, 10, 9, 9, 9, 9, 9, 8, 8, 8, 8, 8, 8, 7, 6, 6, 6, 6, 6, 5, 5]"
1884,1891,1021,0.6406237079678411,0.02420803220588724,-5.5514295351136935,0.991326530612245,0.6351929585272269,"['gun | navy | vessel | ship | board | construction | steel | fortification | secretary | naval', 'silver | coin | coinage | dollar | gold | circulation | currency | bullion | certificate | value', 'election | civil | party | appointment | elector | office | exercise | discharge | partisan | constitutional', 'postmaster | mail | postage | rate | office | postal | delivery | letter | transmission | post', 'estimate | receipt | june | expenditure | fiscal | end | total | revenue | ordinary | surplus', 'district | commissioner | columbia | railroad | commission | civil | regulation | license | car | prohibit', 'pension | soldier | army | bureau | roll | widow | disease | hospital | pensioner | relief', 'court | attorney | district | marshal | fee | trial | judge | offense | case | witness', 'secretary | recommendation | contain | branch | finance | interior | fully | exhibit | condition | account', 'consular | diplomatic | legation | salary | premise | gift | representative | recast | abroad | inspection', 'bond | surplus | purchase | treasury | premium | cent | fund | sink | amount | outstanding', 'price | wool | manufacture | tariff | farmer | sheep | cent | material | produce | product', 'chinese | china | exclusion | immigration | laborer | treaty | chinaman | race | message | dominion', 'tariff | taxation | import | article | revenue | tax | burden | taxis | levy | source', 'conference | international | kongo | delegate | meridian | invitation | berlin | region | result | basin', 'hayti | french | haytian | france | bokkelen | van | claim | liberty | award | gift', 'mexico | treaty | commercial | conclude | reciprocity | railway | navigation | capital | mexican | initiate', 'spain | cuba | spanish | antille | commercial | puerto | rico | west | suspension | intercourse', 'naturalization | citizenship | record | decree | domicile | central | alien | status | privilege | naturalize', 'fishing | fishery | canada | water | british | season | north | fisherman | britain | majesty', 'agriculture | farmer | product | agriculturist | farming | organization | engage | market | value | beet', 'port | vessel | sea | maritime | shipping | property | seal | clause | flag | come', 'island | treaty | hawaii | samoan | reciprocity | group | malietoa | kingdom | samoa | king', 'venezuela | convention | commission | awards | claim | caracas | ratification | mixed | negotiation | rehear', 'extradition | britain | treaty | negotiation | embrace | amicable | attain | criminal | practice | international', 'land | cherokee | indians | indian | sioux | acre | tribe | reservation | hon | appropriation', 'japan | empire | revision | korea | treaty | tokyo | japanese | testify | notification | undue', 'land | settler | title | domain | home | speculative | town | repeal | individual | homestead', 'chile | peru | arbitration | claim | late | convention | chilean | bolivia | negotiate | recovery', 'follow | export | value | import | compare | total | percentage | article | fiscal | merchandise', 'mexican | mexico | offense | citizen | cutting | sovereign | jurisdiction | release | title | case', 'pacific | atlantic | route | communication | line | south | mile | practicable | port | transit', 'situation | treasury | danger | deposit | distress | financial | expedient | bank | unnatural | bond', 'school | teacher | indian | indians | education | permission | management | attendance | useless | transfer', 'indians | indian | charge | management | detail | reservation | varied | phase | auxiliary | welfare', 'arizona | proclamation | troop | indians | reservation | intruder | apache | capture | murder | territory', 'selfish | patriotic | advantage | glory | assumption | determination | happiness | devotion | love | citizenship', 'boundary | survey | line | reconnoissance | columbia | precise | russia | geographical | jurisdictional | alaska', 'wage | supply | want | employment | daily | pay | justifiable | manner | workingmen | living', 'meat | product | prohibition | restriction | food | pneumonia | pleuro | skin | inspection | pork', 'river | work | harbor | fiscal | expense | improvement | balance | include | appropriation | requisition', 'barrundia | guatemala | transit | panama | insurgent | acapulco | jose | salvador | colombian | passenger', 'patent | label | reissue | application | mark | month | include | arrear | office | fiscal', 'german | germany | temperate | naturalize | treaty | origin | empire | scope | conclude | privilege', 'nicaragua | canal | nicaraguan | juan | construction | costa | project | san | river | territory', 'soldier | tender | friendless | fight | ex | brave | entitle | grateful | neglect | devotion', 'polygamy | utah | territory | polygamous | guilty | republican | marriage | actually | punishment | absolute', 'civilization | indian | push | surround | outside | agency | frontier | tribe | race | indians', 'energy | defend | integrity | century | vast | area | scheme | yield | development | increase']","[54, 47, 44, 39, 35, 31, 27, 26, 25, 22, 22, 21, 21, 20, 17, 17, 15, 13, 13, 12, 12, 12, 12, 11, 11, 11, 11, 10, 10, 10, 9, 9, 9, 8, 8, 8, 8, 8, 8, 7, 7, 7, 7, 6, 6, 6, 5, 5, 5]"
1887,1894,811,0.628618351732471,0.04436016630714126,-5.487398663644496,0.9912820512820513,0.6232350810113265,"['bond | treasury | bank | surplus | wealth | circulation | financial | purchase | condition | deposit', 'land | indian | school | indians | reservation | settler | acre | territory | tribe | appropriation', 'expenditure | receipt | estimate | june | fiscal | revenue | sink | surplus | fund | end', 'silver | gold | bullion | coin | dollar | ounce | circulation | coinage | note | value', 'agriculture | seed | cattle | inspection | product | secretary | meat | restriction | pork | farmer', 'canada | canadian | line | boundary | port | british | pacific | canal | toll | water', 'court | case | attorney | officer | crime | punishment | criminal | offense | salary | judge', 'secretary | head | department | efficiency | promotion | vast | desertion | merit | faithfulness | rating', 'postmaster | office | mail | post | delivery | postal | deficiency | mile | transmission | telegraph', 'chinese | china | japan | laborer | empire | exclusion | message | foreigner | chinaman | treaty', 'navy | ship | vessel | construction | plate | torpedo | armor | secretary | monitor | cruiser', 'line | mail | ton | steamship | port | vessel | tonnage | ocean | contract | carry', 'naturalization | citizenship | decree | turkey | race | russia | naturalize | remonstrance | turkish | armenian', 'pension | roll | june | payment | allow | pensioner | survivor | soldier | commissioner | disability', 'venezuela | dispute | convention | commission | arbitration | boundary | claim | party | republic | express', 'wage | employ | tariff | protective | industry | workman | employment | compensation | pay | family', 'gun | army | inch | ordnance | infantry | board | specification | rifle | fortification | building', 'export | value | merchandise | import | cent | month | product | total | mill | exceed', 'conference | international | invitation | agreement | assemble | delegate | meridian | promote | coinage | accomplish', 'railroad | car | interstate | commission | brake | coupler | freight | employee | appliance | life', 'chile | asylum | minister | itata | chilean | diego | conduct | valparaiso | naval | provisional', 'election | elector | evil | ballot | choice | suffrage | fraud | qualified | nonpartisan | cease', 'tariff | congressional | reform | favor | revision | deal | reduction | policy | selfish | administrative', 'mexico | treaty | mexican | boundary | relocate | fulfill | paso | retarded | title | grant', 'taxation | article | tariff | tax | import | price | revenue | internal | duty | levy', 'question | regrettable | amicable | diplomatic | adjustment | imposition | britain | relation | intercourse | treaty', 'quarantine | disease | contagious | regulation | animal | port | local | cholera | science | plague', 'appointment | civil | impartiality | commission | clerk | reform | execute | eligible | appoint | list', 'extradition | treaty | proclaim | amend | offense | recently | list | extraditable | avoidable | exchanged', 'exposition | columbian | anniversary | commemoration | hundredth | event | spain | discovery | exhibit | celebrate', 'hayti | portugal | italy | carlos | van | bokkelen | butterfield | claim | redress | award', 'material | manufacturer | manufacture | price | competition | reduce | cost | raw | importation | combination', 'brazil | republic | friendly | western | instruct | cordial | capital | janeiro | solicitude | conference', 'nicaragua | canal | company | construction | proper | adjustment | peru | costa | successful | conflict', 'laborer | island | claim | navassa | treatment | cruel | reservation | prisoner | court | indians', 'treaty | berlin | samoa | king | island | native | samoan | conference | municipal | germany', 'spain | caroline | cuba | pledge | island | missionary | adjustment | claim | confiscate | ponape', 'elector | choice | legislature | method | gerrymander | district | choose | congressional | voter | ticket', 'seal | bere | sea | arbitration | fur | sealing | agreement | propose | prohibit | season', 'consular | evince | persian | recast | abroad | expand | agency | principal | enterprise | supervision']","[67, 63, 42, 27, 23, 23, 22, 21, 20, 18, 18, 18, 17, 17, 17, 15, 15, 14, 12, 12, 11, 11, 10, 10, 9, 8, 8, 8, 8, 8, 8, 7, 7, 7, 7, 7, 7, 7, 6, 6]"
1890,1897,1014,0.6901214372566102,0.0858985090948846,-4.657848163687229,0.9918840579710144,0.6842571211106022,"['office | postal | mail | post | postmaster | deficiency | class | delivery | order | newspaper', 'indian | land | school | indians | acre | reservation | allotment | tribe | patent | severalty', 'receipt | fiscal | expenditure | estimate | june | revenue | ending | sum | end | total', 'tariff | revenue | wage | market | protective | duty | product | workman | manufacturer | favor', 'agriculture | farmer | seed | agricultural | crop | product | station | plant | market | secretary', 'trust | belief | individual | accumulate | expenditure | advantage | appropriation | mormon | polygamy | wise', 'seal | arbitration | sea | bere | treaty | britain | tribunal | award | resolution | paris', 'chile | asylum | san | minister | insurgent | naval | valparaiso | provisional | officer | sailor', 'pension | roll | soldier | june | pensioner | widow | allow | survivor | disability | payment', 'gold | bond | reserve | issue | sale | obligation | withdrawal | fund | treasury | redemption', 'note | treasury | silver | gold | purchase | circulation | issue | retirement | ounce | holder', 'spain | spanish | cuba | island | insurgent | insurrection | party | cuban | autonomy | regard', 'venezuela | dispute | arbitration | boundary | republic | brazil | guiana | british | claim | britain', 'export | value | import | merchandise | product | cent | precede | month | total | fiscal', 'army | enlist | discipline | militia | officer | organization | strength | post | secretary | troop', 'chinese | china | japan | empire | japanese | diplomatic | foreigner | kindly | outbreak | agent', 'navy | vessel | ship | construction | torpedo | boat | armor | battle | secretary | plate', 'silver | standard | currency | coinage | dollar | ratio | gold | metal | value | bullion', 'secretary | exhibit | interior | report | scrutiny | branch | charge | recommendation | affair | interesting', 'turkish | turkey | ottoman | armenian | missionary | christian | obtain | porte | constantinople | asiatic', 'canada | canadian | boundary | line | meridian | port | canal | toll | pacific | dominion', 'elector | choice | election | method | legislature | gerrymander | choose | district | ballot | evil', 'consular | appointment | fill | position | compensation | incumbent | promotion | consulate | vacancy | examination', 'commissioner | examination | clerk | oblige | commission | careful | submit | department | register | service', 'health | disease | quarantine | contagious | tuberculosis | local | board | precaution | regulation | port', 'mexico | boundary | treaty | intercourse | mexican | frontier | friendly | relocate | native | monument', 'meat | inspection | restriction | inspect | animal | removal | product | pork | cattle | importation', 'gun | inch | mortar | carriage | emplacement | ordnance | complete | rifle | mount | design', 'coin | coinage | fine | silver | ounce | metal | value | gold | bullion | calendar', 'extradition | copyright | treaty | proclaim | italy | march | amend | convention | substantially | subject', 'court | crime | officer | punishment | case | lawlessness | offense | attorney | accuse | criminal', 'nicaragua | mosquito | nicaraguan | strip | sovereignty | bluefield | expel | britain | alien | british', 'guaranty | fund | bank | asset | financial | mortgage | company | lien | stock | bond', 'penitentiary | prison | prisoner | convict | leavenworth | confine | confinement | fort | limited | behavior', 'conference | invitation | agreement | international | assemble | brussels | promote | accomplish | proposal | coinage', 'bank | capital | october | circulate | note | organize | liquidation | outstanding | loan | active', 'reform | civil | gain | underlie | elevate | love | honestly | partisan | nonpartisan | advantage', 'exposition | columbian | commemoration | invitation | chinese | celebrate | exhibit | admission | preparation | industrial', 'adjustment | moment | terminate | situation | road | indebtedness | consideration | withholding | received | fiat', 'cruiser | gunboat | complete | monitor | battle | ship | turrete | armored | double | class', 'water | reservoir | site | supply | land | corporation | territory | irrigation | arid | individual', 'court | district | decision | license | columbia | attorney | liquor | supreme | commissioner | traffic', 'russia | race | russian | hebrew | krzeminski | jurisdiction | decree | remonstrance | imperial | nature', 'line | mail | ocean | francisco | steamship | steamer | australia | postage | san | postmaster', 'hawaii | claim | pursue | blount | submit | trial | hawaiian | martial | honolulu | sentence', 'currency | banking | circulation | scheme | bank | divorcement | modifying | denominate | ideal | elastic']","[49, 48, 41, 36, 35, 35, 33, 32, 31, 30, 28, 27, 27, 26, 26, 22, 19, 18, 18, 17, 16, 16, 14, 12, 12, 12, 12, 11, 10, 10, 10, 9, 8, 8, 7, 7, 7, 7, 7, 6, 6, 6, 6, 5, 5, 5]"
1893,1900,1144,0.6734362748094566,0.0801543302608425,-4.790664362795101,0.9909178743961351,0.6669101623052249,"['spain | cuba | spanish | island | cuban | insurgent | recognition | insurrection | party | april', 'seal | conference | arbitration | negotiation | russia | international | convention | tribunal | bere | sea', 'recommendation | secretary | careful | departmental | legislative | reform | contain | report | civil | interior', 'gold | bond | reserve | issue | redemption | treasury | obligation | withdrawal | rate | note', 'postal | postmaster | post | mail | office | class | pound | newspaper | rate | deficiency', 'exposition | exhibit | paris | space | commissioner | preparation | mr | exhibitor | appropriation | invitation', 'army | officer | regiment | regular | discipline | militia | navy | strength | enlist | yard', 'venezuela | arbitration | award | dispute | boundary | claim | controversy | british | commission | colombia', 'indian | indians | tribe | school | territory | land | allotment | tribal | civilized | severalty', 'pension | roll | widow | pensioner | soldier | june | survivor | daily | name | fraud', 'santiago | manila | puerto | admiral | rico | spanish | officer | cable | victory | volunteer', 'seed | agriculture | agricultural | plant | farmer | station | crop | experiment | division | farming', 'ship | navy | boat | torpedo | battle | construction | vessel | armor | secretary | contract', 'tariff | market | revenue | reform | price | product | sugar | duty | raw | manufacturer', 'receipt | fiscal | june | end | expenditure | internal | amount | revenue | precede | sum', 'court | attorney | circuit | combination | criminal | restraint | case | reach | evil | decision', 'consular | appointment | ambassador | diplomatic | position | commercial | compensation | incumbent | fill | promotion', 'turkey | turkish | ottoman | armenian | missionary | porte | christian | naturalization | claim | destruction', 'financial | accumulate | expenditure | accumulation | fund | immediate | monetary | return | encourage | exceed', 'hawaii | hawaiian | treaty | island | annexation | japan | honolulu | japanese | resolution | republic', 'extradition | mexico | mexican | treaty | convention | offense | crime | surrender | border | proclaim', 'export | product | precede | value | fiscal | cattle | total | pound | beef | britain', 'currency | silver | standard | ratio | coinage | value | dollar | metal | financial | credit', 'nicaragua | republic | mosquito | salvador | honduras | central | nicaraguan | minister | accredit | rica', 'food | fruit | belgian | meat | cattle | inspection | germany | importation | prohibition | product', 'pacific | mortgage | principal | lien | sale | bid | railroad | kansas | subsidy | bond', 'note | gold | treasury | redeem | purchase | pay | holder | silver | cancellation | payment', 'samoa | king | malietoa | samoan | mataafa | germany | england | native | laupepa | atua', 'disease | health | contagious | quarantine | yellow | board | fever | invasion | local | investigation', 'gun | inch | mortar | carriage | ordnance | emplacement | rifle | heavy | mount | armament', 'canal | nicaragua | route | commission | company | maritime | concession | survey | nicaraguan | isthmus', 'coin | coinage | value | silver | ounce | fine | metal | bullion | calendar | gold', 'china | chinese | province | japan | missionary | agent | diplomatic | station | peking | wei', 'acre | land | alaska | embrace | railroad | patent | reservation | reserve | forest | create', 'bank | capital | organize | october | immigrant | cent | illiterate | arrive | liquidation | immigration', 'patriotic | british | boer | abide | pretoria | alien | combatant | faithful | shore | control', 'currency | relate | note | financial | banking | part | need | circulation | issue | retirement', 'intercourse | germany | mark | intimacy | mutually | intimate | question | britain | cordial | affect', 'janeiro | insurgent | brazilian | insurrection | rio | brazil | de | commander | admiral | encounter', 'italian | hungarian | deplorable | kill | italy | crime | sheriff | miner | austro | deputy', 'bullion | ounce | fine | st | cost | silver | purchase | november | capita | kind', 'grande | rio | water | paso | boundary | mexico | irrigation | monument | convention | commission', 'cruiser | monitor | mine | armored | gunboat | turrete | complete | battle | double | vessel', 'order | office | issue | value | total | amount | precede | postal | forego | international', 'prison | penitentiary | convict | leavenworth | prisoner | confine | fort | management | confinement | ownership', 'forest | examination | candidate | veterinary | forestry | inspector | science | assistant | commission | inaugurate']","[89, 42, 41, 41, 39, 33, 32, 30, 30, 29, 29, 27, 27, 25, 24, 24, 22, 22, 19, 19, 18, 17, 17, 16, 16, 15, 13, 12, 12, 12, 11, 10, 10, 10, 10, 9, 8, 7, 7, 7, 6, 6, 6, 6, 6, 5]"
1896,1903,1077,0.6256365318847283,0.025427667659759727,-5.284864046240194,0.9933873144399464,0.6214848259524021,"['navy | ship | officer | army | vessel | battle | naval | coast | cruiser | train', 'cuba | spain | cuban | spanish | insurgent | island | recognition | party | insurrection | belligerency', 'island | philippine | puerto | rico | civil | commission | governor | native | rule | office', 'forest | acre | water | reserve | irrigation | arid | region | alaska | stream | land', 'exposition | exhibit | paris | library | buffalo | space | hold | commissioner | art | display', 'gold | note | bond | treasury | redeem | redemption | coin | silver | issue | bear', 'china | chinese | imperial | province | empire | foreigner | peking | settlement | boxer | li', 'award | claim | boundary | sign | convention | venezuela | arbitration | commission | republic | chilean', 'restraint | combination | evil | constitutional | trust | constitution | doubt | interstate | pressure | court', 'indian | tribe | indians | tribal | white | territory | civilized | land | commission | agreement', 'postal | mail | pound | office | post | class | rural | matter | rate | cent', 'canal | nicaragua | costa | rica | route | nicaraguan | salvador | honduras | commission | republic', 'pacific | mortgage | sale | lien | principal | bid | kansas | railroad | sum | subsidy', 'negotiation | section | boundary | treaty | hon | britain | agreement | convention | canal | pende', 'tariff | change | economic | competition | market | product | principle | wage | stability | condition', 'death | mckinley | memory | expression | lincoln | sympathy | assassination | strike | son | blow', 'cable | company | communication | sounding | line | manila | telegraphic | message | direct | trans', 'consular | appointment | print | ambassador | report | promptitude | practical | examination | promotion | test', 'victory | manila | wound | santiago | spanish | triumph | ship | force | fleet | kill', 'hawaii | hawaiian | annexation | island | resolution | sovereignty | joint | republic | steamship | cease', 'corporation | wage | worker | individual | evil | industrial | combination | man | tendency | rich', 'receipt | fiscal | june | end | precede | internal | revenue | amount | expenditure | source', 'pension | widow | roll | income | daily | fiscal | june | annum | name | payment', 'italian | hungarian | case | sufferer | austro | court | alien | kill | treaty | miner', 'neutral | british | africa | boer | contraband | pretoria | good | destination | pioneer | port', 'turkey | turkish | ottoman | claim | missionary | destruction | treatment | naturalize | regard | demand', 'export | import | value | product | cent | total | manufacture | dutiable | good | precede', 'mexico | mexican | extradition | weil | awards | claimant | award | border | offense | return', 'samoa | samoan | pago | germany | malietoa | king | tutuila | laupepa | mataafa | tripartite', 'legation | peking | guard | taku | besiege | fire | attempt | hour | fort | chinese', 'affair | omit | discuss | departmental | secretary | report | submit | interesting | communication | concern', 'bank | banking | capital | organize | small | authorize | mention | financial | responsive | modification', 'manif | necessity | financial | avoidance | husband | unreasonable | plainly | cheap | taxation | inevitable', 'anarchist | man | crime | deed | anarchy | preach | murder | doctrine | criminal | profess', 'fruit | belgian | inspection | food | meat | germany | importation | relaxed | prohibition | cattle', 'inch | gun | mortar | carriage | emplacement | rifle | fire | steel | modern | ordnance', 'washington | building | district | floor | occupy | build | structure | accommodation | columbia | space', 'recommendation | importance | opportunitie | speaker | study | timeliness | raw | china | enlargement | obstacle', 'convention | tribunal | international | mediation | hon | delegate | traditional | delegation | arbitration | construe']","[108, 88, 72, 51, 48, 35, 34, 31, 26, 26, 26, 25, 20, 20, 19, 19, 18, 16, 14, 14, 13, 13, 12, 11, 11, 11, 11, 11, 10, 9, 9, 9, 8, 8, 8, 7, 7, 6, 5]"
1899,1906,934,0.5730613816325346,-0.00953905503627906,-5.036983368564257,0.9913131313131314,0.5680603452356189,"['island | philippine | rico | civil | self | puerto | filipino | filipinos | development | porto', 'forest | reserve | water | land | irrigation | acre | arid | stream | reclamation | west', 'china | chinese | empire | imperial | settlement | peking | boxer | negotiation | foreigner | edict', 'exposition | exhibit | celebration | paris | buffalo | art | hold | event | museum | display', 'navy | ship | officer | naval | cruiser | train | gun | sea | crew | torpedo', 'gold | receipt | fiscal | treasury | expenditure | bond | surplus | fund | coin | revenue', 'anarchist | death | deed | mckinley | murder | man | son | anarchy | criminal | international', 'cuba | island | cuban | election | th | constitution | elect | convention | reciprocity | domingo', 'alaska | territory | hawaii | build | fishery | building | river | mineral | hawaiian | white', 'international | conference | hague | convention | arbitration | tribunal | russia | hon | treaty | interparliamentary', 'rate | railroad | interstate | rebate | commission | railway | shipper | safety | employee | inspection', 'indian | appointment | civil | examination | bureau | rule | extend | field | competitive | require', 'army | officer | point | grade | high | rank | regular | guard | maneuver | promotion', 'man | worker | wage | individual | corporation | industrial | capitalist | standard | rich | problem', 'consular | importance | diplomatic | consulate | enlargement | information | patent | recommendation | print | inadequate', 'crop | agriculture | animal | import | soil | help | rice | fruit | farmer | variety', 'indian | indians | tribe | school | education | reservation | tribal | absorption | attendance | matron', 'panama | isthmus | revolution | colombia | treaty | colombian | riot | disturbance | april | transit', 'tariff | change | economic | reciprocity | product | principle | stability | need | competition | schedule', 'sign | convention | extradition | argentine | ratify | chilean | commission | exchange | bolivia | republic', 'corruption | official | constitution | election | punishment | bribe | corrupt | bribery | criminal | employe', 'naturalization | certificate | citizenship | fraud | court | fraudulent | citizen | naturalize | alien | bear', 'merchant | ship | marine | mail | ocean | shipping | line | knot | seaman | carry', 'monroe | doctrine | republic | hemisphere | obligation | aggression | undertake | continent | south | territorial', 'cable | company | sounding | pacific | manila | trans | hawaii | access | line | coast', 'rural | delivery | postal | mail | route | revenue | expenditure | farm | current | cent', 'canal | route | isthmus | panama | engineer | isthmian | treaty | nicaragua | commission | construction', 'pension | widow | income | daily | claim | roll | annum | bureau | veteran | fiscal', 'boundary | canal | britain | convention | negotiation | treaty | canada | lynn | agreement | portland', 'district | child | columbia | charity | washington | city | investigation | problem | juvenile | model', 'legation | taku | guard | fort | british | expedition | peking | attempt | assemble | preparation', 'municipal | island | language | commission | governor | departmental | rule | local | supervision | instruction', 'unlawful | court | restraint | conspiracy | restrain | combination | violation | denial | adverse | injunction', 'cleveland | evil | honesty | uniformity | trust | insurance | license | rid | dishonesty | remedy', 'italian | native | naturalize | tallulah | italy | case | treaty | expel | cognizable | answerable', 'export | import | manufacture | cent | product | exceed | total | value | capita | billion', 'food | product | purity | meat | shipment | discrimination | inspection | production | admit | flour', 'spain | claim | treaty | arrangement | collection | vii | award | execution | pende | payment', 'property | civilized | disarmament | arbitration | case | hague | sea | international | dispute | capture', 'immigrant | immigration | come | distribute | kind | undesirable | steamship | york | hither | proportion', 'bank | banking | financial | circulation | supply | need | monetary | stringency | injuriously | legitimate', 'pacific | commission | expense | appropriation | bond | payable | appropriate | secure | pay | principal', 'samoa | samoan | germany | tripartite | malietoa | claim | britain | king | pago | joint', 'fear | unfit | trouble | disaster | self | face | nominally | insure | serve | ignorance', 'corporation | supervision | corporate | watchfulness | derive | industrial | stay | existence | way | sovereign']","[54, 52, 37, 32, 32, 31, 29, 25, 24, 24, 21, 20, 19, 18, 18, 17, 17, 15, 15, 15, 14, 14, 12, 12, 12, 11, 11, 10, 9, 9, 9, 8, 8, 8, 8, 7, 7, 7, 7, 7, 6, 6, 6, 5, 5]"
1902,1909,731,0.5636685162128374,0.01479178215900686,-4.868423013842087,0.9917073170731708,0.5589537014148324,"['navy | officer | army | grade | ship | fleet | efficiency | promotion | medical | enlist', 'conference | hague | international | arbitration | convention | agreement | treaty | second | debt | tribunal', 'appointment | indian | civil | department | census | office | bureau | rule | examination | salary', 'forest | reserve | park | preserve | user | timber | creature | supply | west | irrigation', 'injunction | court | dispute | decision | case | liberty | judge | abuse | judicial | party', 'panama | isthmus | colombia | treaty | revolution | canal | colombian | riot | transit | granada', 'alaska | fishery | salmon | fish | need | territory | alaskan | river | district | indians', 'farmer | agriculture | agricultural | crop | import | education | association | animal | insect | fruit', 'naturalization | certificate | alien | citizenship | court | fraud | naturalize | come | foreigner | fraudulent', 'corporation | individual | wealth | corporate | evil | deal | combination | favor | interstate | conduct', 'rural | expenditure | route | receipt | delivery | postal | saving | fiscal | surplus | postmaster', 'child | indian | indians | education | tribe | educational | woman | school | neglect | absorption', 'currency | bank | banker | issue | rate | circulation | treasury | season | cent | york', 'rate | interstate | commission | railroad | rebate | shipper | stop | supervision | insurance | agreement', 'tariff | change | german | germany | revenue | good | minimum | notice | principle | duty', 'land | graze | range | acre | reclamation | settler | actual | maker | irrigation | settlement', 'judge | criticism | court | hold | case | philosophy | judiciary | comment | legislator | popular', 'doctrine | monroe | republic | continent | hemisphere | south | obligation | undertake | interfere | arm', 'employer | employee | accident | compensation | liability | negligence | risk | strike | workman | kill', 'mail | ocean | line | steamship | south | shipping | knot | steamer | merchant | pacific', 'man | industrial | japanese | capitalist | worker | japan | school | wage | treat | class', 'race | crime | lynch | colored | mob | negro | white | rape | man | criminal', 'philippine | island | self | filipino | filipinos | independence | cavite | samar | asiatic | servant', 'domingo | santo | cuba | island | provisional | cuban | intervention | intervene | creditor | debt', 'canal | cubic | engineer | yard | construction | excavation | isthmus | total | panama | level', 'seal | vessel | kill | sealing | pelagic | island | skin | water | st | herd', 'waterway | mississippi | improvement | reclamation | church | inland | engineer | river | construction | begin', 'exposition | celebration | event | japan | art | gallery | invitation | collection | celebrate | pacific', 'porto | rico | citizenship | hawaii | territory | island | develop | coolie | confer | harbor', 'competition | prohibit | antitrust | game | prevent | adulterate | incident | forbid | regulate | enforcement', 'visit | conference | mexico | friendship | friendly | honduras | salvador | president | republic | secretary', 'railroad | inspection | safety | employee | appliance | accident | railway | steamboat | inspector | interstate', 'ethical | misdeed | raise | foolish | fireman | painful | personal | disregard | policeman | occur', 'class | hatred | wealth | man | demagog | seek | violent | agitator | hand | preacher', 'recommendation | message | renew | second | liability | seventh | employer | annual | commission | scope', 'chinese | china | empire | student | laborer | coolie | traveler | immigration | expect | condition', 'forest | mountain | destruction | china | timber | northern | tree | lumber | soil | photograph', 'cable | sounding | company | access | pacific | lay | convene | condition | permission | line', 'island | philippine | sugar | tobacco | insular | agricultural | reduce | product | tariff | jealousy', 'tax | inheritance | taxation | impose | taxis | income | fortune | estate | kin | rate', 'righteousness | defend | mind | unrighteous | shun | hand | finely | people | love | sin']","[62, 44, 25, 22, 20, 19, 18, 18, 18, 18, 17, 17, 17, 16, 13, 12, 12, 11, 11, 10, 9, 9, 9, 9, 9, 9, 9, 9, 8, 8, 8, 8, 7, 7, 7, 7, 7, 6, 6, 6, 5]"
1905,1912,879,0.5475868606385275,0.020548608272077853,-5.029750018459943,0.9919230769230769,0.5432091978410699,"['bank | estimate | postal | post | saving | currency | office | treasury | cent | deficit', 'navy | officer | army | grade | ship | fleet | battleship | naval | rank | efficiency', 'company | combination | statute | capital | trust | tobacco | competition | corporation | stock | monopoly', 'tariff | minimum | duty | maximum | board | section | abroad | price | germany | discrimination', 'mexican | mexico | troop | border | douglas | live | texas | property | insurrection | ambassador', 'china | chinese | loan | reform | group | indemnity | student | negotiation | railway | empire', 'philippine | island | porto | rico | self | filipino | develop | citizenship | product | filipinos', 'department | census | commission | committee | office | head | organization | civil | efficiency | method', 'judge | criticism | clerk | court | liberty | judicial | hold | jury | body | judiciary', 'prize | international | court | convention | arbitration | hague | obligatory | tribunal | london | establishment', 'railroad | rate | interstate | commission | hour | inspection | rebate | shipper | employee | engage', 'land | forest | park | graze | range | coal | irrigation | reclamation | acre | maker', 'canal | panama | engineer | lock | isthmus | cubic | construction | zone | yard | excavation', 'republic | nicaragua | liberia | zelaya | central | convention | commission | revolution | honduras | monrovia', 'convention | sign | arrangement | morocco | madrid | agreement | brussels | replace | ratify | december', 'farmer | education | educational | child | agricultural | agriculture | association | woman | farm | employment', 'consular | diplomatic | commercial | consulate | promotion | committee | officer | clerical | commend | secretary', 'chile | boundary | settlement | dispute | controversy | arbitration | peru | venezuela | republic | award', 'britain | arbitration | treaty | canada | fishery | boundary | april | schedule | claim | commissioner', 'corporation | interstate | exercise | supervision | railroad | centralization | corporate | wealth | responsible | deal', 'wool | pound | import | scour | prohibitory | cent | rate | yarn | fabric | cost', 'man | wealth | class | hatred | hand | movement | bad | seek | railroad | evil', 'mail | steamship | line | south | ocean | merchant | shipping | marine | communication | hawaii', 'doctrine | monroe | republic | continent | south | obligation | people | outsider | grow | consequence', 'injunction | court | notice | dispute | issue | party | temporary | issuance | irreparable | abuse', 'race | crime | lynch | colored | mob | white | negro | rape | man | criminal', 'campaign | contribution | election | office | expenditure | contribute | recommend | candidate | publication | committee', 'employer | accident | compensation | employee | liability | negligence | risk | workman | injure | loss', 'santo | domingo | cuba | island | dominican | provisional | treaty | creditor | custom | intervention', 'waterway | river | improvement | illinois | mississippi | engineer | church | inland | navigable | adopt', 'health | alaska | medical | corp | indians | disease | need | dollar | pacific | bureau', 'seal | sealing | pelagic | kill | fur | vessel | herd | island | st | skin', 'dissolution | reorganization | trust | decree | administrative | court | corporation | circuit | bureau | effective', 'republic | pan | bureau | international | argentine | contribution | exhibition | development | aire | know', 'turkey | east | near | montenegro | ottoman | embassy | empire | accession | kingdom | persia', 'exposition | celebration | japan | emperor | event | statue | german | invitation | majesty | asia', 'error | court | smoke | supreme | recommend | title | pass | bill | construe | amend', 'conference | hague | netherlands | red | cross | hold | russia | subject | suggest | lay', 'tax | inheritance | taxation | impose | taxis | income | fortune | estate | desirable | bequest', 'dishonesty | distress | misdeed | honesty | insurance | guilty | innocent | painful | community | discover']","[73, 72, 36, 32, 28, 24, 22, 22, 21, 21, 20, 19, 17, 13, 13, 13, 13, 13, 13, 11, 11, 11, 11, 10, 10, 10, 9, 9, 9, 9, 8, 8, 8, 7, 7, 7, 6, 6, 6, 5]"
1908,1915,733,0.6211606998730178,0.051149558037843545,-4.8745131569623155,0.9917378917378917,0.6165091977217279,"['court | corporation | trust | company | statute | judge | combination | case | interstate | procedure', 'international | convention | conference | treaty | arbitration | britain | fishery | opium | hague | agreement', 'tariff | treatment | maximum | minimum | discrimination | board | section | abroad | duty | discriminatory', 'mexico | mexican | troop | border | douglas | live | texas | property | constitution | insurrection', 'army | officer | guard | staff | garrison | regiment | train | organization | bill | regular', 'china | loan | chinese | reform | treaty | negotiation | national | group | international | railway', 'estimate | fiscal | expenditure | canal | june | treasury | receipt | total | deficit | ordinary', 'self | island | philippine | filipinos | filipino | independence | porto | rico | citizenship | asiatic', 'efficiency | commission | auditor | expenditure | employee | ought | spend | expense | committee | office', 'post | postmaster | mail | parcel | route | rural | office | class | postal | loss', 'dispute | settlement | boundary | peru | chile | arbitration | republic | venezuela | claim | controversy', 'nicaragua | republic | revolution | zelaya | central | force | convention | honduras | hondura | doctrine', 'consular | diplomatic | merit | promotion | commercial | minister | division | legation | secretary | embassy', 'bank | banking | association | currency | reserve | monetary | panic | central | furnish | saving', 'fleet | vessel | naval | battleship | station | navy | harbor | officer | cruiser | cruise', 'wool | import | rate | pound | scour | cent | prohibitory | cost | good | yarn', 'branch | cabinet | head | fail | nominee | legislative | presidency | floor | department | ability', 'navy | admiral | rear | secretary | naval | coordinate | precedence | aids | fleet | command', 'forest | mountain | destruction | deforestation | tree | china | northern | soil | photograph | river', 'farmer | credit | agricultural | agriculture | rural | study | system | investigation | population | matter', 'circumstance | face | task | person | look | enthusiasm | delay | alter | thoughtful | experience', 'toll | ship | canal | line | build | subsidy | merchant | marine | transportation | naval', 'republic | pan | international | argentine | bureau | latin | uruguay | development | agricultural | exhibition', 'river | improvement | waterway | water | navigation | illinois | navigable | dam | engineer | create', 'turkey | ottoman | east | montenegro | near | italy | empire | servia | bulgaria | accession', 'liberia | republic | commission | liberian | monrovia | loan | receiver | amelioration | designate | receivership', 'city | washington | creek | plan | district | park | municipal | rock | structure | virginia']","[113, 96, 29, 27, 26, 25, 22, 20, 20, 19, 18, 17, 17, 16, 13, 12, 11, 11, 11, 10, 10, 10, 9, 8, 8, 8, 8]"
1911,1918,566,0.6401481454798239,0.021400921613269796,-5.4156441613891175,0.993915343915344,0.6359961289498234,"['court | statute | trust | company | combination | tobacco | capital | corporation | competition | decree', 'postal | estimate | revenue | treasury | total | fiscal | disbursement | june | office | postmaster', 'navy | cruiser | fleet | submarine | naval | admiral | battleship | destroyer | ship | vessel', 'mexico | mexican | troop | border | douglas | property | live | texas | insurrection | danger', 'consular | diplomatic | promotion | commercial | merit | secretary | officer | minister | organization | emperor', 'army | garrison | regiment | organization | officer | unit | regular | reserve | training | guard', 'republic | nicaragua | revolution | central | financial | ecuador | convention | honduras | customhouse | cuba', 'island | self | philippine | filipinos | porto | filipino | rico | independence | sanitation | citizenship', 'tariff | treatment | abroad | board | maximum | section | instance | rate | minimum | discriminatory', 'ship | open | merchant | marine | sea | independence | market | profitable | build | adequate', 'city | land | washington | dispose | ought | disposition | district | domain | ownership | plan', 'bank | currency | banking | association | commission | panic | reserve | monetary | furnish | director', 'wrong | people | germany | empire | austria | win | german | hungary | master | partnership', 'china | loan | chinese | liberia | reform | national | financial | negotiation | international | british', 'urge | matter | council | committee | proposal | election | expenditure | necessity | impatience | spending', 'dispute | boundary | arbitration | settlement | peru | republic | claim | haiti | chile | dominican', 'railroad | railway | transportation | circumstance | commission | hour | road | regulation | problem | operate', 'river | canal | improvement | water | waterway | toll | illinois | navigation | dam | zone', 'farmer | credit | agricultural | study | rural | agriculture | crop | available | investigation | field', 'wool | import | rate | pound | scour | cent | prohibitory | cost | yarn | fabric', 'treaty | arbitration | agreement | britain | negotiation | claim | schedule | settlement | award | question', 'speak | heart | honor | passion | disloyalty | liberty | think | seek | voice | know', 'head | cabinet | nominee | legislative | branch | department | presidency | floor | perform | function', 'opium | international | conference | evil | narcotic | hague | drug | traffic | message | convention', 'employer | liability | compensation | workmen | workman | commission | injury | principle | employee | injure', 'panama | exposition | exhibit | building | pacific | canal | francisco | participate | san | construct', 'seal | convention | fur | herd | prize | hague | north | season | pacific | court', 'patriotic | factor | young | economic | ideal | policy | citizen | hostile | intellectual | friendship']","[62, 27, 23, 23, 21, 19, 18, 18, 16, 15, 15, 14, 14, 13, 13, 13, 13, 12, 11, 11, 10, 10, 9, 8, 7, 7, 6, 6]"
1914,1921,220,0.5610572523052971,-0.13219471573687064,-5.406864618142137,0.996969696969697,0.5594176093198114,"['railroad | railway | road | transportation | regulation | commission | impossible | circumstance | need | hour', 'treasury | revenue | appropriation | taxis | fiscal | expenditure | billion | tax | total | balance', 'germany | wrong | german | people | empire | master | partnership | austria | face | live', 'democracy | faith | liberty | speak | seek | think | know | self | principle | thought', 'navy | army | thousand | training | officer | seven | ready | programme | prepare | strength', 'task | month | battle | mine | face | look | turn | achievement | intelligence | young', 'ship | merchant | sea | independence | marine | adequate | carry | cable | coast | send', 'rural | bill | million | acre | convention | study | direct | agency | propose | water', 'unrest | condition | remedy | industrial | recognize | antagonism | class | human | living | lead', 'material | ready | chemical | supply | dyestuff | shipping | manufacture | competition | hand | save', 'storage | interstate | good | license | producer | price | shipment | keep | release | package', 'proposal | realize | await | essential | press | particular | plan | necessity | urge | miss']","[21, 21, 20, 18, 14, 13, 11, 9, 9, 6, 6, 5]"
1917,1924,320,0.5496710826185763,-0.0839835425569609,-6.046625378626224,0.9934065934065934,0.5456372856122703,"['taxis | budget | expenditure | appropriation | treasury | billion | income | tax | reduce | taxation', 'farmer | production | agriculture | price | agricultural | raise | credit | food | wheat | farm', 'germany | wrong | german | people | empire | partnership | master | faith | thing | win', 'railroad | rate | railway | decision | wage | tribunal | board | employee | fair | dispute', 'education | navy | hospital | training | treatment | vocational | illiteracy | prepare | army | immediate', 'reclamation | acre | land | project | water | interior | million | development | irrigation | arid', 'democracy | principle | ideal | know | republic | accept | righteous | think | weak | understanding', 'amendment | violation | enforcement | prohibition | constitution | relate | eighteenth | child | woman | constitutional', 'transportation | railway | impossible | motor | highway | freight | construction | traffic | cent | railroad', 'league | naval | ill | unrest | treaty | industrial | armament | recognize | workman | accord', 'tariff | valuation | flexibility | import | provision | condition | schedule | change | revision | commission', 'storage | good | interstate | producer | release | shipment | keep | price | package | cold', 'condition | produce | relationship | problem | restoration | remedy | readjustment | international | humanity | solution', 'car | equipment | ought | freight | agency | adequate | transportation | district | central | coal']","[24, 21, 16, 15, 15, 14, 13, 13, 12, 11, 10, 7, 6, 5]"
1920,1927,442,0.5667455464769402,-0.04293495028875701,-6.1918530291742675,0.9955882352941177,0.5644732487834041,"['railway | rate | railroad | consolidation | transportation | freight | coal | commission | wage | manager', 'agriculture | farmer | price | agricultural | production | credit | farm | cooperative | bank | marketing', 'tax | expenditure | reduction | taxis | revenue | taxation | income | reduce | budget | appropriation', 'conference | navy | armament | army | treaty | naval | washington | chinese | limitation | china', 'project | reclamation | water | development | river | irrigation | waterway | lake | land | flood', 'court | league | judge | case | statute | judicial | tribunal | submit | adhere | arbitration', 'humanity | people | condition | lie | readjustment | human | restoration | honorable | remedy | depend', 'race | education | immigration | alien | negro | color | illiteracy | crime | admission | citizenship', 'enforcement | amendment | constitution | prohibition | violation | observe | eighteenth | prevent | child | enforce', 'faith | democracy | republic | prevail | sentence | live | spiritual | think | understanding | principle', 'tariff | import | duty | flexibility | valuation | schedule | condition | abroad | provision | difference', 'claim | settlement | obligation | european | agreement | interested | payment | principal | remain | agree', 'merchant | marine | shipping | fleet | ship | operation | board | vessel | transfer | function', 'veteran | hospital | treatment | legion | vocational | pension | generous | consideration | training | war', 'change | reorganization | bill | thorough | budget | improvement | procedure | bureau | department | pass', 'mutual | independence | alliance | principle | obligation | contribution | join | cooperate | face | ideal', 'classify | civil | merit | earner | postmaster | office | cover | compensation | wage | prohibition']","[54, 53, 38, 31, 23, 17, 15, 14, 13, 12, 12, 11, 11, 9, 9, 6, 5]"
1923,1930,571,0.6559498867697581,0.027295983295794718,-4.998998441675192,0.9938423645320198,0.6518825408896295,"['tax | reduction | expenditure | revenue | taxis | income | reduce | taxation | taxpayer | budget', 'agriculture | farmer | price | marketing | farm | cooperative | agricultural | crop | surplus | organization', 'education | health | immigration | civil | indian | earner | wage | classify | family | bureau', 'lie | local | spiritual | faith | foundation | ought | individual | abuse | honorable | material', 'water | reclamation | project | flood | irrigation | relief | cost | problem | expense | dike', 'consolidation | rate | freight | railroad | railway | interstate | traffic | transportation | commission | system', 'enforcement | prohibition | criminal | constitution | prison | violation | amendment | district | police | crime', 'function | commission | radio | reorganization | department | minor | change | cabinet | station | agency', 'armament | navy | limitation | naval | conference | army | treaty | submarine | agreement | cruiser', 'veteran | pension | hospital | relief | receive | legion | dependent | compensation | war | hospitalization', 'river | waterway | mississippi | project | navigation | flood | lawrence | lake | canal | st', 'merchant | shipping | marine | fleet | operation | board | vessel | line | transfer | ship', 'court | league | judge | statute | case | advisory | submit | opinion | assembly | international', 'claim | settlement | agreement | austria | payment | term | interested | remain | creditor | principal', 'coal | employee | conciliation | board | deal | distribution | interruption | continuity | bituminous | emergency', 'banking | bank | credit | reserve | economic | charter | unemployment | condition | furnish | natural', 'building | city | washington | program | district | beauty | capital | columbia | art | site', 'import | tariff | farmer | market | duty | cent | reduction | schedule | agriculture | product', 'race | negro | color | crime | violence | population | constitution | lynching | encouragement | remarkable', 'mile | air | airway | airport | light | license | plane | development | aviation | aeronautic', 'china | conference | sign | chinese | international | treaty | faction | agreement | delegate | extraterritorial', 'mexico | difference | friendly | final | dispute | ambassador | shipment | embargo | neighboring | peru', 'road | highway | system | mile | construction | cent | engineering | type | exact | adviser', 'island | philippine | governor | islands | self | turn | possession | leonard | filipino | auditor', 'forest | land | grazing | reforestation | domain | authorize | purpose | erode | erosion | unreserved', 'contract | lease | vessel | rent | construction | recommend | require | negotiation | post | involve', 'desire | international | adjust | agree | diplomatic | obligation | mutual | covet | mission | latin', 'nitrate | plant | nitrogen | fertilizer | production | dispose | property | probably | muscle | shoal', 'south | mail | air | route | hemisphere | west | coast | run | caribbean | key']","[53, 48, 35, 26, 24, 22, 20, 19, 18, 17, 16, 15, 14, 13, 13, 13, 12, 11, 11, 10, 8, 7, 7, 7, 6, 6, 6, 6, 6]"
1926,1933,524,0.6269474671155919,-0.005578309127407523,-5.651971068721517,0.9886021505376343,0.6197503872461525,"['water | project | river | flood | waterway | mississippi | reclamation | irrigation | harbor | improvement', 'tax | reduction | fiscal | revenue | budget | estimate | surplus | deficit | income | expenditure', 'enforcement | prohibition | constitution | criminal | district | court | amendment | condition | prison | exist', 'bank | banking | credit | failure | reserve | withdrawal | deposit | hoard | crisis | shock', 'veteran | pension | army | expenditure | dependent | relief | navy | compensation | receive | disabled', 'air | mile | mail | south | route | aviation | airway | light | airport | flight', 'function | administrative | regulation | reorganization | agency | commission | radio | interstate | group | station', 'faith | ideal | spiritual | moral | thing | individual | solution | honorable | advancement | foundation', 'depression | unemployment | financial | economic | dislocation | collapse | acute | month | shock | wage', 'tariff | import | cent | market | rate | duty | farmer | high | change | item', 'mexico | peru | difference | bolivia | final | friendly | dispute | adjustment | neighboring | embargo', 'loan | farm | agriculture | drought | cooperative | farmer | board | establish | marketing | cross', 'naval | armament | limitation | agreement | treaty | conference | washington | london | imply | relative', 'consolidation | railroad | freight | transportation | rate | simplify | interstate | railway | promote | efficiency', 'building | city | washington | district | program | beauty | art | columbia | center | capital', 'unemployed | earner | average | family | employment | wage | actual | salary | employee | condition', 'shipping | merchant | operation | line | marine | transfer | ship | board | vessel | fleet', 'health | indian | education | advancement | appropriation | affair | industrial | increase | quota | disease', 'island | philippine | governor | rico | porto | islands | wood | govern | fit | filipino', 'road | highway | system | mile | engineering | hemisphere | construction | cent | type | exact', 'unemployment | cooperation | voluntary | employment | organization | organize | community | agency | local | winter', 'unit | county | child | health | local | organization | fund | education | sheppard | towner', 'immigration | family | reunite | deportation | immigrant | strengthen | alien | restriction | limited | method', 'price | average | fall | cent | crop | potato | cattle | cotton | agriculture | agricultural', 'china | chinese | treaty | conference | delegate | tariff | negotiation | faction | customs | extraterritorial', 'work | appropriation | reproductive | expansion | recommend | fail | desirable | expenditure | adoption | distributable', 'cotton | surplus | production | acreage | crop | price | farmer | fixing | subsidy | information', 'nicaragua | haiti | party | election | marines | force | contending | henry | marine | stimson', 'credit | loan | bank | structure | corporation | policy | railway | association | agency | refund', 'settlement | austria | payment | claim | agreement | submit | approve | suspension | creditor | await', 'arbitration | agreement | sign | international | commission | difference | sovereign | conference | treaty | discussion']","[42, 25, 23, 21, 21, 19, 18, 17, 17, 13, 9, 9, 9, 9, 8, 8, 8, 8, 8, 8, 7, 7, 7, 6, 6, 6, 6, 6, 6, 6, 5]"
1929,1936,376,0.5678350257753548,-0.03524985602049652,-6.690594961537443,0.9933823529411764,0.5637388347297433,"['fiscal | budget | reduction | estimate | tax | expenditure | revenue | taxis | deficit | income', 'bank | credit | banking | failure | deposit | withdrawal | reserve | financial | crisis | hoard', 'responsibility | individual | economic | social | initiative | sense | local | spiritual | ideal | welfare', 'employment | relief | local | unemployment | unemployed | agency | distress | show | direct | million', 'agriculture | farm | farmer | agricultural | price | board | drought | marketing | organization | crop', 'enforcement | criminal | district | crime | prohibition | prison | immigration | congestion | strengthen | improvement', 'contract | mail | lease | post | agreement | office | payment | settlement | rent | exchange', 'naval | treaty | armament | agreement | pact | conference | defensive | kellogg | burden | arm', 'depression | economic | wage | financial | acute | dislocation | collapse | month | influence | unemployment', 'court | constitution | legislative | information | reservation | message | expedient | adherence | regulation | international', 'construction | waterway | harbor | mississippi | completion | vessel | annum | river | approximately | half', 'commission | administrative | commissioner | reorganization | group | agency | appoint | function | overlap | place', 'competition | inquiry | destructive | item | especially | natural | producer | antitrust | light | change', 'land | conservation | water | reclamation | flood | capital | project | system | watershed | park', 'veteran | allowance | disability | inequality | dependent | eliminate | benefit | substantial | administrator | adjust', 'unit | child | health | county | fund | organization | local | sheppard | maternity | nurse', 'army | navy | personnel | officer | maintain | efficiency | intelligence | guard | aviation | air']","[25, 24, 23, 22, 18, 17, 15, 15, 15, 14, 12, 10, 10, 10, 7, 6, 6]"
1932,1939,297,0.5015768838978802,-0.1125556599988365,-7.318720513988064,0.9755555555555556,0.4897257874829394,"['democracy | seek | today | fear | neighbor | peaceful | armament | autocracy | attack | let', 'price | farm | agriculture | production | farmer | industrial | purchasing | agricultural | adequate | program', 'relief | local | unemployed | employment | unemployment | agency | problem | emergency | give | project', 'bank | recovery | banking | economic | failure | credit | reform | loan | crisis | sound', 'social | economic | ambition | tradition | stimulate | individual | modern | liberty | problem | group', 'wage | hour | industrial | industry | child | worker | locality | low | exist | group', 'legislative | constitutional | convention | constitution | read | problem | message | declare | mr | revision', 'income | taxis | tax | revenue | expenditure | billion | dollar | raise | base | sum', 'work | construction | expenditure | reduction | appropriation | project | budget | total | expansion | propose', 'administrative | issue | agency | group | management | task | consolidate | overlap | need | order']","[58, 40, 31, 21, 14, 14, 12, 12, 8, 7]"
1935,1942,440,0.4451467812927671,-0.1386437358527394,-10.195062296705563,0.9924999999999999,0.4416905381285984,"['income | dollar | budget | taxis | billion | tax | expenditure | balance | capital | increase', 'faith | religion | democracy | god | international | worship | teach | come | race | human', 'relief | local | unemployed | employment | unemployment | problem | agency | age | project | community', 'agriculture | farm | farmer | crop | supply | price | product | production | adequate | surplus', 'fear | armament | weapon | seek | limit | threat | real | war | swift | belligerent', 'branch | task | administrative | appeal | need | light | tool | legislative | responsibility | issue', 'economic | social | basic | field | healthy | domestic | sight | system | thing | simple', 'cost | dictatorship | democratic | democracy | prove | militarism | oligarchy | autocratic | wait | access', 'wage | hour | employer | worker | term | starvation | jurisdiction | employee | raise | industrial', 'neighbor | hemisphere | republic | century | people | continent | follow | existence | western | ruler', 'neighbor | respect | agreement | precept | endure | treaty | prepare | obligation | address | peaceful', 'attack | deception | deceive | case | capital | wilful | innate | prejudice | unprepared | mankind', 'democracy | form | forth | visit | surface | democratic | trend | representative | insist | real', 'convention | liberal | read | constitutional | constitution | problem | interpretation | worth | legislative | definite', 'sea | british | navy | abroad | send | danger | stupid | signal | tinkle | reporting', 'partisanship | impressive | commit | expression | regard | label | party | think | swiftly | sponsor']","[38, 30, 29, 27, 21, 16, 13, 12, 10, 10, 10, 9, 8, 7, 5, 5]"
1938,1945,539,0.42038299004512947,-0.15205136879003806,-11.594239454226093,0.9931578947368422,0.4174263942955405,"['wage | farmer | food | farm | worker | group | industrial | adequate | raise | agriculture', 'income | tax | dollar | billion | budget | taxis | expenditure | balance | capital | reduce', 'danger | try | fear | threaten | seventy | face | propaganda | strive | conflict | glass', 'faith | religion | god | democracy | international | race | speech | worship | objective | victory', 'ship | sea | battle | axis | air | soldier | strike | loss | british | pacific', 'freedom | courage | task | need | human | face | choice | essential | pride | eternally', 'hitler | conquest | nazi | fascist | combine | japan | japanese | figure | weapon | force', 'employment | responsibility | assurance | employer | affair | want | dispute | member | employee | base', 'enemy | attack | key | challenge | learn | offensive | fight | armed | arming | animal', 'economic | system | social | basic | dictatorship | domestic | healthy | welfare | sight | independence', 'produce | production | tank | rate | rapidly | schedule | plane | airplane | gun | artillery', 'americans | sacrifice | hole | survival | patriotism | thinking | mere | yes | intend | know', 'mr | churchill | speaker | generalissimo | vice | stalin | ally | minister | visit | chiang', 'partisanship | usual | impressive | expression | commit | regard | label | politic | party | think', 'democracy | insist | liberty | mankind | victory | unity | fellow | weld | kindred | overwhelmingly', 'speed | tool | production | save | materiel | machinery | implement | lose | turn | material', 'attack | deceive | deception | criticism | innate | wilful | unprepared | capital | mankind | abuse', 'danger | tie | depend | emergency | idle | carry | fear | hand | rightful | immature', 'china | fly | russia | japan | tribute | britain | seek | conquest | pacific | japanese', 'discussion | meeting | prepare | agreement | begin | man | impact | delegate | reassemble | conciliation']","[56, 35, 24, 23, 22, 18, 16, 16, 16, 15, 14, 10, 10, 9, 8, 7, 6, 6, 6, 5]"
1941,1948,1036,0.5148747292089734,-0.04392669239594303,-8.69985692131796,0.9934959349593497,0.5109549882275133,"['food | farmer | agriculture | farm | price | subsidy | cost | level | production | cent', 'dollar | fiscal | expenditure | estimate | million | billion | budget | outlay | current | include', 'transportation | organization | responsibility | improve | economic | member | develop | relationship | enterprise | sound', 'philippine | japanese | pacific | island | sea | japan | china | battle | air | east', 'nazi | hitler | conquest | fascist | japanese | russia | japan | fight | berlin | britain', 'wage | minimum | worker | cent | increase | income | hour | standard | percent | mean', 'dispute | strike | bargaining | collective | management | jurisdictional | employer | union | settle | boycotts', 'enemy | fight | win | weapon | victory | surrender | attack | challenge | warfare | defeat', 'faith | god | religion | ideal | satisfaction | man | victory | strive | woman | image', 'price | inflation | demand | hold | pressure | good | inflationary | rent | face | expire', 'partisanship | politic | disagreement | partisan | expression | democratic | usual | impressive | democracy | regard', 'soldier | force | sailor | armed | navy | army | fight | sea | overwhelming | tribute', 'treaty | churchill | moscow | minister | mr | agreement | stalin | conference | prime | understand', 'bank | lend | lease | kingdom | credit | fund | export | million | import | loan', 'seventy | generation | mr | seventh | unprecedented | eighth | today | animal | speaker | grow', 'german | ally | italy | army | french | force | north | africa | troop | france', 'veteran | million | dollar | appropriation | readjustment | medical | hospital | fiscal | estimate | pension', 'commission | recommendation | study | universal | training | policy | message | problem | economic | appointment', 'housing | construction | rental | unit | durable | emergency | build | low | family | privately', 'competition | monopoly | enterprise | competitive | enforcement | monopolistic | practice | unfair | concentration | encourage', 'tax | reduction | light | taxis | taxation | job | requirement | encourage | retirement | condition', 'september | recommend | enactment | provide | veteran | bill | employment | deficient | disruption | pile', 'river | valley | forest | development | mineral | natural | conservation | land | wealth | basin', 'nurse | army | volunteer | armed | selective | navy | strength | force | obtain | nursing', 'americans | sacrifice | put | patriotism | hole | mere | die | survival | brave | send', 'produce | production | tank | plane | airplane | gun | artillery | ammunition | aircraft | anti', 'plant | production | schedule | steel | materiel | tool | throw | equipment | come | ton', 'activity | surplus | liquidation | equipment | expenditure | wartime | disposal | program | reserve | prewar', 'authorization | appropriation | obligation | dollar | billion | repeal | unliquidated | contract | rescission | balance', 'job | employment | woman | civilian | essential | workweek | unemployment | release | reconversion | immediately', 'health | social | program | medical | earning | design | coverage | welfare | provision | unemployed', 'international | cooperation | status | isolationism | dependent | territory | imperfect | mutuality | observance | hawaii', 'district | compulsory | columbia | recognize | experience | britain | prevent | provisional | rare | believe', 'cooperation | cooperative | satisfied | guarantee | adopt | infuse | resolutely | effecting | satisfy | fabric', 'accept | courage | desire | responsibility | modify | punish | file | attitude | lengthen | vindictive', 'goal | item | figure | set | altogether | illustration | downward | frighten | expert | pull', 'french | france | domination | liberation | determination | contribution | traditionally | uncease | seat | soundness', 'emergency | formulate | control | announcement | peaceably | exclusively | devote | preparation | major | demand', 'educational | grant | facility | school | education | hospital | pollution | authorize | desirable | secondary', 'energy | atomic | effective | commission | minister | prime | peaceful | purpose | domestic | international', 'occupation | zone | germany | occupy | austria | formula | displace | internal | territory | council', 'hemisphere | outside | friendly | western | strength | maximilian | interlude | dupe | latin | help']","[51, 38, 35, 33, 31, 28, 28, 27, 25, 24, 23, 23, 21, 19, 19, 17, 17, 16, 16, 16, 14, 14, 13, 13, 13, 12, 12, 12, 11, 10, 10, 8, 8, 8, 7, 6, 6, 6, 6, 6, 6, 5]"
1944,1951,1081,0.5589509922338171,-0.01511062516565298,-7.414084521918521,0.9906410256410257,0.5532121428611695,"['farm | farmer | agriculture | food | price | agricultural | crop | level | production | fair', 'dollar | fiscal | expenditure | estimate | million | billion | bank | budget | fund | total', 'faith | god | ideal | strength | dignity | love | serve | democratic | moral | wisdom', 'health | medical | social | insurance | age | old | coverage | benefit | unemployment | adequate', 'german | germany | italy | offensive | ally | france | army | occupy | french | force', 'wage | cent | minimum | worker | hour | percent | increase | standard | income | production', 'tax | reduction | taxis | profit | revenue | reduce | corporate | burden | credit | billion', 'river | valley | forest | conservation | development | mineral | water | basin | tennessee | natural', 'strike | dispute | bargaining | collective | management | jurisdictional | employer | settle | union | machinery', 'housing | rent | construction | unit | family | shortage | low | rental | build | price', 'enemy | fight | weapon | victory | attack | surrender | learn | ally | loss | war', 'force | armed | navy | army | woman | soldier | vote | fight | sufficient | volunteer', 'reconversion | demobilization | month | production | armed | civilian | ammunition | heavy | termination | force', 'competition | monopoly | enterprise | monopolistic | enforcement | competitive | concentration | encourage | practice | grow', 'philippine | japanese | sea | island | japan | pacific | force | fleet | leyte | halsey', 'veteran | million | dollar | appropriation | estimate | expenditure | fiscal | education | medical | readjustment', 'inflation | price | inflationary | hold | percent | clear | pressure | follow | demand | retail', 'economic | advancement | people | social | sense | want | forward | wealth | benefit | society', 'treaty | minister | churchill | agreement | moscow | potsdam | marshal | stalin | korea | hungary', 'enterprise | region | expand | business | assistance | develop | particularly | productive | scientific | industrial', 'september | recommend | salary | enactment | scale | branch | employee | bill | veteran | employment', 'want | happy | happiness | mark | accept | offer | love | adventure | satisfaction | enjoyment', 'reconstruction | recovery | international | economic | bank | monetary | agreement | cooperation | paralysis | reciprocal', 'authorization | appropriation | dollar | obligation | billion | repeal | unliquidated | contract | maritime | rescission', 'politic | partisan | usual | disagreement | party | factor | difference | disagree | partisanship | realize', 'economic | policy | message | essential | budget | recommendation | need | constitute | domestic | requirement', 'commission | recommendation | study | appointment | train | subject | assembly | training | universal | joint', 'difficulty | faulty | perspective | supreme | adjustment | problem | word | liberation | last | independence', 'relationship | era | mankind | affair | peaceful | concept | intricate | international | scientific | way', 'nurse | army | volunteer | nursing | overwork | obtain | armed | wound | bed | selective', 'liquidation | activity | surplus | disposal | expenditure | reserve | prewar | wartime | program | equipment', 'cooperation | cooperative | guarantee | adopt | effecting | fabric | infuse | disrupt | flexible | assertion', 'international | cooperation | isolationism | hemisphere | western | challenge | obstruct | perfectionism | imperfect | admittedly', 'education | educational | school | teacher | financial | elementary | adequate | secondary | child | assistance', 'lease | lend | kingdom | credit | pipe | good | settlement | line | finance | vj', 'price | estate | rent | shortage | real | peak | extraordinary | demand | pressure | control', 'district | hawaii | territory | alaska | possession | proposal | status | columbia | measure | dependent', 'tyranny | fair | deny | democracy | ideal | mean | base | oppression | tolerant | origin', 'facility | educational | authorize | highway | airport | construction | grant | building | consideration | aviation', 'poverty | income | gain | foundation | build | stamp | surmount | buying | distribute | hunger']","[56, 48, 38, 37, 35, 34, 29, 29, 27, 26, 24, 24, 22, 22, 20, 19, 18, 18, 17, 17, 15, 15, 14, 13, 13, 12, 11, 10, 10, 10, 9, 9, 9, 8, 7, 7, 7, 6, 6, 5]"
1947,1954,758,0.479081773598251,-0.06301502439501258,-9.081861965882757,0.9933467741935483,0.47594071150882256,"['price | farm | farmer | wage | income | agriculture | increase | production | commodity | support', 'faith | challenge | pride | god | moral | fight | let | americans | dignity | spiritual', 'tax | budget | expenditure | fiscal | billion | taxis | revenue | credit | reduce | surplus', 'soviet | charter | ruler | communist | satellite | principle | theirs | peaceful | method | collective', 'debate | office | grateful | partisan | conduct | civil | responsibility | chief | branch | successor', 'health | medical | insurance | social | education | unemployment | age | old | benefit | payment', 'bargaining | dispute | strike | management | jurisdictional | collective | statute | employer | contract | union', 'treaty | north | atlantic | agreement | greece | turkey | settlement | international | pacific | japanese', 'communist | ruler | win | imperialism | dictator | implacable | tear | human | deliberately | extreme', 'conservation | forest | river | soil | development | water | basin | flood | natural | mineral', 'welfare | deal | moral | society | goal | want | kind | exist | attainment | halt', 'housing | unit | rent | construction | rental | shortage | low | family | million | single', 'atomic | energy | explosion | scientific | agree | proposal | development | effective | soviet | seven', 'strength | defense | aggression | active | gun | combined | stick | build | danger | concert', 'accomplishment | selfish | wealth | look | abroad | privileged | beginning | benefit | society | ideal', 'happiness | happy | mark | almighty | pursuit | love | search | bear | enjoyment | th', 'korea | aggression | communist | fight | stand | armistice | repel | invasion | conflict | republic', 'force | equipment | weapon | training | arm | supply | partner | notice | army | armed', 'commission | recommendation | study | recommend | appointment | subject | joint | temporary | universal | train', 'enterprise | monopoly | concentration | competition | restriction | independent | grow | permit | compete | antitrust', 'recovery | economic | reconstruction | cooperation | international | paralysis | program | bank | wrong | reason', 'help | capital | region | benefit | expand | undue | underdeveloped | development | quick | misery', 'production | aluminum | copper | civilian | steel | output | good | capacity | electric | material', 'democratic | democracy | prejudice | race | deny | tyranny | ideal | equality | education | mean', 'program | meeting | cooperative | east | prime | churchill | teamwork | thoroughly | continuation | minister', 'veteran | million | self | thousand | spend | obtain | program | receive | disability | compensation', 'action | danger | grave | face | threat | nature | measure | lose | real | fear', 'inflation | anti | depression | point | problem | enact | position | follow | severe | buildup', 'school | teacher | child | elementary | educational | crisis | education | financial | defer | critical', 'plane | tank | produce | blockbuster | expensive | weapon | type | huge | carry | case', 'china | asia | try | philippine | demonstrate | attack | communist | stand | formosa | unsuccessfully', 'achievement | civilization | life | century | scientific | mankind | opening | blow | painfully | planet']","[51, 46, 35, 32, 30, 28, 26, 22, 18, 17, 15, 15, 15, 14, 13, 13, 13, 12, 12, 12, 12, 12, 10, 9, 7, 7, 7, 7, 6, 6, 5, 5]"
1950,1957,787,0.45522922600231935,-0.08537114370466214,-9.18864108577399,0.9931182795698923,0.4521729164795436,"['budget | tax | fiscal | expenditure | reduce | taxis | reduction | dollar | billion | spending', 'faith | fight | god | moral | struggle | let | dignity | true | determination | today', 'farm | farmer | surplus | market | price | agricultural | production | commodity | crop | agriculture', 'insurance | medical | health | old | age | survivor | benefit | coverage | personnel | service', 'employee | postal | recommend | program | management | worker | insurance | occupational | need | rate', 'korea | communist | china | aggression | try | asia | indo | force | fight | stand', 'european | treaty | north | atlantic | turkey | western | greece | agreement | germany | east', 'soviet | communist | peaceful | ruler | moscow | accept | cold | party | settlement | satellite', 'atomic | energy | explosion | weapon | proposal | soviet | atom | peaceful | terrible | nuclear', 'aggression | ally | strength | defense | build | force | strike | threat | combined | gun', 'project | conservation | water | development | forest | river | partnership | local | land | mineral', 'school | education | conference | child | problem | local | educational | teacher | indian | shortage', 'responsibility | grateful | perform | chief | eisenhower | office | presidential | task | burden | interference', 'weapon | plane | equipment | arm | tank | produce | capacity | supply | partner | carry', 'statehood | hawaii | suffrage | district | alaska | columbia | proposal | urge | grant | legislative', 'housing | family | mortgage | low | income | program | decent | rent | authorize | college', 'communist | ruler | conspiracy | implacable | tear | character | fear | way | divide | outside', 'grow | reward | hand | produce | wealth | human | mark | distribute | widely | competitive', 'injustice | wrong | democratic | people | mean | tyranny | truth | forget | democracy | mind', 'highway | road | transportation | interstate | governor | press | adequate | approximately | committee | recommendation', 'capital | help | living | production | rise | standard | improvement | steady | underdeveloped | grow', 'pride | accomplishment | occasion | challenge | republic | pose | debate | achievement | total | know', 'production | aluminum | copper | output | steel | good | metal | civilian | capacity | percent', 'mobilization | base | build | civilian | requirement | force | training | active | reserve | facility', 'enterprise | quality | businessman | economic | investment | achieve | compete | ambition | procurement | prosper', 'affair | joint | abroad | domestic | initiative | position | radically | realizing | weak | provoke', 'economic | assistance | inflation | recovery | anti | shot | repair | surpass | hunger | hole', 'abroad | advancement | art | continue | civilization | aspiration | try | encouragement | appreciation | nobler', 'recommendation | recommend | purport | dwelling | liberalize | title | wholehearte | view | welcome | word', 'productive | neglect | depend | health | strength | burden | institution | matter | preventable | rewarding', 'civil | city | answer | key | reorganization | group | authority | railway | polling | mandate']","[49, 42, 31, 30, 30, 27, 25, 24, 23, 22, 21, 17, 16, 16, 15, 15, 14, 13, 12, 11, 11, 10, 9, 8, 8, 7, 6, 6, 6, 5, 5]"
1953,1960,825,0.5195593810990399,-0.06240338233183322,-7.7812141999444835,0.9907526881720428,0.5144683792618349,"['republic | faith | sacrifice | human | dignity | know | man | struggle | grateful | god', 'communist | soviet | threat | ruler | cold | regime | try | communism | peaceful | imperialism', 'tax | budget | fiscal | reduce | dollar | expenditure | billion | reduction | cut | spending', 'farm | surplus | farmer | market | agriculture | price | production | agricultural | product | crop', 'price | growth | inflation | stability | economic | wage | expansion | investment | output | discipline', 'water | project | conservation | partnership | local | forest | development | river | flood | mineral', 'missile | ballistic | range | deterrent | submarine | aircraft | unit | development | air | advanced', 'health | insurance | medical | old | hospital | service | age | coverage | benefit | program', 'strength | danger | stress | safety | ensure | mistake | launch | talk | deter | confront', 'legislative | suffrage | amendment | district | overdue | permit | civil | columbia | urge | submit', 'treaty | european | neighbor | pact | pacific | atlantic | western | north | turkey | unity', 'school | education | conference | teacher | child | local | problem | classroom | indian | enact', 'civil | manpower | veteran | armed | force | program | servicemen | reorganization | effective | train', 'disarmament | agreement | armament | atomic | safeguard | vote | nuclear | issue | geneva | weapon', 'aggression | defense | strike | force | mobility | ally | type | attack | conflict | aggressor', 'heritage | achievement | intellectual | civilization | ahead | advancement | art | proud | perform | accomplishment', 'atomic | energy | atom | peaceful | proposal | seven | international | scientific | constructive | source', 'enterprise | economic | competitive | quality | mark | productive | wealth | produce | rich | ambition', 'establishment | efficiency | momentum | require | organization | coordination | production | strategic | support | strength', 'message | january | budget | mention | recommendation | forthcoming | enlarge | preliminary | plan | fund', 'recommendation | message | transmit | specific | involve | monday | affair | prompt | enactment | management', 'housing | mortgage | family | program | low | income | contract | fha | slum | building', 'weapon | development | research | force | service | airpower | modern | navy | plan | fit', 'employee | insurance | worker | need | postal | occupational | compensation | propose | include | management', 'alien | segregation | discrimination | refugee | elimination | immigrant | immigration | columbia | enact | responsibility', 'korea | china | indo | philippine | communist | recovery | economic | resistance | iran | greece', 'organization | membership | cooperation | agreement | tariff | administrative | export | discrimination | clear | initiative', 'help | grow | individual | energy | concern | solution | personal | goal | society | iranian', 'disease | human | scourge | malaria | victory | campaign | health | earth | mankind | waste', 'highway | interstate | transportation | governor | press | complete | modern | approximately | committee | problem', 'research | science | available | medical | fund | teaching | education | balanced | involve | substantial']","[74, 62, 36, 31, 25, 22, 21, 19, 19, 18, 18, 17, 17, 16, 14, 13, 13, 13, 12, 11, 10, 10, 10, 9, 9, 9, 8, 8, 8, 7, 6]"
1956,1963,792,0.472588152044159,-0.0915300375542762,-9.135134013777604,0.9935960591133004,0.4696704065090907,"['goal | spiritual | individual | dignity | moral | republic | intellectual | god | worthy | faith', 'farm | farmer | surplus | agriculture | income | agricultural | market | billion | problem | food', 'budget | tax | fiscal | balanced | income | cut | balance | dollar | expenditure | spending', 'price | inflation | growth | stability | wage | cost | rise | discipline | economic | prevent', 'strength | sacrifice | failure | aggression | vigilance | safety | tempt | necessity | talk | ensure', 'communist | threat | berlin | communism | pose | tactic | attempt | laos | penetration | chinese', 'school | education | teacher | local | child | indian | construction | college | classroom | program', 'energy | atomic | treaty | cooperation | peaceful | international | agency | wide | atom | atlantic', 'court | jurisdiction | vote | branch | international | constitutional | race | resolution | racial | suffrage', 'missile | ballistic | range | operational | mile | bomber | jupiter | intermediate | intercontinental | atlas', 'enterprise | competitive | economic | productive | encourage | business | billion | continue | reward | aside', 'postal | message | post | specific | mail | office | recommendation | transportation | recommend | modernized', 'water | project | river | storage | flood | conservation | partnership | capacity | development | use', 'benefit | veteran | coverage | old | health | age | social | insurance | illness | survivor', 'force | submarine | ally | nuclear | unit | air | sea | ship | aircraft | army', 'employee | insurance | unemployment | career | benefit | need | woman | equitable | program | personnel', 'disarmament | agreement | geneva | issue | negotiation | proposal | promise | inspection | negotiate | armament', 'establishment | organization | structure | compartment | reorganization | mobilization | efficiency | service | change | feature', 'research | medical | science | disease | available | technology | education | balanced | relieve | fund', 'soviet | pronouncement | impact | anticipate | threat | idea | expansion | science | magazine | russian', 'satellite | space | communication | exploration | launch | moon | weather | vehicle | successfully | aim', 'recommendation | segregation | immigration | enactment | civil | people | columbia | trust | district | discrimination', 'export | financial | bank | monetary | institution | import | payment | international | inquiry | investment', 'housing | house | family | elderly | mortgage | insure | city | greatly | million | unit', 'park | wildlife | forest | fish | refuge | acre | generation | conservation | expand | add', 'disease | campaign | enemy | malaria | ancient | victory | scourge | earth | human | age', 'economic | oil | investment | movement | technical | constructive | problem | cherish | creatively | uninterrupted', 'bargaining | membership | organization | tariff | cooperation | administrative | restriction | responsible | discrimination | outside', 'talent | think | friendly | understanding | start | ideal | solve | communication | mutual | enslave']","[50, 46, 42, 35, 29, 28, 25, 24, 19, 18, 14, 14, 13, 13, 13, 13, 13, 12, 11, 11, 10, 9, 9, 8, 7, 7, 7, 6, 6]"
1959,1966,772,0.4664573987976563,-0.11098712474271819,-9.03391346704054,0.9943019943019943,0.4637294723750403,"['tax | budget | reduction | cut | billion | balanced | million | fiscal | expenditure | submit', 'faith | spiritual | intellectual | seek | belief | moral | rich | people | society | physical', 'water | project | urban | city | area | park | river | recreation | pollution | program', 'farm | food | farmer | billion | agricultural | surplus | agriculture | wheat | income | drug', 'price | inflation | stability | growth | economic | rise | cost | dollar | saving | inflationary', 'social | hospital | benefit | health | age | elderly | needy | veteran | mentally | old', 'school | education | teacher | child | educational | college | young | local | opportunity | program', 'export | economic | market | abroad | payment | partner | balance | international | development | cooperation', 'vote | constitutional | racial | civil | discrimination | field | color | race | court | education', 'wind | having | sea | see | generation | th | office | calm | presidency | hawaii', 'goal | objective | move | define | achievement | strength | perform | forward | individual | spur', 'communist | communism | independence | realize | china | action | cuba | versus | hungary | colonialism', 'asia | africa | laos | aggression | viet | nam | congo | help | east | turbulent', 'poverty | disease | ignorant | affliction | ancient | enemy | say | win | victory | race', 'missile | ballistic | operational | range | target | weapon | mile | polaris | minuteman | atlas', 'space | satellite | exploration | communication | moon | launch | vehicle | weather | successfully | outer', 'recession | recovery | high | week | factory | percent | wage | average | income | growth', 'soviet | leader | pronouncement | understanding | visit | choice | peaceful | extensively | exhibition | lessen', 'latin | alliance | republic | hemisphere | tie | bank | treaty | hemispheric | strengthen | undertaking', 'recommendation | crime | recommend | delinquency | trust | january | enactment | constructive | civil | prevent', 'trouble | imperfect | affair | strengthen | cooperation | final | branch | institution | organization | collective', 'imply | congressional | democracy | foundation | act | problem | energy | rarely | wilson | terminal', 'unemployment | compensation | million | minimum | extension | coverage | employee | strengthen | insurance | worker', 'medical | disease | doctor | dental | shortage | research | cancer | dentist | heart | nurse', 'bargaining | lose | outside | responsible | industrial | strike | collective | total | affair | danger', 'force | ally | fleet | shoulder | army | strategic | division | add | collective | ready', 'superiority | capacity | force | nuclear | threaten | demonstrate | destroy | aggression | test | insurrection']","[55, 54, 41, 32, 31, 26, 25, 23, 18, 17, 16, 16, 15, 14, 14, 13, 11, 11, 10, 9, 9, 7, 7, 6, 6, 5, 5]"
1962,1969,843,0.4463731908388609,-0.07594323685736121,-9.901191016322306,0.9914772727272727,0.44248776487768254,"['tonight | man | know | strength | faith | danger | test | move | abundance | challenge', 'vietnam | south | asia | north | aggression | communist | korea | nam | viet | conflict', 'crime | police | enforcement | local | recommend | constitutional | percent | official | combat | street', 'price | inflation | growth | recession | stability | wage | recovery | economic | keep | production', 'hemisphere | alliance | latin | atlantic | self | hemispheric | republic | neighbor | cooperation | social', 'market | export | tariff | competitive | trading | item | economic | partner | sell | credit', 'tax | taxis | billion | reduction | cut | income | rate | excise | corporate | doubt', 'college | child | school | student | graduate | education | young | educational | afford | half', 'budget | billion | expenditure | fiscal | appropriation | revenue | estimate | deficit | total | million', 'soviet | eastern | leader | nuclear | geneva | spread | people | treaty | peaceful | arm', 'unemployment | million | wage | high | job | minimum | brain | compensation | gross | worker', 'priority | immediately | loan | economical | later | available | rate | credit | demand | way', 'vote | jury | discrimination | color | housing | civil | fair | issue | enforcement | enforce', 'disease | health | hunger | propose | program | ignorance | carry | research | attack | try', 'agreement | alliance | european | talk | opinion | arm | discussion | visit | difference | initiative', 'young | lack | skill | corps | poverty | africa | woman | handicapped | indian | reservation', 'health | mentally | school | child | service | improve | family | retarded | nursing | ill', 'communist | unity | communism | era | independence | empire | realize | marx | colonialism | versus', 'mr | speaker | vice | ignorant | jefferson | colleague | thomas | welcome | th | americans', 'debate | republicans | democrats | question | rightfully | personality | subject | responsive | opposition | statesman', 'park | recreation | conservation | beautiful | preserve | beauty | river | landscape | forest | wilderness', 'farm | farmer | agriculture | food | sixty | income | fair | worker | program | realistic', 'program | local | wisely | skill | grant | effectively | assistance | evaluate | indirectly | generous', 'burden | agony | blessing | reach | pace | reserve | great | needed | evasion | frustrating', 'poverty | americans | poor | declare | rostrum | occasion | preventable | materially | idleness | spiritually', 'air | river | water | pollution | polluted | clean | basin | breathe | poisoning | stake', 'africa | middle | communists | east | help | asia | design | race | abroad | story', 'insurance | social | age | disabled | hardship | medicare | elderly | old | health | benefit', 'food | hungry | famine | program | race | bread | stamp | planning | donation | broad', 'housing | family | unit | middle | decent | build | urban | low | million | spearhead', 'space | moon | outer | aim | satellite | frontier | undertake | cooperation | human | assure', 'term | democracy | amendment | require | process | reform | residence | regulating | information | lobbying', 'area | metropolitan | rebuild | city | entire | program | step | redevelopment | unified | central']","[133, 59, 29, 22, 22, 20, 20, 18, 16, 16, 16, 14, 13, 12, 12, 12, 11, 10, 10, 9, 9, 9, 9, 9, 9, 8, 8, 7, 7, 7, 6, 6, 5]"
1965,1972,910,0.410356724174503,-0.10451396048676458,-11.72294834846167,0.9937282229965156,0.4075312621786292,"['vietnam | south | north | communist | asia | korea | victory | aggression | conflict | vietnamese', 'goal | priority | achieve | birthday | complete | week | proposal | reform | discuss | objective', 'crime | local | enforcement | police | drug | street | narcotic | constitutional | attack | recommend', 'washington | consumer | extend | faith | constitution | amendment | democracy | democrats | republicans | reform', 'air | water | clean | river | pollution | breathe | polluted | environment | poisoning | contaminate', 'man | sacrifice | god | compassion | seek | servant | abundance | build | strength | earth', 'hemisphere | latin | cooperation | alliance | africa | continent | asia | economic | democracy | hemispheric', 'battle | patience | long | fight | enemy | persevere | loss | strategy | aggression | material', 'child | welfare | rob | dignity | adequate | health | recipient | rank | outrage | family', 'soviet | eastern | resume | leader | peaceful | agreement | talk | differed | courtesy | convention', 'school | college | child | student | education | head | graduate | preschool | mentally | start', 'growth | gross | economic | product | steady | billion | great | expansion | population | ll', 'program | job | hard | bad | train | core | manpower | million | unemployed | field', 'budget | billion | estimate | revenue | deficit | surplus | spending | fiscal | balanced | june', 'hunger | disease | food | population | ignorance | attack | poverty | avoid | race | help', 'department | agency | cabinet | transportation | create | consolidate | combine | solve | level | development', 'senator | russell | friend | loyalty | grateful | speaker | tribute | privilege | white | address', 'test | strength | wait | summon | lie | challenge | transition | belief | chamber | tonight', 'minimum | unemployment | payment | wage | million | percent | raise | benefit | worker | overall', 'medical | health | disease | doctor | education | carry | medicine | incentive | program | injury', 'evil | ward | despair | dream | night | danger | different | troubled | word | accept', 'jury | discrimination | housing | enforce | civil | fair | rental | regardless | color | voting', 'recommendation | commission | salary | submit | kappel | contribution | committee | selective | modify | judicial', 'partnership | responsibility | perform | function | role | play | energy | locality | welfare | balance', 'family | unit | housing | bear | million | teacher | television | decent | middle | improve', 'tax | taxis | billion | surcharge | income | reduction | corporate | excise | bill | deficit', 'wealth | percent | great | undergo | anxiety | frustrating | birth | attend | criterion | huge', 'treaty | ratify | agreement | pende | permit | international | step | statesman | reaffirm | allegiance', 'mr | speaker | distinguish | guest | colleagues | vice | welcome | american | americans | view', 'policy | help | assistance | independence | refuse | shaped | obsolete | evaluation | liberal | generously', 'park | space | recreation | open | landscape | seashore | aside | map | place | legacy', 'inflation | blame | wage | recession | price | repeal | living | record | raise | investor', 'rise | tax | percent | earning | price | bill | increase | corporation | stark | buyer', 'creative | art | imagination | honor | place | achievement | pathfinder | burst | promote | introduce', 'door | challenge | open | generation | greatness | side | search | genius | set | face', 'nuclear | arm | treaty | weapon | spread | race | disarmament | agreement | near | outer', 'americans | young | enjoy | idleness | cry | frustrated | neglect | trap | distant | contribute', 'gold | barrier | tariff | international | monetary | strengthen | stand | round | find | bridge', 'farmer | food | agriculture | farm | fair | worker | instruct | bargain | matchless | parity', 'safety | pipeline | highway | bill | brink | block | lending | household | garage | gas', 'vietnam | expenditure | fiscal | additional | come | billion | stringent | sensible | notwithstanding | ruthlessly', 'speak | remain | commitment | go | existence | insistent | persist | quote | language | accomplish']","[57, 43, 40, 33, 25, 21, 21, 19, 18, 16, 15, 15, 15, 14, 13, 12, 12, 12, 12, 11, 11, 11, 11, 10, 10, 9, 9, 9, 9, 9, 9, 9, 8, 7, 7, 7, 6, 6, 6, 6, 6, 5]"
1968,1975,683,0.37918100377693315,-0.15085523562141231,-11.98349481389332,0.9933333333333333,0.3765491557517979,"['message | reform | discuss | propose | series | week | complete | need | term | development', 'health | medical | child | cost | afford | mother | medicine | rise | family | quality', 'soviet | treaty | arm | negotiation | china | confrontation | nuclear | difference | agreement | east', 'city | community | rural | family | urban | farm | fund | million | farmer | town', 'budget | billion | reduce | tax | expenditure | commission | balance | recommendation | deficit | payment', 'chamber | address | elect | senator | partisan | truman | russell | member | issue | freshman', 'vietnam | battle | college | enemy | honor | return | tonight | generation | hope | vietnamese', 'crime | drug | local | enforcement | police | narcotic | rate | city | percent | district', 'welfare | help | taxpayer | outrage | reform | abolish | rob | program | particularly | poverty', 'strength | lesson | weak | strong | ignore | aggression | decency | fiber | persevere | ideal', 'liberty | privacy | vision | statue | personal | door | society | datum | founding | philadelphia', 'job | unemployment | unemployed | peacetime | million | rate | worker | core | hard | train', 'inflation | price | blame | wage | rise | employment | repeal | stimulus | bill | high', 'commitment | treaty | remain | go | partner | pende | speak | permit | mutual | role', 'growth | economic | gross | great | economically | expansion | ahead | product | steady | grow', 'abundance | creative | discovery | moon | man | imagination | harness | pioneer | technology | science', 'goal | moment | achieve | colleague | seize | reach | dream | hope | achievement | great', 'air | water | clean | breathe | preserve | pollution | environment | surrounding | get | begin', 'international | gold | japan | monetary | cooperation | asia | regional | historic | africa | strengthen', 'department | investigation | surtax | responsibility | conclude | cooperate | mr | problem | add | watergate', 'violence | disorder | resist | civil | city | preach | agony | night | frustration | despair', 'live | society | expectation | remind | determine | capacity | decision | strengthening | shortcoming | lingering', 'school | property | taxis | local | threaten | discriminatory | recommendation | financing | tax | study', 'determine | bicentennial | century | independence | timely | desire | genuine | timeless | shift | importantly', 'mr | speaker | colleagues | guest | distinguish | american | americans | great | record | chance', 'park | space | preserve | recreation | map | aside | open | expand | environment | historical', 'policy | direction | ii | today | restore | move | americans | path | reap | room', 'taxis | earn | buy | high | promote | income | inflation | spending | spend | economic', 'challenge | greatness | seventy | genius | quest | long | door | apply | doom | crier', 'change | oath | th | constitution | civil | today | step | take | office | hardship', 'washington | local | level | completely | flow | idea | trust | efficiency | patronize | contention']","[37, 35, 30, 28, 26, 25, 25, 23, 23, 19, 17, 17, 16, 14, 14, 14, 13, 13, 12, 12, 10, 9, 8, 8, 7, 7, 7, 7, 6, 5, 5]"
1971,1978,590,0.45631137842800634,-0.08468994164143062,-9.598770781604061,0.9927536231884058,0.45288250153641085,"['force | strategic | agreement | nuclear | east | soviet | asia | capability | deter | ally', 'energy | oil | production | supply | barrel | coal | need | price | domestic | conservation', 'message | reform | outline | discuss | week | leave | specific | series | tonight | agenda', 'liberty | century | revolution | bicentennial | say | senator | privilege | symbol | statue | enter', 'taxis | tax | family | income | high | cut | excessive | reduction | billion | spending', 'happen | big | try | hard | troubled | want | bad | know | self | tell', 'program | community | propose | rural | transportation | improve | social | development | city | help', 'welfare | help | taxpayer | outrage | reform | let | program | child | fair | suppose', 'creative | balance | grow | achieve | reliance | adapt | ability | moon | direction | introduce', 'crime | criminal | drug | gun | enforcement | rate | hard | authority | convict | prison', 'moment | goal | achieve | hope | seize | look | great | long | forward | pride', 'health | medical | quality | catastrophic | illness | doctor | cost | insurance | improve | service', 'inflation | recession | rise | consumer | price | runaway | bad | economic | turn | high', 'job | million | americans | fast | today | productive | buy | technology | earn | average', 'neglect | feel | afford | perform | nature | determine | remind | function | matter | abroad', 'challenge | door | open | fiber | greatness | quest | test | genius | face | opportunity', 'stand | freshman | elect | truman | member | chamber | address | ago | partisan | congressman', 'environment | preserve | natural | water | enhance | restore | get | air | physical | noise', 'mr | speaker | guest | distinguish | vice | colleagues | distinguished | american | th | friend', 'washington | completely | idea | level | local | trust | follow | ability | president | tighten', 'investigation | branch | responsibility | committee | judicial | cooperate | court | legislative | judiciary | watergate', 'constitutional | branch | constitution | party | know | join | let | person | policy | international', 'employment | budget | expansionary | accept | wage | job | help | reignite | operating | widely', 'budget | submit | fiscal | cut | growth | conclude | percent | dollar | reduction | grow']","[55, 49, 33, 28, 27, 27, 25, 19, 19, 17, 16, 15, 14, 13, 9, 8, 8, 8, 8, 7, 7, 7, 6, 5]"
1974,1981,579,0.4607692776871577,-0.07129847578054951,-8.74904148122482,0.9871428571428573,0.45468849180187104,"['energy | oil | program | conservation | import | supply | barrel | production | need | coal', 'nuclear | arm | salt | agreement | force | strategic | weapon | negotiate | capability | international', 'liberty | word | americans | elect | stand | freshman | truman | century | child | say', 'inflation | fight | recession | price | wage | growth | rate | worker | economic | unemployment', 'welfare | program | reform | help | community | job | local | school | propose | young', 'east | middle | israel | asia | africa | commitment | pacific | western | china | japan', 'soviet | challenge | afghanistan | strategic | confrontation | peaceful | warsaw | basic | decline | force', 'tax | cut | family | taxis | income | reduction | billion | taxpayer | reduce | propose', 'crime | criminal | drug | gun | enforcement | hard | authority | convict | prison | rate', 'strength | promise | commitment | firm | build | partnership | historic | foundation | cooperation | human', 'responsibility | leave | constitution | constitutional | chief | force | armed | priority | branch | mission', 'big | happen | problem | moral | abroad | hard | generation | try | lose | solve', 'health | quality | afford | cost | illness | catastrophic | hospital | insurance | abroad | americans', 'mr | investigation | speaker | guest | distinguished | branch | vice | cooperate | committee | th', 'challenge | test | face | fiber | look | confident | want | opportunity | long | today', 'job | million | today | americans | productive | create | buy | employ | average | percentage', 'budget | deficit | submit | billion | fiscal | rate | grow | percent | cut | matter', 'achieve | moment | aim | task | look | tremendous | regimentation | signal | one | ingenuity', 'tonight | unity | sense | foundation | serve | vision | building | help | individual | community', 'civil | reform | reward | ve | bureaucracy | reorganize | court | judicial | woman | request', 'human | democracy | violence | affect | proclaim | repressive | popular | perceive | method | outlet']","[78, 39, 35, 32, 25, 25, 25, 23, 18, 18, 16, 15, 14, 10, 10, 9, 8, 8, 8, 7, 5]"
1977,1984,988,0.5521536686959444,-0.018359469647829682,-7.6106087941777725,0.9948287910552062,0.5493101445062694,"['farmer | food | agricultural | farm | grain | price | agriculture | export | crop | record', 'energy | solar | conservation | production | fuel | oil | synthetic | source | gas | renewable', 'inflation | wage | rate | budget | fight | cost | reimbursement | price | growth | worker', 'nuclear | salt | arm | weapon | ii | agreement | treaty | mutual | soviet | ban', 'force | missile | nato | pd | strategic | capability | air | nuclear | deployment | theater', 'asia | pacific | china | japan | western | region | southwest | korea | strong | importance', 'tax | reduction | taxis | cut | deficit | rate | investment | propose | budget | taxpayer', 'health | coverage | child | service | insurance | urge | wic | infant | chap | program', 'employment | youth | job | unemployed | young | training | unemployment | skill | welfare | worker', 'urban | local | grant | program | interstate | fiscal | fund | community | highway | city', 'woman | discrimination | opportunity | sex | equity | legal | range | violence | employment | advancement', 'inaugural | pledge | great | chamber | republic | sacred | washington | speak | liberty | say', 'africa | african | libyan | southern | rule | majority | nigeria | sahara | namibia | cooperation', 'israel | egypt | middle | east | autonomy | settlement | arab | gaza | historic | process', 'soviet | decline | relationship | dictatorship | confrontation | dialogue | assessment | doctrine | dangerous | positive', 'space | science | technology | scientific | technological | application | shuttle | satellite | civil | technical', 'panama | canal | treaty | human | democratic | election | inter | peru | ecuador | nicaragua', 'transportation | transit | rural | rail | service | highway | system | community | deteriorate | freight', 'honor | death | challenge | moral | heart | commitment | confident | see | strength | path', 'art | cultural | humanity | endowment | scholarly | institution | tradition | scholar | technique | understand', 'refugee | immigration | admission | kampuchea | relief | cubans | flee | resettlement | migration | orderly', 'recession | unemployment | inflation | say | remember | rate | percent | prediction | pessimistic | yes', 'coal | port | steam | export | operator | virginia | facility | vessel | dredge | baltimore', 'agreement | multilateral | commodity | coffee | international | negotiation | producer | market | rubber | reach', 'human | democratic | dignity | democracy | individual | mask | liberty | basis | purpose | endure', 'soviet | afghanistan | invasion | condemnation | olympic | colonial | usual | aggression | international | condemn', 'spending | real | fy | growth | budget | reverse | cent | percent | spite | trend', 'solve | humanity | problem | americans | compassion | social | work | compassionate | early | bad', 'oil | dependence | supply | import | persian | gulf | demand | vulnerability | collective | disruption', 'adversary | balance | shift | openness | determination | test | potential | ally | examination | haste', 'needy | program | stamp | truly | dollar | thousand | meal | discredit | help | saving', 'conference | initiative | recommendation | advisory | neighborhood | incoming | idea | address | implement | organization', 'deregulation | competition | railroad | airline | communication | trucking | industry | bus | regulatory | regulation', 'deficit | gross | budget | product | percentage | imponderable | revenue | cut | spend | reduce', 'water | project | resource | sound | economically | management | evaluate | environmentally | action | environmental', 'americans | equality | century | liberty | child | tomorrow | promise | word | proud | property', 'privacy | branch | information | intelligence | personal | transfer | collect | file | legislative | establish', 'education | student | loan | school | secondary | district | amendment | grant | elementary | postsecondary', 'regulatory | regulation | paperwork | cut | rule | agency | unnecessary | bit | analyze | outmoded', 'nuclear | proliferation | technically | infce | reactor | nonproliferation | radioactive | evaluation | cycle | disposal', 'mr | speaker | guest | distinguished | speak | chamber | thomas | broadcast | neill | introduce', 'heroism | hero | see | unity | plane | sense | dream | vision | tonight | don', 'hazardous | waste | commission | superfund | toxic | accident | safety | injury | chemical | pollution', 'rural | development | community | programs | effectively | affair | working | area | problem | need', 'ship | flag | bulk | shipbuilding | fleet | maritime | dry | shipping | substantial | carrier', 'safety | fair | housing | enforcement | helped | enactment | organize | barrier | health | disabled', 'strength | rest | successes | satisfactory | bluntly | pillar | indivisible | warmly | let | foundation', 'reform | civil | bureaucracy | judicial | court | reward | reorganize | request | disappoint | inability', 'social | beneficiary | retirement | disability | fund | insurance | benefit | trust | borrowing | borrow', 'education | department | energy | create | sunshine | track | outlive | terminate | program | enact', 'housing | mortgage | unit | home | income | section | million | moderate | family | expansion', 'acre | lock | river | alaska | wilderness | park | forest | environmental | land | trail', 'bank | institution | financial | depository | monetary | adjustment | insular | international | payment | promote', 'hostage | release | iranian | civilized | terrorism | troop | iran | hold | measure | attempt']","[30, 28, 27, 23, 23, 21, 21, 19, 18, 17, 17, 16, 16, 15, 14, 14, 13, 13, 13, 13, 12, 12, 12, 11, 11, 11, 11, 10, 10, 10, 10, 10, 9, 9, 9, 9, 8, 8, 8, 7, 7, 7, 7, 7, 7, 7, 6, 6, 6, 6, 6, 6, 5, 5]"
1980,1987,949,0.5427596479561079,-0.007208507604697124,-7.646504445135735,0.9951836734693879,0.5400738397335472,"['god | dream | faith | vision | heart | hero | thank | child | young | love', 'soviet | nuclear | arm | force | nato | weapon | doctrine | salt | poland | verifiable', 'soviet | afghanistan | invasion | iran | threat | east | hostage | attempt | persian | aggression', 'democratic | human | democracy | hemisphere | nicaragua | election | dignity | basis | struggle | people', 'agreement | export | international | market | multilateral | commodity | trading | coffee | steel | negotiation', 'food | agricultural | farmer | farm | grain | agriculture | price | reserve | crop | hunger', 'energy | solar | conservation | fuel | oil | production | source | synthetic | gas | renewable', 'inflation | rate | recession | say | percent | fear | unemployment | economic | remember | growth', 'youth | employment | job | unemployment | unemployed | training | worker | young | education | help', 'agency | privacy | intelligence | information | personal | establish | mexico | streamline | mexican | paperwork', 'conference | performance | local | white | senior | recommendation | manager | agency | family | initiative', 'transportation | rural | urban | transit | rail | community | line | service | branch | system', 'pd | deployment | force | missile | strategic | equipment | air | capability | endurance | submarine', 'woman | discrimination | opportunity | sex | pension | equity | range | violence | employment | domestic', 'stamp | needy | program | fraud | elderly | medicare | medicaid | waste | billion | food', 'health | coverage | child | disease | service | chap | infant | pregnant | insurance | delivery', 'regulation | regulatory | deregulation | competition | railroad | airline | subsidy | industry | trucking | amtrak', 'asia | pacific | region | china | southwest | japan | australia | zealand | asean | western', 'tax | reform | personal | rate | ask | simplify | code | taxpayer | disguise | simplification', 'space | shuttle | earth | science | research | technology | station | exploration | go | build', 'acre | park | alaska | river | lock | wilderness | environmental | land | wildlife | forest', 'coal | port | steam | export | operator | virginia | facility | vessel | baltimore | dredge', 'israel | egypt | lebanon | libyan | autonomy | middle | east | gaza | process | step', 'africa | african | southern | nigeria | rule | majority | namibia | sahara | release | resolution', 'grant | program | local | fund | udag | billion | fiscal | urban | funding | reauthorize', 'refugee | immigration | kampuchea | admission | migration | cubans | resettlement | flee | orderly | coordinator', 'housing | mortgage | unit | income | section | rate | home | million | moderate | resident', 'education | student | school | excellence | teacher | parent | loan | secondary | basic | child', 'neighborhood | housing | organization | enforcement | fair | civil | eeoc | coast | fabric | enterprise', 'art | humanity | endowment | cultural | scholarly | institution | scholar | tradition | understand | matter', 'veto | governor | item | ll | bill | line | accountable | bold | appropriation | grant', 'american | idealism | americans | moment | courage | look | earth | hard | insuperable | admiration', 'oil | dependence | persian | demand | gulf | iran | supply | collective | shock | spot', 'water | project | resource | sound | management | rain | acid | environmentally | pollution | action', 'social | ignore | humanity | problem | address | human | lay | matter | solve | society', 'radio | neill | television | capitol | thomas | broadcast | nationwide | jr | introduce | speaker', 'drug | crime | criminal | victim | abuse | heroin | organize | defendant | addict | attitude', 'flag | ship | bulk | shipbuilding | maritime | fleet | dry | carrier | cargo | vessel', 'deficit | budget | gross | product | imponderable | reduce | percentage | cut | size | growth', 'nuclear | proliferation | nonproliferation | reactor | infce | technically | radioactive | decision | cycle | evaluation', 'hazardous | waste | superfund | site | clean | toxic | chemical | pollution | disposal | strike', 'diplomatic | deterrence | ally | partnership | broad | opportunity | negotiation | range | bipartisanship | dialog', 'scientific | technology | science | technological | cooperation | technical | linkage | theme | surround | pioneer', 'taxis | raise | deficit | rate | spend | pay | tax | cut | different | job', 'ratification | amendment | approve | deadline | obtain | extend | additional | legislator | marshal | reorganization', 'adversary | ally | serve | human | matching | isolationism | steadfastedness | euphoria | espousal | negotiating', 'social | beneficiary | retirement | disability | fund | trust | insurance | benefit | retire | propose', 'rural | community | affair | effectively | problem | development | deal | population | prominence | vary', 'mr | distinguished | guest | speaker | honor | preside | remark | salute | behalf | mark', 'lead | undergo | shine | paper | intensive | assert | read | extensive | tyranny | thought']","[59, 43, 34, 27, 24, 24, 23, 19, 19, 18, 18, 17, 17, 17, 14, 14, 14, 13, 13, 13, 12, 12, 12, 11, 11, 11, 10, 10, 10, 10, 10, 9, 9, 9, 9, 8, 8, 8, 8, 7, 7, 7, 7, 7, 7, 6, 6, 6, 6, 5]"
1983,1990,418,0.6375033185979199,-0.007562502417750034,-5.31012607680144,0.9906432748538012,0.6314992061934351,"['dream | sun | god | vision | music | rise | light | set | know | tell', 'soviet | arm | nuclear | agreement | reduction | strategic | weapon | try | sdi | threat', 'budget | veto | bill | item | amendment | deficit | resolution | governor | balanced | let', 'deficit | growth | spending | economic | taxis | problem | pay | budget | gross | spend', 'family | faith | heart | mother | love | bear | child | unborn | trevor | value', 'space | research | technology | frontier | earth | develop | station | nasa | century | build', 'school | education | parent | teacher | child | excellence | student | family | reward | basic', 'welfare | poverty | dependency | family | child | program | poor | woman | illness | financial', 'tax | rate | reform | personal | percent | inflation | cut | simplify | code | taxpayer', 'nicaragua | sandinista | democratic | central | democracy | fighter | afghanistan | communist | soviet | press', 'drug | crime | victim | organize | involve | convict | criminal | young | treatment | help', 'mr | speaker | distinguished | guest | honor | tonight | leader | hand | ago | bob', 'clean | environmental | waste | acid | rain | natural | ocean | environment | canada | reduce', 'bipartisan | commission | americans | democrats | republicans | social | cooperation | inflation | difference | drain', 'lebanon | east | ally | role | assistance | multinational | beirut | terrorism | peacekeeping | strong', 'farmer | product | farm | market | export | barrier | crop | agriculture | knock | price', 'prayer | child | classroom | god | supreme | schoolroom | spiritual | enjoy | group | school', 'nationwide | capitol | broadcast | introduce | television | radio | note | chamber | address | jr', 'job | help | unemployment | enterprise | unemployed | community | coast | skill | passage | training']","[33, 25, 23, 20, 19, 19, 14, 14, 14, 14, 12, 11, 11, 11, 10, 8, 7, 6, 5]"
1986,1993,394,0.5762064083998877,-0.08275983355057617,-6.315652136280616,0.9916666666666667,0.5711529390453021,"['budget | deficit | spending | let | reform | billion | bill | veto | spend | tax', 'investment | economic | growth | job | capital | term | tax | create | encourage | competitive', 'soviet | strategic | arm | nuclear | agreement | missile | reduce | threat | sdi | reduction', 'democracy | nicaragua | democratic | sandinista | central | fighter | communist | today | ago | hemisphere', 'family | child | parent | story | cocaine | unborn | drug | mother | let | trevor', 'aggression | gulf | iraq | saddam | try | persian | wrong | dictator | kuwait | community', 'dream | music | go | earth | rise | set | century | decade | destiny | look', 'school | education | teacher | student | governor | child | kid | parent | science | learn', 'health | welfare | insurance | cost | reform | illness | program | choice | quality | help', 'mr | speaker | distinguished | radio | guest | broadcast | honor | note | tonight | introduce', 'drug | crime | involve | tough | treatment | help | surely | enforcement | convict | criminal', 'write | markwell | know | army | letter | want | old | speicher | shelby | james', 'partner | expand | north | farmer | hemisphere | highly | canadian | major | exchange | currency', 'clean | environmental | plant | waste | coal | fund | ocean | canada | neglect | agreement', 'know | mayor | chamber | ask | game | practical | party | commission | tell | pride', 'th | honorable | young | constitution | convention | final | congratulate | delegate | philadelphia | birthday']","[42, 35, 30, 26, 25, 22, 14, 12, 12, 11, 9, 8, 6, 6, 6, 5]"
1989,1996,619,0.4688775217994558,-0.11572581301526406,-9.068572319657244,0.9907407407407407,0.4645769956792623,"['health | insurance | cost | coverage | doctor | cover | lose | americans | reform | medicare', 'crime | drug | police | criminal | tough | community | bill | officer | violent | let', 'gulf | iraq | saddam | aggression | persian | region | dead | kuwait | victory | dictator', 'budget | deficit | spending | freeze | ll | domestic | item | real | priority | spend', 'school | education | student | teacher | learn | program | college | skill | governor | training', 'lobbyist | influence | lobby | hear | finance | pass | campaign | reform | bill | election', 'tax | economic | growth | taxis | company | investment | business | raise | encourage | rate', 'cut | regulation | ve | bureaucracy | staff | vice | day | department | save | program', 'soviet | russia | vaclav | presence | havel | nato | peaceful | partner | strategic | democracy', 'democracy | democratic | depend | dissent | let | americans | chamber | party | voice | add', 'welfare | want | alien | illegal | governor | work | reform | congresswoman | trap | party', 'market | economic | capital | competitive | investment | technology | low | completion | match | global', 'covenant | washington | old | corps | govern | generation | serve | decision | person | different', 'wage | minimum | work | family | income | underclass | evidence | shrink | raise | child', 'mr | speaker | speech | th | tonight | guest | churchill | sail | distinguished | congratulate', 'faith | church | community | congregation | rev | covenant | religious | worship | conscience | anchor', 'missile | nuclear | warhead | strategic | bomber | ballistic | production | threat | peacekeeper | base', 'child | disease | family | society | vulnerable | adoption | pregnant | parent | immunization | discrimination', 'flood | california | disaster | fire | come | angel | behave | stranger | oil | lease', 'word | lincoln | idea | ago | liberty | leadership | preserve | endow | evident | gate', 'parent | child | mistake | punish | responsibility | shouldn | pay | balance | bad | require', 'take | lot | parent | difference | gift | light | great | kid | community | child', 'clean | environmental | plant | waste | water | environment | agreement | fund | coal | canada', 'earth | inch | day | remember | rise | vow | perseverance | timid | thankful | surround', 'inflation | record | export | economic | rate | industry | million | unemployment | trouble | number', 'big | worthy | shape | enter | forward | paralyzed | circle | widening | universal | singular', 'era | mark | germany | eye | revolution | address | cold | leadership | reference | unparallele', 'responsibility | measure | permeate | repetitive | mindless | irresponsible | incessant | medium | expression | unique']","[32, 30, 24, 22, 22, 15, 15, 15, 14, 13, 13, 12, 11, 11, 11, 10, 10, 8, 8, 8, 7, 7, 7, 6, 6, 6, 5, 5]"
1992,1999,775,0.5205524210483436,-0.012925581114406226,-7.775688639308324,0.9920634920634921,0.5162430603418033,"['welfare | reform | illegal | want | responsibility | job | border | value | mexico | roll', 'health | insurance | coverage | medicare | lose | doctor | cost | americans | cover | guarantee', 'crime | police | violent | criminal | street | drug | community | bill | gang | gun', 'challenge | americans | tonight | heritage | millennium | thousand | art | celebration | century | culture', 'chamber | know | party | idea | republicans | problem | let | ll | democrats | discussion', 'school | teacher | standard | grade | student | child | read | parent | help | charter', 'reform | campaign | lobbyist | finance | pass | lobby | vote | influence | bipartisan | feingold', 'church | faith | community | founder | reverend | liberty | oklahoma | wish | city | religious', 'nuclear | missile | warhead | russia | weapon | russian | ban | treaty | korea | production', 'parent | family | leave | child | medical | worker | mistake | punish | lose | obligation', 'bosnia | troop | mission | weapon | east | terrorist | israel | convention | woman | uniform', 'democracy | cold | haiti | leadership | democratic | abroad | south | support | experiment | hemisphere', 'water | clean | toxic | safe | environment | air | environmental | river | polluter | food', 'deficit | spending | budget | billion | cut | domestic | ll | cent | number | real', 'family | child | parent | take | love | college | know | lot | responsibility | answer', 'flood | disaster | california | west | fire | come | behave | angel | stranger | earth', 'cut | bureaucracy | staff | page | program | ve | position | save | didn | approximately', 'balance | budget | surplus | balanced | drug | amendment | large | propose | project | deficit', 'poor | zone | job | rural | bank | development | community | empowerment | housing | incentive', 'wage | minimum | raise | work | hour | underclass | educate | evidence | shrink | middle', 'market | economy | global | good | barrier | open | asia | completion | expand | low', 'investment | estate | low | term | encourage | real | allowance | cost | salary | purchase', 'covenant | old | govern | person | different | reward | inflexible | inject | repair | fit', 'mr | speaker | guest | distinguished | th | vice | congratulate | american | americans | fresh', 'nato | partner | bloc | communist | democracy | russia | chart | ukraine | soviet | future', 'college | scholarship | loan | student | tuition | pell | grant | tax | repay | university', 'company | tax | mandate | taxis | income | recommend | raise | seek | percent | move', 'connect | classroom | library | superhighway | information | hospital | internet | computer | town | access', 'farsighte | virtue | pursuit | lead | strength | weakness | shortsighted | deaf | ear | left', 'credit | crunch | loan | regulator | propose | firm | target | bank | fair | risk', 'permit | education | deduct | tax | individual | training | shine | spotlight | buying | foster', 'record | inflation | rate | million | combine | sale | low | sell | job | previous', 'bless | god | thank | welcome | alice | eulogize | lillie | mary | grateful | sister', 'worker | voucher | directly | skill | training | worth | funding | bill | employer | offer', 'gene | cancer | scientist | science | scientific | human | discover | aid | vaccine | discovery', 'energy | unlike | tax | engine | efficient | clean | innovation | environment | pollution | engage']","[45, 37, 37, 31, 25, 24, 24, 22, 18, 18, 17, 16, 15, 15, 15, 12, 12, 12, 11, 10, 10, 8, 8, 8, 8, 7, 7, 7, 6, 6, 6, 6, 6, 6, 6, 5]"
1995,2002,907,0.5436437436928726,-0.014160330719203137,-7.524906061814524,0.9916743755781685,0.5390588526347891,"['medicare | social | drug | save | prescription | surplus | senior | pension | account | retirement', 'welfare | roll | reform | low | job | level | trap | elaine | recipient | help', 'health | insurance | medical | lose | coverage | family | million | doctor | access | extend', 'child | parent | family | father | responsibility | poverty | succeed | strengthen | mistake | raise', 'deficit | balance | budget | fiscal | discipline | balanced | project | resolve | path | ll', 'millennium | sun | franklin | preserve | treasure | word | art | culture | star | liberty', 'empowerment | development | bank | zone | farm | community | mental | poor | joe | incentive', 'school | standard | accountability | grade | district | math | promotion | child | summer | score', 'campaign | reform | bipartisan | finance | feingold | mccain | pass | party | candidate | curb', 'crime | police | community | violent | street | rate | gang | local | safe | let', 'market | good | global | product | export | overseas | globalization | tear | economy | barrier', 'college | loan | scholarship | student | tuition | pell | affordable | grant | tax | ira', 'challenge | tonight | look | press | burden | stand | ahead | narrow | daily | controversy', 'water | clean | toxic | air | safe | environment | grow | park | polluter | river', 'nuclear | treaty | ban | russia | korea | weapon | comprehensive | missile | north | threat', 'covenant | old | corp | americorps | unite | community | different | govern | count | share', 'bosnia | troop | kosovo | mission | woman | captain | nato | proud | iraq | uniform', 'teacher | class | size | excellence | teach | grade | standard | hire | talented | school', 'worker | training | skill | directly | close | voucher | simple | bill | grant | consolidate', 'growth | record | unemployment | economic | job | inflation | million | low | rate | create', 'convention | chemical | weapon | terrorist | outlaw | ratify | poison | biological | terrorism | terror', 'cancer | gene | science | scientist | human | research | disease | scientific | medical | breast', 'wage | minimum | raise | hour | cent | underclass | reward | dollar | earn | evidence', 'mr | speaker | guest | vice | th | distinguished | american | congratulate | swearing | honor', 'tax | relief | taxis | rate | income | lower | code | raise | percent | cut', 'classroom | connect | internet | library | tech | school | connection | teacher | town | spring', 'party | agree | chamber | divide | let | partisanship | ll | issue | idea | regard', 'energy | greenhouse | gas | efficient | clean | car | climate | warming | environment | reduce', 'school | charter | choice | parent | independent | choose | information | tutoring | attend | restaurant', 'church | repairer | tone | worship | breach | thou | shalt | rev | covenant | oath', 'east | ireland | northern | middle | africa | haiti | leadership | working | proud | bosnia', 'page | regulation | program | gore | tick | ve | unnecessary | vice | eliminate | cut', 'tobacco | cigarette | marketing | smoking | smoke | massive | campaign | company | life | taxpayer', 'st | century | responsibility | root | historic | strive | reflection | steadily | community | progressive', 'mountaintop | americans | lift | moment | promise | century | dispossess | lull | fare | grander', 'jack | lucas | lady | thank | texas | tejeda | heart | citizenship | star | sit', 'tax | marriage | family | income | credit | sixteen | pro | educate | relief | child', 'democracy | experiment | colombia | nigeria | african | spring | africa | fuel | grow | democratic', 'gun | assault | handgun | brady | violent | repeal | prosecutor | bill | book | buy', 'bless | god | thank | night | day |  |  |  |  | ', 'founder | reach | single | lesson | journey | goal | step | perfect | revolution | settle', 'gun | jonesboro | safe | lock | smart | happen | child | violence | school | move', 'illegal | discrimination | border | employment | increase | address | close | hire | immigrant | area', 'rating | parent | entertainment | chip | internet | medium | child | movie | inappropriate | requirement', 'start | read | head | laura | teach | school | expand | unusual | perry | obsess', 'racial | initiative | era | gap | bridge | recognize | race | divide | line | aaron', 'lead | supercomputer | fast | internet | innovation | technology | research | communicate | computing | laboratory']","[37, 32, 32, 28, 22, 21, 20, 20, 18, 17, 15, 15, 14, 14, 14, 13, 13, 11, 11, 11, 11, 11, 10, 10, 10, 10, 9, 8, 8, 8, 7, 7, 7, 7, 7, 7, 7, 7, 6, 6, 6, 6, 6, 6, 5, 5, 5]"
1998,2005,699,0.6227131349459682,0.020124341105401396,-5.899870268858757,0.9889230769230769,0.6150210114181633,"['tax | family | child | job | welfare | income | relief | low | rate | help', 'school | teacher | child | grade | read | classroom | education | learn | math | test', 'iraq | saddam | hussein | weapon | iraqi | inspector | destroy | regime | disarm | intelligence', 'medicare | senior | prescription | drug | coverage | social | health | reform | budget | choose', 'budget | spending | deficit | priority | additional | fund | spend | fiscal | discipline | project', 'courage | character | americans | evil | shannon | moment | tragedy | unique | show | know', 'terrorist | afghanistan | al | qaida | camp | terror | training | th | september | fight', 'st | century | responsibility | global | globalization | build | shape | revolution | tear | city', 'millennium | sun | century | franklin | restore | honor | lift | treasure | generation | theodore', 'health | medical | coverage | insurance | doctor | cost | record | privacy | patient | frivolous', 'addiction | mayor | compassion | fight | encourage | city | bless | joe | god | group', 'science | gene | cancer | research | disease | scientific | researcher | human | technology | parkinson', 'weapon | biological | chemical | regime | terror | missile | terrorist | mass | nuclear | danger', 'social | retirement | save | surplus | sound | pension | percent | account | saving | return', 'energy | clean | car | efficient | greenhouse | gas | technology | warming | environmental | innovation', 'nuclear | north | korean | weapon | regime | treaty | korea | ban | russia | region', 'gun | crime | brady | juvenile | prosecutor | safety | violent | quarter | bill | pass', 'chamber | agree | divide | ll | tone | party | join | capitol | issue | president', 'aid | africa | aids | disease | million | democracy | drug | propose | billion | nigeria', 'campaign | bipartisan | reform | finance | vote | feingold | mccain | pass | thank | trust', 'mentor | corps | prisoner | prison | rebuild | volunteer | usa | tonight | work | help', 'bosnia | kosovo | mission | proud | cherrey | dole | sergeant | stop | troop | captain', 'gun | safe | tom | jonesboro | smart | happen | child | simply | see | hand', 'mr | speaker | vice | guest | cheney | distinguish | american | gather | honor | custom', 'conservation | acre | land | toxic | forest | natural | park | grow | environment | water', 'insurance | million | health | cover | extend | child | medical | plan | doctor | ago']","[92, 57, 32, 23, 21, 19, 18, 16, 15, 14, 14, 14, 13, 13, 12, 11, 10, 10, 10, 9, 9, 8, 8, 7, 6, 5]"
2001,2008,445,0.7270231656170464,0.10512548902310048,-3.874764979633484,0.9866666666666666,0.7168994718360735,"['child | help | compassion | mentor | tonight | drug | million | society | faith | parent', 'terrorist | afghanistan | terror | al | qaida | attack | homeland | enforcement | camp | begin', 'east | middle | democracy | terror | democratic | seek | terrorist | murder | liberty | tyranny', 'social | retirement | benefit | account | worker | personal | young | ll | sound | reform', 'energy | oil | clean | technology | environment | supply | fuel | conservation | car | source', 'budget | spending | priority | spend | deficit | cut | earmark | need | discretionary | fund', 'weapon | regime | nuclear | ally | mass | destruction | danger | north | terrorist | korean', 'iraqi | iraq | force | iraqis | baghdad | coalition | increasingly | troop | extremist | terrorist', 'job | grow | create | economic | market | growth | fast | unemployment | worker | open', 'school | child | math | student | read | test | teacher | science | grade | standard', 'americans | dream | courage | know | victory | confident | show | day | forward | strength', 'tax | taxis | relief | income | rate | family | reduction | reduce | marriage | child', 'health | insurance | medical | coverage | doctor | cost | patient | americans | affordable | help', 'saddam | hussein | weapon | inspector | iraq | disarm | intelligence | material | evidence | regime', 'speaker | mr | vice | cheney | guest | distinguish | madam | gather | rostrum | privilege', 'aid | hiv | africa | aids | disease | african | poverty | medicine | million | drug', 'medicare | senior | prescription | drug | coverage | choose | health | reform | social | budget', 'honor | sergeant | letter | mom | say | ashley | marine | die | grateful | uniform', 'tone | capitol | pledge | debate | difference | chamber | forth | worthy | set | ideal', 'marriage | court | judge | bench | nominate | redefine | constitutional | institution | nominee | impartial', 'border | immigration | worker | temporary | amnesty | orderly | program | employer | willing | require']","[42, 37, 31, 22, 21, 20, 20, 19, 19, 17, 17, 17, 16, 16, 11, 11, 11, 10, 8, 8, 7]"
2004,2011,499,0.6783015939757423,0.0657527877427075,-4.6899768309640955,0.988888888888889,0.6713089349584079,"['iraq | terrorist | iraqi | enemy | terror | al | force | qaeda | fight | attack', 'school | child | student | education | math | college | help | teacher | high | science', 'aid | hiv | human | compassion | disease | fight | ask | faith | african | treat', 'health | insurance | coverage | medical | doctor | cost | reform | senior | americans | affordable', 'energy | clean | technology | oil | fuel | research | renewable | supply | solar | coal', 'washington | lobbyist | republicans | send | election | responsibility | earmark | face | politic | hold', 'dream | forward | americans | courage | lead | setback | determine | victory | know | corps', 'bank | loan | lending | buy | credit | accountable | financial | taxpayer | hate | crisis', 'job | business | export | entrepreneur | grow | relief | growth | enterprise | recovery | worker', 'honor | woman | sergeant | uniform | mom | letter | grateful | ashley | send | man', 'budget | deficit | spending | cut | line | eliminate | program | dollar | balance | half', 'job | decline | lose | grow | housing | recession | low | americans | mortgage | know', 'border | immigration | worker | temporary | amnesty | illegal | orderly | enforcement | patrol | need', 'taxis | tax | cut | dime | single | relief | work | family | americans | business', 'speaker | vice | guest | cheney | mr | distinguish | madam | madame | distinguished | lady', 'marriage | judge | court | bench | nominee | nominate | constitutional | redefine | institution | understand', 'account | social | personal | retirement | worker | benefit | ll | sure | pay | set', 'medicaid | social | medicare | commission | solution | entitlement | proposal | huge | program | baby', 'agreement | market | product | open | depend | global | doha | panama | colombia | good']","[122, 31, 30, 28, 27, 25, 24, 18, 16, 14, 13, 12, 12, 10, 9, 8, 8, 7, 7]"
2007,2014,605,0.6360068102542191,0.005926751226409386,-5.705515851436101,0.991005291005291,0.6300076537035247,"['school | education | child | student | college | teacher | high | parent | math | class', 'energy | clean | oil | gas | technology | solar | fuel | renewable | natural | climate', 'health | insurance | reform | medicare | cost | social | affordable | doctor | coverage | medicaid', 'cut | deficit | tax | spending | trillion | budget | wealthy | agree | rate | americans', 'bank | financial | lending | loan | afford | mortgage | buy | credit | accountable | housing', 'job | infrastructure | energy | manufacture | speed | internet | age | brandon | create | company', 'recession | lose | grow | decade | americans | decline | job | cost | financial | housing', 'iraq | iraqi | force | al | qaeda | baghdad | surge | iraqis | terrorist | troop', 'border | immigration | illegal | crossing | comprehensive | legal | enforcement | reform | describe | civil', 'veteran | serve | uniform | benefit | family | woman | troop | jill | tonight | gay', 'agreement | export | product | colombia | market | job | panama | korea | sign | good', 'idea | entrepreneur | ingenuity | job | innovation | business | bet | stake | win | condition', 'taxis | tax | cut | dime | company | single | relief | code | deduction | shouldn', 'party | expect | vote | campaign | politic | election | majority | govern | responsibility | leadership', 'lobbyist | earmark | limit | veto | bill | deserve | debate | washington | institution | spend', 'afghan | afghanistan | qaeda | al | troop | defeat | pakistan | taliban | force | begin', 'aid | fight | hiv | poverty | disease | ask | dikembe | global | fund | food', 'democratic | stand | east | choose | see | liberty | syrian | tyranny | middle | israel', 'speaker | mr | vice | guest | madam | distinguished | american | distinguish | cheney | madame', 'nuclear | weapon | iran | sanction | diplomatic | russia | obligation | korea | hand | diplomacy', 'terrorist | attack | owe | plot | stop | example | brian | tall | torture | passenger', 'degree | college | community | jackie | job | graduate | tech | factory | charlotte | kathy', 'gun | vote | deserve | newtown | violence | criminal | proposal | month | amendment | nate', 'terrorist | enemy | extremist | death | lebanon | shia | september | mosque | reminder | despise', 'research | scientist | innovation | human | invest | science | space | cell | basic | race', 'setback | despite | decency | division | fear | strength | moment | hopeful | keep | taunt', 'contentious | democracy | messy | difference | debate | thing | noisy | fiercely | hamper | harmony', 'bless | god | thank | colleague | occasion | mindful | honorable | mark | gabby | gifford']","[42, 33, 30, 30, 26, 21, 20, 17, 17, 16, 14, 13, 13, 12, 12, 12, 10, 9, 8, 8, 8, 8, 7, 7, 7, 6, 6, 5]"
2010,2017,615,0.531488991634409,0.20056818558101056,-3.369689186673902,0.9666666666666667,0.5157458040382847,"['job | ve | help | let | americans | know | family | want | tonight | energy', 'mr | vice | speaker | guest | distinguished | american | americans | madame | unfold | terror', 'bless | god | thank | love |  |  |  |  |  | ']","[602, 7, 6]"
