window1,topic1,topic1_words,window2,successors,successors_words,successors_similarities,coverage_forward,coverage_backward,coverage_sum_forward,coverage_sum_backward,relation,topics_from,topics_from_words,topic_to,topic_to_words,antecedents_similarities
0,0.0,"['provision', 'object', 'indians', 'proper', 'consideration', 'militia', 'lay', 'constitution', 'ought', 'establishment']",1,[],[],[],[],[],0.0,0.0,disappeared,,,,,
0,1.0,"['treaty', 'commissioner', 'vessel', 'th', 'article', 'capture', 'appoint', 'britain', 'majesty', 'meet']",1,"[3, 4]","[['commissioner', 'treaty', 'article', 'th', 'appoint', 'majesty', 'britain', 'vessel', 'river', 'amity'], ['treaty', 'negotiation', 'honor', 'faith', 'algier', 'regency', 'france', 'envoy', 'disposition', 'french']]","[0.924, 0.845]","[0.5, 0.375]","[1.0, 1.0]",0.875,2.0,split,,,,,
1,0.0,"['militia', 'pennsylvania', 'constitution', 'seat', 'county', 'execution', 'army', 'officer', 'judicial', 'execute']",2,[6],"[['court', 'judiciary', 'consider', 'consideration', 'constitution', 'perform', 'organization', 'sufficiently', 'cause', 'execute']]",[0.807],[0.406],[1.0],0.406,1.0,unclear,,,,,
1,1.0,"['happiness', 'let', 'ruler', 'supreme', 'fully', 'blessing', 'gratitude', 'wish', 'sense', 'insurrection']",2,[2],"[['gratitude', 'city', 'health', 'prospect', 'blessing', 'providence', 'safety', 'neglect', 'afflict', 'sickness']]",[0.947],[0.955],[0.812],0.955,0.812,continued,,,,,
1,2.0,"['expenditure', 'manufacture', 'appropriation', 'direct', 'estimate', 'revenue', 'account', 'ensue', 'sum', 'satisfaction']",2,[1],"[['expense', 'expenditure', 'taxis', 'revenue', 'receipt', 'treasury', 'direct', 'ensue', 'principal', 'loan']]",[0.936],[0.955],[0.947],0.955,0.947,continued,,,,,
1,3.0,"['commissioner', 'treaty', 'article', 'th', 'appoint', 'majesty', 'britain', 'vessel', 'river', 'amity']",2,[3],"[['treaty', 'commissioner', 'article', 'th', 'claim', 'river', 'vessel', 'majesty', 'appoint', 'capture']]",[0.971],[0.944],[0.923],0.944,0.923,continued,,,,,
1,4.0,"['treaty', 'negotiation', 'honor', 'faith', 'algier', 'regency', 'france', 'envoy', 'disposition', 'french']",2,[4],"[['france', 'minister', 'french', 'honor', 'disposition', 'envoy', 'sincerity', 'receive', 'negotiation', 'difference']]",[0.951],[0.833],[1.0],0.833,1.0,continued,,,,,
1,5.0,"['naval', 'navy', 'port', 'sea', 'experience', 'coast', 'fortification', 'ought', 'pacific', 'intercourse']",2,[0],"[['vessel', 'naval', 'sea', 'lay', 'measure', 'information', 'harbor', 'mediterranean', 'respect', 'cruiser']]",[0.922],[1.0],[0.68],1.0,0.68,continued,,,,,
1,6.0,"['indians', 'indian', 'tribe', 'creek', 'frontier', 'georgia', 'hostility', 'friendship', 'prevent', 'consequence']",2,[5],"[['title', 'tribe', 'territory', 'indian', 'include', 'extinguish', 'demarcation', 'extend', 'ground', 'boundary']]",[0.822],[0.6],[0.857],0.6,0.857,unclear,,,,,
2,0.0,"['vessel', 'naval', 'sea', 'lay', 'measure', 'information', 'harbor', 'mediterranean', 'respect', 'cruiser']",3,"[1, 6]","[['vessel', 'sea', 'mediterranean', 'coast', 'tripoli', 'harbor', 'cruiser', 'appear', 'send', 'barbary'], ['port', 'militia', 'town', 'sea', 'competent', 'point', 'boat', 'fortification', 'gun', 'appropriation']]","[0.917, 0.875]","[0.48, 0.32]","[0.85, 1.0]",0.8,1.85,split,,,,,
2,1.0,"['expense', 'expenditure', 'taxis', 'revenue', 'receipt', 'treasury', 'direct', 'ensue', 'principal', 'loan']",3,[0],"[['treasury', 'principal', 'receipt', 'expense', 'revenue', 'payment', 'sum', 'upward', 'discharge', 'th']]",[0.965],[0.947],[1.0],0.947,1.0,continued,,,,,
2,2.0,"['gratitude', 'city', 'health', 'prospect', 'blessing', 'providence', 'safety', 'neglect', 'afflict', 'sickness']",3,"[4, 7]","[['neutral', 'circumstance', 'wisdom', 'look', 'commit', 'friendly', 'tend', 'conduct', 'desirable', 'affair'], ['establish', 'indian', 'disposition', 'friendship', 'newly', 'friendly', 'household', 'moderate', 'health', 'acquire']]","[0.867, 0.746]","[0.688, 0.312]","[0.833, 0.714]",1.0,1.548,split,,,,,
2,3.0,"['treaty', 'commissioner', 'article', 'th', 'claim', 'river', 'vessel', 'majesty', 'appoint', 'capture']",3,[5],"[['negotiation', 'issue', 'duty', 'treaty', 'river', 'produce', 'enable', 'difference', 'western', 'france']]",[0.76],[0.692],[0.4],0.692,0.4,unclear,,,,,
2,4.0,"['france', 'minister', 'french', 'honor', 'disposition', 'envoy', 'sincerity', 'receive', 'negotiation', 'difference']",3,[],[],[],[],[],0.0,0.0,disappeared,,,,,
2,5.0,"['title', 'tribe', 'territory', 'indian', 'include', 'extinguish', 'demarcation', 'extend', 'ground', 'boundary']",3,[2],"[['river', 'mississippi', 'ohio', 'land', 'tribe', 'settle', 'mouth', 'include', 'cede', 'purchase']]",[0.92],[0.857],[0.846],0.857,0.846,continued,,,,,
2,6.0,"['court', 'judiciary', 'consider', 'consideration', 'constitution', 'perform', 'organization', 'sufficiently', 'cause', 'execute']",3,[3],"[['constitution', 'legislature', 'judiciary', 'court', 'case', 'trust', 'consider', 'exercise', 'enterprise', 'execution']]",[0.924],[1.0],[0.846],1.0,0.846,continued,,,,,
3,0.0,"['treasury', 'principal', 'receipt', 'expense', 'revenue', 'payment', 'sum', 'upward', 'discharge', 'th']",4,[3],"[['treasury', 'receipt', 'sum', 'revenue', 'fund', 'principal', 'th', 'payment', 'september', 'current']]",[0.935],[0.762],[0.929],0.762,0.929,continued,,,,,
3,1.0,"['vessel', 'sea', 'mediterranean', 'coast', 'tripoli', 'harbor', 'cruiser', 'appear', 'send', 'barbary']",4,[],[],[],[],[],0.0,0.0,disappeared,,,,,
3,3.0,"['constitution', 'legislature', 'judiciary', 'court', 'case', 'trust', 'consider', 'exercise', 'enterprise', 'execution']",4,[],[],[],[],[],0.0,0.0,disappeared,,,,,
3,4.0,"['neutral', 'circumstance', 'wisdom', 'look', 'commit', 'friendly', 'tend', 'conduct', 'desirable', 'affair']",4,[0],"[['minister', 'vessel', 'british', 'belligerent', 'intercourse', 'occasion', 'instruction', 'neutral', 'spain', 'communication']]",[0.878],[0.833],[0.306],0.833,0.306,disappeared,,,,,
3,5.0,"['negotiation', 'issue', 'duty', 'treaty', 'river', 'produce', 'enable', 'difference', 'western', 'france']",4,[],[],[],[],[],0.0,0.0,disappeared,,,,,
3,6.0,"['port', 'militia', 'town', 'sea', 'competent', 'point', 'boat', 'fortification', 'gun', 'appropriation']",4,[1],"[['sea', 'militia', 'appropriation', 'town', 'gun', 'port', 'work', 'vessel', 'boat', 'harbor']]",[0.94],[1.0],[0.727],1.0,0.727,continued,,,,,
3,8.0,"['officer', 'district', 'having', 'function', 'louisiana', 'deposit', 'form', 'appoint', 'supply', 'command']",4,[],[],[],[],[],0.0,0.0,disappeared,,,,,
3,,,4,,,,"[0.846, 1.0]","[0.438, 0.562]",1.846,1.0,merge,"[2, 7]","[['river', 'mississippi', 'ohio', 'land', 'tribe', 'settle', 'mouth', 'include', 'cede', 'purchase'], ['establish', 'indian', 'disposition', 'friendship', 'newly', 'friendly', 'household', 'moderate', 'health', 'acquire']]",2.0,"['tribe', 'indian', 'mississippi', 'friendship', 'ohio', 'source', 'advance', 'neighbor', 'establish', 'agriculture']","[0.886, 0.898]"
4,0.0,"['minister', 'vessel', 'british', 'belligerent', 'intercourse', 'occasion', 'instruction', 'neutral', 'spain', 'communication']",5,[0],"[['british', 'order', 'council', 'minister', 'decree', 'communication', 'france', 'neutral', 'repeal', 'communicate']]",[0.975],[0.833],[0.911],0.833,0.911,continued,,,,,
4,1.0,"['sea', 'militia', 'appropriation', 'town', 'gun', 'port', 'work', 'vessel', 'boat', 'harbor']",5,"[1, 2]","[['appropriation', 'port', 'work', 'sea', 'york', 'town', 'harbor', 'repair', 'place', 'authorize'], ['militia', 'army', 'preparation', 'establishment', 'provision', 'recommend', 'raise', 'portion', 'importance', 'volunteer']]","[0.925, 0.821]","[0.636, 0.364]","[1.0, 1.0]",1.0,2.0,split,,,,,
4,2.0,"['tribe', 'indian', 'mississippi', 'friendship', 'ohio', 'source', 'advance', 'neighbor', 'establish', 'agriculture']",5,[4],"[['tribe', 'indian', 'friendship', 'neighbor', 'quarter', 'advance', 'continuance', 'disposition', 'attachment', 'preserve']]",[0.865],[0.688],[1.0],0.688,1.0,unclear,,,,,
4,3.0,"['treasury', 'receipt', 'sum', 'revenue', 'fund', 'principal', 'th', 'payment', 'september', 'current']",5,[3],"[['treasury', 'receipt', 'september', 'principal', 'th', 'revenue', 'current', 'loan', 'end', 'near']]",[0.941],[0.786],[1.0],0.786,1.0,continued,,,,,
5,0.0,"['british', 'order', 'council', 'minister', 'decree', 'communication', 'france', 'neutral', 'repeal', 'communicate']",6,[],[],[],[],[],0.0,0.0,disappeared,,,,,
5,1.0,"['appropriation', 'port', 'work', 'sea', 'york', 'town', 'harbor', 'repair', 'place', 'authorize']",6,[0],"[['manufacture', 'port', 'navigation', 'supply', 'particular', 'complete', 'statement', 'require', 'improvement', 'experience']]",[0.857],[0.929],[0.407],0.929,0.407,unclear,,,,,
5,2.0,"['militia', 'army', 'preparation', 'establishment', 'provision', 'recommend', 'raise', 'portion', 'importance', 'volunteer']",6,[1],"[['militia', 'establishment', 'army', 'recommend', 'provision', 'discipline', 'expense', 'resource', 'academy', 'bulwark']]",[0.95],[1.0],[0.75],1.0,0.75,continued,,,,,
5,3.0,"['treasury', 'receipt', 'september', 'principal', 'th', 'revenue', 'current', 'loan', 'end', 'near']",6,[6],"[['treasury', 'sum', 'loan', 'receipt', 'th', 'include', 'september', 'end', 'revenue', 'expense']]",[0.953],[1.0],[0.917],1.0,0.917,continued,,,,,
5,4.0,"['tribe', 'indian', 'friendship', 'neighbor', 'quarter', 'advance', 'continuance', 'disposition', 'attachment', 'preserve']",6,[],[],[],[],[],0.0,0.0,disappeared,,,,,
5,5.0,"['improvement', 'education', 'branch', 'expense', 'road', 'canal', 'thought', 'invite', 'science', 'seminary']",6,[],[],[],[],[],0.0,0.0,disappeared,,,,,
6,0.0,"['manufacture', 'port', 'navigation', 'supply', 'particular', 'complete', 'statement', 'require', 'improvement', 'experience']",7,[],[],[],[],[],0.0,0.0,disappeared,,,,,
6,1.0,"['militia', 'establishment', 'army', 'recommend', 'provision', 'discipline', 'expense', 'resource', 'academy', 'bulwark']",7,[0],"[['militia', 'establishment', 'consideration', 'provision', 'recommend', 'constitution', 'army', 'organization', 'improvement', 'convenient']]",[0.943],[0.95],[0.692],0.95,0.692,continued,,,,,
6,2.0,"['tribe', 'enemy', 'regular', 'savage', 'frontier', 'indian', 'volunteer', 'command', 'major', 'troop']",7,[6],"[['volunteer', 'enemy', 'command', 'regular', 'major', 'attack', 'troop', 'brigadier', 'hostile', 'fort']]",[0.943],[0.667],[0.909],0.667,0.909,continued,,,,,
6,3.0,"['prisoner', 'british', 'britain', 'mode', 'criminal', 'confinement', 'province', 'send', 'confine', 'officer']",7,[],[],[],[],[],0.0,0.0,disappeared,,,,,
6,4.0,"['enemy', 'contest', 'example', 'savage', 'humanity', 'independent', 'honorable', 'circumstance', 'usage', 'defeat']",7,[4],"[['enemy', 'british', 'prisoner', 'humanity', 'contest', 'retaliation', 'example', 'confinement', 'hope', 'britain']]",[0.96],[0.857],[0.75],0.857,0.75,continued,,,,,
6,6.0,"['treasury', 'sum', 'loan', 'receipt', 'th', 'include', 'september', 'end', 'revenue', 'expense']",7,[3],"[['treasury', 'sum', 'loan', 'estimate', 'revenue', 'receipt', 'note', 'january', 'include', 'annual']]",[0.937],[0.917],[0.941],0.917,0.941,continued,,,,,
6,7.0,"['blessing', 'divine', 'welfare', 'express', 'close', 'providence', 'cherish', 'communication', 'extend', 'institution']",7,[1],"[['liberty', 'earth', 'blessing', 'happy', 'unite', 'grateful', 'repose', 'institution', 'flourish', 'enjoyment']]",[0.941],[1.0],[0.714],1.0,0.714,continued,,,,,
6,9.0,"['lake', 'command', 'squadron', 'officer', 'naval', 'force', 'ontario', 'erie', 'savage', 'canada']",7,[7],"[['lake', 'command', 'captain', 'squadron', 'officer', 'force', 'naval', 'capture', 'superiority', 'enemy']]",[0.994],[1.0],[0.9],1.0,0.9,continued,,,,,
6,10.0,"['ship', 'capture', 'enemy', 'ocean', 'naval', 'frigate', 'captain', 'command', 'skill', 'cruiser']",7,[10],"[['ship', 'ocean', 'naval', 'frigate', 'enemy', 'capture', 'successful', 'skill', 'cruiser', 'coast']]",[0.975],[1.0],[0.889],1.0,0.889,continued,,,,,
6,,,7,,,,"[1.0, 0.9]","[0.412, 0.353]",1.9,0.765,merge,"[5, 8]","[['french', 'france', 'decree', 'repeal', 'neutral', 'british', 'minister', 'communication', 'paris', 'receive'], ['order', 'british', 'proposal', 'minister', 'explanation', 'council', 'ratification', 'know', 'regard', 'armistice']]",2.0,"['spain', 'minister', 'negotiation', 'plenipotentiary', 'know', 'arrangement', 'receive', 'independent', 'treaty', 'respect']","[0.821, 0.838]"
7,0.0,"['militia', 'establishment', 'consideration', 'provision', 'recommend', 'constitution', 'army', 'organization', 'improvement', 'convenient']",8,[5],"[['establishment', 'officer', 'building', 'consideration', 'accommodation', 'provision', 'district', 'station', 'convenient', 'merit']]",[0.941],[0.846],[0.933],0.846,0.933,continued,,,,,
7,1.0,"['liberty', 'earth', 'blessing', 'happy', 'unite', 'grateful', 'repose', 'institution', 'flourish', 'enjoyment']",8,[2],"[['blessing', 'happy', 'grateful', 'institution', 'enjoy', 'liberty', 'strength', 'feel', 'pressure', 'prosperous']]",[0.962],[0.81],[0.917],0.81,0.917,continued,,,,,
7,3.0,"['treasury', 'sum', 'loan', 'estimate', 'revenue', 'receipt', 'note', 'january', 'include', 'annual']",8,[3],"[['treasury', 'sum', 'estimate', 'receipt', 'january', 'stock', 'revenue', 'amount', 'exceed', 'balance']]",[0.973],[0.941],[1.0],0.941,1.0,continued,,,,,
7,4.0,"['enemy', 'british', 'prisoner', 'humanity', 'contest', 'retaliation', 'example', 'confinement', 'hope', 'britain']",8,[],[],[],[],[],0.0,0.0,disappeared,,,,,
7,5.0,"['tribe', 'indian', 'territory', 'purchase', 'mississippi', 'river', 'treaty', 'settlement', 'indiana', 'civilize']",8,[1],"[['tribe', 'fortification', 'work', 'frontier', 'complete', 'mississippi', 'coast', 'construction', 'river', 'point']]",[0.87],[0.923],[0.5],0.923,0.5,unclear,,,,,
7,6.0,"['volunteer', 'enemy', 'command', 'regular', 'major', 'attack', 'troop', 'brigadier', 'hostile', 'fort']",8,[],[],[],[],[],0.0,0.0,disappeared,,,,,
7,7.0,"['lake', 'command', 'captain', 'squadron', 'officer', 'force', 'naval', 'capture', 'superiority', 'enemy']",8,[],[],[],[],[],0.0,0.0,disappeared,,,,,
7,8.0,"['intercourse', 'extent', 'recommendation', 'taxis', 'especially', 'proper', 'adhere', 'road', 'canal', 'entertain']",8,[7],"[['affair', 'circumstance', 'vast', 'experience', 'intercourse', 'favorable', 'adhere', 'recommendation', 'canal', 'road']]",[0.926],[0.7],[1.0],0.7,1.0,continued,,,,,
7,9.0,"['value', 'manufacture', 'sale', 'proceed', 'emigration', 'manufacturing', 'revenue', 'land', 'duty', 'competition']",8,[6],"[['domestic', 'duty', 'manufacture', 'raise', 'price', 'augment', 'manufacturing', 'supply', 'demand', 'revenue']]",[0.865],[0.6],[0.909],0.6,0.909,unclear,,,,,
7,10.0,"['ship', 'ocean', 'naval', 'frigate', 'enemy', 'capture', 'successful', 'skill', 'cruiser', 'coast']",8,[],[],[],[],[],0.0,0.0,disappeared,,,,,
7,,,8,,,,"[0.824, 1.0]","[0.482, 0.388]",1.824,0.871,merge,"[2, 11]","[['spain', 'minister', 'negotiation', 'plenipotentiary', 'know', 'arrangement', 'receive', 'independent', 'treaty', 'respect'], ['spain', 'florida', 'post', 'spanish', 'pensacola', 'suppress', 'protect', 'adventurer', 'enter', 'act']]",0.0,"['spain', 'treaty', 'florida', 'province', 'minister', 'spanish', 'party', 'friendly', 'ratify', 'majesty']","[0.909, 0.897]"
8,0.0,"['spain', 'treaty', 'florida', 'province', 'minister', 'spanish', 'party', 'friendly', 'ratify', 'majesty']",9,[0],"[['spain', 'treaty', 'minister', 'ratify', 'receive', 'ayre', 'buenos', 'independent', 'friendly', 'ratification']]",[0.955],[0.506],[0.982],0.506,0.982,continued,,,,,
8,1.0,"['tribe', 'fortification', 'work', 'frontier', 'complete', 'mississippi', 'coast', 'construction', 'river', 'point']",9,"[3, 4]","[['engineer', 'fortification', 'survey', 'work', 'examine', 'complete', 'coast', 'board', 'frontier', 'road'], ['tribe', 'territory', 'missouri', 'appropriation', 'mouth', 'limit', 'establish', 'mississippi', 'civilization', 'indians']]","[0.879, 0.884]","[0.429, 0.536]","[0.893, 0.944]",0.964,1.837,split,,,,,
8,2.0,"['blessing', 'happy', 'grateful', 'institution', 'enjoy', 'liberty', 'strength', 'feel', 'pressure', 'prosperous']",9,[5],"[['blessing', 'happy', 'feel', 'pressure', 'grateful', 'enjoy', 'prosperous', 'spectacle', 'let', 'acknowledgment']]",[0.961],[0.917],[0.941],0.917,0.941,continued,,,,,
8,3.0,"['treasury', 'sum', 'estimate', 'receipt', 'january', 'stock', 'revenue', 'amount', 'exceed', 'balance']",9,[1],"[['treasury', 'receipt', 'january', 'stock', 'sum', 'th', 'exceed', 'september', 'estimate', 'post']]",[0.962],[0.958],[0.892],0.958,0.892,continued,,,,,
8,4.0,"['british', 'vessel', 'port', 'party', 'navigation', 'france', 'condition', 'convention', 'allow', 'arrangement']",9,"[10, 11]","[['vessel', 'port', 'allow', 'condition', 'production', 'manufacture', 'admit', 'france', 'favor', 'article'], ['british', 'colony', 'indie', 'satisfactory', 'west', 'britain', 'commercial', 'intercourse', 'continent', 'open']]","[0.941, 0.855]","[0.455, 0.318]","[1.0, 1.0]",0.773,2.0,split,,,,,
8,5.0,"['establishment', 'officer', 'building', 'consideration', 'accommodation', 'provision', 'district', 'station', 'convenient', 'merit']",9,[12],"[['army', 'discipline', 'institution', 'attain', 'staff', 'science', 'academy', 'improvement', 'corps', 'attainment']]",[0.797],[0.4],[0.889],0.4,0.889,unclear,,,,,
8,6.0,"['domestic', 'duty', 'manufacture', 'raise', 'price', 'augment', 'manufacturing', 'supply', 'demand', 'revenue']",9,[8],"[['manufacture', 'domestic', 'revenue', 'price', 'raise', 'source', 'duty', 'derive', 'demand', 'article']]",[0.957],[0.909],[0.929],0.909,0.929,continued,,,,,
8,7.0,"['affair', 'circumstance', 'vast', 'experience', 'intercourse', 'favorable', 'adhere', 'recommendation', 'canal', 'road']",9,[9],"[['affair', 'especially', 'cause', 'pursue', 'form', 'satisfaction', 'regard', 'think', 'circumstance', 'adhere']]",[0.949],[1.0],[0.909],1.0,0.909,continued,,,,,
9,0.0,"['spain', 'treaty', 'minister', 'ratify', 'receive', 'ayre', 'buenos', 'independent', 'friendly', 'ratification']",10,[8],"[['spain', 'greece', 'independence', 'feeling', 'war', 'portugal', 'favor', 'independent', 'hemisphere', 'sentiment']]",[0.828],[0.333],[0.625],0.333,0.625,disappeared,,,,,
9,1.0,"['treasury', 'receipt', 'january', 'stock', 'sum', 'th', 'exceed', 'september', 'estimate', 'post']",10,[1],"[['treasury', 'receipt', 'expenditure', 'january', 'exceed', 'estimate', 'sum', 'post', 'balance', 'revenue']]",[0.974],[0.919],[0.81],0.919,0.81,continued,,,,,
9,2.0,"['piracy', 'suppress', 'squadron', 'coast', 'sea', 'suppression', 'island', 'vessel', 'slave', 'mediterranean']",10,[3],"[['squadron', 'piracy', 'sea', 'suppress', 'coast', 'slave', 'island', 'mediterranean', 'flag', 'naval']]",[0.981],[0.871],[1.0],0.871,1.0,continued,,,,,
9,3.0,"['engineer', 'fortification', 'survey', 'work', 'examine', 'complete', 'coast', 'board', 'frontier', 'road']",10,"[5, 7]","[['fortification', 'navy', 'repair', 'gradual', 'road', 'construction', 'improvement', 'completion', 'frontier', 'cumberland'], ['survey', 'engineer', 'canal', 'road', 'board', 'ohio', 'route', 'river', 'estimate', 'plan']]","[0.937, 0.912]","[0.571, 0.393]","[0.944, 1.0]",0.964,1.944,split,,,,,
9,4.0,"['tribe', 'territory', 'missouri', 'appropriation', 'mouth', 'limit', 'establish', 'mississippi', 'civilization', 'indians']",10,[10],"[['tribe', 'territory', 'limit', 'indians', 'hostility', 'missouri', 'mississippi', 'treaty', 'upper', 'establish']]",[0.965],[0.778],[1.0],0.778,1.0,continued,,,,,
9,5.0,"['blessing', 'happy', 'feel', 'pressure', 'grateful', 'enjoy', 'prosperous', 'spectacle', 'let', 'acknowledgment']",10,[0],"[['constitution', 'blessing', 'improvement', 'manufacture', 'condition', 'exercise', 'human', 'consideration', 'communication', 'population']]",[0.887],[0.941],[0.338],0.941,0.338,disappeared,,,,,
9,6.0,"['th', 'decision', 'treaty', 'article', 'convention', 'ghent', 'emperor', 'imperial', 'having', 'britain']",10,[6],"[['th', 'treaty', 'ghent', 'commissioner', 'article', 'decision', 'convention', 'conclude', 'britain', 'boundary']]",[0.97],[0.875],[1.0],0.875,1.0,continued,,,,,
9,7.0,"['florida', 'pensacola', 'savage', 'st', 'inhabitant', 'indians', 'combination', 'territory', 'province', 'district']",10,[14],"[['florida', 'pensacola', 'territory', 'inhabitant', 'province', 'district', 'augustine', 'appoint', 'st', 'governor']]",[0.933],[0.8],[1.0],0.8,1.0,continued,,,,,
9,8.0,"['manufacture', 'domestic', 'revenue', 'price', 'raise', 'source', 'duty', 'derive', 'demand', 'article']",10,[],[],[],[],[],0.0,0.0,disappeared,,,,,
9,9.0,"['affair', 'especially', 'cause', 'pursue', 'form', 'satisfaction', 'regard', 'think', 'circumstance', 'adhere']",10,[0],"[['constitution', 'blessing', 'improvement', 'manufacture', 'condition', 'exercise', 'human', 'consideration', 'communication', 'population']]",[0.912],[1.0],[0.338],1.0,0.338,disappeared,,,,,
9,10.0,"['vessel', 'port', 'allow', 'condition', 'production', 'manufacture', 'admit', 'france', 'favor', 'article']",10,[2],"[['france', 'vessel', 'duty', 'port', 'convention', 'article', 'netherlands', 'favor', 'french', 'manufacture']]",[0.908],[0.909],[0.6],0.909,0.6,continued,,,,,
9,11.0,"['british', 'colony', 'indie', 'satisfactory', 'west', 'britain', 'commercial', 'intercourse', 'continent', 'open']",10,[4],"[['british', 'colony', 'parliament', 'colonial', 'intercourse', 'britain', 'open', 'negotiation', 'term', 'port']]",[0.948],[1.0],[0.864],1.0,0.864,continued,,,,,
9,12.0,"['army', 'discipline', 'institution', 'attain', 'staff', 'science', 'academy', 'improvement', 'corps', 'attainment']",10,[11],"[['army', 'discipline', 'academy', 'institution', 'officer', 'attain', 'science', 'instruction', 'improvement', 'staff']]",[0.954],[0.667],[1.0],0.667,1.0,continued,,,,,
9,13.0,"['injury', 'interfere', 'cause', 'preparation', 'hemisphere', 'european', 'internal', 'declare', 'consider', 'independence']",10,[12],"[['interfere', 'injury', 'faithful', 'cause', 'piratical', 'consider', 'respectively', 'suppression', 'constitutional', 'rest']]",[0.952],[1.0],[0.75],1.0,0.75,continued,,,,,
10,0.0,"['constitution', 'blessing', 'improvement', 'manufacture', 'condition', 'exercise', 'human', 'consideration', 'communication', 'population']",11,[2],"[['blessing', 'condition', 'happy', 'providence', 'man', 'heart', 'human', 'hand', 'welfare', 'bless']]",[0.908],[0.312],[1.0],0.312,1.0,disappeared,,,,,
10,1.0,"['treasury', 'receipt', 'expenditure', 'january', 'exceed', 'estimate', 'sum', 'post', 'balance', 'revenue']",11,[],[],[],[],[],0.0,0.0,disappeared,,,,,
10,2.0,"['france', 'vessel', 'duty', 'port', 'convention', 'article', 'netherlands', 'favor', 'french', 'manufacture']",11,[],[],[],[],[],0.0,0.0,disappeared,,,,,
10,3.0,"['squadron', 'piracy', 'sea', 'suppress', 'coast', 'slave', 'island', 'mediterranean', 'flag', 'naval']",11,[4],"[['sea', 'squadron', 'coast', 'mediterranean', 'navy', 'piracy', 'pacific', 'vessel', 'ocean', 'naval']]",[0.989],[0.903],[0.957],0.903,0.957,continued,,,,,
10,4.0,"['british', 'colony', 'parliament', 'colonial', 'intercourse', 'britain', 'open', 'negotiation', 'term', 'port']",11,[0],"[['treaty', 'party', 'britain', 'british', 'convention', 'vessel', 'negotiation', 'colony', 'th', 'france']]",[0.939],[1.0],[0.378],1.0,0.378,disappeared,,,,,
10,5.0,"['fortification', 'navy', 'repair', 'gradual', 'road', 'construction', 'improvement', 'completion', 'frontier', 'cumberland']",11,[3],"[['army', 'fortification', 'secretary', 'navy', 'artillery', 'improvement', 'officer', 'branch', 'academy', 'condition']]",[0.849],[0.5],[0.333],0.5,0.333,disappeared,,,,,
10,6.0,"['th', 'treaty', 'ghent', 'commissioner', 'article', 'decision', 'convention', 'conclude', 'britain', 'boundary']",11,[],[],[],[],[],0.0,0.0,disappeared,,,,,
10,7.0,"['survey', 'engineer', 'canal', 'road', 'board', 'ohio', 'route', 'river', 'estimate', 'plan']",11,[11],"[['survey', 'engineer', 'road', 'canal', 'route', 'river', 'board', 'ohio', 'plan', 'estimate']]",[0.973],[0.882],[1.0],0.882,1.0,continued,,,,,
10,8.0,"['spain', 'greece', 'independence', 'feeling', 'war', 'portugal', 'favor', 'independent', 'hemisphere', 'sentiment']",11,[15],"[['emperor', 'russia', 'nichola', 'greece', 'sentiment', 'suffer', 'indulge', 'european', 'humanity', 'predecessor']]",[0.771],[0.5],[0.875],0.5,0.875,unclear,,,,,
10,9.0,"['secretary', 'militia', 'branch', 'army', 'arm', 'artillery', 'condition', 'establishment', 'organization', 'report']",11,[3],"[['army', 'fortification', 'secretary', 'navy', 'artillery', 'improvement', 'officer', 'branch', 'academy', 'condition']]",[0.913],[1.0],[0.5],1.0,0.5,unclear,,,,,
10,10.0,"['tribe', 'territory', 'limit', 'indians', 'hostility', 'missouri', 'mississippi', 'treaty', 'upper', 'establish']",11,[1],"[['tribe', 'indians', 'indian', 'limit', 'civilization', 'territory', 'mississippi', 'savage', 'land', 'art']]",[0.915],[0.833],[0.676],0.833,0.676,continued,,,,,
10,11.0,"['army', 'discipline', 'academy', 'institution', 'officer', 'attain', 'science', 'instruction', 'improvement', 'staff']",11,[],[],[],[],[],0.0,0.0,disappeared,,,,,
10,12.0,"['interfere', 'injury', 'faithful', 'cause', 'piratical', 'consider', 'respectively', 'suppression', 'constitutional', 'rest']",11,[],[],[],[],[],0.0,0.0,disappeared,,,,,
10,13.0,"['minister', 'republic', 'colombia', 'represent', 'mexico', 'panama', 'treaty', 'ayre', 'buenos', 'south']",11,[8],"[['republic', 'mexico', 'minister', 'treaty', 'mexican', 'colombia', 'represent', 'panama', 'south', 'plenipotentiary']]",[0.905],[1.0],[0.714],1.0,0.714,continued,,,,,
10,14.0,"['florida', 'pensacola', 'territory', 'inhabitant', 'province', 'district', 'augustine', 'appoint', 'st', 'governor']",11,[],[],[],[],[],0.0,0.0,disappeared,,,,,
10,15.0,"['brazil', 'affaire', 'brazilian', 'charge', 'commander', 'diplomatic', 'portugal', 'neutral', 'dominion', 'rio']",11,[18],"[['brazil', 'brazilian', 'affaire', 'portugal', 'commander', 'diplomatic', 'charge', 'neutral', 'representative', 'capture']]",[0.97],[1.0],[1.0],1.0,1.0,continued,,,,,
11,0.0,"['treaty', 'party', 'britain', 'british', 'convention', 'vessel', 'negotiation', 'colony', 'th', 'france']",12,[7],"[['treaty', 'party', 'convention', 'britain', 'ghent', 'th', 'commissioner', 'boundary', 'friendly', 'conclude']]",[0.936],[0.347],[1.0],0.347,1.0,disappeared,,,,,
11,1.0,"['tribe', 'indians', 'indian', 'limit', 'civilization', 'territory', 'mississippi', 'savage', 'land', 'art']",12,[1],"[['tribe', 'indians', 'indian', 'removal', 'limit', 'mississippi', 'savage', 'population', 'territory', 'white']]",[0.981],[0.765],[0.906],0.765,0.906,continued,,,,,
11,2.0,"['blessing', 'condition', 'happy', 'providence', 'man', 'heart', 'human', 'hand', 'welfare', 'bless']",12,[2],"[['blessing', 'happiness', 'happy', 'providence', 'intercourse', 'congratulate', 'condition', 'liberty', 'institution', 'wisdom']]",[0.953],[0.962],[0.677],0.962,0.677,continued,,,,,
11,3.0,"['army', 'fortification', 'secretary', 'navy', 'artillery', 'improvement', 'officer', 'branch', 'academy', 'condition']",12,[0],"[['navy', 'secretary', 'army', 'improvement', 'branch', 'ship', 'gradual', 'fortification', 'vessel', 'officer']]",[0.964],[0.958],[0.795],0.958,0.795,continued,,,,,
11,4.0,"['sea', 'squadron', 'coast', 'mediterranean', 'navy', 'piracy', 'pacific', 'vessel', 'ocean', 'naval']",12,[13],"[['portugal', 'rice', 'blockade', 'commit', 'usual', 'portuguese', 'terceira', 'information', 'installment', 'capture']]",[0.758],[0.435],[0.5],0.435,0.5,unclear,,,,,
11,5.0,"['election', 'court', 'choice', 'constitution', 'majority', 'supreme', 'chief', 'magistrate', 'candidate', 'circuit']",12,[4],"[['election', 'constitution', 'amendment', 'objection', 'propose', 'magistrate', 'agency', 'constituent', 'vice', 'likely']]",[0.974],[0.909],[0.731],0.909,0.731,continued,,,,,
11,7.0,"['bank', 'fraud', 'penitentiary', 'provision', 'collection', 'debtor', 'officer', 'prosecution', 'individual', 'treasury']",12,[5],"[['bank', 'fraud', 'deposit', 'officer', 'treasury', 'provision', 'charter', 'debtor', 'institution', 'resolution']]",[0.97],[0.938],[0.917],0.938,0.917,continued,,,,,
11,8.0,"['republic', 'mexico', 'minister', 'treaty', 'mexican', 'colombia', 'represent', 'panama', 'south', 'plenipotentiary']",12,[6],"[['mexico', 'republic', 'mexican', 'treaty', 'diplomatic', 'colombia', 'peru', 'boundary', 'intercourse', 'mutual']]",[0.959],[0.929],[0.864],0.929,0.864,continued,,,,,
11,10.0,"['january', 'treasury', 'receipt', 'st', 'estimate', 'balance', 'principal', 'quarter', 'exceed', 'expenditure']",12,[8],"[['january', 'treasury', 'st', 'receipt', 'estimate', 'expenditure', 'exceed', 'revenue', 'balance', 'sum']]",[0.901],[1.0],[0.611],1.0,0.611,continued,,,,,
11,11.0,"['survey', 'engineer', 'road', 'canal', 'route', 'river', 'board', 'ohio', 'plan', 'estimate']",12,[],[],[],[],[],0.0,0.0,disappeared,,,,,
11,12.0,"['constitution', 'exercise', 'recommend', 'deliberation', 'judiciary', 'influence', 'sense', 'patriotism', 'conclusion', 'authority']",12,"[20, 21]","[['constitution', 'express', 'heretofore', 'view', 'authority', 'earnestly', 'legislative', 'constitutional', 'legislature', 'sovereign'], ['patriotism', 'conflict', 'subservient', 'resist', 'unconstitutional', 'sectional', 'influence', 'party', 'delegate', 'prejudice']]","[0.842, 0.87]","[0.4, 0.4]","[0.333, 1.0]",0.8,1.333,unclear,,,,,
11,13.0,"['light', 'house', 'monument', 'canal', 'bill', 'buoy', 'river', 'subscription', 'improvement', 'portland']",12,[12],"[['survey', 'river', 'canal', 'light', 'house', 'road', 'harbor', 'buoy', 'work', 'improvement']]",[0.941],[1.0],[0.667],1.0,0.667,continued,,,,,
11,14.0,"['post', 'mail', 'master', 'mile', 'transportation', 'receipt', 'exceed', 'revenue', 'office', 'july']",12,[14],"[['post', 'mail', 'master', 'expense', 'exhibit', 'revenue', 'office', 'mile', 'transportation', 'correct']]",[0.948],[0.889],[1.0],0.889,1.0,continued,,,,,
11,15.0,"['emperor', 'russia', 'nichola', 'greece', 'sentiment', 'suffer', 'indulge', 'european', 'humanity', 'predecessor']",12,[16],"[['russia', 'european', 'emperor', 'empire', 'porte', 'predecessor', 'indulge', 'nichola', 'greek', 'friendly']]",[0.931],[0.875],[0.857],0.875,0.857,continued,,,,,
11,16.0,"['stock', 'redeemable', 'loan', 'bank', 'authorize', 'account', 'capital', 'january', 'st', 'reduce']",12,[],[],[],[],[],0.0,0.0,disappeared,,,,,
11,17.0,"['importance', 'thing', 'overcome', 'difficulty', 'character', 'prosper', 'internal', 'ready', 'influence', 'regard']",12,[],[],[],[],[],0.0,0.0,disappeared,,,,,
11,18.0,"['brazil', 'brazilian', 'affaire', 'portugal', 'commander', 'diplomatic', 'charge', 'neutral', 'representative', 'capture']",12,[13],"[['portugal', 'rice', 'blockade', 'commit', 'usual', 'portuguese', 'terceira', 'information', 'installment', 'capture']]",[0.813],[0.857],[0.5],0.857,0.5,unclear,,,,,
11,19.0,"['land', 'purchaser', 'sale', 'credit', 'pay', 'acre', 'property', 'sell', 'treasury', 'pledge']",12,[10],"[['land', 'purchaser', 'sale', 'purchase', 'arise', 'consideration', 'sell', 'disposal', 'pay', 'soil']]",[0.882],[0.857],[0.467],0.857,0.467,unclear,,,,,
11,20.0,"['enumeration', 'census', 'marshal', 'return', 'population', 'take', 'convenient', 'commence', 'august', 'contain']",12,[17],"[['enumeration', 'census', 'marshal', 'return', 'august', 'render', 'precede', 'take', 'column', 'commence']]",[0.894],[1.0],[0.571],1.0,0.571,unclear,,,,,
11,,,12,,,,"[0.75, 0.692]","[0.423, 0.577]",1.442,1.0,merge,"[6, 9]","[['revenue', 'importation', 'reduce', 'back', 'short', 'estimate', 'value', 'draw', 'annual', 'import'], ['tariff', 'burden', 'part', 'opinion', 'surplus', 'fund', 'modification', 'impose', 'suppose', 'duty']]",3.0,"['tariff', 'importation', 'revenue', 'duty', 'burden', 'article', 'price', 'reduction', 'produce', 'import']","[0.903, 0.91]"
12,0.0,"['navy', 'secretary', 'army', 'improvement', 'branch', 'ship', 'gradual', 'fortification', 'vessel', 'officer']",13,[3],"[['navy', 'secretary', 'army', 'refer', 'accompany', 'operation', 'militia', 'branch', 'recommend', 'arm']]",[0.98],[0.974],[0.875],0.974,0.875,continued,,,,,
12,1.0,"['tribe', 'indians', 'indian', 'removal', 'limit', 'mississippi', 'savage', 'population', 'territory', 'white']",13,[4],"[['tribe', 'indians', 'indian', 'removal', 'mississippi', 'population', 'savage', 'submit', 'humanity', 'western']]",[0.982],[0.906],[1.0],0.906,1.0,continued,,,,,
12,2.0,"['blessing', 'happiness', 'happy', 'providence', 'intercourse', 'congratulate', 'condition', 'liberty', 'institution', 'wisdom']",13,[0],"[['congratulate', 'institution', 'affair', 'blessing', 'happy', 'intercourse', 'desire', 'condition', 'avoid', 'regard']]",[0.971],[0.968],[0.81],0.968,0.81,continued,,,,,
12,3.0,"['tariff', 'importation', 'revenue', 'duty', 'burden', 'article', 'price', 'reduction', 'produce', 'import']",13,[2],"[['revenue', 'tariff', 'distribution', 'taxation', 'ration', 'produce', 'duty', 'expenditure', 'price', 'burden']]",[0.911],[0.885],[0.554],0.885,0.554,continued,,,,,
12,4.0,"['election', 'constitution', 'amendment', 'objection', 'propose', 'magistrate', 'agency', 'constituent', 'vice', 'likely']",13,[9],"[['constitution', 'district', 'conviction', 'amendment', 'election', 'vice', 'code', 'consideration', 'recommend', 'constitutional']]",[0.927],[0.615],[0.789],0.615,0.789,continued,,,,,
12,5.0,"['bank', 'fraud', 'deposit', 'officer', 'treasury', 'provision', 'charter', 'debtor', 'institution', 'resolution']",13,[1],"[['bank', 'deposit', 'currency', 'institution', 'charter', 'issue', 'paper', 'credit', 'note', 'treasury']]",[0.921],[0.667],[0.871],0.667,0.871,continued,,,,,
12,6.0,"['mexico', 'republic', 'mexican', 'treaty', 'diplomatic', 'colombia', 'peru', 'boundary', 'intercourse', 'mutual']",13,"[8, 13]","[['republic', 'brazil', 'colombia', 'peru', 'diplomatic', 'minister', 'venezuela', 'reunion', 'appointment', 'grenada'], ['mexico', 'mexican', 'boundary', 'treaty', 'territory', 'commissioner', 'party', 'appointment', 'line', 'civil']]","[0.902, 0.888]","[0.5, 0.5]","[0.895, 1.0]",1.0,1.895,split,,,,,
12,8.0,"['january', 'treasury', 'st', 'receipt', 'estimate', 'expenditure', 'exceed', 'revenue', 'balance', 'sum']",13,[5],"[['estimate', 'treasury', 'appropriation', 'balance', 'revenue', 'january', 'sum', 'exceed', 'stock', 'object']]",[0.948],[0.722],[0.92],0.722,0.92,continued,,,,,
12,9.0,"['colony', 'british', 'vessel', 'colonial', 'britain', 'parliament', 'restriction', 'production', 'port', 'exclusion']",13,[14],"[['vessel', 'britain', 'colony', 'production', 'british', 'colonial', 'port', 'restriction', 'cargoe', 'allow']]",[0.965],[0.867],[1.0],0.867,1.0,continued,,,,,
12,10.0,"['land', 'purchaser', 'sale', 'purchase', 'arise', 'consideration', 'sell', 'disposal', 'pay', 'soil']",13,[15],"[['land', 'sale', 'arise', 'soil', 'expense', 'consideration', 'contribute', 'speedy', 'cede', 'harmony']]",[0.956],[0.867],[0.889],0.867,0.889,continued,,,,,
12,11.0,"['france', 'french', 'minister', 'claim', 'paris', 'receive', 'stipulation', 'convention', 'favorable', 'installment']",13,"[6, 18]","[['french', 'chamber', 'minister', 'france', 'ministry', 'king', 'paris', 'assurance', 'honor', 'know'], ['france', 'pronounce', 'cut', 'sum', 'claim', 'negotiation', 'clear', 'insist', 'controversy', 'satisfactory']]","[0.887, 0.891]","[0.308, 0.308]","[0.917, 1.0]",0.615,1.917,unclear,,,,,
12,12.0,"['survey', 'river', 'canal', 'light', 'house', 'road', 'harbor', 'buoy', 'work', 'improvement']",13,[7],"[['light', 'bill', 'appropriation', 'river', 'house', 'object', 'character', 'beacon', 'buoy', 'harbor']]",[0.842],[0.583],[0.478],0.583,0.478,unclear,,,,,
12,13.0,"['portugal', 'rice', 'blockade', 'commit', 'usual', 'portuguese', 'terceira', 'information', 'installment', 'capture']",13,[],[],[],[],[],0.0,0.0,disappeared,,,,,
12,14.0,"['post', 'mail', 'master', 'expense', 'exhibit', 'revenue', 'office', 'mile', 'transportation', 'correct']",13,[17],"[['mail', 'post', 'grow', 'expense', 'office', 'master', 'exhibit', 'incur', 'franking', 'method']]",[0.952],[0.875],[1.0],0.875,1.0,continued,,,,,
12,15.0,"['claimant', 'denmark', 'danish', 'award', 'adjustment', 'claim', 'treaty', 'indemnity', 'march', 'th']",13,[],[],[],[],[],0.0,0.0,disappeared,,,,,
12,16.0,"['russia', 'european', 'emperor', 'empire', 'porte', 'predecessor', 'indulge', 'nichola', 'greek', 'friendly']",13,[],[],[],[],[],0.0,0.0,disappeared,,,,,
12,17.0,"['enumeration', 'census', 'marshal', 'return', 'august', 'render', 'precede', 'take', 'column', 'commence']",13,[],[],[],[],[],0.0,0.0,disappeared,,,,,
12,18.0,"['spain', 'port', 'spanish', 'discriminating', 'duty', 'royal', 'tonnage', 'vessel', 'cent', 'th']",13,[],[],[],[],[],0.0,0.0,disappeared,,,,,
12,20.0,"['constitution', 'express', 'heretofore', 'view', 'authority', 'earnestly', 'legislative', 'constitutional', 'legislature', 'sovereign']",13,[],[],[],[],[],0.0,0.0,disappeared,,,,,
12,21.0,"['patriotism', 'conflict', 'subservient', 'resist', 'unconstitutional', 'sectional', 'influence', 'party', 'delegate', 'prejudice']",13,[],[],[],[],[],0.0,0.0,disappeared,,,,,
12,,,13,,,,"[0.6, 1.0]","[0.429, 0.571]",1.6,1.0,merge,"[7, 19]","[['treaty', 'party', 'convention', 'britain', 'ghent', 'th', 'commissioner', 'boundary', 'friendly', 'conclude'], ['negotiation', 'mutual', 'preserve', 'thousand', 'equivalent', 'britain', 'britannic', 'advise', 'hope', 'favor']]",11.0,"['britain', 'north', 'british', 'sovereign', 'boundary', 'settlement', 'proposition', 'east', 'majesty', 'arrangement']","[0.9, 0.92]"
13,0.0,"['congratulate', 'institution', 'affair', 'blessing', 'happy', 'intercourse', 'desire', 'condition', 'avoid', 'regard']",14,[1],"[['desire', 'intercourse', 'providence', 'regard', 'institution', 'condition', 'satisfaction', 'seek', 'feel', 'reward']]",[0.98],[0.921],[0.776],0.921,0.776,continued,,,,,
13,1.0,"['bank', 'deposit', 'currency', 'institution', 'charter', 'issue', 'paper', 'credit', 'note', 'treasury']",14,[5],"[['bank', 'institution', 'note', 'charter', 'banking', 'old', 'suspension', 'community', 'trustee', 'individual']]",[0.954],[0.387],[0.966],0.387,0.966,disappeared,,,,,
13,2.0,"['revenue', 'tariff', 'distribution', 'taxation', 'ration', 'produce', 'duty', 'expenditure', 'price', 'burden']",14,[2],"[['expenditure', 'revenue', 'duty', 'burden', 'surplus', 'distribution', 'appropriation', 'ration', 'taxation', 'taxis']]",[0.978],[0.804],[0.854],0.804,0.854,continued,,,,,
13,3.0,"['navy', 'secretary', 'army', 'refer', 'accompany', 'operation', 'militia', 'branch', 'recommend', 'arm']",14,[3],"[['navy', 'army', 'secretary', 'naval', 'militia', 'recommend', 'officer', 'organization', 'arm', 'squadron']]",[0.965],[0.725],[0.976],0.725,0.976,continued,,,,,
13,4.0,"['tribe', 'indians', 'indian', 'removal', 'mississippi', 'population', 'savage', 'submit', 'humanity', 'western']",14,[10],"[['tribe', 'indians', 'indian', 'mississippi', 'removal', 'territory', 'seminole', 'west', 'humanity', 'cherokee']]",[0.974],[0.933],[1.0],0.933,1.0,continued,,,,,
13,5.0,"['estimate', 'treasury', 'appropriation', 'balance', 'revenue', 'january', 'sum', 'exceed', 'stock', 'object']",14,[4],"[['treasury', 'estimate', 'appropriation', 'balance', 'secretary', 'sum', 'january', 'revenue', 'unexpended', 'object']]",[0.97],[0.96],[0.706],0.96,0.706,continued,,,,,
13,7.0,"['light', 'bill', 'appropriation', 'river', 'house', 'object', 'character', 'beacon', 'buoy', 'harbor']",14,[],[],[],[],[],0.0,0.0,disappeared,,,,,
13,8.0,"['republic', 'brazil', 'colombia', 'peru', 'diplomatic', 'minister', 'venezuela', 'reunion', 'appointment', 'grenada']",14,[11],"[['republic', 'peru', 'colombia', 'venezuela', 'brazil', 'argentine', 'claim', 'confederation', 'treaty', 'diplomatic']]",[0.973],[0.947],[1.0],0.947,1.0,continued,,,,,
13,9.0,"['constitution', 'district', 'conviction', 'amendment', 'election', 'vice', 'code', 'consideration', 'recommend', 'constitutional']",14,[14],"[['election', 'constitutional', 'constitution', 'consideration', 'exercise', 'local', 'unconstitutional', 'formidable', 'forget', 'hold']]",[0.926],[0.684],[0.75],0.684,0.75,continued,,,,,
13,10.0,"['spain', 'portugal', 'claim', 'convention', 'payment', 'rice', 'sicily', 'installment', 'terceira', 'portuguese']",14,[17],"[['spain', 'convention', 'sicily', 'claim', 'pay', 'internal', 'installment', 'madrid', 'indemnification', 'queen']]",[0.937],[0.706],[1.0],0.706,1.0,continued,,,,,
13,11.0,"['britain', 'north', 'british', 'sovereign', 'boundary', 'settlement', 'proposition', 'east', 'majesty', 'arrangement']",14,[15],"[['britain', 'british', 'line', 'article', 'boundary', 'proposition', 'north', 'russian', 'coast', 'adjustment']]",[0.929],[0.571],[0.909],0.571,0.909,continued,,,,,
13,13.0,"['mexico', 'mexican', 'boundary', 'treaty', 'territory', 'commissioner', 'party', 'appointment', 'line', 'civil']",14,[12],"[['mexico', 'mexican', 'treaty', 'demand', 'commissioner', 'boundary', 'convention', 'frontier', 'republic', 'case']]",[0.951],[1.0],[0.938],1.0,0.938,continued,,,,,
13,14.0,"['vessel', 'britain', 'colony', 'production', 'british', 'colonial', 'port', 'restriction', 'cargoe', 'allow']",14,[18],"[['vessel', 'port', 'cargoe', 'duty', 'tonnage', 'spanish', 'spain', 'discriminate', 'discrimination', 'discriminating']]",[0.759],[0.5],[0.625],0.5,0.625,unclear,,,,,
13,15.0,"['land', 'sale', 'arise', 'soil', 'expense', 'consideration', 'contribute', 'speedy', 'cede', 'harmony']",14,[7],"[['land', 'price', 'sell', 'value', 'preemption', 'sale', 'settler', 'occupy', 'tract', 'intrusion']]",[0.937],[1.0],[0.682],1.0,0.682,continued,,,,,
13,16.0,"['austria', 'russia', 'treaty', 'prussia', 'commercial', 'liberal', 'sweden', 'ratification', 'denmark', 'mutually']",14,[8],"[['intercourse', 'russia', 'sweden', 'austria', 'liberal', 'commercial', 'portugal', 'denmark', 'prussia', 'treaty']]",[0.852],[1.0],[0.333],1.0,0.333,disappeared,,,,,
13,17.0,"['mail', 'post', 'grow', 'expense', 'office', 'master', 'exhibit', 'incur', 'franking', 'method']",14,[6],"[['mail', 'post', 'transportation', 'office', 'railroad', 'mile', 'revenue', 'building', 'postmaster', 'contract']]",[0.882],[1.0],[0.478],1.0,0.478,unclear,,,,,
13,18.0,"['france', 'pronounce', 'cut', 'sum', 'claim', 'negotiation', 'clear', 'insist', 'controversy', 'satisfactory']",14,[],[],[],[],[],0.0,0.0,disappeared,,,,,
13,19.0,"['florida', 'delivery', 'archive', 'governor', 'movement', 'order', 'mean', 'send', 'havannah', 'vigor']",14,[],[],[],[],[],0.0,0.0,disappeared,,,,,
13,,,14,,,,"[1.0, 0.917]","[0.548, 0.323]",1.917,0.871,merge,"[6, 12]","[['french', 'chamber', 'minister', 'france', 'ministry', 'king', 'paris', 'assurance', 'honor', 'know'], ['installment', 'french', 'treaty', 'convention', 'france', 'paris', 'exchange', 'ratify', 'ratification', 'draft']]",0.0,"['french', 'france', 'chamber', 'treaty', 'minister', 'paris', 'king', 'installment', 'ratification', 'th']","[0.971, 0.922]"
14,0.0,"['french', 'france', 'chamber', 'treaty', 'minister', 'paris', 'king', 'installment', 'ratification', 'th']",15,[],[],[],[],[],0.0,0.0,disappeared,,,,,
14,1.0,"['desire', 'intercourse', 'providence', 'regard', 'institution', 'condition', 'satisfaction', 'seek', 'feel', 'reward']",15,[8],"[['providence', 'health', 'gratitude', 'blessing', 'husbandman', 'bestow', 'sure', 'happily', 'satisfaction', 'disease']]",[0.932],[0.483],[0.938],0.483,0.938,unclear,,,,,
14,2.0,"['expenditure', 'revenue', 'duty', 'burden', 'surplus', 'distribution', 'appropriation', 'ration', 'taxation', 'taxis']",15,[0],"[['constitution', 'revenue', 'duty', 'surplus', 'distribution', 'influence', 'appropriation', 'produce', 'ration', 'taxis']]",[0.971],[0.902],[0.623],0.902,0.623,continued,,,,,
14,3.0,"['navy', 'army', 'secretary', 'naval', 'militia', 'recommend', 'officer', 'organization', 'arm', 'squadron']",15,"[12, 18]","[['navy', 'naval', 'squadron', 'coast', 'ship', 'vessel', 'station', 'employ', 'secretary', 'complete'], ['army', 'ordnance', 'corps', 'recommend', 'staff', 'establishment', 'reorganization', 'educate', 'enlistment', 'manufactory']]","[0.943, 0.894]","[0.463, 0.415]","[1.0, 0.857]",0.878,1.857,split,,,,,
14,4.0,"['treasury', 'estimate', 'appropriation', 'balance', 'secretary', 'sum', 'january', 'revenue', 'unexpended', 'object']",15,[3],"[['treasury', 'estimate', 'balance', 'january', 'appropriation', 'receipt', 'st', 'secretary', 'quarter', 'expenditure']]",[0.982],[0.882],[0.955],0.882,0.955,continued,,,,,
14,5.0,"['bank', 'institution', 'note', 'charter', 'banking', 'old', 'suspension', 'community', 'trustee', 'individual']",15,[14],"[['treasure', 'speculation', 'finance', 'institution', 'value', 'stand', 'bank', 'specie', 'invariable', 'paper']]",[0.911],[0.379],[0.889],0.379,0.889,disappeared,,,,,
14,6.0,"['mail', 'post', 'transportation', 'office', 'railroad', 'mile', 'revenue', 'building', 'postmaster', 'contract']",15,[7],"[['mail', 'post', 'postmaster', 'railroad', 'transportation', 'office', 'mile', 'contract', 'revenue', 'june']]",[0.977],[0.87],[1.0],0.87,1.0,continued,,,,,
14,7.0,"['land', 'price', 'sell', 'value', 'preemption', 'sale', 'settler', 'occupy', 'tract', 'intrusion']",15,[1],"[['land', 'price', 'sell', 'preemption', 'sale', 'settler', 'value', 'occupy', 'tribe', 'tract']]",[0.983],[0.955],[0.741],0.955,0.741,continued,,,,,
14,8.0,"['intercourse', 'russia', 'sweden', 'austria', 'liberal', 'commercial', 'portugal', 'denmark', 'prussia', 'treaty']",15,[9],"[['treaty', 'intercourse', 'commercial', 'austria', 'friendly', 'prussia', 'belgium', 'ratification', 'belgian', 'naples']]",[0.902],[0.667],[0.8],0.667,0.8,continued,,,,,
14,9.0,"['currency', 'bank', 'paper', 'gold', 'value', 'issue', 'medium', 'metal', 'transfer', 'credit']",15,[10],"[['currency', 'bank', 'metal', 'note', 'issue', 'gold', 'value', 'precious', 'paper', 'circulation']]",[0.973],[1.0],[0.929],1.0,0.929,continued,,,,,
14,10.0,"['tribe', 'indians', 'indian', 'mississippi', 'removal', 'territory', 'seminole', 'west', 'humanity', 'cherokee']",15,[4],"[['indian', 'indians', 'florida', 'tribe', 'mississippi', 'command', 'territory', 'hostility', 'west', 'removal']]",[0.982],[1.0],[0.905],1.0,0.905,continued,,,,,
14,12.0,"['mexico', 'mexican', 'treaty', 'demand', 'commissioner', 'boundary', 'convention', 'frontier', 'republic', 'case']",15,[6],"[['mexico', 'mexican', 'convention', 'minister', 'republic', 'demand', 'commissioner', 'communicate', 'claim', 'redress']]",[0.982],[1.0],[1.0],1.0,1.0,continued,,,,,
14,13.0,"['bank', 'deposit', 'regulate', 'individual', 'treasury', 'connection', 'keep', 'agent', 'safe', 'exercise']",15,[11],"[['bank', 'deposit', 'institution', 'connection', 'individual', 'measure', 'safe', 'keep', 'dependence', 'concern']]",[0.967],[1.0],[0.786],1.0,0.786,continued,,,,,
14,14.0,"['election', 'constitutional', 'constitution', 'consideration', 'exercise', 'local', 'unconstitutional', 'formidable', 'forget', 'hold']",15,[],[],[],[],[],0.0,0.0,disappeared,,,,,
14,15.0,"['britain', 'british', 'line', 'article', 'boundary', 'proposition', 'north', 'russian', 'coast', 'adjustment']",15,[2],"[['britain', 'british', 'treaty', 'province', 'canada', 'line', 'correspondence', 'boundary', 'territory', 'article']]",[0.928],[1.0],[0.615],1.0,0.615,continued,,,,,
14,16.0,"['officer', 'office', 'department', 'intrust', 'suggestion', 'keep', 'money', 'collector', 'collection', 'disbursement']",15,[],[],[],[],[],0.0,0.0,disappeared,,,,,
14,18.0,"['vessel', 'port', 'cargoe', 'duty', 'tonnage', 'spanish', 'spain', 'discriminate', 'discrimination', 'discriminating']",15,[17],"[['vessel', 'slave', 'portugal', 'flag', 'cargoe', 'africa', 'portuguese', 'suppression', 'coast', 'piracy']]",[0.865],[0.875],[0.625],0.875,0.625,unclear,,,,,
14,19.0,"['court', 'circuit', 'district', 'writ', 'judge', 'mandamus', 'postmaster', 'judicial', 'ministerial', 'maryland']",15,[13],"[['court', 'circuit', 'district', 'case', 'writ', 'tribunal', 'mandamus', 'decision', 'postmaster', 'judge']]",[0.936],[1.0],[0.667],1.0,0.667,continued,,,,,
14,,,15,,,,"[0.944, 0.778]","[0.7, 0.3]",1.722,1.0,merge,"[11, 17]","[['republic', 'peru', 'colombia', 'venezuela', 'brazil', 'argentine', 'claim', 'confederation', 'treaty', 'diplomatic'], ['spain', 'convention', 'sicily', 'claim', 'pay', 'internal', 'installment', 'madrid', 'indemnification', 'queen']]",5.0,"['republic', 'claim', 'peru', 'spain', 'ecuador', 'treaty', 'brazil', 'convention', 'colombia', 'delay']","[0.906, 0.798]"
15,0.0,"['constitution', 'revenue', 'duty', 'surplus', 'distribution', 'influence', 'appropriation', 'produce', 'ration', 'taxis']",16,[11],"[['appropriation', 'legislature', 'necessity', 'constitution', 'surplus', 'reduction', 'revenue', 'fidelity', 'expenditure', 'proof']]",[0.949],[0.66],[0.875],0.66,0.875,continued,,,,,
15,1.0,"['land', 'price', 'sell', 'preemption', 'sale', 'settler', 'value', 'occupy', 'tribe', 'tract']",16,[9],"[['land', 'price', 'acre', 'minimum', 'settler', 'mineral', 'preemption', 'establishment', 'rate', 'inferior']]",[0.936],[0.815],[0.778],0.815,0.778,continued,,,,,
15,2.0,"['britain', 'british', 'treaty', 'province', 'canada', 'line', 'correspondence', 'boundary', 'territory', 'article']",16,[1],"[['british', 'territory', 'britain', 'treaty', 'oregon', 'negotiation', 'stipulation', 'line', 'case', 'claim']]",[0.954],[0.846],[0.625],0.846,0.625,continued,,,,,
15,3.0,"['treasury', 'estimate', 'balance', 'january', 'appropriation', 'receipt', 'st', 'secretary', 'quarter', 'expenditure']",16,[8],"[['treasury', 'st', 'estimate', 'balance', 'outstanding', 'january', 'receipt', 'quarter', 'fiscal', 'loan']]",[0.95],[0.818],[1.0],0.818,1.0,continued,,,,,
15,4.0,"['indian', 'indians', 'florida', 'tribe', 'mississippi', 'command', 'territory', 'hostility', 'west', 'removal']",16,[10],"[['florida', 'indians', 'troop', 'hostility', 'indian', 'command', 'summer', 'west', 'tribe', 'officer']]",[0.928],[0.905],[0.778],0.905,0.778,continued,,,,,
15,7.0,"['mail', 'post', 'postmaster', 'railroad', 'transportation', 'office', 'mile', 'contract', 'revenue', 'june']",16,[6],"[['mail', 'postmaster', 'transportation', 'expenditure', 'railroad', 'post', 'revenue', 'postage', 'office', 'compensation']]",[0.971],[0.947],[0.923],0.947,0.923,continued,,,,,
15,8.0,"['providence', 'health', 'gratitude', 'blessing', 'husbandman', 'bestow', 'sure', 'happily', 'satisfaction', 'disease']",16,[7],"[['providence', 'husbandman', 'season', 'gratitude', 'happiness', 'health', 'partial', 'preserve', 'earth', 'blessing']]",[0.955],[0.75],[1.0],0.75,1.0,continued,,,,,
15,9.0,"['treaty', 'intercourse', 'commercial', 'austria', 'friendly', 'prussia', 'belgium', 'ratification', 'belgian', 'naples']",16,[],[],[],[],[],0.0,0.0,disappeared,,,,,
15,10.0,"['currency', 'bank', 'metal', 'note', 'issue', 'gold', 'value', 'precious', 'paper', 'circulation']",16,[],[],[],[],[],0.0,0.0,disappeared,,,,,
15,13.0,"['court', 'circuit', 'district', 'case', 'writ', 'tribunal', 'mandamus', 'decision', 'postmaster', 'judge']",16,[],[],[],[],[],0.0,0.0,disappeared,,,,,
15,15.0,"['bank', 'circulation', 'paper', 'bill', 'exchange', 'note', 'currency', 'propose', 'specie', 'silver']",16,[4],"[['circulation', 'currency', 'bank', 'paper', 'issue', 'note', 'exchange', 'specie', 'bill', 'silver']]",[0.969],[1.0],[0.647],1.0,0.647,continued,,,,,
15,16.0,"['charter', 'note', 'trustee', 'old', 'expiration', 'bank', 'corporation', 'stock', 'cancel', 'reissue']",16,[],[],[],[],[],0.0,0.0,disappeared,,,,,
15,18.0,"['army', 'ordnance', 'corps', 'recommend', 'staff', 'establishment', 'reorganization', 'educate', 'enlistment', 'manufactory']",16,[],[],[],[],[],0.0,0.0,disappeared,,,,,
15,,,16,,,,"[0.85, 0.95]","[0.34, 0.566]",1.8,0.906,merge,"[5, 6]","[['republic', 'claim', 'peru', 'spain', 'ecuador', 'treaty', 'brazil', 'convention', 'colombia', 'delay'], ['mexico', 'mexican', 'convention', 'minister', 'republic', 'demand', 'commissioner', 'communicate', 'claim', 'redress']]",0.0,"['mexico', 'texas', 'claim', 'republic', 'mexican', 'treaty', 'convention', 'annexation', 'th', 'minister']","[0.846, 0.94]"
15,,,16,,,,"[1.0, 0.75]","[0.565, 0.304]",1.75,0.87,merge,"[12, 17]","[['navy', 'naval', 'squadron', 'coast', 'ship', 'vessel', 'station', 'employ', 'secretary', 'complete'], ['vessel', 'slave', 'portugal', 'flag', 'cargoe', 'africa', 'portuguese', 'suppression', 'coast', 'piracy']]",2.0,"['navy', 'ship', 'coast', 'officer', 'appropriation', 'vessel', 'secretary', 'flag', 'steam', 'branch']","[0.928, 0.84]"
15,,,16,,,,"[1.0, 1.0]","[0.476, 0.381]",2.0,0.857,merge,"[11, 14]","[['bank', 'deposit', 'institution', 'connection', 'individual', 'measure', 'safe', 'keep', 'dependence', 'concern'], ['treasure', 'speculation', 'finance', 'institution', 'value', 'stand', 'bank', 'specie', 'invariable', 'paper']]",3.0,"['bank', 'institution', 'suspension', 'banking', 'credit', 'center', 'afford', 'influence', 'currency', 'community']","[0.942, 0.911]"
16,0.0,"['mexico', 'texas', 'claim', 'republic', 'mexican', 'treaty', 'convention', 'annexation', 'th', 'minister']",17,[4],"[['claim', 'convention', 'treaty', 'mexico', 'commissioner', 'payment', 'pay', 'th', 'republic', 'indemnity']]",[0.927],[0.415],[0.967],0.415,0.967,unclear,,,,,
16,1.0,"['british', 'territory', 'britain', 'treaty', 'oregon', 'negotiation', 'stipulation', 'line', 'case', 'claim']",17,[15],"[['negotiation', 'proposition', 'columbia', 'british', 'britain', 'territory', 'north', 'plenipotentiary', 'oregon', 'compromise']]",[0.912],[0.525],[1.0],0.525,1.0,continued,,,,,
16,2.0,"['navy', 'ship', 'coast', 'officer', 'appropriation', 'vessel', 'secretary', 'flag', 'steam', 'branch']",17,[7],"[['secretary', 'navy', 'army', 'officer', 'efficiency', 'condition', 'operation', 'supply', 'refer', 'attorney']]",[0.883],[0.391],[0.789],0.391,0.789,disappeared,,,,,
16,3.0,"['bank', 'institution', 'suspension', 'banking', 'credit', 'center', 'afford', 'influence', 'currency', 'community']",17,[],[],[],[],[],0.0,0.0,disappeared,,,,,
16,4.0,"['circulation', 'currency', 'bank', 'paper', 'issue', 'note', 'exchange', 'specie', 'bill', 'silver']",17,[],[],[],[],[],0.0,0.0,disappeared,,,,,
16,5.0,"['duty', 'article', 'revenue', 'rate', 'impose', 'cent', 'wine', 'tariff', 'raise', 'tax']",17,[2],"[['revenue', 'duty', 'article', 'impose', 'tariff', 'rate', 'tax', 'import', 'class', 'manufacture']]",[0.964],[0.941],[0.867],0.941,0.867,continued,,,,,
16,6.0,"['mail', 'postmaster', 'transportation', 'expenditure', 'railroad', 'post', 'revenue', 'postage', 'office', 'compensation']",17,[13],"[['postmaster', 'mail', 'postage', 'expenditure', 'revenue', 'mile', 'rate', 'income', 'march', 'modification']]",[0.936],[0.923],[1.0],0.923,1.0,continued,,,,,
16,7.0,"['providence', 'husbandman', 'season', 'gratitude', 'happiness', 'health', 'partial', 'preserve', 'earth', 'blessing']",17,[],[],[],[],[],0.0,0.0,disappeared,,,,,
16,8.0,"['treasury', 'st', 'estimate', 'balance', 'outstanding', 'january', 'receipt', 'quarter', 'fiscal', 'loan']",17,[],[],[],[],[],0.0,0.0,disappeared,,,,,
16,9.0,"['land', 'price', 'acre', 'minimum', 'settler', 'mineral', 'preemption', 'establishment', 'rate', 'inferior']",17,[9],"[['land', 'price', 'sale', 'acre', 'quantity', 'market', 'minimum', 'settler', 'unsold', 'purchase']]",[0.901],[0.667],[0.875],0.667,0.875,continued,,,,,
16,10.0,"['florida', 'indians', 'troop', 'hostility', 'indian', 'command', 'summer', 'west', 'tribe', 'officer']",17,[8],"[['tribe', 'indian', 'oregon', 'indians', 'territory', 'treaty', 'provision', 'reside', 'rocky', 'education']]",[0.721],[0.333],[0.438],0.333,0.438,disappeared,,,,,
16,11.0,"['appropriation', 'legislature', 'necessity', 'constitution', 'surplus', 'reduction', 'revenue', 'fidelity', 'expenditure', 'proof']",17,[],[],[],[],[],0.0,0.0,disappeared,,,,,
16,12.0,"['expenditure', 'revenue', 'th', 'money', 'reduction', 'deposit', 'exceed', 'previously', 'payment', 'accrue']",17,[],[],[],[],[],0.0,0.0,disappeared,,,,,
16,13.0,"['european', 'continent', 'interference', 'principle', 'north', 'independent', 'attempt', 'interfere', 'resist', 'balance']",17,[10],"[['continent', 'european', 'interference', 'principle', 'colony', 'commercial', 'independent', 'north', 'territory', 'attempt']]",[0.936],[1.0],[0.643],1.0,0.643,continued,,,,,
17,0.0,"['treasury', 'loan', 'bank', 'currency', 'fiscal', 'estimate', 'paper', 'note', 'institution', 'issue']",18,[3],"[['bank', 'treasury', 'currency', 'keep', 'paper', 'disbursement', 'constitutional', 'specie', 'loan', 'credit']]",[0.91],[0.379],[0.913],0.379,0.913,disappeared,,,,,
17,1.0,"['mexico', 'redress', 'mexican', 'wrong', 'demand', 'property', 'parede', 'honorable', 'person', 'hostility']",18,[],[],[],[],[],0.0,0.0,disappeared,,,,,
17,2.0,"['revenue', 'duty', 'article', 'impose', 'tariff', 'rate', 'tax', 'import', 'class', 'manufacture']",18,[2],"[['revenue', 'article', 'duty', 'tariff', 'impose', 'rate', 'produce', 'manufacture', 'tax', 'class']]",[0.992],[0.867],[0.974],0.867,0.974,continued,,,,,
17,3.0,"['constitution', 'bill', 'exercise', 'pass', 'vote', 'majority', 'legislative', 'veto', 'senator', 'house']",18,[],[],[],[],[],0.0,0.0,disappeared,,,,,
17,4.0,"['claim', 'convention', 'treaty', 'mexico', 'commissioner', 'payment', 'pay', 'th', 'republic', 'indemnity']",18,[],[],[],[],[],0.0,0.0,disappeared,,,,,
17,5.0,"['texas', 'mexico', 'annexation', 'territory', 'rio', 'independent', 'independence', 'army', 'mexican', 'grande']",18,[],[],[],[],[],0.0,0.0,disappeared,,,,,
17,6.0,"['steamer', 'mail', 'navy', 'vessel', 'steam', 'naval', 'transportation', 'contract', 'construction', 'lake']",18,[],[],[],[],[],0.0,0.0,disappeared,,,,,
17,7.0,"['secretary', 'navy', 'army', 'officer', 'efficiency', 'condition', 'operation', 'supply', 'refer', 'attorney']",18,[],[],[],[],[],0.0,0.0,disappeared,,,,,
17,8.0,"['tribe', 'indian', 'oregon', 'indians', 'territory', 'treaty', 'provision', 'reside', 'rocky', 'education']",18,[],[],[],[],[],0.0,0.0,disappeared,,,,,
17,9.0,"['land', 'price', 'sale', 'acre', 'quantity', 'market', 'minimum', 'settler', 'unsold', 'purchase']",18,[],[],[],[],[],0.0,0.0,disappeared,,,,,
17,10.0,"['continent', 'european', 'interference', 'principle', 'colony', 'commercial', 'independent', 'north', 'territory', 'attempt']",18,[],[],[],[],[],0.0,0.0,disappeared,,,,,
17,11.0,"['army', 'enemy', 'officer', 'line', 'force', 'soldier', 'mexico', 'navy', 'volunteer', 'post']",18,[],[],[],[],[],0.0,0.0,disappeared,,,,,
17,12.0,"['california', 'mine', 'coast', 'gold', 'mineral', 'wealth', 'rich', 'metal', 'command', 'precious']",18,[],[],[],[],[],0.0,0.0,disappeared,,,,,
17,13.0,"['postmaster', 'mail', 'postage', 'expenditure', 'revenue', 'mile', 'rate', 'income', 'march', 'modification']",18,[4],"[['postage', 'postmaster', 'reduction', 'mail', 'rate', 'letter', 'revenue', 'cent', 'recommend', 'reduce']]",[0.943],[0.857],[0.938],0.857,0.938,continued,,,,,
17,14.0,"['province', 'mexico', 'california', 'cession', 'californias', 'grande', 'rio', 'boundary', 'conqueror', 'conquest']",18,[],[],[],[],[],0.0,0.0,disappeared,,,,,
17,15.0,"['negotiation', 'proposition', 'columbia', 'british', 'britain', 'territory', 'north', 'plenipotentiary', 'oregon', 'compromise']",18,[],[],[],[],[],0.0,0.0,disappeared,,,,,
17,16.0,"['privateer', 'marque', 'blank', 'spanish', 'pirate', 'immediately', 'vessel', 'letter', 'commission', 'mexican']",18,[],[],[],[],[],0.0,0.0,disappeared,,,,,
17,17.0,"['commissioner', 'army', 'dispatch', 'receive', 'headquarters', 'secretary', 'affairs', 'mexico', 'command', 'presence']",18,[],[],[],[],[],0.0,0.0,disappeared,,,,,
17,18.0,"['case', 'arise', 'slave', 'treaty', 'detention', 'sea', 'message', 'stipulation', 'british', 'vessel']",18,[],[],[],[],[],0.0,0.0,disappeared,,,,,
18,0.0,"['mexico', 'territory', 'texas', 'treaty', 'mexican', 'army', 'constitution', 'th', 'claim', 'officer']",19,[],[],[],[],[],0.0,0.0,disappeared,,,,,
18,1.0,"['treasury', 'estimate', 'loan', 'expenditure', 'fiscal', 'th', 'sum', 'june', 'balance', 'reduce']",19,[12],"[['estimate', 'treasury', 'expenditure', 'sum', 'july', 'include', 'st', 'account', 'deficit', 'appropriation']]",[0.941],[0.521],[1.0],0.521,1.0,continued,,,,,
18,2.0,"['revenue', 'article', 'duty', 'tariff', 'impose', 'rate', 'produce', 'manufacture', 'tax', 'class']",19,[9],"[['tariff', 'revenue', 'manufacture', 'protective', 'duty', 'tax', 'article', 'competition', 'rate', 'favor']]",[0.972],[0.897],[1.0],0.897,1.0,continued,,,,,
18,3.0,"['bank', 'treasury', 'currency', 'keep', 'paper', 'disbursement', 'constitutional', 'specie', 'loan', 'credit']",19,[11],"[['bank', 'currency', 'bankruptcy', 'credit', 'loan', 'revulsion', 'paper', 'occur', 'disbursement', 'satisfied']]",[0.946],[0.739],[1.0],0.739,1.0,continued,,,,,
18,4.0,"['postage', 'postmaster', 'reduction', 'mail', 'rate', 'letter', 'revenue', 'cent', 'recommend', 'reduce']",19,[5],"[['postage', 'postmaster', 'post', 'mail', 'office', 'reduction', 'rate', 'transportation', 'cent', 'mile']]",[0.931],[0.938],[0.75],0.938,0.75,continued,,,,,
18,5.0,"['export', 'value', 'domestic', 'fiscal', 'specie', 'end', 'june', 'import', 'cotton', 'crop']",19,[13],"[['export', 'value', 'specie', 'fiscal', 'domestic', 'import', 'cotton', 'end', 'crop', 'compare']]",[0.981],[1.0],[1.0],1.0,1.0,continued,,,,,
18,6.0,"['agricultural', 'bureau', 'soil', 'cultivation', 'agriculture', 'encouragement', 'seed', 'analysis', 'prosper', 'population']",19,[17],"[['agricultural', 'bureau', 'soil', 'cultivation', 'encouragement', 'agriculture', 'seed', 'promote', 'analysis', 'plant']]",[0.962],[1.0],[0.714],1.0,0.714,continued,,,,,
18,7.0,"['food', 'product', 'demand', 'market', 'price', 'increase', 'gratifying', 'receive', 'fair', 'enlarge']",19,[],[],[],[],[],0.0,0.0,disappeared,,,,,
18,8.0,"['mile', 'transportation', 'annual', 'cost', 'mail', 'route', 'thereon', 'length', 'precede', 'expense']",19,[],[],[],[],[],0.0,0.0,disappeared,,,,,
19,0.0,"['blessing', 'institution', 'liberty', 'self', 'honor', 'hand', 'war', 'individual', 'form', 'revolution']",20,[1],"[['blessing', 'revolution', 'liberty', 'wisdom', 'mind', 'honor', 'sacred', 'enjoy', 'institution', 'integrity']]",[0.96],[0.63],[0.962],0.63,0.962,continued,,,,,
19,1.0,"['mexico', 'treaty', 'republic', 'mexican', 'nicaragua', 'territory', 'army', 'isthmus', 'commissioner', 'boundary']",20,[20],"[['republic', 'mexican', 'mexico', 'obligation', 'obstacle', 'enterprise', 'object', 'injury', 'ocean', 'claim']]",[0.924],[0.365],[1.0],0.365,1.0,disappeared,,,,,
19,2.0,"['constitution', 'bill', 'pass', 'exercise', 'majority', 'vote', 'legislative', 'veto', 'senator', 'constitutional']",20,[],[],[],[],[],0.0,0.0,disappeared,,,,,
19,3.0,"['acre', 'sell', 'warrant', 'locate', 'land', 'survey', 'appropriation', 'complete', 'dock', 'census']",20,[11],"[['compensation', 'work', 'complete', 'census', 'lose', 'commissioner', 'harbor', 'apportionment', 'appropriation', 'commence']]",[0.931],[0.441],[1.0],0.441,1.0,unclear,,,,,
19,4.0,"['navy', 'officer', 'secretary', 'army', 'efficiency', 'seaman', 'discipline', 'grade', 'naval', 'corps']",20,[0],"[['navy', 'army', 'naval', 'seaman', 'secretary', 'efficiency', 'officer', 'artillery', 'ship', 'discipline']]",[0.955],[0.882],[0.793],0.882,0.793,continued,,,,,
19,5.0,"['postage', 'postmaster', 'post', 'mail', 'office', 'reduction', 'rate', 'transportation', 'cent', 'mile']",20,[4],"[['postmaster', 'post', 'mail', 'postage', 'office', 'mile', 'transportation', 'receipt', 'expenditure', 'rate']]",[0.98],[0.875],[1.0],0.875,1.0,continued,,,,,
19,6.0,"['cuba', 'minister', 'island', 'consul', 'spanish', 'expedition', 'spain', 'havana', 'france', 'captain']",20,[6],"[['cuba', 'spanish', 'spain', 'island', 'minister', 'captain', 'havana', 'expedition', 'board', 'neutral']]",[0.929],[0.52],[0.778],0.52,0.778,continued,,,,,
19,7.0,"['gold', 'california', 'mine', 'mineral', 'metal', 'coast', 'wealth', 'precious', 'mint', 'rich']",20,[29],"[['greatly', 'railroad', 'route', 'communication', 'commercial', 'exploration', 'enhance', 'economical', 'importance', 'deem']]",[0.716],[0.409],[0.333],0.409,0.333,disappeared,,,,,
19,8.0,"['tribe', 'indians', 'indian', 'oregon', 'texas', 'territory', 'mile', 'california', 'treaty', 'mexico']",20,[13],"[['indians', 'tribe', 'territory', 'apart', 'oregon', 'white', 'settlement', 'remove', 'frontier', 'portion']]",[0.956],[0.818],[1.0],0.818,1.0,continued,,,,,
19,9.0,"['tariff', 'revenue', 'manufacture', 'protective', 'duty', 'tax', 'article', 'competition', 'rate', 'favor']",20,[9],"[['tariff', 'revenue', 'article', 'import', 'duty', 'manufacture', 'valorem', 'ad', 'modification', 'reduction']]",[0.933],[0.895],[0.929],0.895,0.929,continued,,,,,
19,10.0,"['british', 'treaty', 'vessel', 'convention', 'province', 'britain', 'arrangement', 'naval', 'negotiation', 'fish']",20,[7],"[['british', 'province', 'treaty', 'britain', 'central', 'convention', 'question', 'coast', 'north', 'fish']]",[0.915],[0.444],[0.944],0.444,0.944,unclear,,,,,
19,11.0,"['bank', 'currency', 'bankruptcy', 'credit', 'loan', 'revulsion', 'paper', 'occur', 'disbursement', 'satisfied']",20,[8],"[['bank', 'circulation', 'currency', 'paper', 'gold', 'coin', 'silver', 'loan', 'specie', 'deposit']]",[0.903],[0.909],[0.875],0.909,0.875,continued,,,,,
19,12.0,"['estimate', 'treasury', 'expenditure', 'sum', 'july', 'include', 'st', 'account', 'deficit', 'appropriation']",20,[21],"[['expenditure', 'estimate', 'sum', 'acquisition', 'ordinary', 'appropriation', 'reduction', 'account', 'mexico', 'average']]",[0.935],[0.727],[0.875],0.727,0.875,continued,,,,,
19,13.0,"['export', 'value', 'specie', 'fiscal', 'domestic', 'import', 'cotton', 'end', 'crop', 'compare']",20,[25],"[['export', 'value', 'specie', 'fiscal', 'cotton', 'price', 'import', 'crop', 'compare', 'end']]",[0.996],[1.0],[1.0],1.0,1.0,continued,,,,,
19,14.0,"['japan', 'open', 'expedition', 'commercial', 'intercourse', 'china', 'asia', 'pacific', 'empire', 'command']",20,[26],"[['japan', 'expedition', 'pacific', 'asia', 'china', 'eastern', 'intercourse', 'open', 'seas', 'command']]",[0.955],[0.75],[0.857],0.75,0.857,continued,,,,,
19,15.0,"['treasury', 'june', 'expenditure', 'balance', 'receipt', 'fiscal', 'amount', 'aggregate', 'end', 'available']",20,[5],"[['fiscal', 'treasury', 'balance', 'receipt', 'quarter', 'estimate', 'june', 'expenditure', 'amount', 'remain']]",[0.913],[1.0],[0.6],1.0,0.6,continued,,,,,
19,16.0,"['finance', 'treasury', 'secretary', 'annual', 'statement', 'detail', 'condition', 'exhibit', 'amount', 'details']",20,[],[],[],[],[],0.0,0.0,disappeared,,,,,
19,17.0,"['agricultural', 'bureau', 'soil', 'cultivation', 'encouragement', 'agriculture', 'seed', 'promote', 'analysis', 'plant']",20,[],[],[],[],[],0.0,0.0,disappeared,,,,,
19,18.0,"['texas', 'stock', 'release', 'file', 'treasury', 'creditor', 'issue', 'prescribe', 'th', 'september']",20,[22],"[['texas', 'stock', 'treasury', 'release', 'file', 'creditor', 'st', 'th', 'prescribe', 'issue']]",[0.967],[0.857],[0.875],0.857,0.875,continued,,,,,
19,19.0,"['columbia', 'district', 'guardian', 'relation', 'commend', 'inhabitant', 'city', 'liberal', 'object', 'washington']",20,[28],"[['columbia', 'district', 'relation', 'commend', 'liberal', 'peculiar', 'city', 'especially', 'inhabitant', 'washington']]",[0.966],[0.833],[1.0],0.833,1.0,continued,,,,,
19,20.0,"['domain', 'work', 'rapid', 'intelligence', 'improvement', 'commendable', 'wing', 'construction', 'internal', 'grant']",20,[18],"[['domain', 'work', 'growth', 'land', 'proprietor', 'interior', 'construction', 'improvement', 'experience', 'rapid']]",[0.972],[1.0],[1.0],1.0,1.0,continued,,,,,
20,0.0,"['navy', 'army', 'naval', 'seaman', 'secretary', 'efficiency', 'officer', 'artillery', 'ship', 'discipline']",21,[19],"[['navy', 'secretary', 'efficiency', 'construction', 'vessel', 'draft', 'recommend', 'naval', 'light', 'recommendation']]",[0.921],[0.69],[0.9],0.69,0.9,continued,,,,,
20,1.0,"['blessing', 'revolution', 'liberty', 'wisdom', 'mind', 'honor', 'sacred', 'enjoy', 'institution', 'integrity']",21,[17],"[['domestic', 'danger', 'liberty', 'apprehension', 'blessing', 'providence', 'institution', 'integrity', 'generation', 'human']]",[0.929],[0.731],[0.917],0.731,0.917,continued,,,,,
20,2.0,"['kansas', 'slavery', 'election', 'constitution', 'majority', 'vote', 'territory', 'convention', 'delegate', 'institution']",21,"[13, 25]","[['kansas', 'vote', 'election', 'majority', 'constitution', 'party', 'topeka', 'slavery', 'civil', 'frame'], ['slavery', 'majority', 'constitution', 'kansas', 'convention', 'institution', 'delegate', 'vote', 'form', 'admission']]","[0.953, 0.929]","[0.36, 0.32]","[1.0, 1.0]",0.68,2.0,unclear,,,,,
20,3.0,"['treaty', 'honduras', 'britain', 'central', 'convention', 'hondura', 'ratification', 'bay', 'ratify', 'balize']",21,[7],"[['honduras', 'treaty', 'britain', 'central', 'convention', 'hondura', 'bay', 'coast', 'republic', 'british']]",[0.991],[0.864],[1.0],0.864,1.0,continued,,,,,
20,4.0,"['postmaster', 'post', 'mail', 'postage', 'office', 'mile', 'transportation', 'receipt', 'expenditure', 'rate']",21,[15],"[['postmaster', 'mail', 'post', 'office', 'transportation', 'end', 'expenditure', 'june', 'postage', 'treasury']]",[0.926],[0.9],[0.786],0.9,0.786,continued,,,,,
20,5.0,"['fiscal', 'treasury', 'balance', 'receipt', 'quarter', 'estimate', 'june', 'expenditure', 'amount', 'remain']",21,[3],"[['fiscal', 'estimate', 'treasury', 'june', 'expenditure', 'balance', 'quarter', 'july', 'receipt', 'aggregate']]",[0.968],[0.85],[0.913],0.85,0.913,continued,,,,,
20,6.0,"['cuba', 'spanish', 'spain', 'island', 'minister', 'captain', 'havana', 'expedition', 'board', 'neutral']",21,[5],"[['spanish', 'spain', 'claim', 'cuba', 'amistad', 'madrid', 'december', 'cuban', 'claimant', 'urge']]",[0.904],[0.778],[0.895],0.778,0.895,continued,,,,,
20,7.0,"['british', 'province', 'treaty', 'britain', 'central', 'convention', 'question', 'coast', 'north', 'fish']",21,[20],"[['treaty', 'question', 'adjust', 'britain', 'central', 'clayton', 'bulwer', 'friendly', 'british', 'misunderstanding']]",[0.945],[0.833],[1.0],0.833,1.0,continued,,,,,
20,8.0,"['bank', 'circulation', 'currency', 'paper', 'gold', 'coin', 'silver', 'loan', 'specie', 'deposit']",21,[12],"[['bank', 'circulation', 'currency', 'specie', 'paper', 'deposit', 'gold', 'loan', 'dollar', 'issue']]",[0.991],[0.875],[1.0],0.875,1.0,continued,,,,,
20,9.0,"['tariff', 'revenue', 'article', 'import', 'duty', 'manufacture', 'valorem', 'ad', 'modification', 'reduction']",21,[2],"[['duty', 'revenue', 'specific', 'tariff', 'article', 'manufacturer', 'valorem', 'ad', 'manufacture', 'import']]",[0.936],[0.929],[0.87],0.929,0.87,continued,,,,,
20,10.0,"['denmark', 'sound', 'due', 'baltic', 'cargoe', 'convention', 'arrangement', 'toll', 'tribute', 'navigation']",21,[16],"[['denmark', 'sound', 'baltic', 'due', 'arrangement', 'cargoe', 'toll', 'tribute', 'convention', 'proposition']]",[0.996],[1.0],[1.0],1.0,1.0,continued,,,,,
20,11.0,"['compensation', 'work', 'complete', 'census', 'lose', 'commissioner', 'harbor', 'apportionment', 'appropriation', 'commence']",21,[22],"[['bill', 'approve', 'inconvenience', 'rule', 'approval', 'practice', 'appropriation', 'elect', 'examine', 'present']]",[0.744],[0.308],[0.333],0.308,0.333,disappeared,,,,,
20,12.0,"['institution', 'agitation', 'agitator', 'southern', 'equally', 'social', 'self', 'domestic', 'passion', 'organization']",21,[8],"[['institution', 'social', 'southern', 'agitation', 'domestic', 'agitator', 'existence', 'organization', 'passion', 'evil']]",[0.957],[1.0],[0.667],1.0,0.667,continued,,,,,
20,13.0,"['indians', 'tribe', 'territory', 'apart', 'oregon', 'white', 'settlement', 'remove', 'frontier', 'portion']",21,[],[],[],[],[],0.0,0.0,disappeared,,,,,
20,14.0,"['naval', 'privateer', 'belligerent', 'paris', 'declaration', 'property', 'propose', 'proposition', 'maritime', 'armed']",21,[18],"[['naval', 'privateer', 'belligerent', 'paris', 'declaration', 'maritime', 'propose', 'proposition', 'property', 'privateering']]",[0.977],[0.917],[0.909],0.917,0.909,continued,,,,,
20,15.0,"['panama', 'isthmus', 'granada', 'company', 'nicaragua', 'juan', 'peruvian', 'railroad', 'peru', 'san']",21,[9],"[['route', 'nicaragua', 'isthmus', 'transit', 'panama', 'pacific', 'company', 'atlantic', 'communication', 'treaty']]",[0.919],[0.667],[0.812],0.667,0.812,continued,,,,,
20,16.0,"['acre', 'locate', 'sell', 'warrant', 'land', 'swamp', 'survey', 'quantity', 'aggregate', 'market']",21,[],[],[],[],[],0.0,0.0,disappeared,,,,,
20,17.0,"['repeal', 'statute', 'compact', 'territory', 'restriction', 'louisiana', 'book', 'open', 'null', 'enactment']",21,[29],"[['repeal', 'statute', 'compact', 'open', 'null', 'field', 'louisiana', 'book', 'unrepeale', 'organize']]",[0.949],[0.8],[1.0],0.8,1.0,continued,,,,,
20,18.0,"['domain', 'work', 'growth', 'land', 'proprietor', 'interior', 'construction', 'improvement', 'experience', 'rapid']",21,[],[],[],[],[],0.0,0.0,disappeared,,,,,
20,19.0,"['mexico', 'boundary', 'line', 'point', 'run', 'treaty', 'initial', 'guadalupe', 'hidalgo', 'mexican']",21,[],[],[],[],[],0.0,0.0,disappeared,,,,,
20,20.0,"['republic', 'mexican', 'mexico', 'obligation', 'obstacle', 'enterprise', 'object', 'injury', 'ocean', 'claim']",21,[0],"[['mexico', 'mexican', 'republic', 'redress', 'constitutional', 'wrong', 'minister', 'capital', 'injury', 'outrage']]",[0.93],[0.9],[0.667],0.9,0.667,continued,,,,,
20,21.0,"['expenditure', 'estimate', 'sum', 'acquisition', 'ordinary', 'appropriation', 'reduction', 'account', 'mexico', 'average']",21,[31],"[['expenditure', 'amount', 'sum', 'treasury', 'june', 'fiscal', 'end', 'department', 'total', 'contingent']]",[0.842],[1.0],[0.6],1.0,0.6,unclear,,,,,
20,22.0,"['texas', 'stock', 'treasury', 'release', 'file', 'creditor', 'st', 'th', 'prescribe', 'issue']",21,[],[],[],[],[],0.0,0.0,disappeared,,,,,
20,23.0,"['constitution', 'judicial', 'fugitive', 'person', 'declare', 'judge', 'clause', 'information', 'aim', 'magistrate']",21,[],[],[],[],[],0.0,0.0,disappeared,,,,,
20,24.0,"['smyrna', 'body', 'koszta', 'turkish', 'kossuth', 'release', 'austria', 'spanish', 'th', 'prisoner']",21,[],[],[],[],[],0.0,0.0,disappeared,,,,,
20,25.0,"['export', 'value', 'specie', 'fiscal', 'cotton', 'price', 'import', 'crop', 'compare', 'end']",21,[],[],[],[],[],0.0,0.0,disappeared,,,,,
20,26.0,"['japan', 'expedition', 'pacific', 'asia', 'china', 'eastern', 'intercourse', 'open', 'seas', 'command']",21,[],[],[],[],[],0.0,0.0,disappeared,,,,,
20,27.0,"['local', 'constitution', 'purpose', 'grant', 'constitutional', 'reserve', 'separate', 'sovereignty', 'confederate', 'enumerate']",21,[1],"[['constitution', 'amendment', 'confederation', 'legislature', 'enumerate', 'article', 'delegate', 'clause', 'reserve', 'expressly']]",[0.911],[0.714],[0.68],0.714,0.68,continued,,,,,
20,28.0,"['columbia', 'district', 'relation', 'commend', 'liberal', 'peculiar', 'city', 'especially', 'inhabitant', 'washington']",21,[10],"[['territory', 'district', 'columbia', 'land', 'settler', 'vice', 'education', 'actual', 'population', 'senator']]",[0.748],[0.857],[0.312],0.857,0.312,disappeared,,,,,
20,29.0,"['greatly', 'railroad', 'route', 'communication', 'commercial', 'exploration', 'enhance', 'economical', 'importance', 'deem']",21,[26],"[['road', 'railroad', 'pacific', 'construction', 'west', 'mountains', 'regularly', 'rocky', 'route', 'undertake']]",[0.841],[0.667],[1.0],0.667,1.0,unclear,,,,,
20,30.0,"['fraud', 'importer', 'book', 'specific', 'levy', 'duty', 'evidence', 'false', 'treasury', 'perjury']",21,[],[],[],[],[],0.0,0.0,disappeared,,,,,
21,0.0,"['mexico', 'mexican', 'republic', 'redress', 'constitutional', 'wrong', 'minister', 'capital', 'injury', 'outrage']",22,[7],"[['mexico', 'mexican', 'republic', 'constitutional', 'redress', 'property', 'arizona', 'wrong', 'miramon', 'establish']]",[0.988],[0.861],[1.0],0.861,1.0,continued,,,,,
21,1.0,"['constitution', 'amendment', 'confederation', 'legislature', 'enumerate', 'article', 'delegate', 'clause', 'reserve', 'expressly']",22,[2],"[['constitution', 'legislature', 'amendment', 'constitutional', 'sovereign', 'article', 'slave', 'exercise', 'confederation', 'provision']]",[0.981],[1.0],[0.806],1.0,0.806,continued,,,,,
21,2.0,"['duty', 'revenue', 'specific', 'tariff', 'article', 'manufacturer', 'valorem', 'ad', 'manufacture', 'import']",22,[16],"[['duty', 'specific', 'revenue', 'article', 'valorem', 'ad', 'tariff', 'manufacturer', 'value', 'price']]",[0.974],[0.783],[1.0],0.783,1.0,continued,,,,,
21,3.0,"['fiscal', 'estimate', 'treasury', 'june', 'expenditure', 'balance', 'quarter', 'july', 'receipt', 'aggregate']",22,[4],"[['treasury', 'fiscal', 'estimate', 'balance', 'june', 'expenditure', 'receipt', 'quarter', 'july', 'aggregate']]",[0.976],[1.0],[0.812],1.0,0.812,continued,,,,,
21,4.0,"['minister', 'french', 'chinese', 'treaty', 'france', 'china', 'empire', 'exchange', 'th', 'plenipotentiary']",22,[5],"[['minister', 'empire', 'treaty', 'china', 'chinese', 'french', 'france', 'exchange', 'brazil', 'th']]",[0.966],[0.909],[0.71],0.909,0.71,continued,,,,,
21,5.0,"['spanish', 'spain', 'claim', 'cuba', 'amistad', 'madrid', 'december', 'cuban', 'claimant', 'urge']",22,[12],"[['spain', 'spanish', 'claim', 'cuba', 'amistad', 'madrid', 'december', 'negotiation', 'cuban', 'minister']]",[0.986],[0.947],[0.944],0.947,0.944,continued,,,,,
21,6.0,"['utah', 'mormon', 'governor', 'territory', 'indian', 'send', 'young', 'rebellion', 'army', 'troop']",22,[9],"[['utah', 'territory', 'mormon', 'governor', 'indian', 'young', 'send', 'troop', 'rebellion', 'officer']]",[0.991],[1.0],[0.9],1.0,0.9,continued,,,,,
21,8.0,"['institution', 'social', 'southern', 'agitation', 'domestic', 'agitator', 'existence', 'organization', 'passion', 'evil']",22,[14],"[['disloyal', 'social', 'hostile', 'sound', 'actuate', 'prudence', 'ambition', 'invoke', 'sure', 'profound']]",[0.851],[0.389],[0.733],0.389,0.733,disappeared,,,,,
21,9.0,"['route', 'nicaragua', 'isthmus', 'transit', 'panama', 'pacific', 'company', 'atlantic', 'communication', 'treaty']",22,[13],"[['route', 'transit', 'nicaragua', 'isthmus', 'panama', 'pacific', 'treaty', 'granada', 'passage', 'pass']]",[0.977],[0.938],[0.824],0.938,0.824,continued,,,,,
21,10.0,"['territory', 'district', 'columbia', 'land', 'settler', 'vice', 'education', 'actual', 'population', 'senator']",22,[3],"[['land', 'territory', 'tribe', 'settlement', 'interior', 'sale', 'acre', 'sum', 'indian', 'population']]",[0.882],[0.75],[0.629],0.75,0.629,unclear,,,,,
21,11.0,"['slave', 'african', 'prohibit', 'civilization', 'importation', 'master', 'africa', 'market', 'reopen', 'extend']",22,[19],"[['slave', 'civilization', 'african', 'master', 'africa', 'market', 'reopen', 'cuba', 'supply', 'domestic']]",[0.937],[0.688],[1.0],0.688,1.0,continued,,,,,
21,12.0,"['bank', 'circulation', 'currency', 'specie', 'paper', 'deposit', 'gold', 'loan', 'dollar', 'issue']",22,[6],"[['bank', 'currency', 'circulation', 'coin', 'paper', 'specie', 'gold', 'credit', 'note', 'dollar']]",[0.971],[1.0],[0.75],1.0,0.75,continued,,,,,
21,13.0,"['kansas', 'vote', 'election', 'majority', 'constitution', 'party', 'topeka', 'slavery', 'civil', 'frame']",22,[1],"[['kansas', 'constitution', 'slavery', 'vote', 'majority', 'election', 'admission', 'convention', 'territory', 'form']]",[0.971],[1.0],[0.514],1.0,0.514,continued,,,,,
21,14.0,"['british', 'island', 'mr', 'authority', 'collision', 'washington', 'britain', 'marcy', 'juan', 'company']",22,[],[],[],[],[],0.0,0.0,disappeared,,,,,
21,15.0,"['postmaster', 'mail', 'post', 'office', 'transportation', 'end', 'expenditure', 'june', 'postage', 'treasury']",22,[15],"[['post', 'office', 'postmaster', 'mail', 'fiscal', 'postal', 'postage', 'deficiency', 'mile', 'expenditure']]",[0.962],[0.929],[0.929],0.929,0.929,continued,,,,,
21,16.0,"['denmark', 'sound', 'baltic', 'due', 'arrangement', 'cargoe', 'toll', 'tribute', 'convention', 'proposition']",22,[],[],[],[],[],0.0,0.0,disappeared,,,,,
21,17.0,"['domestic', 'danger', 'liberty', 'apprehension', 'blessing', 'providence', 'institution', 'integrity', 'generation', 'human']",22,[10],"[['white', 'emancipation', 'slave', 'north', 'slavery', 'color', 'old', 'section', 'wage', 'south']]",[0.928],[0.833],[0.526],0.833,0.526,continued,,,,,
21,18.0,"['naval', 'privateer', 'belligerent', 'paris', 'declaration', 'maritime', 'propose', 'proposition', 'property', 'privateering']",22,[],[],[],[],[],0.0,0.0,disappeared,,,,,
21,19.0,"['navy', 'secretary', 'efficiency', 'construction', 'vessel', 'draft', 'recommend', 'naval', 'light', 'recommendation']",22,[0],"[['vessel', 'navy', 'british', 'naval', 'secretary', 'island', 'authority', 'sea', 'mr', 'report']]",[0.92],[0.9],[0.32],0.9,0.32,disappeared,,,,,
21,21.0,"['kansas', 'territory', 'disorder', 'obstruction', 'occur', 'attainment', 'view', 'lesson', 'irregularity', 'flame']",22,[],[],[],[],[],0.0,0.0,disappeared,,,,,
21,22.0,"['bill', 'approve', 'inconvenience', 'rule', 'approval', 'practice', 'appropriation', 'elect', 'examine', 'present']",22,[8],"[['bill', 'approve', 'inconvenience', 'appropriation', 'rule', 'approval', 'practice', 'recommend', 'present', 'elect']]",[0.94],[1.0],[0.773],1.0,0.773,continued,,,,,
21,23.0,"['constitutional', 'revolution', 'secession', 'constitution', 'exercise', 'legislature', 'party', 'equality', 'territorial', 'resistance']",22,[],[],[],[],[],0.0,0.0,disappeared,,,,,
21,24.0,"['artillery', 'army', 'officer', 'staff', 'duty', 'troop', 'regiment', 'perform', 'additional', 'field']",22,[],[],[],[],[],0.0,0.0,disappeared,,,,,
21,25.0,"['slavery', 'majority', 'constitution', 'kansas', 'convention', 'institution', 'delegate', 'vote', 'form', 'admission']",22,[],[],[],[],[],0.0,0.0,disappeared,,,,,
21,26.0,"['road', 'railroad', 'pacific', 'construction', 'west', 'mountains', 'regularly', 'rocky', 'route', 'undertake']",22,[17],"[['road', 'railroad', 'pacific', 'construction', 'munition', 'construct', 'importance', 'enlarge', 'vast', 'illinois']]",[0.964],[0.857],[1.0],0.857,1.0,continued,,,,,
21,27.0,"['paraguay', 'witch', 'river', 'water', 'steamer', 'republic', 'february', 'commissioner', 'argentine', 'message']",22,[18],"[['rica', 'costa', 'republic', 'granada', 'claim', 'convention', 'connect', 'submit', 'joint', 'commissioner']]",[0.873],[0.857],[0.444],0.857,0.444,unclear,,,,,
21,28.0,"['africa', 'agent', 'commander', 'cyane', 'charge', 'town', 'society', 'deliver', 'coast', 'punta']",22,[],[],[],[],[],0.0,0.0,disappeared,,,,,
21,29.0,"['repeal', 'statute', 'compact', 'open', 'null', 'field', 'louisiana', 'book', 'unrepeale', 'organize']",22,[],[],[],[],[],0.0,0.0,disappeared,,,,,
21,30.0,"['missouri', 'territory', 'line', 'propose', 'probability', 'restriction', 'occur', 'organization', 'acquiesce', 'cede']",22,[],[],[],[],[],0.0,0.0,disappeared,,,,,
21,31.0,"['expenditure', 'amount', 'sum', 'treasury', 'june', 'fiscal', 'end', 'department', 'total', 'contingent']",22,[20],"[['expenditure', 'june', 'treasury', 'sum', 'department', 'end', 'contingent', 'bond', 'expense', 'fiscal']]",[0.923],[1.0],[0.833],1.0,0.833,continued,,,,,
21,32.0,"['granada', 'panama', 'tax', 'tonnage', 'railroad', 'port', 'company', 'levy', 'vessel', 'resist']",22,[],[],[],[],[],0.0,0.0,disappeared,,,,,
21,,,22,,,,"[1.0, 0.9]","[0.474, 0.368]",1.9,0.842,merge,"[7, 20]","[['honduras', 'treaty', 'britain', 'central', 'convention', 'hondura', 'bay', 'coast', 'republic', 'british'], ['treaty', 'question', 'adjust', 'britain', 'central', 'clayton', 'bulwer', 'friendly', 'british', 'misunderstanding']]",11.0,"['treaty', 'honduras', 'britain', 'hondura', 'british', 'republic', 'central', 'th', 'bulwer', 'clayton']","[0.932, 0.86]"
22,0.0,"['vessel', 'navy', 'british', 'naval', 'secretary', 'island', 'authority', 'sea', 'mr', 'report']",23,[0],"[['vessel', 'naval', 'navy', 'secretary', 'army', 'port', 'ship', 'operation', 'pension', 'soldier']]",[0.975],[0.72],[0.88],0.72,0.88,continued,,,,,
22,1.0,"['kansas', 'constitution', 'slavery', 'vote', 'majority', 'election', 'admission', 'convention', 'territory', 'form']",23,[8],"[['constitution', 'kansas', 'party', 'refuse', 'election', 'lecompton', 'revolutionary', 'vote', 'declare', 'face']]",[0.918],[0.946],[0.429],0.946,0.429,unclear,,,,,
22,2.0,"['constitution', 'legislature', 'amendment', 'constitutional', 'sovereign', 'article', 'slave', 'exercise', 'confederation', 'provision']",23,[6],"[['constitution', 'amendment', 'legislature', 'third', 'sovereign', 'propose', 'article', 'language', 'election', 'convention']]",[0.961],[0.639],[0.929],0.639,0.929,continued,,,,,
22,3.0,"['land', 'territory', 'tribe', 'settlement', 'interior', 'sale', 'acre', 'sum', 'indian', 'population']",23,[1],"[['land', 'acre', 'region', 'interior', 'homestead', 'line', 'sale', 'railroad', 'sum', 'cash']]",[0.947],[0.657],[0.735],0.657,0.735,continued,,,,,
22,4.0,"['treasury', 'fiscal', 'estimate', 'balance', 'june', 'expenditure', 'receipt', 'quarter', 'july', 'aggregate']",23,[2],"[['treasury', 'receipt', 'expenditure', 'june', 'balance', 'end', 'estimate', 'leave', 'disbursement', 'fiscal']]",[0.946],[0.938],[0.704],0.938,0.704,continued,,,,,
22,6.0,"['bank', 'currency', 'circulation', 'coin', 'paper', 'specie', 'gold', 'credit', 'note', 'dollar']",23,[10],"[['bank', 'note', 'circulation', 'currency', 'credit', 'coin', 'banking', 'payment', 'issue', 'uniform']]",[0.927],[0.75],[1.0],0.75,1.0,continued,,,,,
22,7.0,"['mexico', 'mexican', 'republic', 'constitutional', 'redress', 'property', 'arizona', 'wrong', 'miramon', 'establish']",23,[11],"[['mexico', 'republic', 'france', 'november', 'evacuation', 'emperor', 'miramon', 'force', 'constitutional', 'minister']]",[0.934],[0.8],[1.0],0.8,1.0,continued,,,,,
22,8.0,"['bill', 'approve', 'inconvenience', 'appropriation', 'rule', 'approval', 'practice', 'recommend', 'present', 'elect']",23,[],[],[],[],[],0.0,0.0,disappeared,,,,,
22,9.0,"['utah', 'territory', 'mormon', 'governor', 'indian', 'young', 'send', 'troop', 'rebellion', 'officer']",23,[16],"[['indian', 'indians', 'attack', 'tribe', 'march', 'superintendency', 'kill', 'outbreak', 'check', 'utah']]",[0.838],[0.65],[0.5],0.65,0.5,unclear,,,,,
22,10.0,"['white', 'emancipation', 'slave', 'north', 'slavery', 'color', 'old', 'section', 'wage', 'south']",23,[3],"[['capital', 'hire', 'preserve', 'class', 'danger', 'exist', 'generation', 'slave', 'risk', 'save']]",[0.896],[0.474],[0.478],0.474,0.478,unclear,,,,,
22,12.0,"['spain', 'spanish', 'claim', 'cuba', 'amistad', 'madrid', 'december', 'negotiation', 'cuban', 'minister']",23,[],[],[],[],[],0.0,0.0,disappeared,,,,,
22,13.0,"['route', 'transit', 'nicaragua', 'isthmus', 'panama', 'pacific', 'treaty', 'granada', 'passage', 'pass']",23,[],[],[],[],[],0.0,0.0,disappeared,,,,,
22,14.0,"['disloyal', 'social', 'hostile', 'sound', 'actuate', 'prudence', 'ambition', 'invoke', 'sure', 'profound']",23,[3],"[['capital', 'hire', 'preserve', 'class', 'danger', 'exist', 'generation', 'slave', 'risk', 'save']]",[0.875],[1.0],[0.304],1.0,0.304,disappeared,,,,,
22,15.0,"['post', 'office', 'postmaster', 'mail', 'fiscal', 'postal', 'postage', 'deficiency', 'mile', 'expenditure']",23,[15],"[['mail', 'postal', 'postmaster', 'postage', 'revenue', 'expenditure', 'annual', 'deficiency', 'mile', 'post']]",[0.932],[0.857],[0.889],0.857,0.889,continued,,,,,
22,16.0,"['duty', 'specific', 'revenue', 'article', 'valorem', 'ad', 'tariff', 'manufacturer', 'value', 'price']",23,[12],"[['duty', 'specific', 'ad', 'valorem', 'revenue', 'article', 'manufacturer', 'tariff', 'value', 'dishonest']]",[0.98],[1.0],[0.9],1.0,0.9,continued,,,,,
22,17.0,"['road', 'railroad', 'pacific', 'construction', 'munition', 'construct', 'importance', 'enlarge', 'vast', 'illinois']",23,[],[],[],[],[],0.0,0.0,disappeared,,,,,
22,18.0,"['rica', 'costa', 'republic', 'granada', 'claim', 'convention', 'connect', 'submit', 'joint', 'commissioner']",23,[4],"[['claim', 'convention', 'costa', 'rica', 'spain', 'republic', 'san', 'peru', 'chile', 'amistad']]",[0.911],[1.0],[0.421],1.0,0.421,unclear,,,,,
22,19.0,"['slave', 'civilization', 'african', 'master', 'africa', 'market', 'reopen', 'cuba', 'supply', 'domestic']",23,[],[],[],[],[],0.0,0.0,disappeared,,,,,
22,20.0,"['expenditure', 'june', 'treasury', 'sum', 'department', 'end', 'contingent', 'bond', 'expense', 'fiscal']",23,[],[],[],[],[],0.0,0.0,disappeared,,,,,
22,21.0,"['slavery', 'art', 'abolishment', 'person', 'abolish', 'color', 'length', 'district', 'rebellion', 'intemperate']",23,[5],"[['slavery', 'white', 'emancipation', 'property', 'compensation', 'slave', 'abolish', 'responsible', 'wage', 'let']]",[0.91],[1.0],[0.438],1.0,0.438,unclear,,,,,
22,,,23,,,,"[0.548, 0.684]","[0.462, 0.462]",1.233,0.923,merge,"[5, 11]","[['minister', 'empire', 'treaty', 'china', 'chinese', 'french', 'france', 'exchange', 'brazil', 'th'], ['treaty', 'honduras', 'britain', 'hondura', 'british', 'republic', 'central', 'th', 'bulwer', 'clayton']]",9.0,"['treaty', 'japan', 'claim', 'th', 'chinese', 'award', 'tycoon', 'bay', 'honduras', 'expect']","[0.817, 0.871]"
23,0.0,"['vessel', 'naval', 'navy', 'secretary', 'army', 'port', 'ship', 'operation', 'pension', 'soldier']",24,[6],"[['vessel', 'navy', 'naval', 'gun', 'secretary', 'yard', 'squadron', 'recommendation', 'construction', 'army']]",[0.939],[0.58],[0.944],0.58,0.944,continued,,,,,
23,1.0,"['land', 'acre', 'region', 'interior', 'homestead', 'line', 'sale', 'railroad', 'sum', 'cash']",24,[3],"[['indian', 'land', 'indians', 'railroad', 'road', 'interior', 'pacific', 'secretary', 'district', 'commissioner']]",[0.908],[0.676],[0.567],0.676,0.567,continued,,,,,
23,2.0,"['treasury', 'receipt', 'expenditure', 'june', 'balance', 'end', 'estimate', 'leave', 'disbursement', 'fiscal']",24,[7],"[['estimate', 'fiscal', 'treasury', 'june', 'expenditure', 'receipt', 'secretary', 'end', 'army', 'ending']]",[0.911],[0.704],[0.778],0.704,0.778,continued,,,,,
23,3.0,"['capital', 'hire', 'preserve', 'class', 'danger', 'exist', 'generation', 'slave', 'risk', 'save']",24,[],[],[],[],[],0.0,0.0,disappeared,,,,,
23,4.0,"['claim', 'convention', 'costa', 'rica', 'spain', 'republic', 'san', 'peru', 'chile', 'amistad']",24,[1],"[['republic', 'mexico', 'paraguay', 'peru', 'spain', 'minister', 'friendly', 'france', 'cordial', 'receive']]",[0.926],[0.947],[0.714],0.947,0.714,continued,,,,,
23,5.0,"['slavery', 'white', 'emancipation', 'property', 'compensation', 'slave', 'abolish', 'responsible', 'wage', 'let']",24,[],[],[],[],[],0.0,0.0,disappeared,,,,,
23,6.0,"['constitution', 'amendment', 'legislature', 'third', 'sovereign', 'propose', 'article', 'language', 'election', 'convention']",24,[],[],[],[],[],0.0,0.0,disappeared,,,,,
23,7.0,"['lie', 'contract', 'chief', 'statute', 'forget', 'labor', 'department', 'proper', 'civil', 'consideration']",24,[5],"[['taxation', 'class', 'institution', 'character', 'follow', 'revenue', 'discharge', 'hand', 'treasury', 'ballot']]",[0.914],[0.714],[0.65],0.714,0.65,continued,,,,,
23,8.0,"['constitution', 'kansas', 'party', 'refuse', 'election', 'lecompton', 'revolutionary', 'vote', 'declare', 'face']",24,[],[],[],[],[],0.0,0.0,disappeared,,,,,
23,9.0,"['treaty', 'japan', 'claim', 'th', 'chinese', 'award', 'tycoon', 'bay', 'honduras', 'expect']",24,"[2, 8]","[['britain', 'british', 'claim', 'treaty', 'port', 'european', 'subject', 'engage', 'convention', 'expedition'], ['treaty', 'company', 'island', 'claim', 'hudson', 'puget', 'bay', 'britain', 'enter', 'reciprocity']]","[0.804, 0.859]","[0.308, 0.615]","[0.394, 0.938]",0.923,1.331,unclear,,,,,
23,10.0,"['bank', 'note', 'circulation', 'currency', 'credit', 'coin', 'banking', 'payment', 'issue', 'uniform']",24,[4],"[['currency', 'paper', 'bank', 'circulation', 'gold', 'value', 'note', 'bond', 'coin', 'specie']]",[0.886],[0.917],[0.917],0.917,0.917,unclear,,,,,
23,11.0,"['mexico', 'republic', 'france', 'november', 'evacuation', 'emperor', 'miramon', 'force', 'constitutional', 'minister']",24,[],[],[],[],[],0.0,0.0,disappeared,,,,,
23,12.0,"['duty', 'specific', 'ad', 'valorem', 'revenue', 'article', 'manufacturer', 'tariff', 'value', 'dishonest']",24,[11],"[['revenue', 'taxation', 'tax', 'reduce', 'consul', 'income', 'internal', 'office', 'suggest', 'funding']]",[0.802],[0.6],[0.625],0.6,0.625,unclear,,,,,
23,13.0,"['constitution', 'word', 'republican', 'form', 'constitutional', 'washington', 'preservation', 'father', 'hold', 'jefferson']",24,[],[],[],[],[],0.0,0.0,disappeared,,,,,
23,14.0,"['circuit', 'court', 'judge', 'supreme', 'judicial', 'useful', 'admission', 'election', 'member', 'restoration']",24,[],[],[],[],[],0.0,0.0,disappeared,,,,,
23,15.0,"['mail', 'postal', 'postmaster', 'postage', 'revenue', 'expenditure', 'annual', 'deficiency', 'mile', 'post']",24,[9],"[['mail', 'postal', 'expenditure', 'revenue', 'postmaster', 'post', 'postage', 'ocean', 'mile', 'receipt']]",[0.955],[1.0],[0.9],1.0,0.9,continued,,,,,
23,16.0,"['indian', 'indians', 'attack', 'tribe', 'march', 'superintendency', 'kill', 'outbreak', 'check', 'utah']",24,[],[],[],[],[],0.0,0.0,disappeared,,,,,
23,17.0,"['proclamation', 'term', 'pardon', 'oath', 'fugitive', 'say', 'act', 'class', 'retract', 'slave']",24,[],[],[],[],[],0.0,0.0,disappeared,,,,,
24,0.0,"['constitution', 'election', 'act', 'form', 'constitutional', 'proclamation', 'republican', 'rebellion', 'true', 'amendment']",25,[0],"[['constitution', 'act', 'election', 'admit', 'person', 'legislature', 'judicial', 'senator', 'constitutional', 'form']]",[0.984],[0.878],[0.812],0.878,0.812,continued,,,,,
24,1.0,"['republic', 'mexico', 'paraguay', 'peru', 'spain', 'minister', 'friendly', 'france', 'cordial', 'receive']",25,[1],"[['republic', 'france', 'mexico', 'spain', 'treaty', 'paraguay', 'friendly', 'ally', 'minister', 'peru']]",[0.936],[0.829],[0.685],0.829,0.685,continued,,,,,
24,2.0,"['britain', 'british', 'claim', 'treaty', 'port', 'european', 'subject', 'engage', 'convention', 'expedition']",25,[3],"[['britain', 'majesty', 'treaty', 'claim', 'british', 'tribunal', 'convention', 'arbitrator', 'arbitration', 'difference']]",[0.875],[0.485],[0.667],0.485,0.667,unclear,,,,,
24,3.0,"['indian', 'land', 'indians', 'railroad', 'road', 'interior', 'pacific', 'secretary', 'district', 'commissioner']",25,[2],"[['indian', 'indians', 'land', 'grant', 'acre', 'territory', 'settlement', 'line', 'improvement', 'homestead']]",[0.948],[0.667],[0.758],0.667,0.758,continued,,,,,
24,4.0,"['currency', 'paper', 'bank', 'circulation', 'gold', 'value', 'note', 'bond', 'coin', 'specie']",25,[6],"[['currency', 'paper', 'value', 'gold', 'circulation', 'specie', 'bank', 'coin', 'payment', 'silver']]",[0.985],[0.875],[1.0],0.875,1.0,continued,,,,,
24,5.0,"['taxation', 'class', 'institution', 'character', 'follow', 'revenue', 'discharge', 'hand', 'treasury', 'ballot']",25,[8],"[['revenue', 'tax', 'reduce', 'tariff', 'taxation', 'article', 'reduction', 'reform', 'taxis', 'internal']]",[0.842],[0.4],[0.429],0.4,0.429,unclear,,,,,
24,6.0,"['vessel', 'navy', 'naval', 'gun', 'secretary', 'yard', 'squadron', 'recommendation', 'construction', 'army']",25,[9],"[['navy', 'vessel', 'secretary', 'gun', 'squadron', 'carry', 'repair', 'naval', 'appropriation', 'relief']]",[0.939],[0.944],[0.857],0.944,0.857,continued,,,,,
24,7.0,"['estimate', 'fiscal', 'treasury', 'june', 'expenditure', 'receipt', 'secretary', 'end', 'army', 'ending']",25,[7],"[['estimate', 'fiscal', 'june', 'expenditure', 'receipt', 'army', 'ending', 'secretary', 'end', 'treasury']]",[0.962],[0.944],[0.857],0.944,0.857,continued,,,,,
24,8.0,"['treaty', 'company', 'island', 'claim', 'hudson', 'puget', 'bay', 'britain', 'enter', 'reciprocity']",25,[4],"[['treaty', 'british', 'vessel', 'navigation', 'britain', 'company', 'water', 'port', 'river', 'canada']]",[0.891],[0.688],[0.583],0.688,0.583,unclear,,,,,
24,9.0,"['mail', 'postal', 'expenditure', 'revenue', 'postmaster', 'post', 'postage', 'ocean', 'mile', 'receipt']",25,[10],"[['mail', 'postal', 'expenditure', 'postmaster', 'post', 'revenue', 'mile', 'postage', 'excess', 'receipt']]",[0.952],[0.9],[1.0],0.9,1.0,continued,,,,,
24,10.0,"['pension', 'pensioner', 'roll', 'soldier', 'disbursement', 'invalid', 'balance', 'navy', 'name', 'pay']",25,[],[],[],[],[],0.0,0.0,disappeared,,,,,
24,11.0,"['revenue', 'taxation', 'tax', 'reduce', 'consul', 'income', 'internal', 'office', 'suggest', 'funding']",25,[8],"[['revenue', 'tax', 'reduce', 'tariff', 'taxation', 'article', 'reduction', 'reform', 'taxis', 'internal']]",[0.876],[0.75],[0.429],0.75,0.429,unclear,,,,,
24,12.0,"['population', 'capita', 'reach', 'cent', 'compare', 'expenditure', 'expense', 'period', 'annual', 'seventy']",25,[15],"[['population', 'capita', 'reach', 'cent', 'compare', 'expenditure', 'expense', 'seventy', 'estimate', 'give']]",[0.938],[0.625],[1.0],0.625,1.0,continued,,,,,
24,13.0,"['acre', 'cash', 'dispose', 'quantity', 'homestead', 'sell', 'precede', 'sale', 'fiscal', 'june']",25,[],[],[],[],[],0.0,0.0,disappeared,,,,,
24,14.0,"['emigration', 'away', 'monopoly', 'cuba', 'region', 'mainly', 'slavery', 'population', 'suffering', 'emigrant']",25,[5],"[['cuba', 'spain', 'island', 'slavery', 'spanish', 'domingo', 'continuance', 'struggle', 'porto', 'rico']]",[0.818],[0.4],[0.636],0.4,0.636,unclear,,,,,
25,0.0,"['constitution', 'act', 'election', 'admit', 'person', 'legislature', 'judicial', 'senator', 'constitutional', 'form']",26,[0],"[['constitution', 'election', 'amendment', 'governor', 'vote', 'elect', 'officer', 'legislature', 'violence', 'southern']]",[0.949],[0.75],[0.8],0.75,0.8,continued,,,,,
25,1.0,"['republic', 'france', 'mexico', 'spain', 'treaty', 'paraguay', 'friendly', 'ally', 'minister', 'peru']",26,[],[],[],[],[],0.0,0.0,disappeared,,,,,
25,2.0,"['indian', 'indians', 'land', 'grant', 'acre', 'territory', 'settlement', 'line', 'improvement', 'homestead']",26,[],[],[],[],[],0.0,0.0,disappeared,,,,,
25,3.0,"['britain', 'majesty', 'treaty', 'claim', 'british', 'tribunal', 'convention', 'arbitrator', 'arbitration', 'difference']",26,[5],"[['claim', 'britain', 'treaty', 'arise', 'majesty', 'april', 'british', 'alien', 'provision', 'thank']]",[0.964],[0.63],[1.0],0.63,1.0,continued,,,,,
25,4.0,"['treaty', 'british', 'vessel', 'navigation', 'britain', 'company', 'water', 'port', 'river', 'canada']",26,[19],"[['navigation', 'british', 'vessel', 'river', 'canada', 'fisherman', 'water', 'fishing', 'canadian', 'lawrence']]",[0.927],[0.417],[1.0],0.417,1.0,unclear,,,,,
25,5.0,"['cuba', 'spain', 'island', 'slavery', 'spanish', 'domingo', 'continuance', 'struggle', 'porto', 'rico']",26,[3],"[['cuba', 'spain', 'island', 'slavery', 'party', 'contest', 'recognition', 'strife', 'continuance', 'insurrection']]",[0.968],[0.727],[1.0],0.727,1.0,continued,,,,,
25,6.0,"['currency', 'paper', 'value', 'gold', 'circulation', 'specie', 'bank', 'coin', 'payment', 'silver']",26,[2],"[['currency', 'value', 'specie', 'gold', 'medium', 'tender', 'legal', 'resumption', 'payment', 'industry']]",[0.932],[1.0],[0.87],1.0,0.87,continued,,,,,
25,7.0,"['estimate', 'fiscal', 'june', 'expenditure', 'receipt', 'army', 'ending', 'secretary', 'end', 'treasury']",26,[11],"[['pensioner', 'pension', 'fiscal', 'roll', 'widow', 'estimate', 'invalid', 'name', 'include', 'expense']]",[0.862],[0.429],[0.692],0.429,0.692,unclear,,,,,
25,8.0,"['revenue', 'tax', 'reduce', 'tariff', 'taxation', 'article', 'reduction', 'reform', 'taxis', 'internal']",26,[12],"[['article', 'revenue', 'manufacture', 'tariff', 'produce', 'reduce', 'tax', 'enter', 'collect', 'reduction']]",[0.871],[0.429],[0.833],0.429,0.833,unclear,,,,,
25,9.0,"['navy', 'vessel', 'secretary', 'gun', 'squadron', 'carry', 'repair', 'naval', 'appropriation', 'relief']",26,[1],"[['navy', 'ship', 'repair', 'ironclad', 'effective', 'vessel', 'efficiency', 'maintenance', 'current', 'iron']]",[0.934],[0.714],[0.92],0.714,0.92,continued,,,,,
25,10.0,"['mail', 'postal', 'expenditure', 'postmaster', 'post', 'revenue', 'mile', 'postage', 'excess', 'receipt']",26,[4],"[['mail', 'postmaster', 'post', 'postal', 'expenditure', 'office', 'matter', 'postage', 'receipt', 'railroad']]",[0.95],[1.0],[0.81],1.0,0.81,continued,,,,,
25,11.0,"['patent', 'issue', 'end', 'september', 'include', 'fee', 'design', 'roll', 'receipt', 'pensioner']",26,[21],"[['patent', 'office', 'exposition', 'vienna', 'fee', 'inventor', 'receipt', 'magnitude', 'eastern', 'application']]",[0.822],[0.625],[0.778],0.625,0.778,unclear,,,,,
25,12.0,"['china', 'exposition', 'japan', 'steamer', 'product', 'production', 'manufacture', 'largely', 'increase', 'machinery']",26,[23],"[['product', 'capital', 'manufactory', 'element', 'wage', 'largely', 'market', 'abroad', 'machinery', 'employment']]",[0.791],[0.375],[0.75],0.375,0.75,disappeared,,,,,
25,13.0,"['office', 'compensation', 'official', 'share', 'creation', 'invite', 'scrutiny', 'commissioner', 'seizure', 'salary']",26,[17],"[['claim', 'fraud', 'salary', 'office', 'loss', 'treasury', 'court', 'testimony', 'scrutiny', 'fictitious']]",[0.899],[0.75],[0.8],0.75,0.8,unclear,,,,,
25,14.0,"['negro', 'race', 'bad', 'southern', 'govern', 'white', 'oppose', 'entertain', 'ought', 'propose']",26,[],[],[],[],[],0.0,0.0,disappeared,,,,,
25,15.0,"['population', 'capita', 'reach', 'cent', 'compare', 'expenditure', 'expense', 'seventy', 'estimate', 'give']",26,[],[],[],[],[],0.0,0.0,disappeared,,,,,
26,0.0,"['constitution', 'election', 'amendment', 'governor', 'vote', 'elect', 'officer', 'legislature', 'violence', 'southern']",27,[9],"[['constitution', 'election', 'amendment', 'color', 'vote', 'governor', 'say', 'violence', 'provide', 'constitutional']]",[0.954],[0.633],[0.952],0.633,0.952,continued,,,,,
26,1.0,"['navy', 'ship', 'repair', 'ironclad', 'effective', 'vessel', 'efficiency', 'maintenance', 'current', 'iron']",27,[3],"[['navy', 'repair', 'effective', 'naval', 'ship', 'ironclad', 'vessel', 'powerful', 'purpose', 'appropriation']]",[0.971],[1.0],[0.724],1.0,0.724,continued,,,,,
26,2.0,"['currency', 'value', 'specie', 'gold', 'medium', 'tender', 'legal', 'resumption', 'payment', 'industry']",27,[0],"[['currency', 'value', 'revenue', 'specie', 'silver', 'coinage', 'bond', 'tender', 'fiscal', 'gold']]",[0.927],[1.0],[0.469],1.0,0.469,unclear,,,,,
26,3.0,"['cuba', 'spain', 'island', 'slavery', 'party', 'contest', 'recognition', 'strife', 'continuance', 'insurrection']",27,[7],"[['cuba', 'spain', 'island', 'insurrection', 'party', 'contest', 'recognition', 'strife', 'conflict', 'slavery']]",[0.982],[1.0],[0.864],1.0,0.864,continued,,,,,
26,4.0,"['mail', 'postmaster', 'post', 'postal', 'expenditure', 'office', 'matter', 'postage', 'receipt', 'railroad']",27,[6],"[['mail', 'postal', 'postmaster', 'total', 'expenditure', 'post', 'receipt', 'postage', 'office', 'stamp']]",[0.953],[0.81],[0.87],0.81,0.87,continued,,,,,
26,5.0,"['claim', 'britain', 'treaty', 'arise', 'majesty', 'april', 'british', 'alien', 'provision', 'thank']",27,[],[],[],[],[],0.0,0.0,disappeared,,,,,
26,6.0,"['boundary', 'british', 'line', 'rocky', 'lake', 'summit', 'treaty', 'commission', 'copy', 'mountain']",27,[],[],[],[],[],0.0,0.0,disappeared,,,,,
26,7.0,"['indian', 'indians', 'reservation', 'white', 'society', 'agent', 'territory', 'missionary', 'pursue', 'territorial']",27,[2],"[['indians', 'indian', 'secretary', 'recommendation', 'interior', 'army', 'invite', 'reservation', 'tribe', 'territory']]",[0.809],[0.8],[0.314],0.8,0.314,disappeared,,,,,
26,8.0,"['acre', 'land', 'grant', 'settler', 'homestead', 'illinois', 'cash', 'survey', 'water', 'entry']",27,[5],"[['acre', 'agricultural', 'capital', 'soil', 'product', 'agriculture', 'land', 'improvement', 'water', 'city']]",[0.897],[0.929],[0.357],0.929,0.357,disappeared,,,,,
26,9.0,"['naturalization', 'reside', 'citizenship', 'expatriation', 'certificate', 'naturalize', 'fraudulent', 'native', 'allegiance', 'person']",27,[10],"[['naturalization', 'expatriation', 'citizenship', 'naturalize', 'certificate', 'reside', 'person', 'fraudulent', 'fraud', 'return']]",[0.979],[0.923],[0.905],0.923,0.905,continued,,,,,
26,10.0,"['rule', 'civil', 'appointment', 'reform', 'office', 'tenure', 'place', 'fault', 'trust', 'prove']",27,[4],"[['opinion', 'rule', 'court', 'civil', 'mind', 'crime', 'territory', 'desire', 'duty', 'error']]",[0.859],[0.615],[0.414],0.615,0.414,unclear,,,,,
26,11.0,"['pensioner', 'pension', 'fiscal', 'roll', 'widow', 'estimate', 'invalid', 'name', 'include', 'expense']",27,[17],"[['pensioner', 'pension', 'widow', 'family', 'officer', 'annuity', 'paymaster', 'army', 'decrease', 'invalid']]",[0.755],[0.615],[0.667],0.615,0.667,unclear,,,,,
26,12.0,"['article', 'revenue', 'manufacture', 'tariff', 'produce', 'reduce', 'tax', 'enter', 'collect', 'reduction']",27,[],[],[],[],[],0.0,0.0,disappeared,,,,,
26,13.0,"['cable', 'shore', 'line', 'concession', 'company', 'french', 'communication', 'telegraphic', 'connect', 'facility']",27,[15],"[['cable', 'line', 'shore', 'company', 'concession', 'communication', 'french', 'connect', 'continent', 'lay']]",[0.96],[0.909],[0.9],0.909,0.9,continued,,,,,
26,14.0,"['china', 'japan', 'chinese', 'interpreter', 'youth', 'language', 'serve', 'minister', 'occasion', 'japanese']",27,[],[],[],[],[],0.0,0.0,disappeared,,,,,
26,15.0,"['republic', 'mexico', 'mexican', 'frontier', 'central', 'border', 'texas', 'zone', 'grande', 'injurious']",27,[13],"[['mexico', 'border', 'mexican', 'grande', 'rio', 'texas', 'republic', 'river', 'incursion', 'frontier']]",[0.905],[0.8],[1.0],0.8,1.0,continued,,,,,
26,16.0,"['army', 'staff', 'corps', 'promotion', 'officer', 'vacancy', 'grade', 'recommendation', 'arsenal', 'ordnance']",27,[],[],[],[],[],0.0,0.0,disappeared,,,,,
26,18.0,"['france', 'germany', 'paris', 'friendly', 'european', 'diplomatic', 'north', 'french', 'german', 'minister']",27,[],[],[],[],[],0.0,0.0,disappeared,,,,,
26,19.0,"['navigation', 'british', 'vessel', 'river', 'canada', 'fisherman', 'water', 'fishing', 'canadian', 'lawrence']",27,[],[],[],[],[],0.0,0.0,disappeared,,,,,
26,20.0,"['payment', 'venezuela', 'republic', 'march', 'account', 'thereto', 'sense', 'announce', 'regret', 'argentine']",27,[12],"[['venezuela', 'republic', 'payment', 'account', 'argentine', 'central', 'brazil', 'thereto', 'regret', 'april']]",[0.962],[1.0],[0.833],1.0,0.833,continued,,,,,
26,21.0,"['patent', 'office', 'exposition', 'vienna', 'fee', 'inventor', 'receipt', 'magnitude', 'eastern', 'application']",27,[8],"[['exhibition', 'exposition', 'hold', 'exhibit', 'international', 'vienna', 'centennial', 'commissioner', 'building', 'art']]",[0.767],[0.444],[0.455],0.444,0.455,unclear,,,,,
26,22.0,"['building', 'city', 'archive', 'improvement', 'appropriation', 'district', 'inadequate', 'capital', 'commence', 'burn']",27,[],[],[],[],[],0.0,0.0,disappeared,,,,,
26,23.0,"['product', 'capital', 'manufactory', 'element', 'wage', 'largely', 'market', 'abroad', 'machinery', 'employment']",27,[5],"[['acre', 'agricultural', 'capital', 'soil', 'product', 'agriculture', 'land', 'improvement', 'water', 'city']]",[0.857],[1.0],[0.321],1.0,0.321,disappeared,,,,,
26,24.0,"['ocean', 'survey', 'coast', 'isthmus', 'vessel', 'exploration', 'navy', 'atlantic', 'explore', 'darien']",27,[],[],[],[],[],0.0,0.0,disappeared,,,,,
26,25.0,"['treasury', 'sink', 'fiscal', 'fund', 'receipt', 'june', 'ending', 'expenditure', 'surplus', 'failure']",27,[],[],[],[],[],0.0,0.0,disappeared,,,,,
26,26.0,"['education', 'interior', 'give', 'bureau', 'statistic', 'secretary', 'office', 'attach', 'show', 'interesting']",27,[14],"[['education', 'school', 'institution', 'show', 'district', 'teacher', 'post', 'donation', 'statistic', 'liberality']]",[0.874],[0.75],[0.8],0.75,0.8,unclear,,,,,
26,27.0,"['agriculture', 'bureau', 'commissioner', 'useful', 'adapt', 'climate', 'agricultural', 'soil', 'foster', 'introduce']",27,[],[],[],[],[],0.0,0.0,disappeared,,,,,
26,28.0,"['ratification', 'exchange', 'extradition', 'treaty', 'convention', 'proclaim', 'empire', 'naturalization', 'duly', 'salvador']",27,[],[],[],[],[],0.0,0.0,disappeared,,,,,
26,30.0,"['spanish', 'capture', 'captain', 'cuba', 'embargo', 'frigate', 'proclamation', 'prisoner', 'sea', 'search']",27,[],[],[],[],[],0.0,0.0,disappeared,,,,,
26,31.0,"['spain', 'peru', 'ally', 'republic', 'conference', 'mr', 'spanish', 'departure', 'sincere', 'chile']",27,[],[],[],[],[],0.0,0.0,disappeared,,,,,
26,32.0,"['geneva', 'tribunal', 'arbitration', 'award', 'majesty', 'redeem', 'request', 'arbitrator', 'treaty', 'pay']",27,[],[],[],[],[],0.0,0.0,disappeared,,,,,
26,,,27,,,,"[0.6, 1.0]","[0.333, 0.6]",1.6,0.933,merge,"[17, 29]","[['claim', 'fraud', 'salary', 'office', 'loss', 'treasury', 'court', 'testimony', 'scrutiny', 'fictitious'], ['court', 'evidence', 'duration', 'impracticable', 'claim', 'present', 'november', 'mariner', 'month', 'alabama']]",11.0,"['claim', 'court', 'case', 'claimant', 'present', 'late', 'testimony', 'tribunal', 'alien', 'commissioner']","[0.835, 0.933]"
27,0.0,"['currency', 'value', 'revenue', 'specie', 'silver', 'coinage', 'bond', 'tender', 'fiscal', 'gold']",28,[1],"[['coinage', 'silver', 'value', 'bond', 'tender', 'legal', 'issue', 'coin', 'gold', 'currency']]",[0.939],[0.519],[0.944],0.519,0.944,continued,,,,,
27,1.0,"['treaty', 'award', 'british', 'commission', 'tribunal', 'majesty', 'boundary', 'japan', 'claim', 'britain']",28,"[0, 9]","[['diplomatic', 'treaty', 'consular', 'extradition', 'island', 'ratify', 'roumania', 'pago', 'negotiation', 'duly'], ['treaty', 'british', 'fisherman', 'bay', 'relate', 'fishery', 'fortune', 'chinese', 'commission', 'indemnity']]","[0.873, 0.889]","[0.385, 0.404]","[0.649, 0.778]",0.788,1.426,split,,,,,
27,2.0,"['indians', 'indian', 'secretary', 'recommendation', 'interior', 'army', 'invite', 'reservation', 'tribe', 'territory']",28,[],[],[],[],[],0.0,0.0,disappeared,,,,,
27,3.0,"['navy', 'repair', 'effective', 'naval', 'ship', 'ironclad', 'vessel', 'powerful', 'purpose', 'appropriation']",28,[7],"[['navy', 'ship', 'repair', 'naval', 'ironclad', 'powerful', 'effective', 'ready', 'fiscal', 'sea']]",[0.953],[0.862],[0.95],0.862,0.95,continued,,,,,
27,4.0,"['opinion', 'rule', 'court', 'civil', 'mind', 'crime', 'territory', 'desire', 'duty', 'error']",28,[2],"[['appointment', 'office', 'examination', 'method', 'official', 'test', 'partisan', 'civil', 'promotion', 'removal']]",[0.879],[0.414],[0.815],0.414,0.815,unclear,,,,,
27,5.0,"['acre', 'agricultural', 'capital', 'soil', 'product', 'agriculture', 'land', 'improvement', 'water', 'city']",28,"[12, 19]","[['agriculture', 'agricultural', 'soil', 'production', 'product', 'produce', 'manufactory', 'annually', 'knowledge', 'climate'], ['timber', 'land', 'acre', 'trespasser', 'entry', 'territory', 'settler', 'trespass', 'irrigation', 'pasturage']]","[0.908, 0.849]","[0.536, 0.429]","[0.929, 0.889]",0.964,1.817,split,,,,,
27,6.0,"['mail', 'postal', 'postmaster', 'total', 'expenditure', 'post', 'receipt', 'postage', 'office', 'stamp']",28,[15],"[['postmaster', 'mail', 'stamp', 'receipt', 'expenditure', 'precede', 'sum', 'post', 'fiscal', 'total']]",[0.952],[0.739],[1.0],0.739,1.0,continued,,,,,
27,7.0,"['cuba', 'spain', 'island', 'insurrection', 'party', 'contest', 'recognition', 'strife', 'conflict', 'slavery']",28,[11],"[['cuba', 'spain', 'island', 'contest', 'insurrection', 'party', 'conflict', 'recognition', 'consider', 'spanish']]",[0.975],[0.955],[0.933],0.955,0.933,continued,,,,,
27,8.0,"['exhibition', 'exposition', 'hold', 'exhibit', 'international', 'vienna', 'centennial', 'commissioner', 'building', 'art']",28,[4],"[['exhibition', 'building', 'exhibit', 'melbourne', 'accommodation', 'art', 'centennial', 'exposition', 'hold', 'participation']]",[0.964],[0.909],[0.84],0.909,0.84,continued,,,,,
27,9.0,"['constitution', 'election', 'amendment', 'color', 'vote', 'governor', 'say', 'violence', 'provide', 'constitutional']",28,[13],"[['amendment', 'education', 'election', 'suffrage', 'constitution', 'color', 'constitutional', 'enjoyment', 'citizenship', 'race']]",[0.94],[0.81],[0.786],0.81,0.786,continued,,,,,
27,10.0,"['naturalization', 'expatriation', 'citizenship', 'naturalize', 'certificate', 'reside', 'person', 'fraudulent', 'fraud', 'return']",28,[6],"[['naturalize', 'naturalization', 'expatriation', 'citizenship', 'certificate', 'person', 'honest', 'question', 'native', 'reside']]",[0.97],[0.905],[0.81],0.905,0.81,continued,,,,,
27,11.0,"['claim', 'court', 'case', 'claimant', 'present', 'late', 'testimony', 'tribunal', 'alien', 'commissioner']",28,[14],"[['court', 'claim', 'circuit', 'remedy', 'alien', 'present', 'case', 'dispose', 'date', 'arise']]",[0.96],[1.0],[0.929],1.0,0.929,continued,,,,,
27,12.0,"['venezuela', 'republic', 'payment', 'account', 'argentine', 'central', 'brazil', 'thereto', 'regret', 'april']",28,"[10, 25]","[['colombia', 'republic', 'canal', 'guaranty', 'isthmus', 'bolivia', 'chile', 'panama', 'argentine', 'king'], ['venezuela', 'payment', 'proposal', 'monthly', 'claim', 'adjustment', 'account', 'propose', 'maintains', 'grief']]","[0.775, 0.849]","[0.333, 0.583]","[0.647, 0.833]",0.917,1.48,split,,,,,
27,14.0,"['education', 'school', 'institution', 'show', 'district', 'teacher', 'post', 'donation', 'statistic', 'liberality']",28,[20],"[['school', 'education', 'district', 'pupil', 'teacher', 'university', 'commissioner', 'system', 'educational', 'building']]",[0.975],[0.9],[1.0],0.9,1.0,continued,,,,,
27,15.0,"['cable', 'line', 'shore', 'company', 'concession', 'communication', 'french', 'connect', 'continent', 'lay']",28,[8],"[['cable', 'line', 'communication', 'shore', 'france', 'concession', 'company', 'continent', 'french', 'commercial']]",[0.895],[0.9],[0.632],0.9,0.632,unclear,,,,,
27,17.0,"['pensioner', 'pension', 'widow', 'family', 'officer', 'annuity', 'paymaster', 'army', 'decrease', 'invalid']",28,[],[],[],[],[],0.0,0.0,disappeared,,,,,
27,,,28,,,,"[1.0, 0.778]","[0.565, 0.391]",1.778,0.957,merge,"[13, 16]","[['mexico', 'border', 'mexican', 'grande', 'rio', 'texas', 'republic', 'river', 'incursion', 'frontier'], ['commission', 'mexico', 'claim', 'convention', 'umpire', 'joint', 'award', 'favor', 'representative', 'close']]",5.0,"['mexico', 'mexican', 'border', 'grande', 'rio', 'frontier', 'commission', 'claim', 'incursion', 'texas']","[0.92, 0.841]"
28,0.0,"['diplomatic', 'treaty', 'consular', 'extradition', 'island', 'ratify', 'roumania', 'pago', 'negotiation', 'duly']",29,"[12, 22]","[['egypt', 'legation', 'khedive', 'diplomatic', 'intercourse', 'siam', 'premise', 'persia', 'tribunal', 'gift'], ['extradition', 'ratification', 'treaty', 'netherlands', 'privilege', 'conclude', 'belgium', 'ratify', 'duly', 'consular']]","[0.808, 0.82]","[0.378, 0.324]","[0.75, 1.0]",0.703,1.75,split,,,,,
28,1.0,"['coinage', 'silver', 'value', 'bond', 'tender', 'legal', 'issue', 'coin', 'gold', 'currency']",29,"[6, 15]","[['silver', 'dollar', 'coinage', 'coin', 'gold', 'value', 'circulation', 'currency', 'secretary', 'standard'], ['bond', 'note', 'cent', 'issue', 'redeem', 'deposit', 'compound', 'bear', 'exchange', 'sell']]","[0.863, 0.854]","[0.5, 0.389]","[0.933, 0.909]",0.889,1.842,split,,,,,
28,2.0,"['appointment', 'office', 'examination', 'method', 'official', 'test', 'partisan', 'civil', 'promotion', 'removal']",29,[1],"[['appointment', 'office', 'examination', 'civil', 'method', 'partisan', 'official', 'test', 'department', 'removal']]",[0.99],[0.926],[1.0],0.926,1.0,continued,,,,,
28,3.0,"['estimate', 'fiscal', 'expenditure', 'june', 'receipt', 'revenue', 'ending', 'sink', 'actual', 'end']",29,[0],"[['estimate', 'fiscal', 'june', 'receipt', 'actual', 'revenue', 'expenditure', 'ordinary', 'end', 'quarter']]",[0.929],[0.741],[0.958],0.741,0.958,continued,,,,,
28,4.0,"['exhibition', 'building', 'exhibit', 'melbourne', 'accommodation', 'art', 'centennial', 'exposition', 'hold', 'participation']",29,[20],"[['exhibition', 'hold', 'melbourne', 'conference', 'participation', 'commissioner', 'international', 'sydney', 'paris', 'represent']]",[0.856],[0.52],[0.8],0.52,0.8,unclear,,,,,
28,5.0,"['mexico', 'mexican', 'border', 'grande', 'rio', 'frontier', 'commission', 'claim', 'incursion', 'texas']",29,[16],"[['mexico', 'mexican', 'border', 'frontier', 'crossing', 'grande', 'rio', 'endanger', 'order', 'quiet']]",[0.907],[0.565],[0.9],0.565,0.9,continued,,,,,
28,6.0,"['naturalize', 'naturalization', 'expatriation', 'citizenship', 'certificate', 'person', 'honest', 'question', 'native', 'reside']",29,[],[],[],[],[],0.0,0.0,disappeared,,,,,
28,7.0,"['navy', 'ship', 'repair', 'naval', 'ironclad', 'powerful', 'effective', 'ready', 'fiscal', 'sea']",29,[2],"[['vessel', 'improvement', 'navy', 'naval', 'include', 'machinery', 'establishment', 'steel', 'yard', 'ton']]",[0.894],[0.7],[0.952],0.7,0.952,unclear,,,,,
28,8.0,"['cable', 'line', 'communication', 'shore', 'france', 'concession', 'company', 'continent', 'french', 'commercial']",29,[17],"[['cable', 'rule', 'vessel', 'sea', 'collision', 'france', 'water', 'flag', 'burdensome', 'international']]",[0.771],[0.368],[0.4],0.368,0.4,disappeared,,,,,
28,9.0,"['treaty', 'british', 'fisherman', 'bay', 'relate', 'fishery', 'fortune', 'chinese', 'commission', 'indemnity']",29,[13],"[['bay', 'british', 'fisherman', 'fishery', 'expedition', 'fortune', 'lieutenant', 'treaty', 'indemnity', 'correspondence']]",[0.884],[0.556],[0.667],0.556,0.667,unclear,,,,,
28,10.0,"['colombia', 'republic', 'canal', 'guaranty', 'isthmus', 'bolivia', 'chile', 'panama', 'argentine', 'king']",29,"[11, 23]","[['chile', 'peru', 'bolivia', 'republic', 'belligerent', 'chilean', 'iglesias', 'accept', 'iglesia', 'territory'], ['canal', 'colombia', 'isthmus', 'guaranty', 'panama', 'interoceanic', 'obligation', 'propose', 'king', 'colombian']]","[0.862, 0.893]","[0.412, 0.529]","[1.0, 1.0]",0.941,2.0,split,,,,,
28,11.0,"['cuba', 'spain', 'island', 'contest', 'insurrection', 'party', 'conflict', 'recognition', 'consider', 'spanish']",29,[3],"[['spanish', 'spain', 'claim', 'cuba', 'port', 'late', 'reparation', 'commission', 'colonial', 'case']]",[0.833],[0.867],[0.55],0.867,0.55,unclear,,,,,
28,12.0,"['agriculture', 'agricultural', 'soil', 'production', 'product', 'produce', 'manufactory', 'annually', 'knowledge', 'climate']",29,[19],"[['agricultural', 'agriculture', 'soil', 'product', 'produce', 'production', 'manufacture', 'individual', 'encourage', 'market']]",[0.904],[0.857],[0.9],0.857,0.9,continued,,,,,
28,13.0,"['amendment', 'education', 'election', 'suffrage', 'constitution', 'color', 'constitutional', 'enjoyment', 'citizenship', 'race']",29,[21],"[['election', 'amendment', 'suffrage', 'constitution', 'constitutional', 'colored', 'confer', 'enjoyment', 'paramount', 'opposition']]",[0.947],[0.857],[1.0],0.857,1.0,continued,,,,,
28,14.0,"['court', 'claim', 'circuit', 'remedy', 'alien', 'present', 'case', 'dispose', 'date', 'arise']",29,[],[],[],[],[],0.0,0.0,disappeared,,,,,
28,15.0,"['postmaster', 'mail', 'stamp', 'receipt', 'expenditure', 'precede', 'sum', 'post', 'fiscal', 'total']",29,[5],"[['postmaster', 'mail', 'stamp', 'postage', 'letter', 'precede', 'postal', 'delivery', 'office', 'post']]",[0.963],[1.0],[1.0],1.0,1.0,continued,,,,,
28,16.0,"['polygamy', 'utah', 'territory', 'church', 'enforcement', 'crime', 'uphold', 'property', 'taxation', 'sect']",29,[31],"[['utah', 'territory', 'polygamy', 'enforcement', 'uphold', 'sect', 'practice', 'suppress', 'recommend', 'sectarian']]",[0.889],[0.636],[1.0],0.636,1.0,unclear,,,,,
28,17.0,"['health', 'sanitary', 'epidemic', 'disease', 'spread', 'tent', 'quarantine', 'conference', 'board', 'approve']",29,[10],"[['epidemic', 'health', 'sanitary', 'disease', 'spread', 'yellow', 'fever', 'tent', 'quarantine', 'approve']]",[0.976],[0.909],[0.846],0.909,0.846,continued,,,,,
28,18.0,"['treasury', 'finance', 'secretary', 'condition', 'increase', 'financial', 'revenue', 'capital', 'satisfactory', 'preferable']",29,[27],"[['condition', 'finance', 'treasury', 'secretary', 'financial', 'exhibit', 'interesting', 'operation', 'branch', 'satisfactory']]",[0.907],[0.556],[0.875],0.556,0.875,continued,,,,,
28,19.0,"['timber', 'land', 'acre', 'trespasser', 'entry', 'territory', 'settler', 'trespass', 'irrigation', 'pasturage']",29,[],[],[],[],[],0.0,0.0,disappeared,,,,,
28,20.0,"['school', 'education', 'district', 'pupil', 'teacher', 'university', 'commissioner', 'system', 'educational', 'building']",29,[24],"[['school', 'education', 'district', 'popular', 'local', 'responsibility', 'educational', 'university', 'columbia', 'grant']]",[0.953],[1.0],[0.667],1.0,0.667,continued,,,,,
28,22.0,"['sorrow', 'noble', 'gratitude', 'hand', 'adhesion', 'foreshadow', 'geneva', 'federation', 'exalt', 'sacred']",29,[26],"[['love', 'sorrow', 'honor', 'citizen', 'pleasing', 'mankind', 'federation', 'salute', 'signal', 'lull']]",[0.927],[0.875],[0.875],0.875,0.875,continued,,,,,
28,24.0,"['army', 'artillery', 'infantry', 'recruit', 'reduction', 'authorize', 'revision', 'require', 'cavalry', 'repeal']",29,[37],"[['statute', 'zeal', 'grade', 'section', 'recommend', 'charge', 'commission', 'duty', 'unqualified', 'interpret']]",[0.766],[0.857],[0.8],0.857,0.8,unclear,,,,,
28,25.0,"['venezuela', 'payment', 'proposal', 'monthly', 'claim', 'adjustment', 'account', 'propose', 'maintains', 'grief']",29,[28],"[['venezuela', 'caracas', 'venezuelan', 'awards', 'pende', 'bolivar', 'birth', 'centennial', 'statue', 'celebration']]",[0.846],[0.833],[0.75],0.833,0.75,unclear,,,,,
28,26.0,"['army', 'indians', 'actively', 'employ', 'secretary', 'indian', 'cavalry', 'hostility', 'praise', 'campaign']",29,[],[],[],[],[],0.0,0.0,disappeared,,,,,
28,27.0,"['recommendation', 'invite', 'secretary', 'follow', 'vindicate', 'annexation', 'renewal', 'detailed', 'accompany', 'etc']",29,[],[],[],[],[],0.0,0.0,disappeared,,,,,
28,28.0,"['district', 'columbia', 'commissioners', 'herewith', 'capital', 'health', 'potomac', 'timely', 'block', 'impassable']",29,[32],"[['columbia', 'district', 'account', 'expenditure', 'commissioners', 'detailed', 'affair', 'statement', 'present', '']]",[0.777],[0.4],[1.0],0.4,1.0,unclear,,,,,
28,29.0,"['pursue', 'employment', 'opinion', 'presence', 'example', 'local', 'declaration', 'harmony', 'immediate', 'certainly']",29,[33],"[['example', 'regret', 'assurance', 'direction', 'feel', 'afford', 'increase', 'inaction', 'distract', 'profoundly']]",[0.779],[0.4],[0.5],0.4,0.5,unclear,,,,,
28,,,29,,,,"[1.0, 1.0]","[0.579, 0.316]",2.0,0.895,merge,"[21, 23]","[['black', 'hill', 'indian', 'reservation', 'settlement', 'territory', 'indians', 'gold', 'sioux', 'white'], ['indian', 'indians', 'agitation', 'interior', 'committee', 'express', 'decision', 'secretary', 'insufficiency', 'treatment']]",4.0,"['indian', 'indians', 'reservation', 'tribe', 'interior', 'secretary', 'report', 'land', 'child', 'civilization']","[0.913, 0.862]"
29,0.0,"['estimate', 'fiscal', 'june', 'receipt', 'actual', 'revenue', 'expenditure', 'ordinary', 'end', 'quarter']",30,[6],"[['june', 'estimate', 'end', 'fiscal', 'ordinary', 'total', 'receipt', 'ending', 'expenditure', 'surplus']]",[0.969],[0.833],[1.0],0.833,1.0,continued,,,,,
29,2.0,"['vessel', 'improvement', 'navy', 'naval', 'include', 'machinery', 'establishment', 'steel', 'yard', 'ton']",30,[8],"[['vessel', 'gun', 'machinery', 'steel', 'cruiser', 'ton', 'navy', 'construction', 'naval', 'board']]",[0.949],[0.571],[0.947],0.571,0.947,continued,,,,,
29,3.0,"['spanish', 'spain', 'claim', 'cuba', 'port', 'late', 'reparation', 'commission', 'colonial', 'case']",30,"[26, 32]","[['spanish', 'spain', 'cargoe', 'port', 'onerous', 'antille', 'cuba', 'suspension', 'impose', 'export'], ['spanish', 'spain', 'claim', 'speedy', 'commission', 'reparation', 'agreement', 'settlement', 'late', 'colonial']]","[0.906, 0.911]","[0.45, 0.45]","[1.0, 1.0]",0.9,2.0,split,,,,,
29,4.0,"['indian', 'indians', 'reservation', 'tribe', 'interior', 'secretary', 'report', 'land', 'child', 'civilization']",30,"[2, 20]","[['indian', 'indians', 'reservation', 'civilization', 'land', 'agent', 'tribe', 'charge', 'management', 'allotment'], ['troop', 'indians', 'proclamation', 'reservation', 'murder', 'remove', 'territory', 'intruder', 'arizona', 'outrage']]","[0.877, 0.848]","[0.632, 0.316]","[0.697, 0.909]",0.947,1.606,split,,,,,
29,5.0,"['postmaster', 'mail', 'stamp', 'postage', 'letter', 'precede', 'postal', 'delivery', 'office', 'post']",30,[4],"[['postmaster', 'postage', 'rate', 'mail', 'letter', 'postal', 'delivery', 'recommendation', 'office', 'cost']]",[0.96],[1.0],[0.931],1.0,0.931,continued,,,,,
29,6.0,"['silver', 'dollar', 'coinage', 'coin', 'gold', 'value', 'circulation', 'currency', 'secretary', 'standard']",30,[3],"[['silver', 'coin', 'coinage', 'gold', 'dollar', 'circulation', 'currency', 'value', 'certificate', 'bullion']]",[0.95],[0.933],[0.935],0.933,0.935,continued,,,,,
29,7.0,"['timber', 'destruction', 'library', 'forest', 'accommodation', 'building', 'completion', 'interior', 'fireproof', 'fire']",30,[],[],[],[],[],0.0,0.0,disappeared,,,,,
29,8.0,"['sink', 'fund', 'company', 'railway', 'pacific', 'repayment', 'fractional', 'currency', 'arrear', 'require']",30,[27],"[['sink', 'railway', 'company', 'fund', 'pacific', 'fractional', 'repayment', 'currency', 'loan', 'august']]",[0.986],[0.846],[0.889],0.846,0.889,continued,,,,,
29,9.0,"['japan', 'indemnity', 'china', 'fund', 'return', 'japanese', 'revision', 'treaty', 'western', 'equitably']",30,[29],"[['japan', 'tokyo', 'western', 'china', 'revision', 'treaty', 'testify', 'discussion', 'dispose', 'request']]",[0.934],[0.923],[1.0],0.923,1.0,continued,,,,,
29,10.0,"['epidemic', 'health', 'sanitary', 'disease', 'spread', 'yellow', 'fever', 'tent', 'quarantine', 'approve']",30,[36],"[['disease', 'health', 'sanitary', 'session', 'board', 'contagious', 'cholera', 'epidemic', 'spread', 'approve']]",[0.897],[0.769],[0.75],0.769,0.75,unclear,,,,,
29,11.0,"['chile', 'peru', 'bolivia', 'republic', 'belligerent', 'chilean', 'iglesias', 'accept', 'iglesia', 'territory']",30,[17],"[['chile', 'peru', 'bolivia', 'arbitration', 'chilean', 'claim', 'king', 'iglesias', 'convention', 'territory']]",[0.948],[1.0],[0.867],1.0,0.867,continued,,,,,
29,12.0,"['egypt', 'legation', 'khedive', 'diplomatic', 'intercourse', 'siam', 'premise', 'persia', 'tribunal', 'gift']",30,"[15, 42]","[['diplomatic', 'salary', 'consular', 'representative', 'post', 'minister', 'hungary', 'office', 'appropriation', 'recast'], ['legation', 'korea', 'premise', 'siam', 'gift', 'siamese', 'persia', 'own', 'eastern', 'japan']]","[0.868, 0.843]","[0.5, 0.417]","[0.8, 1.0]",0.917,1.8,split,,,,,
29,13.0,"['bay', 'british', 'fisherman', 'fishery', 'expedition', 'fortune', 'lieutenant', 'treaty', 'indemnity', 'correspondence']",30,[22],"[['fishing', 'fishery', 'british', 'north', 'water', 'season', 'fisherman', 'intercourse', 'majesty', 'relation']]",[0.839],[0.667],[0.7],0.667,0.7,unclear,,,,,
29,14.0,"['chinese', 'china', 'immigration', 'treaty', 'laborer', 'immigrant', 'violate', 'canton', 'cooperate', 'forbid']",30,[11],"[['chinese', 'china', 'immigration', 'treaty', 'laborer', 'race', 'outbreak', 'recent', 'territory', 'opium']]",[0.949],[1.0],[1.0],1.0,1.0,continued,,,,,
29,15.0,"['bond', 'note', 'cent', 'issue', 'redeem', 'deposit', 'compound', 'bear', 'exchange', 'sell']",30,[12],"[['bond', 'cent', 'sum', 'outstanding', 'surplus', 'amount', 'treasury', 'note', 'purchase', 'redemption']]",[0.925],[0.909],[0.765],0.909,0.765,continued,,,,,
29,16.0,"['mexico', 'mexican', 'border', 'frontier', 'crossing', 'grande', 'rio', 'endanger', 'order', 'quiet']",30,[],[],[],[],[],0.0,0.0,disappeared,,,,,
29,17.0,"['cable', 'rule', 'vessel', 'sea', 'collision', 'france', 'water', 'flag', 'burdensome', 'international']",30,[31],"[['vessel', 'sea', 'port', 'rule', 'collision', 'water', 'come', 'conform', 'international', 'maritime']]",[0.946],[0.8],[1.0],0.8,1.0,continued,,,,,
29,18.0,"['convention', 'paris', 'meridian', 'international', 'postal', 'universal', 'conference', 'copyright', 'attend', 'april']",30,[9],"[['international', 'conference', 'kongo', 'convention', 'copyright', 'paris', 'attend', 'delegate', 'association', 'meridian']]",[0.944],[1.0],[0.684],1.0,0.684,continued,,,,,
29,19.0,"['agricultural', 'agriculture', 'soil', 'product', 'produce', 'production', 'manufacture', 'individual', 'encourage', 'market']",30,"[1, 41]","[['tariff', 'price', 'taxation', 'manufacture', 'import', 'wool', 'farmer', 'article', 'sheep', 'reduction'], ['agriculturist', 'agriculture', 'farming', 'subject', 'productive', 'intelligent', 'agricultural', 'comfort', 'largely', 'farmer']]","[0.758, 0.89]","[0.3, 0.6]","[0.622, 1.0]",0.9,1.622,split,,,,,
29,20.0,"['exhibition', 'hold', 'melbourne', 'conference', 'participation', 'commissioner', 'international', 'sydney', 'paris', 'represent']",30,[37],"[['exhibition', 'field', 'exhibitor', 'invitation', 'hold', 'honorary', 'transaction', 'participation', 'participate', 'formal']]",[0.855],[0.6],[0.714],0.6,0.714,unclear,,,,,
29,22.0,"['extradition', 'ratification', 'treaty', 'netherlands', 'privilege', 'conclude', 'belgium', 'ratify', 'duly', 'consular']",30,[30],"[['extradition', 'german', 'treaty', 'germany', 'imperial', 'assassination', 'naturalize', 'origin', 'belgium', 'practice']]",[0.856],[0.889],[0.889],0.889,0.889,unclear,,,,,
29,23.0,"['canal', 'colombia', 'isthmus', 'guaranty', 'panama', 'interoceanic', 'obligation', 'propose', 'king', 'colombian']",30,[7],"[['canal', 'colombia', 'panama', 'isthmus', 'transit', 'route', 'guaranty', 'atlantic', 'line', 'nicaragua']]",[0.898],[0.889],[0.762],0.889,0.762,unclear,,,,,
29,24.0,"['school', 'education', 'district', 'popular', 'local', 'responsibility', 'educational', 'university', 'columbia', 'grant']",30,[],[],[],[],[],0.0,0.0,disappeared,,,,,
29,25.0,"['mexico', 'boundary', 'july', 'mexican', 'commission', 'guatemala', 'counsel', 'dispute', 'await', 'convention']",30,[5],"[['mexico', 'mexican', 'treaty', 'boundary', 'offense', 'citizen', 'convention', 'release', 'commercial', 'commission']]",[0.933],[1.0],[0.708],1.0,0.708,continued,,,,,
29,26.0,"['love', 'sorrow', 'honor', 'citizen', 'pleasing', 'mankind', 'federation', 'salute', 'signal', 'lull']",30,[14],"[['soldier', 'sorrow', 'patriotic', 'sympathy', 'gift', 'relief', 'colossal', 'france', 'sacred', 'achievement']]",[0.909],[1.0],[0.875],1.0,0.875,continued,,,,,
29,27.0,"['condition', 'finance', 'treasury', 'secretary', 'financial', 'exhibit', 'interesting', 'operation', 'branch', 'satisfactory']",30,[19],"[['secretary', 'branch', 'contain', 'finance', 'exhibit', 'recommendation', 'treasury', 'condition', 'connect', 'fully']]",[0.839],[0.875],[0.643],0.875,0.643,unclear,,,,,
29,28.0,"['venezuela', 'caracas', 'venezuelan', 'awards', 'pende', 'bolivar', 'birth', 'centennial', 'statue', 'celebration']",30,[28],"[['venezuela', 'caracas', 'awards', 'venezuelan', 'commission', 'reopening', 'bolivar', 'delay', 'convention', 'centennial']]",[0.976],[1.0],[1.0],1.0,1.0,continued,,,,,
29,29.0,"['appropriation', 'expense', 'marshal', 'entitle', 'attorney', 'compensation', 'incur', 'approve', 'deputy', 'amendatory']",30,[0],"[['court', 'district', 'fee', 'trial', 'attorney', 'commissioner', 'marshal', 'person', 'charge', 'criminal']]",[0.789],[0.429],[0.324],0.429,0.324,disappeared,,,,,
29,30.0,"['hawaii', 'treaty', 'reciprocity', 'uncivilized', 'alaska', 'tribe', 'onerous', 'foster', 'provision', 'indicate']",30,[25],"[['hawaii', 'treaty', 'island', 'reciprocity', 'king', 'samoa', 'malietoa', 'terminable', 'group', 'seven']]",[0.907],[0.857],[0.9],0.857,0.9,continued,,,,,
29,31.0,"['utah', 'territory', 'polygamy', 'enforcement', 'uphold', 'sect', 'practice', 'suppress', 'recommend', 'sectarian']",30,[],[],[],[],[],0.0,0.0,disappeared,,,,,
29,32.0,"['columbia', 'district', 'account', 'expenditure', 'commissioners', 'detailed', 'affair', 'statement', 'present', '']",30,[40],"[['account', 'columbia', 'expenditure', 'district', 'academy', 'exclusive', 'purpose', 'army', 'appropriation', 'sum']]",[0.973],[0.833],[0.833],0.833,0.833,continued,,,,,
29,33.0,"['example', 'regret', 'assurance', 'direction', 'feel', 'afford', 'increase', 'inaction', 'distract', 'profoundly']",30,[],[],[],[],[],0.0,0.0,disappeared,,,,,
29,34.0,"['bank', 'deposit', 'tax', 'circulation', 'survey', 'individual', 'land', '', '', '']",30,[39],"[['deposit', 'bank', 'tax', 'circulation', 'assay', 'bullion', 'profit', 'coinage', '', '']]",[0.939],[1.0],[0.667],1.0,0.667,continued,,,,,
29,35.0,"['switzerland', 'swiss', 'emigration', 'pauper', 'authority', 'person', 'criminal', 'propose', 'treaty', 'tutelage']",30,[],[],[],[],[],0.0,0.0,disappeared,,,,,
29,36.0,"['recommendation', 'judge', 'consideration', 'limitation', 'declaratory', 'advocate', 'graver', 'respects', 'restate', 'desertion']",30,[],[],[],[],[],0.0,0.0,disappeared,,,,,
29,37.0,"['statute', 'zeal', 'grade', 'section', 'recommend', 'charge', 'commission', 'duty', 'unqualified', 'interpret']",30,[],[],[],[],[],0.0,0.0,disappeared,,,,,
29,,,30,,,,"[0.696, 1.0]","[0.4, 0.4]",1.696,0.8,merge,"[1, 21]","[['appointment', 'office', 'examination', 'civil', 'method', 'partisan', 'official', 'test', 'department', 'removal'], ['election', 'amendment', 'suffrage', 'constitution', 'constitutional', 'colored', 'confer', 'enjoyment', 'paramount', 'opposition']]",16.0,"['party', 'partisan', 'office', 'civil', 'mean', 'reform', 'place', 'principle', 'insist', 'remember']","[0.842, 0.833]"
30,0.0,"['court', 'district', 'fee', 'trial', 'attorney', 'commissioner', 'marshal', 'person', 'charge', 'criminal']",31,[7],"[['court', 'attorney', 'district', 'marshal', 'fee', 'trial', 'judge', 'offense', 'case', 'witness']]",[0.928],[0.432],[0.885],0.432,0.885,unclear,,,,,
30,1.0,"['tariff', 'price', 'taxation', 'manufacture', 'import', 'wool', 'farmer', 'article', 'sheep', 'reduction']",31,"[11, 13]","[['price', 'wool', 'manufacture', 'tariff', 'farmer', 'sheep', 'cent', 'material', 'produce', 'product'], ['tariff', 'taxation', 'import', 'article', 'revenue', 'tax', 'burden', 'taxis', 'levy', 'source']]","[0.915, 0.923]","[0.459, 0.459]","[0.857, 0.95]",0.919,1.807,split,,,,,
30,2.0,"['indian', 'indians', 'reservation', 'civilization', 'land', 'agent', 'tribe', 'charge', 'management', 'allotment']",31,"[34, 47]","[['indians', 'indian', 'charge', 'management', 'detail', 'reservation', 'varied', 'phase', 'auxiliary', 'welfare'], ['civilization', 'indian', 'push', 'surround', 'outside', 'agency', 'frontier', 'tribe', 'race', 'indians']]","[0.911, 0.868]","[0.333, 0.303]","[1.0, 1.0]",0.636,2.0,unclear,,,,,
30,3.0,"['silver', 'coin', 'coinage', 'gold', 'dollar', 'circulation', 'currency', 'value', 'certificate', 'bullion']",31,[1],"[['silver', 'coin', 'coinage', 'dollar', 'gold', 'circulation', 'currency', 'bullion', 'certificate', 'value']]",[0.99],[0.935],[0.957],0.935,0.957,continued,,,,,
30,4.0,"['postmaster', 'postage', 'rate', 'mail', 'letter', 'postal', 'delivery', 'recommendation', 'office', 'cost']",31,[3],"[['postmaster', 'mail', 'postage', 'rate', 'office', 'postal', 'delivery', 'letter', 'transmission', 'post']]",[0.987],[0.931],[0.949],0.931,0.949,continued,,,,,
30,5.0,"['mexico', 'mexican', 'treaty', 'boundary', 'offense', 'citizen', 'convention', 'release', 'commercial', 'commission']",31,"[16, 30]","[['mexico', 'treaty', 'commercial', 'conclude', 'reciprocity', 'railway', 'navigation', 'capital', 'mexican', 'initiate'], ['mexican', 'mexico', 'offense', 'citizen', 'cutting', 'sovereign', 'jurisdiction', 'release', 'title', 'case']]","[0.911, 0.903]","[0.5, 0.375]","[0.867, 1.0]",0.875,1.867,split,,,,,
30,6.0,"['june', 'estimate', 'end', 'fiscal', 'ordinary', 'total', 'receipt', 'ending', 'expenditure', 'surplus']",31,[4],"[['estimate', 'receipt', 'june', 'expenditure', 'fiscal', 'end', 'total', 'revenue', 'ordinary', 'surplus']]",[0.955],[1.0],[0.914],1.0,0.914,continued,,,,,
30,7.0,"['canal', 'colombia', 'panama', 'isthmus', 'transit', 'route', 'guaranty', 'atlantic', 'line', 'nicaragua']",31,[],[],[],[],[],0.0,0.0,disappeared,,,,,
30,9.0,"['international', 'conference', 'kongo', 'convention', 'copyright', 'paris', 'attend', 'delegate', 'association', 'meridian']",31,[14],"[['conference', 'international', 'kongo', 'delegate', 'meridian', 'invitation', 'berlin', 'region', 'result', 'basin']]",[0.856],[0.579],[0.706],0.579,0.706,unclear,,,,,
30,10.0,"['consideration', 'commissioner', 'station', 'constitution', 'statute', 'information', 'stock', 'department', 'contain', 'recommend']",31,[5],"[['district', 'commissioner', 'columbia', 'railroad', 'commission', 'civil', 'regulation', 'license', 'car', 'prohibit']]",[0.896],[0.421],[0.484],0.421,0.484,unclear,,,,,
30,11.0,"['chinese', 'china', 'immigration', 'treaty', 'laborer', 'race', 'outbreak', 'recent', 'territory', 'opium']",31,[12],"[['chinese', 'china', 'exclusion', 'immigration', 'laborer', 'treaty', 'chinaman', 'race', 'message', 'dominion']]",[0.953],[1.0],[0.857],1.0,0.857,continued,,,,,
30,12.0,"['bond', 'cent', 'sum', 'outstanding', 'surplus', 'amount', 'treasury', 'note', 'purchase', 'redemption']",31,[10],"[['bond', 'surplus', 'purchase', 'treasury', 'premium', 'cent', 'fund', 'sink', 'amount', 'outstanding']]",[0.954],[0.882],[1.0],0.882,1.0,continued,,,,,
30,13.0,"['pension', 'bureau', 'widow', 'pensioner', 'roll', 'soldier', 'merit', 'army', 'enlist', 'allow']",31,[6],"[['pension', 'soldier', 'army', 'bureau', 'roll', 'widow', 'disease', 'hospital', 'pensioner', 'relief']]",[0.972],[1.0],[0.815],1.0,0.815,continued,,,,,
30,14.0,"['soldier', 'sorrow', 'patriotic', 'sympathy', 'gift', 'relief', 'colossal', 'france', 'sacred', 'achievement']",31,[45],"[['soldier', 'tender', 'friendless', 'fight', 'ex', 'brave', 'entitle', 'grateful', 'neglect', 'devotion']]",[0.867],[0.562],[1.0],0.562,1.0,unclear,,,,,
30,15.0,"['diplomatic', 'salary', 'consular', 'representative', 'post', 'minister', 'hungary', 'office', 'appropriation', 'recast']",31,[9],"[['consular', 'diplomatic', 'legation', 'salary', 'premise', 'gift', 'representative', 'recast', 'abroad', 'inspection']]",[0.934],[0.867],[0.636],0.867,0.636,continued,,,,,
30,16.0,"['party', 'partisan', 'office', 'civil', 'mean', 'reform', 'place', 'principle', 'insist', 'remember']",31,[2],"[['election', 'civil', 'party', 'appointment', 'elector', 'office', 'exercise', 'discharge', 'partisan', 'constitutional']]",[0.953],[0.933],[0.75],0.933,0.75,continued,,,,,
30,17.0,"['chile', 'peru', 'bolivia', 'arbitration', 'chilean', 'claim', 'king', 'iglesias', 'convention', 'territory']",31,[28],"[['chile', 'peru', 'arbitration', 'claim', 'late', 'convention', 'chilean', 'bolivia', 'negotiate', 'recovery']]",[0.933],[0.8],[1.0],0.8,1.0,continued,,,,,
30,18.0,"['theory', 'pay', 'fairness', 'daily', 'revenue', 'supply', 'taxation', 'justifiable', 'protective', 'manner']",31,[38],"[['wage', 'supply', 'want', 'employment', 'daily', 'pay', 'justifiable', 'manner', 'workingmen', 'living']]",[0.841],[0.5],[0.625],0.5,0.625,unclear,,,,,
30,19.0,"['secretary', 'branch', 'contain', 'finance', 'exhibit', 'recommendation', 'treasury', 'condition', 'connect', 'fully']",31,[8],"[['secretary', 'recommendation', 'contain', 'branch', 'finance', 'interior', 'fully', 'exhibit', 'condition', 'account']]",[0.943],[1.0],[0.72],1.0,0.72,continued,,,,,
30,20.0,"['troop', 'indians', 'proclamation', 'reservation', 'murder', 'remove', 'territory', 'intruder', 'arizona', 'outrage']",31,[35],"[['arizona', 'proclamation', 'troop', 'indians', 'reservation', 'intruder', 'apache', 'capture', 'murder', 'territory']]",[0.959],[0.818],[1.0],0.818,1.0,continued,,,,,
30,21.0,"['situation', 'danger', 'distress', 'financial', 'condition', 'demand', 'threshold', 'certainly', 'disaster', 'state']",31,[32],"[['situation', 'treasury', 'danger', 'deposit', 'distress', 'financial', 'expedient', 'bank', 'unnatural', 'bond']]",[0.916],[0.818],[0.667],0.818,0.667,continued,,,,,
30,22.0,"['fishing', 'fishery', 'british', 'north', 'water', 'season', 'fisherman', 'intercourse', 'majesty', 'relation']",31,[19],"[['fishing', 'fishery', 'canada', 'water', 'british', 'season', 'north', 'fisherman', 'britain', 'majesty']]",[0.968],[1.0],[0.917],1.0,0.917,continued,,,,,
30,23.0,"['harbor', 'river', 'arsenal', 'include', 'improvement', 'establishment', 'fiscal', 'work', 'balance', 'expense']",31,[40],"[['river', 'work', 'harbor', 'fiscal', 'expense', 'improvement', 'balance', 'include', 'appropriation', 'requisition']]",[0.864],[0.9],[0.857],0.9,0.857,unclear,,,,,
30,24.0,"['patent', 'label', 'reissue', 'application', 'month', 'mark', 'consular', 'letter', 'arrear', 'include']",31,[42],"[['patent', 'label', 'reissue', 'application', 'mark', 'month', 'include', 'arrear', 'office', 'fiscal']]",[0.9],[0.9],[1.0],0.9,1.0,continued,,,,,
30,25.0,"['hawaii', 'treaty', 'island', 'reciprocity', 'king', 'samoa', 'malietoa', 'terminable', 'group', 'seven']",31,[22],"[['island', 'treaty', 'hawaii', 'samoan', 'reciprocity', 'group', 'malietoa', 'kingdom', 'samoa', 'king']]",[0.947],[0.8],[0.917],0.8,0.917,continued,,,,,
30,27.0,"['sink', 'railway', 'company', 'fund', 'pacific', 'fractional', 'repayment', 'currency', 'loan', 'august']",31,[],[],[],[],[],0.0,0.0,disappeared,,,,,
30,28.0,"['venezuela', 'caracas', 'awards', 'venezuelan', 'commission', 'reopening', 'bolivar', 'delay', 'convention', 'centennial']",31,[23],"[['venezuela', 'convention', 'commission', 'awards', 'claim', 'caracas', 'ratification', 'mixed', 'negotiation', 'rehear']]",[0.845],[0.778],[0.636],0.778,0.636,unclear,,,,,
30,29.0,"['japan', 'tokyo', 'western', 'china', 'revision', 'treaty', 'testify', 'discussion', 'dispose', 'request']",31,[26],"[['japan', 'empire', 'revision', 'korea', 'treaty', 'tokyo', 'japanese', 'testify', 'notification', 'undue']]",[0.918],[1.0],[0.727],1.0,0.727,continued,,,,,
30,30.0,"['extradition', 'german', 'treaty', 'germany', 'imperial', 'assassination', 'naturalize', 'origin', 'belgium', 'practice']",31,"[24, 43]","[['extradition', 'britain', 'treaty', 'negotiation', 'embrace', 'amicable', 'attain', 'criminal', 'practice', 'international'], ['german', 'germany', 'temperate', 'naturalize', 'treaty', 'origin', 'empire', 'scope', 'conclude', 'privilege']]","[0.851, 0.867]","[0.444, 0.556]","[0.909, 0.833]",1.0,1.742,split,,,,,
30,31.0,"['vessel', 'sea', 'port', 'rule', 'collision', 'water', 'come', 'conform', 'international', 'maritime']",31,[21],"[['port', 'vessel', 'sea', 'maritime', 'shipping', 'property', 'seal', 'clause', 'flag', 'come']]",[0.932],[1.0],[0.833],1.0,0.833,continued,,,,,
30,34.0,"['russia', 'missionary', 'turkey', 'empire', 'hebrew', 'czar', 'russian', 'friendliness', 'affect', 'religious']",31,[],[],[],[],[],0.0,0.0,disappeared,,,,,
30,35.0,"['naturalization', 'citizenship', 'section', 'naturalize', 'alien', 'status', 'record', 'define', 'domicile', 'franchise']",31,[18],"[['naturalization', 'citizenship', 'record', 'decree', 'domicile', 'central', 'alien', 'status', 'privilege', 'naturalize']]",[0.979],[1.0],[1.0],1.0,1.0,continued,,,,,
30,36.0,"['disease', 'health', 'sanitary', 'session', 'board', 'contagious', 'cholera', 'epidemic', 'spread', 'approve']",31,[],[],[],[],[],0.0,0.0,disappeared,,,,,
30,37.0,"['exhibition', 'field', 'exhibitor', 'invitation', 'hold', 'honorary', 'transaction', 'participation', 'participate', 'formal']",31,[],[],[],[],[],0.0,0.0,disappeared,,,,,
30,38.0,"['collect', 'house', 'miscellaneous', 'light', 'building', 'revenue', 'include', 'expense', 'expenditure', 'internal']",31,[],[],[],[],[],0.0,0.0,disappeared,,,,,
30,39.0,"['deposit', 'bank', 'tax', 'circulation', 'assay', 'bullion', 'profit', 'coinage', '', '']",31,[],[],[],[],[],0.0,0.0,disappeared,,,,,
30,40.0,"['account', 'columbia', 'expenditure', 'district', 'academy', 'exclusive', 'purpose', 'army', 'appropriation', 'sum']",31,[],[],[],[],[],0.0,0.0,disappeared,,,,,
30,41.0,"['agriculturist', 'agriculture', 'farming', 'subject', 'productive', 'intelligent', 'agricultural', 'comfort', 'largely', 'farmer']",31,[20],"[['agriculture', 'farmer', 'product', 'agriculturist', 'farming', 'organization', 'engage', 'market', 'value', 'beet']]",[0.964],[1.0],[1.0],1.0,1.0,continued,,,,,
30,42.0,"['legation', 'korea', 'premise', 'siam', 'gift', 'siamese', 'persia', 'own', 'eastern', 'japan']",31,[],[],[],[],[],0.0,0.0,disappeared,,,,,
30,43.0,"['appoint', 'discretionary', 'reasonable', 'invitation', 'compensation', 'institution', 'congress', 'frequency', 'utility', 'defrayment']",31,[],[],[],[],[],0.0,0.0,disappeared,,,,,
30,44.0,"['export', 'value', 'follow', 'compare', 'precede', 'fiscal', 'total', 'suggestive', 'respectively', 'percentage']",31,[29],"[['follow', 'export', 'value', 'import', 'compare', 'total', 'percentage', 'article', 'fiscal', 'merchandise']]",[0.919],[1.0],[0.9],1.0,0.9,continued,,,,,
30,,,31,,,,"[0.947, 1.0]","[0.389, 0.352]",1.947,0.741,merge,"[8, 33]","[['vessel', 'gun', 'machinery', 'steel', 'cruiser', 'ton', 'navy', 'construction', 'naval', 'board'], ['navy', 'fortification', 'seacoast', 'board', 'construction', 'direction', 'thoroughly', 'vessel', 'step', 'effective']]",0.0,"['gun', 'navy', 'vessel', 'ship', 'board', 'construction', 'steel', 'fortification', 'secretary', 'naval']","[0.903, 0.895]"
30,,,31,,,,"[1.0, 0.875]","[0.615, 0.308]",1.875,0.923,merge,"[26, 32]","[['spanish', 'spain', 'cargoe', 'port', 'onerous', 'antille', 'cuba', 'suspension', 'impose', 'export'], ['spanish', 'spain', 'claim', 'speedy', 'commission', 'reparation', 'agreement', 'settlement', 'late', 'colonial']]",17.0,"['spain', 'cuba', 'spanish', 'antille', 'commercial', 'puerto', 'rico', 'west', 'suspension', 'intercourse']","[0.914, 0.825]"
31,0.0,"['gun', 'navy', 'vessel', 'ship', 'board', 'construction', 'steel', 'fortification', 'secretary', 'naval']",32,[10],"[['navy', 'ship', 'vessel', 'construction', 'plate', 'torpedo', 'armor', 'secretary', 'monitor', 'cruiser']]",[0.949],[0.648],[0.944],0.648,0.944,continued,,,,,
31,1.0,"['silver', 'coin', 'coinage', 'dollar', 'gold', 'circulation', 'currency', 'bullion', 'certificate', 'value']",32,[3],"[['silver', 'gold', 'bullion', 'coin', 'dollar', 'ounce', 'circulation', 'coinage', 'note', 'value']]",[0.965],[0.872],[0.963],0.872,0.963,continued,,,,,
31,2.0,"['election', 'civil', 'party', 'appointment', 'elector', 'office', 'exercise', 'discharge', 'partisan', 'constitutional']",32,[21],"[['election', 'elector', 'evil', 'ballot', 'choice', 'suffrage', 'fraud', 'qualified', 'nonpartisan', 'cease']]",[0.905],[0.477],[1.0],0.477,1.0,unclear,,,,,
31,3.0,"['postmaster', 'mail', 'postage', 'rate', 'office', 'postal', 'delivery', 'letter', 'transmission', 'post']",32,[8],"[['postmaster', 'office', 'mail', 'post', 'delivery', 'postal', 'deficiency', 'mile', 'transmission', 'telegraph']]",[0.945],[0.872],[0.95],0.872,0.95,continued,,,,,
31,4.0,"['estimate', 'receipt', 'june', 'expenditure', 'fiscal', 'end', 'total', 'revenue', 'ordinary', 'surplus']",32,[2],"[['expenditure', 'receipt', 'estimate', 'june', 'fiscal', 'revenue', 'sink', 'surplus', 'fund', 'end']]",[0.975],[1.0],[0.81],1.0,0.81,continued,,,,,
31,5.0,"['district', 'commissioner', 'columbia', 'railroad', 'commission', 'civil', 'regulation', 'license', 'car', 'prohibit']",32,[27],"[['appointment', 'civil', 'impartiality', 'commission', 'clerk', 'reform', 'execute', 'eligible', 'appoint', 'list']]",[0.829],[0.452],[0.5],0.452,0.5,unclear,,,,,
31,6.0,"['pension', 'soldier', 'army', 'bureau', 'roll', 'widow', 'disease', 'hospital', 'pensioner', 'relief']",32,[13],"[['pension', 'roll', 'june', 'payment', 'allow', 'pensioner', 'survivor', 'soldier', 'commissioner', 'disability']]",[0.932],[0.704],[1.0],0.704,1.0,continued,,,,,
31,7.0,"['court', 'attorney', 'district', 'marshal', 'fee', 'trial', 'judge', 'offense', 'case', 'witness']",32,[6],"[['court', 'case', 'attorney', 'officer', 'crime', 'punishment', 'criminal', 'offense', 'salary', 'judge']]",[0.965],[1.0],[1.0],1.0,1.0,continued,,,,,
31,8.0,"['secretary', 'recommendation', 'contain', 'branch', 'finance', 'interior', 'fully', 'exhibit', 'condition', 'account']",32,[7],"[['secretary', 'head', 'department', 'efficiency', 'promotion', 'vast', 'desertion', 'merit', 'faithfulness', 'rating']]",[0.888],[0.72],[0.762],0.72,0.762,unclear,,,,,
31,9.0,"['consular', 'diplomatic', 'legation', 'salary', 'premise', 'gift', 'representative', 'recast', 'abroad', 'inspection']",32,[39],"[['consular', 'evince', 'persian', 'recast', 'abroad', 'expand', 'agency', 'principal', 'enterprise', 'supervision']]",[0.91],[0.682],[1.0],0.682,1.0,continued,,,,,
31,10.0,"['bond', 'surplus', 'purchase', 'treasury', 'premium', 'cent', 'fund', 'sink', 'amount', 'outstanding']",32,[],[],[],[],[],0.0,0.0,disappeared,,,,,
31,11.0,"['price', 'wool', 'manufacture', 'tariff', 'farmer', 'sheep', 'cent', 'material', 'produce', 'product']",32,[31],"[['material', 'manufacturer', 'manufacture', 'price', 'competition', 'reduce', 'cost', 'raw', 'importation', 'combination']]",[0.911],[0.619],[1.0],0.619,1.0,continued,,,,,
31,12.0,"['chinese', 'china', 'exclusion', 'immigration', 'laborer', 'treaty', 'chinaman', 'race', 'message', 'dominion']",32,[9],"[['chinese', 'china', 'japan', 'laborer', 'empire', 'exclusion', 'message', 'foreigner', 'chinaman', 'treaty']]",[0.93],[0.857],[0.611],0.857,0.611,continued,,,,,
31,13.0,"['tariff', 'taxation', 'import', 'article', 'revenue', 'tax', 'burden', 'taxis', 'levy', 'source']",32,"[22, 24]","[['tariff', 'congressional', 'reform', 'favor', 'revision', 'deal', 'reduction', 'policy', 'selfish', 'administrative'], ['taxation', 'article', 'tariff', 'tax', 'import', 'price', 'revenue', 'internal', 'duty', 'levy']]","[0.892, 0.93]","[0.45, 0.55]","[1.0, 0.889]",1.0,1.889,split,,,,,
31,14.0,"['conference', 'international', 'kongo', 'delegate', 'meridian', 'invitation', 'berlin', 'region', 'result', 'basin']",32,[18],"[['conference', 'international', 'invitation', 'agreement', 'assemble', 'delegate', 'meridian', 'promote', 'coinage', 'accomplish']]",[0.896],[0.412],[0.833],0.412,0.833,unclear,,,,,
31,15.0,"['hayti', 'french', 'haytian', 'france', 'bokkelen', 'van', 'claim', 'liberty', 'award', 'gift']",32,[30],"[['hayti', 'portugal', 'italy', 'carlos', 'van', 'bokkelen', 'butterfield', 'claim', 'redress', 'award']]",[0.859],[0.588],[0.75],0.588,0.75,unclear,,,,,
31,17.0,"['spain', 'cuba', 'spanish', 'antille', 'commercial', 'puerto', 'rico', 'west', 'suspension', 'intercourse']",32,[36],"[['spain', 'caroline', 'cuba', 'pledge', 'island', 'missionary', 'adjustment', 'claim', 'confiscate', 'ponape']]",[0.888],[0.769],[1.0],0.769,1.0,unclear,,,,,
31,18.0,"['naturalization', 'citizenship', 'record', 'decree', 'domicile', 'central', 'alien', 'status', 'privilege', 'naturalize']",32,[12],"[['naturalization', 'citizenship', 'decree', 'turkey', 'race', 'russia', 'naturalize', 'remonstrance', 'turkish', 'armenian']]",[0.827],[1.0],[0.412],1.0,0.412,unclear,,,,,
31,19.0,"['fishing', 'fishery', 'canada', 'water', 'british', 'season', 'north', 'fisherman', 'britain', 'majesty']",32,[5],"[['canada', 'canadian', 'line', 'boundary', 'port', 'british', 'pacific', 'canal', 'toll', 'water']]",[0.802],[0.5],[0.304],0.5,0.304,disappeared,,,,,
31,20.0,"['agriculture', 'farmer', 'product', 'agriculturist', 'farming', 'organization', 'engage', 'market', 'value', 'beet']",32,[4],"[['agriculture', 'seed', 'cattle', 'inspection', 'product', 'secretary', 'meat', 'restriction', 'pork', 'farmer']]",[0.9],[0.833],[0.609],0.833,0.609,continued,,,,,
31,21.0,"['port', 'vessel', 'sea', 'maritime', 'shipping', 'property', 'seal', 'clause', 'flag', 'come']",32,[38],"[['seal', 'bere', 'sea', 'arbitration', 'fur', 'sealing', 'agreement', 'propose', 'prohibit', 'season']]",[0.827],[0.417],[0.833],0.417,0.833,unclear,,,,,
31,22.0,"['island', 'treaty', 'hawaii', 'samoan', 'reciprocity', 'group', 'malietoa', 'kingdom', 'samoa', 'king']",32,[35],"[['treaty', 'berlin', 'samoa', 'king', 'island', 'native', 'samoan', 'conference', 'municipal', 'germany']]",[0.89],[0.75],[0.571],0.75,0.571,unclear,,,,,
31,23.0,"['venezuela', 'convention', 'commission', 'awards', 'claim', 'caracas', 'ratification', 'mixed', 'negotiation', 'rehear']",32,[14],"[['venezuela', 'dispute', 'convention', 'commission', 'arbitration', 'boundary', 'claim', 'party', 'republic', 'express']]",[0.935],[0.909],[0.706],0.909,0.706,continued,,,,,
31,24.0,"['extradition', 'britain', 'treaty', 'negotiation', 'embrace', 'amicable', 'attain', 'criminal', 'practice', 'international']",32,"[25, 28]","[['question', 'regrettable', 'amicable', 'diplomatic', 'adjustment', 'imposition', 'britain', 'relation', 'intercourse', 'treaty'], ['extradition', 'treaty', 'proclaim', 'amend', 'offense', 'recently', 'list', 'extraditable', 'avoidable', 'exchanged']]","[0.785, 0.887]","[0.364, 0.636]","[0.5, 1.0]",1.0,1.5,unclear,,,,,
31,25.0,"['land', 'cherokee', 'indians', 'indian', 'sioux', 'acre', 'tribe', 'reservation', 'hon', 'appropriation']",32,[1],"[['land', 'indian', 'school', 'indians', 'reservation', 'settler', 'acre', 'territory', 'tribe', 'appropriation']]",[0.931],[1.0],[0.333],1.0,0.333,disappeared,,,,,
31,26.0,"['japan', 'empire', 'revision', 'korea', 'treaty', 'tokyo', 'japanese', 'testify', 'notification', 'undue']",32,[],[],[],[],[],0.0,0.0,disappeared,,,,,
31,27.0,"['land', 'settler', 'title', 'domain', 'home', 'speculative', 'town', 'repeal', 'individual', 'homestead']",32,[],[],[],[],[],0.0,0.0,disappeared,,,,,
31,28.0,"['chile', 'peru', 'arbitration', 'claim', 'late', 'convention', 'chilean', 'bolivia', 'negotiate', 'recovery']",32,[],[],[],[],[],0.0,0.0,disappeared,,,,,
31,29.0,"['follow', 'export', 'value', 'import', 'compare', 'total', 'percentage', 'article', 'fiscal', 'merchandise']",32,[17],"[['export', 'value', 'merchandise', 'import', 'cent', 'month', 'product', 'total', 'mill', 'exceed']]",[0.805],[1.0],[0.643],1.0,0.643,unclear,,,,,
31,31.0,"['pacific', 'atlantic', 'route', 'communication', 'line', 'south', 'mile', 'practicable', 'port', 'transit']",32,[],[],[],[],[],0.0,0.0,disappeared,,,,,
31,32.0,"['situation', 'treasury', 'danger', 'deposit', 'distress', 'financial', 'expedient', 'bank', 'unnatural', 'bond']",32,[],[],[],[],[],0.0,0.0,disappeared,,,,,
31,33.0,"['school', 'teacher', 'indian', 'indians', 'education', 'permission', 'management', 'attendance', 'useless', 'transfer']",32,[],[],[],[],[],0.0,0.0,disappeared,,,,,
31,34.0,"['indians', 'indian', 'charge', 'management', 'detail', 'reservation', 'varied', 'phase', 'auxiliary', 'welfare']",32,[],[],[],[],[],0.0,0.0,disappeared,,,,,
31,35.0,"['arizona', 'proclamation', 'troop', 'indians', 'reservation', 'intruder', 'apache', 'capture', 'murder', 'territory']",32,[],[],[],[],[],0.0,0.0,disappeared,,,,,
31,36.0,"['selfish', 'patriotic', 'advantage', 'glory', 'assumption', 'determination', 'happiness', 'devotion', 'love', 'citizenship']",32,[],[],[],[],[],0.0,0.0,disappeared,,,,,
31,37.0,"['boundary', 'survey', 'line', 'reconnoissance', 'columbia', 'precise', 'russia', 'geographical', 'jurisdictional', 'alaska']",32,[5],"[['canada', 'canadian', 'line', 'boundary', 'port', 'british', 'pacific', 'canal', 'toll', 'water']]",[0.853],[1.0],[0.348],1.0,0.348,disappeared,,,,,
31,38.0,"['wage', 'supply', 'want', 'employment', 'daily', 'pay', 'justifiable', 'manner', 'workingmen', 'living']",32,[15],"[['wage', 'employ', 'tariff', 'protective', 'industry', 'workman', 'employment', 'compensation', 'pay', 'family']]",[0.869],[0.625],[0.667],0.625,0.667,unclear,,,,,
31,39.0,"['meat', 'product', 'prohibition', 'restriction', 'food', 'pneumonia', 'pleuro', 'skin', 'inspection', 'pork']",32,[],[],[],[],[],0.0,0.0,disappeared,,,,,
31,40.0,"['river', 'work', 'harbor', 'fiscal', 'expense', 'improvement', 'balance', 'include', 'appropriation', 'requisition']",32,[],[],[],[],[],0.0,0.0,disappeared,,,,,
31,41.0,"['barrundia', 'guatemala', 'transit', 'panama', 'insurgent', 'acapulco', 'jose', 'salvador', 'colombian', 'passenger']",32,[20],"[['chile', 'asylum', 'minister', 'itata', 'chilean', 'diego', 'conduct', 'valparaiso', 'naval', 'provisional']]",[0.722],[0.429],[0.364],0.429,0.364,disappeared,,,,,
31,42.0,"['patent', 'label', 'reissue', 'application', 'mark', 'month', 'include', 'arrear', 'office', 'fiscal']",32,[],[],[],[],[],0.0,0.0,disappeared,,,,,
31,43.0,"['german', 'germany', 'temperate', 'naturalize', 'treaty', 'origin', 'empire', 'scope', 'conclude', 'privilege']",32,[],[],[],[],[],0.0,0.0,disappeared,,,,,
31,44.0,"['nicaragua', 'canal', 'nicaraguan', 'juan', 'construction', 'costa', 'project', 'san', 'river', 'territory']",32,[33],"[['nicaragua', 'canal', 'company', 'construction', 'proper', 'adjustment', 'peru', 'costa', 'successful', 'conflict']]",[0.88],[1.0],[0.857],1.0,0.857,unclear,,,,,
31,45.0,"['soldier', 'tender', 'friendless', 'fight', 'ex', 'brave', 'entitle', 'grateful', 'neglect', 'devotion']",32,[],[],[],[],[],0.0,0.0,disappeared,,,,,
31,46.0,"['polygamy', 'utah', 'territory', 'polygamous', 'guilty', 'republican', 'marriage', 'actually', 'punishment', 'absolute']",32,[],[],[],[],[],0.0,0.0,disappeared,,,,,
31,47.0,"['civilization', 'indian', 'push', 'surround', 'outside', 'agency', 'frontier', 'tribe', 'race', 'indians']",32,[],[],[],[],[],0.0,0.0,disappeared,,,,,
31,48.0,"['energy', 'defend', 'integrity', 'century', 'vast', 'area', 'scheme', 'yield', 'development', 'increase']",32,[],[],[],[],[],0.0,0.0,disappeared,,,,,
31,,,32,,,,"[1.0, 1.0]","[0.6, 0.3]",2.0,0.9,merge,"[16, 30]","[['mexico', 'treaty', 'commercial', 'conclude', 'reciprocity', 'railway', 'navigation', 'capital', 'mexican', 'initiate'], ['mexican', 'mexico', 'offense', 'citizen', 'cutting', 'sovereign', 'jurisdiction', 'release', 'title', 'case']]",23.0,"['mexico', 'treaty', 'mexican', 'boundary', 'relocate', 'fulfill', 'paso', 'retarded', 'title', 'grant']","[0.906, 0.832]"
32,0.0,"['bond', 'treasury', 'bank', 'surplus', 'wealth', 'circulation', 'financial', 'purchase', 'condition', 'deposit']",33,[5],"[['trust', 'belief', 'individual', 'accumulate', 'expenditure', 'advantage', 'appropriation', 'mormon', 'polygamy', 'wise']]",[0.934],[0.493],[0.714],0.493,0.714,unclear,,,,,
32,1.0,"['land', 'indian', 'school', 'indians', 'reservation', 'settler', 'acre', 'territory', 'tribe', 'appropriation']",33,[1],"[['indian', 'land', 'school', 'indians', 'acre', 'reservation', 'allotment', 'tribe', 'patent', 'severalty']]",[0.972],[0.794],[0.917],0.794,0.917,continued,,,,,
32,2.0,"['expenditure', 'receipt', 'estimate', 'june', 'fiscal', 'revenue', 'sink', 'surplus', 'fund', 'end']",33,[2],"[['receipt', 'fiscal', 'expenditure', 'estimate', 'june', 'revenue', 'ending', 'sum', 'end', 'total']]",[0.975],[0.857],[0.951],0.857,0.951,continued,,,,,
32,3.0,"['silver', 'gold', 'bullion', 'coin', 'dollar', 'ounce', 'circulation', 'coinage', 'note', 'value']",33,[17],"[['silver', 'standard', 'currency', 'coinage', 'dollar', 'ratio', 'gold', 'metal', 'value', 'bullion']]",[0.89],[0.37],[1.0],0.37,1.0,disappeared,,,,,
32,4.0,"['agriculture', 'seed', 'cattle', 'inspection', 'product', 'secretary', 'meat', 'restriction', 'pork', 'farmer']",33,[4],"[['agriculture', 'farmer', 'seed', 'agricultural', 'crop', 'product', 'station', 'plant', 'market', 'secretary']]",[0.96],[0.696],[0.886],0.696,0.886,continued,,,,,
32,5.0,"['canada', 'canadian', 'line', 'boundary', 'port', 'british', 'pacific', 'canal', 'toll', 'water']",33,[20],"[['canada', 'canadian', 'boundary', 'line', 'meridian', 'port', 'canal', 'toll', 'pacific', 'dominion']]",[0.966],[0.87],[0.875],0.87,0.875,continued,,,,,
32,6.0,"['court', 'case', 'attorney', 'officer', 'crime', 'punishment', 'criminal', 'offense', 'salary', 'judge']",33,"[30, 41]","[['court', 'crime', 'officer', 'punishment', 'case', 'lawlessness', 'offense', 'attorney', 'accuse', 'criminal'], ['court', 'district', 'decision', 'license', 'columbia', 'attorney', 'liquor', 'supreme', 'commissioner', 'traffic']]","[0.959, 0.84]","[0.591, 0.318]","[1.0, 0.833]",0.909,1.833,split,,,,,
32,7.0,"['secretary', 'head', 'department', 'efficiency', 'promotion', 'vast', 'desertion', 'merit', 'faithfulness', 'rating']",33,[18],"[['secretary', 'exhibit', 'interior', 'report', 'scrutiny', 'branch', 'charge', 'recommendation', 'affair', 'interesting']]",[0.877],[0.524],[0.722],0.524,0.722,unclear,,,,,
32,8.0,"['postmaster', 'office', 'mail', 'post', 'delivery', 'postal', 'deficiency', 'mile', 'transmission', 'telegraph']",33,[0],"[['office', 'postal', 'mail', 'post', 'postmaster', 'deficiency', 'class', 'delivery', 'order', 'newspaper']]",[0.943],[0.95],[0.776],0.95,0.776,continued,,,,,
32,9.0,"['chinese', 'china', 'japan', 'laborer', 'empire', 'exclusion', 'message', 'foreigner', 'chinaman', 'treaty']",33,[15],"[['chinese', 'china', 'japan', 'empire', 'japanese', 'diplomatic', 'foreigner', 'kindly', 'outbreak', 'agent']]",[0.906],[0.778],[0.682],0.778,0.682,continued,,,,,
32,10.0,"['navy', 'ship', 'vessel', 'construction', 'plate', 'torpedo', 'armor', 'secretary', 'monitor', 'cruiser']",33,[16],"[['navy', 'vessel', 'ship', 'construction', 'torpedo', 'boat', 'armor', 'battle', 'secretary', 'plate']]",[0.967],[0.778],[0.947],0.778,0.947,continued,,,,,
32,11.0,"['line', 'mail', 'ton', 'steamship', 'port', 'vessel', 'tonnage', 'ocean', 'contract', 'carry']",33,[43],"[['line', 'mail', 'ocean', 'francisco', 'steamship', 'steamer', 'australia', 'postage', 'san', 'postmaster']]",[0.887],[0.444],[1.0],0.444,1.0,unclear,,,,,
32,12.0,"['naturalization', 'citizenship', 'decree', 'turkey', 'race', 'russia', 'naturalize', 'remonstrance', 'turkish', 'armenian']",33,"[19, 42]","[['turkish', 'turkey', 'ottoman', 'armenian', 'missionary', 'christian', 'obtain', 'porte', 'constantinople', 'asiatic'], ['russia', 'race', 'russian', 'hebrew', 'krzeminski', 'jurisdiction', 'decree', 'remonstrance', 'imperial', 'nature']]","[0.815, 0.831]","[0.353, 0.353]","[0.941, 0.833]",0.706,1.775,split,,,,,
32,13.0,"['pension', 'roll', 'june', 'payment', 'allow', 'pensioner', 'survivor', 'soldier', 'commissioner', 'disability']",33,[8],"[['pension', 'roll', 'soldier', 'june', 'pensioner', 'widow', 'allow', 'survivor', 'disability', 'payment']]",[0.974],[1.0],[0.806],1.0,0.806,continued,,,,,
32,14.0,"['venezuela', 'dispute', 'convention', 'commission', 'arbitration', 'boundary', 'claim', 'party', 'republic', 'express']",33,[12],"[['venezuela', 'dispute', 'arbitration', 'boundary', 'republic', 'brazil', 'guiana', 'british', 'claim', 'britain']]",[0.973],[1.0],[0.815],1.0,0.815,continued,,,,,
32,15.0,"['wage', 'employ', 'tariff', 'protective', 'industry', 'workman', 'employment', 'compensation', 'pay', 'family']",33,[],[],[],[],[],0.0,0.0,disappeared,,,,,
32,16.0,"['gun', 'army', 'inch', 'ordnance', 'infantry', 'board', 'specification', 'rifle', 'fortification', 'building']",33,"[14, 27]","[['army', 'enlist', 'discipline', 'militia', 'officer', 'organization', 'strength', 'post', 'secretary', 'troop'], ['gun', 'inch', 'mortar', 'carriage', 'emplacement', 'ordnance', 'complete', 'rifle', 'mount', 'design']]","[0.864, 0.817]","[0.533, 0.467]","[0.731, 1.0]",1.0,1.731,split,,,,,
32,17.0,"['export', 'value', 'merchandise', 'import', 'cent', 'month', 'product', 'total', 'mill', 'exceed']",33,[13],"[['export', 'value', 'import', 'merchandise', 'product', 'cent', 'precede', 'month', 'total', 'fiscal']]",[0.977],[1.0],[0.885],1.0,0.885,continued,,,,,
32,18.0,"['conference', 'international', 'invitation', 'agreement', 'assemble', 'delegate', 'meridian', 'promote', 'coinage', 'accomplish']",33,[34],"[['conference', 'invitation', 'agreement', 'international', 'assemble', 'brussels', 'promote', 'accomplish', 'proposal', 'coinage']]",[0.961],[1.0],[1.0],1.0,1.0,continued,,,,,
32,19.0,"['railroad', 'car', 'interstate', 'commission', 'brake', 'coupler', 'freight', 'employee', 'appliance', 'life']",33,[],[],[],[],[],0.0,0.0,disappeared,,,,,
32,20.0,"['chile', 'asylum', 'minister', 'itata', 'chilean', 'diego', 'conduct', 'valparaiso', 'naval', 'provisional']",33,[7],"[['chile', 'asylum', 'san', 'minister', 'insurgent', 'naval', 'valparaiso', 'provisional', 'officer', 'sailor']]",[0.916],[1.0],[0.531],1.0,0.531,continued,,,,,
32,22.0,"['tariff', 'congressional', 'reform', 'favor', 'revision', 'deal', 'reduction', 'policy', 'selfish', 'administrative']",33,[3],"[['tariff', 'revenue', 'wage', 'market', 'protective', 'duty', 'product', 'workman', 'manufacturer', 'favor']]",[0.923],[1.0],[0.444],1.0,0.444,unclear,,,,,
32,23.0,"['mexico', 'treaty', 'mexican', 'boundary', 'relocate', 'fulfill', 'paso', 'retarded', 'title', 'grant']",33,[25],"[['mexico', 'boundary', 'treaty', 'intercourse', 'mexican', 'frontier', 'friendly', 'relocate', 'native', 'monument']]",[0.934],[0.9],[0.833],0.9,0.833,continued,,,,,
32,24.0,"['taxation', 'article', 'tariff', 'tax', 'import', 'price', 'revenue', 'internal', 'duty', 'levy']",33,[],[],[],[],[],0.0,0.0,disappeared,,,,,
32,25.0,"['question', 'regrettable', 'amicable', 'diplomatic', 'adjustment', 'imposition', 'britain', 'relation', 'intercourse', 'treaty']",33,[],[],[],[],[],0.0,0.0,disappeared,,,,,
32,26.0,"['quarantine', 'disease', 'contagious', 'regulation', 'animal', 'port', 'local', 'cholera', 'science', 'plague']",33,[24],"[['health', 'disease', 'quarantine', 'contagious', 'tuberculosis', 'local', 'board', 'precaution', 'regulation', 'port']]",[0.936],[0.75],[0.917],0.75,0.917,continued,,,,,
32,27.0,"['appointment', 'civil', 'impartiality', 'commission', 'clerk', 'reform', 'execute', 'eligible', 'appoint', 'list']",33,[23],"[['commissioner', 'examination', 'clerk', 'oblige', 'commission', 'careful', 'submit', 'department', 'register', 'service']]",[0.892],[0.875],[0.75],0.875,0.75,unclear,,,,,
32,28.0,"['extradition', 'treaty', 'proclaim', 'amend', 'offense', 'recently', 'list', 'extraditable', 'avoidable', 'exchanged']",33,[29],"[['extradition', 'copyright', 'treaty', 'proclaim', 'italy', 'march', 'amend', 'convention', 'substantially', 'subject']]",[0.936],[1.0],[0.7],1.0,0.7,continued,,,,,
32,29.0,"['exposition', 'columbian', 'anniversary', 'commemoration', 'hundredth', 'event', 'spain', 'discovery', 'exhibit', 'celebrate']",33,[37],"[['exposition', 'columbian', 'commemoration', 'invitation', 'chinese', 'celebrate', 'exhibit', 'admission', 'preparation', 'industrial']]",[0.941],[1.0],[1.0],1.0,1.0,continued,,,,,
32,30.0,"['hayti', 'portugal', 'italy', 'carlos', 'van', 'bokkelen', 'butterfield', 'claim', 'redress', 'award']",33,[],[],[],[],[],0.0,0.0,disappeared,,,,,
32,31.0,"['material', 'manufacturer', 'manufacture', 'price', 'competition', 'reduce', 'cost', 'raw', 'importation', 'combination']",33,[],[],[],[],[],0.0,0.0,disappeared,,,,,
32,32.0,"['brazil', 'republic', 'friendly', 'western', 'instruct', 'cordial', 'capital', 'janeiro', 'solicitude', 'conference']",33,[],[],[],[],[],0.0,0.0,disappeared,,,,,
32,33.0,"['nicaragua', 'canal', 'company', 'construction', 'proper', 'adjustment', 'peru', 'costa', 'successful', 'conflict']",33,[31],"[['nicaragua', 'mosquito', 'nicaraguan', 'strip', 'sovereignty', 'bluefield', 'expel', 'britain', 'alien', 'british']]",[0.758],[0.714],[0.444],0.714,0.444,unclear,,,,,
32,34.0,"['laborer', 'island', 'claim', 'navassa', 'treatment', 'cruel', 'reservation', 'prisoner', 'court', 'indians']",33,[],[],[],[],[],0.0,0.0,disappeared,,,,,
32,35.0,"['treaty', 'berlin', 'samoa', 'king', 'island', 'native', 'samoan', 'conference', 'municipal', 'germany']",33,[],[],[],[],[],0.0,0.0,disappeared,,,,,
32,36.0,"['spain', 'caroline', 'cuba', 'pledge', 'island', 'missionary', 'adjustment', 'claim', 'confiscate', 'ponape']",33,[11],"[['spain', 'spanish', 'cuba', 'island', 'insurgent', 'insurrection', 'party', 'cuban', 'autonomy', 'regard']]",[0.865],[1.0],[0.667],1.0,0.667,unclear,,,,,
32,38.0,"['seal', 'bere', 'sea', 'arbitration', 'fur', 'sealing', 'agreement', 'propose', 'prohibit', 'season']",33,[6],"[['seal', 'arbitration', 'sea', 'bere', 'treaty', 'britain', 'tribunal', 'award', 'resolution', 'paris']]",[0.917],[1.0],[0.424],1.0,0.424,unclear,,,,,
32,39.0,"['consular', 'evince', 'persian', 'recast', 'abroad', 'expand', 'agency', 'principal', 'enterprise', 'supervision']",33,[22],"[['consular', 'appointment', 'fill', 'position', 'compensation', 'incumbent', 'promotion', 'consulate', 'vacancy', 'examination']]",[0.849],[0.667],[0.857],0.667,0.857,unclear,,,,,
32,,,33,,,,"[1.0, 1.0]","[0.562, 0.438]",2.0,1.0,merge,"[21, 37]","[['election', 'elector', 'evil', 'ballot', 'choice', 'suffrage', 'fraud', 'qualified', 'nonpartisan', 'cease'], ['elector', 'choice', 'legislature', 'method', 'gerrymander', 'district', 'choose', 'congressional', 'voter', 'ticket']]",21.0,"['elector', 'choice', 'election', 'method', 'legislature', 'gerrymander', 'choose', 'district', 'ballot', 'evil']","[0.962, 0.939]"
33,0.0,"['office', 'postal', 'mail', 'post', 'postmaster', 'deficiency', 'class', 'delivery', 'order', 'newspaper']",34,[4],"[['postal', 'postmaster', 'post', 'mail', 'office', 'class', 'pound', 'newspaper', 'rate', 'deficiency']]",[0.984],[0.816],[0.923],0.816,0.923,continued,,,,,
33,1.0,"['indian', 'land', 'school', 'indians', 'acre', 'reservation', 'allotment', 'tribe', 'patent', 'severalty']",34,[8],"[['indian', 'indians', 'tribe', 'school', 'territory', 'land', 'allotment', 'tribal', 'civilized', 'severalty']]",[0.953],[0.667],[1.0],0.667,1.0,continued,,,,,
33,2.0,"['receipt', 'fiscal', 'expenditure', 'estimate', 'june', 'revenue', 'ending', 'sum', 'end', 'total']",34,[14],"[['receipt', 'fiscal', 'june', 'end', 'expenditure', 'internal', 'amount', 'revenue', 'precede', 'sum']]",[0.968],[0.805],[1.0],0.805,1.0,continued,,,,,
33,3.0,"['tariff', 'revenue', 'wage', 'market', 'protective', 'duty', 'product', 'workman', 'manufacturer', 'favor']",34,[13],"[['tariff', 'market', 'revenue', 'reform', 'price', 'product', 'sugar', 'duty', 'raw', 'manufacturer']]",[0.983],[0.861],[0.96],0.861,0.96,continued,,,,,
33,4.0,"['agriculture', 'farmer', 'seed', 'agricultural', 'crop', 'product', 'station', 'plant', 'market', 'secretary']",34,[11],"[['seed', 'agriculture', 'agricultural', 'plant', 'farmer', 'station', 'crop', 'experiment', 'division', 'farming']]",[0.987],[0.943],[0.926],0.943,0.926,continued,,,,,
33,5.0,"['trust', 'belief', 'individual', 'accumulate', 'expenditure', 'advantage', 'appropriation', 'mormon', 'polygamy', 'wise']",34,[18],"[['financial', 'accumulate', 'expenditure', 'accumulation', 'fund', 'immediate', 'monetary', 'return', 'encourage', 'exceed']]",[0.93],[0.571],[0.684],0.571,0.684,continued,,,,,
33,6.0,"['seal', 'arbitration', 'sea', 'bere', 'treaty', 'britain', 'tribunal', 'award', 'resolution', 'paris']",34,[1],"[['seal', 'conference', 'arbitration', 'negotiation', 'russia', 'international', 'convention', 'tribunal', 'bere', 'sea']]",[0.953],[0.727],[0.643],0.727,0.643,continued,,,,,
33,7.0,"['chile', 'asylum', 'san', 'minister', 'insurgent', 'naval', 'valparaiso', 'provisional', 'officer', 'sailor']",34,[38],"[['janeiro', 'insurgent', 'brazilian', 'insurrection', 'rio', 'brazil', 'de', 'commander', 'admiral', 'encounter']]",[0.825],[0.312],[1.0],0.312,1.0,disappeared,,,,,
33,8.0,"['pension', 'roll', 'soldier', 'june', 'pensioner', 'widow', 'allow', 'survivor', 'disability', 'payment']",34,[9],"[['pension', 'roll', 'widow', 'pensioner', 'soldier', 'june', 'survivor', 'daily', 'name', 'fraud']]",[0.987],[0.903],[0.897],0.903,0.897,continued,,,,,
33,9.0,"['gold', 'bond', 'reserve', 'issue', 'sale', 'obligation', 'withdrawal', 'fund', 'treasury', 'redemption']",34,[3],"[['gold', 'bond', 'reserve', 'issue', 'redemption', 'treasury', 'obligation', 'withdrawal', 'rate', 'note']]",[0.991],[1.0],[0.878],1.0,0.878,continued,,,,,
33,10.0,"['note', 'treasury', 'silver', 'gold', 'purchase', 'circulation', 'issue', 'retirement', 'ounce', 'holder']",34,[26],"[['note', 'gold', 'treasury', 'redeem', 'purchase', 'pay', 'holder', 'silver', 'cancellation', 'payment']]",[0.959],[0.643],[1.0],0.643,1.0,continued,,,,,
33,11.0,"['spain', 'spanish', 'cuba', 'island', 'insurgent', 'insurrection', 'party', 'cuban', 'autonomy', 'regard']",34,[0],"[['spain', 'cuba', 'spanish', 'island', 'cuban', 'insurgent', 'recognition', 'insurrection', 'party', 'april']]",[0.97],[0.889],[0.888],0.889,0.888,continued,,,,,
33,12.0,"['venezuela', 'dispute', 'arbitration', 'boundary', 'republic', 'brazil', 'guiana', 'british', 'claim', 'britain']",34,[7],"[['venezuela', 'arbitration', 'award', 'dispute', 'boundary', 'claim', 'controversy', 'british', 'commission', 'colombia']]",[0.971],[0.852],[0.967],0.852,0.967,continued,,,,,
33,13.0,"['export', 'value', 'import', 'merchandise', 'product', 'cent', 'precede', 'month', 'total', 'fiscal']",34,[21],"[['export', 'product', 'precede', 'value', 'fiscal', 'cattle', 'total', 'pound', 'beef', 'britain']]",[0.957],[1.0],[0.882],1.0,0.882,continued,,,,,
33,14.0,"['army', 'enlist', 'discipline', 'militia', 'officer', 'organization', 'strength', 'post', 'secretary', 'troop']",34,[6],"[['army', 'officer', 'regiment', 'regular', 'discipline', 'militia', 'navy', 'strength', 'enlist', 'yard']]",[0.981],[0.962],[1.0],0.962,1.0,continued,,,,,
33,15.0,"['chinese', 'china', 'japan', 'empire', 'japanese', 'diplomatic', 'foreigner', 'kindly', 'outbreak', 'agent']",34,[32],"[['china', 'chinese', 'province', 'japan', 'missionary', 'agent', 'diplomatic', 'station', 'peking', 'wei']]",[0.935],[0.636],[1.0],0.636,1.0,continued,,,,,
33,16.0,"['navy', 'vessel', 'ship', 'construction', 'torpedo', 'boat', 'armor', 'battle', 'secretary', 'plate']",34,[12],"[['ship', 'navy', 'boat', 'torpedo', 'battle', 'construction', 'vessel', 'armor', 'secretary', 'contract']]",[0.97],[1.0],[0.926],1.0,0.926,continued,,,,,
33,17.0,"['silver', 'standard', 'currency', 'coinage', 'dollar', 'ratio', 'gold', 'metal', 'value', 'bullion']",34,[22],"[['currency', 'silver', 'standard', 'ratio', 'coinage', 'value', 'dollar', 'metal', 'financial', 'credit']]",[0.969],[1.0],[0.941],1.0,0.941,continued,,,,,
33,18.0,"['secretary', 'exhibit', 'interior', 'report', 'scrutiny', 'branch', 'charge', 'recommendation', 'affair', 'interesting']",34,[],[],[],[],[],0.0,0.0,disappeared,,,,,
33,19.0,"['turkish', 'turkey', 'ottoman', 'armenian', 'missionary', 'christian', 'obtain', 'porte', 'constantinople', 'asiatic']",34,[17],"[['turkey', 'turkish', 'ottoman', 'armenian', 'missionary', 'porte', 'christian', 'naturalization', 'claim', 'destruction']]",[0.992],[1.0],[1.0],1.0,1.0,continued,,,,,
33,20.0,"['canada', 'canadian', 'boundary', 'line', 'meridian', 'port', 'canal', 'toll', 'pacific', 'dominion']",34,[],[],[],[],[],0.0,0.0,disappeared,,,,,
33,21.0,"['elector', 'choice', 'election', 'method', 'legislature', 'gerrymander', 'choose', 'district', 'ballot', 'evil']",34,[],[],[],[],[],0.0,0.0,disappeared,,,,,
33,22.0,"['consular', 'appointment', 'fill', 'position', 'compensation', 'incumbent', 'promotion', 'consulate', 'vacancy', 'examination']",34,[16],"[['consular', 'appointment', 'ambassador', 'diplomatic', 'position', 'commercial', 'compensation', 'incumbent', 'fill', 'promotion']]",[0.966],[1.0],[0.864],1.0,0.864,continued,,,,,
33,23.0,"['commissioner', 'examination', 'clerk', 'oblige', 'commission', 'careful', 'submit', 'department', 'register', 'service']",34,[],[],[],[],[],0.0,0.0,disappeared,,,,,
33,24.0,"['health', 'disease', 'quarantine', 'contagious', 'tuberculosis', 'local', 'board', 'precaution', 'regulation', 'port']",34,[28],"[['disease', 'health', 'contagious', 'quarantine', 'yellow', 'board', 'fever', 'invasion', 'local', 'investigation']]",[0.963],[0.917],[0.917],0.917,0.917,continued,,,,,
33,25.0,"['mexico', 'boundary', 'treaty', 'intercourse', 'mexican', 'frontier', 'friendly', 'relocate', 'native', 'monument']",34,[20],"[['extradition', 'mexico', 'mexican', 'treaty', 'convention', 'offense', 'crime', 'surrender', 'border', 'proclaim']]",[0.799],[0.417],[0.444],0.417,0.444,unclear,,,,,
33,26.0,"['meat', 'inspection', 'restriction', 'inspect', 'animal', 'removal', 'product', 'pork', 'cattle', 'importation']",34,[24],"[['food', 'fruit', 'belgian', 'meat', 'cattle', 'inspection', 'germany', 'importation', 'prohibition', 'product']]",[0.927],[1.0],[0.812],1.0,0.812,continued,,,,,
33,27.0,"['gun', 'inch', 'mortar', 'carriage', 'emplacement', 'ordnance', 'complete', 'rifle', 'mount', 'design']",34,[29],"[['gun', 'inch', 'mortar', 'carriage', 'ordnance', 'emplacement', 'rifle', 'heavy', 'mount', 'armament']]",[0.989],[1.0],[0.833],1.0,0.833,continued,,,,,
33,28.0,"['coin', 'coinage', 'fine', 'silver', 'ounce', 'metal', 'value', 'gold', 'bullion', 'calendar']",34,[31],"[['coin', 'coinage', 'value', 'silver', 'ounce', 'fine', 'metal', 'bullion', 'calendar', 'gold']]",[1.0],[1.0],[1.0],1.0,1.0,continued,,,,,
33,29.0,"['extradition', 'copyright', 'treaty', 'proclaim', 'italy', 'march', 'amend', 'convention', 'substantially', 'subject']",34,[20],"[['extradition', 'mexico', 'mexican', 'treaty', 'convention', 'offense', 'crime', 'surrender', 'border', 'proclaim']]",[0.766],[0.6],[0.333],0.6,0.333,disappeared,,,,,
33,30.0,"['court', 'crime', 'officer', 'punishment', 'case', 'lawlessness', 'offense', 'attorney', 'accuse', 'criminal']",34,[],[],[],[],[],0.0,0.0,disappeared,,,,,
33,31.0,"['nicaragua', 'mosquito', 'nicaraguan', 'strip', 'sovereignty', 'bluefield', 'expel', 'britain', 'alien', 'british']",34,[23],"[['nicaragua', 'republic', 'mosquito', 'salvador', 'honduras', 'central', 'nicaraguan', 'minister', 'accredit', 'rica']]",[0.904],[0.667],[0.688],0.667,0.688,continued,,,,,
33,32.0,"['guaranty', 'fund', 'bank', 'asset', 'financial', 'mortgage', 'company', 'lien', 'stock', 'bond']",34,[],[],[],[],[],0.0,0.0,disappeared,,,,,
33,33.0,"['penitentiary', 'prison', 'prisoner', 'convict', 'leavenworth', 'confine', 'confinement', 'fort', 'limited', 'behavior']",34,[44],"[['prison', 'penitentiary', 'convict', 'leavenworth', 'prisoner', 'confine', 'fort', 'management', 'confinement', 'ownership']]",[0.979],[0.875],[1.0],0.875,1.0,continued,,,,,
33,34.0,"['conference', 'invitation', 'agreement', 'international', 'assemble', 'brussels', 'promote', 'accomplish', 'proposal', 'coinage']",34,[],[],[],[],[],0.0,0.0,disappeared,,,,,
33,35.0,"['bank', 'capital', 'october', 'circulate', 'note', 'organize', 'liquidation', 'outstanding', 'loan', 'active']",34,[34],"[['bank', 'capital', 'organize', 'october', 'immigrant', 'cent', 'illiterate', 'arrive', 'liquidation', 'immigration']]",[0.962],[1.0],[0.9],1.0,0.9,continued,,,,,
33,36.0,"['reform', 'civil', 'gain', 'underlie', 'elevate', 'love', 'honestly', 'partisan', 'nonpartisan', 'advantage']",34,[],[],[],[],[],0.0,0.0,disappeared,,,,,
33,37.0,"['exposition', 'columbian', 'commemoration', 'invitation', 'chinese', 'celebrate', 'exhibit', 'admission', 'preparation', 'industrial']",34,[5],"[['exposition', 'exhibit', 'paris', 'space', 'commissioner', 'preparation', 'mr', 'exhibitor', 'appropriation', 'invitation']]",[0.876],[0.857],[0.758],0.857,0.758,unclear,,,,,
33,38.0,"['adjustment', 'moment', 'terminate', 'situation', 'road', 'indebtedness', 'consideration', 'withholding', 'received', 'fiat']",34,[],[],[],[],[],0.0,0.0,disappeared,,,,,
33,39.0,"['cruiser', 'gunboat', 'complete', 'monitor', 'battle', 'ship', 'turrete', 'armored', 'double', 'class']",34,[42],"[['cruiser', 'monitor', 'mine', 'armored', 'gunboat', 'turrete', 'complete', 'battle', 'double', 'vessel']]",[0.908],[0.667],[1.0],0.667,1.0,continued,,,,,
33,40.0,"['water', 'reservoir', 'site', 'supply', 'land', 'corporation', 'territory', 'irrigation', 'arid', 'individual']",34,[],[],[],[],[],0.0,0.0,disappeared,,,,,
33,41.0,"['court', 'district', 'decision', 'license', 'columbia', 'attorney', 'liquor', 'supreme', 'commissioner', 'traffic']",34,[],[],[],[],[],0.0,0.0,disappeared,,,,,
33,42.0,"['russia', 'race', 'russian', 'hebrew', 'krzeminski', 'jurisdiction', 'decree', 'remonstrance', 'imperial', 'nature']",34,[],[],[],[],[],0.0,0.0,disappeared,,,,,
33,43.0,"['line', 'mail', 'ocean', 'francisco', 'steamship', 'steamer', 'australia', 'postage', 'san', 'postmaster']",34,[],[],[],[],[],0.0,0.0,disappeared,,,,,
33,44.0,"['hawaii', 'claim', 'pursue', 'blount', 'submit', 'trial', 'hawaiian', 'martial', 'honolulu', 'sentence']",34,[19],"[['hawaii', 'hawaiian', 'treaty', 'island', 'annexation', 'japan', 'honolulu', 'japanese', 'resolution', 'republic']]",[0.833],[0.8],[0.579],0.8,0.579,unclear,,,,,
33,45.0,"['currency', 'banking', 'circulation', 'scheme', 'bank', 'divorcement', 'modifying', 'denominate', 'ideal', 'elastic']",34,[36],"[['currency', 'relate', 'note', 'financial', 'banking', 'part', 'need', 'circulation', 'issue', 'retirement']]",[0.95],[1.0],[0.875],1.0,0.875,continued,,,,,
34,0.0,"['spain', 'cuba', 'spanish', 'island', 'cuban', 'insurgent', 'recognition', 'insurrection', 'party', 'april']",35,[1],"[['cuba', 'spain', 'cuban', 'spanish', 'insurgent', 'island', 'recognition', 'party', 'insurrection', 'belligerency']]",[0.992],[0.843],[0.909],0.843,0.909,continued,,,,,
34,1.0,"['seal', 'conference', 'arbitration', 'negotiation', 'russia', 'international', 'convention', 'tribunal', 'bere', 'sea']",35,[13],"[['negotiation', 'section', 'boundary', 'treaty', 'hon', 'britain', 'agreement', 'convention', 'canal', 'pende']]",[0.914],[0.524],[0.9],0.524,0.9,continued,,,,,
34,2.0,"['recommendation', 'secretary', 'careful', 'departmental', 'legislative', 'reform', 'contain', 'report', 'civil', 'interior']",35,[30],"[['affair', 'omit', 'discuss', 'departmental', 'secretary', 'report', 'submit', 'interesting', 'communication', 'concern']]",[0.845],[0.366],[1.0],0.366,1.0,disappeared,,,,,
34,3.0,"['gold', 'bond', 'reserve', 'issue', 'redemption', 'treasury', 'obligation', 'withdrawal', 'rate', 'note']",35,[5],"[['gold', 'note', 'bond', 'treasury', 'redeem', 'redemption', 'coin', 'silver', 'issue', 'bear']]",[0.937],[0.951],[0.543],0.951,0.543,continued,,,,,
34,4.0,"['postal', 'postmaster', 'post', 'mail', 'office', 'class', 'pound', 'newspaper', 'rate', 'deficiency']",35,[10],"[['postal', 'mail', 'pound', 'office', 'post', 'class', 'rural', 'matter', 'rate', 'cent']]",[0.957],[0.923],[0.846],0.923,0.846,continued,,,,,
34,5.0,"['exposition', 'exhibit', 'paris', 'space', 'commissioner', 'preparation', 'mr', 'exhibitor', 'appropriation', 'invitation']",35,[4],"[['exposition', 'exhibit', 'paris', 'library', 'buffalo', 'space', 'hold', 'commissioner', 'art', 'display']]",[0.985],[0.97],[0.958],0.97,0.958,continued,,,,,
34,7.0,"['venezuela', 'arbitration', 'award', 'dispute', 'boundary', 'claim', 'controversy', 'british', 'commission', 'colombia']",35,[7],"[['award', 'claim', 'boundary', 'sign', 'convention', 'venezuela', 'arbitration', 'commission', 'republic', 'chilean']]",[0.954],[0.967],[0.774],0.967,0.774,continued,,,,,
34,8.0,"['indian', 'indians', 'tribe', 'school', 'territory', 'land', 'allotment', 'tribal', 'civilized', 'severalty']",35,[9],"[['indian', 'tribe', 'indians', 'tribal', 'white', 'territory', 'civilized', 'land', 'commission', 'agreement']]",[0.97],[0.833],[0.962],0.833,0.962,continued,,,,,
34,9.0,"['pension', 'roll', 'widow', 'pensioner', 'soldier', 'june', 'survivor', 'daily', 'name', 'fraud']",35,[22],"[['pension', 'widow', 'roll', 'income', 'daily', 'fiscal', 'june', 'annum', 'name', 'payment']]",[0.95],[0.897],[0.917],0.897,0.917,continued,,,,,
34,10.0,"['santiago', 'manila', 'puerto', 'admiral', 'rico', 'spanish', 'officer', 'cable', 'victory', 'volunteer']",35,"[2, 18]","[['island', 'philippine', 'puerto', 'rico', 'civil', 'commission', 'governor', 'native', 'rule', 'office'], ['victory', 'manila', 'wound', 'santiago', 'spanish', 'triumph', 'ship', 'force', 'fleet', 'kill']]","[0.823, 0.9]","[0.345, 0.483]","[0.306, 0.857]",0.828,1.163,unclear,,,,,
34,13.0,"['tariff', 'market', 'revenue', 'reform', 'price', 'product', 'sugar', 'duty', 'raw', 'manufacturer']",35,[14],"[['tariff', 'change', 'economic', 'competition', 'market', 'product', 'principle', 'wage', 'stability', 'condition']]",[0.957],[0.96],[0.737],0.96,0.737,continued,,,,,
34,14.0,"['receipt', 'fiscal', 'june', 'end', 'expenditure', 'internal', 'amount', 'revenue', 'precede', 'sum']",35,[21],"[['receipt', 'fiscal', 'june', 'end', 'precede', 'internal', 'revenue', 'amount', 'expenditure', 'source']]",[0.96],[1.0],[0.846],1.0,0.846,continued,,,,,
34,15.0,"['court', 'attorney', 'circuit', 'combination', 'criminal', 'restraint', 'case', 'reach', 'evil', 'decision']",35,[8],"[['restraint', 'combination', 'evil', 'constitutional', 'trust', 'constitution', 'doubt', 'interstate', 'pressure', 'court']]",[0.91],[0.708],[0.577],0.708,0.577,continued,,,,,
34,16.0,"['consular', 'appointment', 'ambassador', 'diplomatic', 'position', 'commercial', 'compensation', 'incumbent', 'fill', 'promotion']",35,[17],"[['consular', 'appointment', 'print', 'ambassador', 'report', 'promptitude', 'practical', 'examination', 'promotion', 'test']]",[0.956],[0.955],[0.875],0.955,0.875,continued,,,,,
34,17.0,"['turkey', 'turkish', 'ottoman', 'armenian', 'missionary', 'porte', 'christian', 'naturalization', 'claim', 'destruction']",35,[25],"[['turkey', 'turkish', 'ottoman', 'claim', 'missionary', 'destruction', 'treatment', 'naturalize', 'regard', 'demand']]",[0.975],[0.955],[1.0],0.955,1.0,continued,,,,,
34,18.0,"['financial', 'accumulate', 'expenditure', 'accumulation', 'fund', 'immediate', 'monetary', 'return', 'encourage', 'exceed']",35,[32],"[['manif', 'necessity', 'financial', 'avoidance', 'husband', 'unreasonable', 'plainly', 'cheap', 'taxation', 'inevitable']]",[0.861],[0.684],[0.75],0.684,0.75,unclear,,,,,
34,19.0,"['hawaii', 'hawaiian', 'treaty', 'island', 'annexation', 'japan', 'honolulu', 'japanese', 'resolution', 'republic']",35,[19],"[['hawaii', 'hawaiian', 'annexation', 'island', 'resolution', 'sovereignty', 'joint', 'republic', 'steamship', 'cease']]",[0.975],[0.789],[1.0],0.789,1.0,continued,,,,,
34,20.0,"['extradition', 'mexico', 'mexican', 'treaty', 'convention', 'offense', 'crime', 'surrender', 'border', 'proclaim']",35,[27],"[['mexico', 'mexican', 'extradition', 'weil', 'awards', 'claimant', 'award', 'border', 'offense', 'return']]",[0.866],[0.556],[0.727],0.556,0.727,unclear,,,,,
34,21.0,"['export', 'product', 'precede', 'value', 'fiscal', 'cattle', 'total', 'pound', 'beef', 'britain']",35,[26],"[['export', 'import', 'value', 'product', 'cent', 'total', 'manufacture', 'dutiable', 'good', 'precede']]",[0.873],[0.765],[0.909],0.765,0.909,unclear,,,,,
34,22.0,"['currency', 'silver', 'standard', 'ratio', 'coinage', 'value', 'dollar', 'metal', 'financial', 'credit']",35,[],[],[],[],[],0.0,0.0,disappeared,,,,,
34,24.0,"['food', 'fruit', 'belgian', 'meat', 'cattle', 'inspection', 'germany', 'importation', 'prohibition', 'product']",35,[34],"[['fruit', 'belgian', 'inspection', 'food', 'meat', 'germany', 'importation', 'relaxed', 'prohibition', 'cattle']]",[0.962],[0.938],[1.0],0.938,1.0,continued,,,,,
34,25.0,"['pacific', 'mortgage', 'principal', 'lien', 'sale', 'bid', 'railroad', 'kansas', 'subsidy', 'bond']",35,[12],"[['pacific', 'mortgage', 'sale', 'lien', 'principal', 'bid', 'kansas', 'railroad', 'sum', 'subsidy']]",[0.975],[1.0],[0.75],1.0,0.75,continued,,,,,
34,26.0,"['note', 'gold', 'treasury', 'redeem', 'purchase', 'pay', 'holder', 'silver', 'cancellation', 'payment']",35,[],[],[],[],[],0.0,0.0,disappeared,,,,,
34,27.0,"['samoa', 'king', 'malietoa', 'samoan', 'mataafa', 'germany', 'england', 'native', 'laupepa', 'atua']",35,[28],"[['samoa', 'samoan', 'pago', 'germany', 'malietoa', 'king', 'tutuila', 'laupepa', 'mataafa', 'tripartite']]",[0.965],[1.0],[0.9],1.0,0.9,continued,,,,,
34,28.0,"['disease', 'health', 'contagious', 'quarantine', 'yellow', 'board', 'fever', 'invasion', 'local', 'investigation']",35,[],[],[],[],[],0.0,0.0,disappeared,,,,,
34,29.0,"['gun', 'inch', 'mortar', 'carriage', 'ordnance', 'emplacement', 'rifle', 'heavy', 'mount', 'armament']",35,[35],"[['inch', 'gun', 'mortar', 'carriage', 'emplacement', 'rifle', 'fire', 'steel', 'modern', 'ordnance']]",[0.963],[0.917],[1.0],0.917,1.0,continued,,,,,
34,31.0,"['coin', 'coinage', 'value', 'silver', 'ounce', 'fine', 'metal', 'bullion', 'calendar', 'gold']",35,[],[],[],[],[],0.0,0.0,disappeared,,,,,
34,32.0,"['china', 'chinese', 'province', 'japan', 'missionary', 'agent', 'diplomatic', 'station', 'peking', 'wei']",35,[6],"[['china', 'chinese', 'imperial', 'province', 'empire', 'foreigner', 'peking', 'settlement', 'boxer', 'li']]",[0.904],[0.9],[0.882],0.9,0.882,continued,,,,,
34,34.0,"['bank', 'capital', 'organize', 'october', 'immigrant', 'cent', 'illiterate', 'arrive', 'liquidation', 'immigration']",35,[31],"[['bank', 'banking', 'capital', 'organize', 'small', 'authorize', 'mention', 'financial', 'responsive', 'modification']]",[0.942],[0.9],[0.889],0.9,0.889,continued,,,,,
34,35.0,"['patriotic', 'british', 'boer', 'abide', 'pretoria', 'alien', 'combatant', 'faithful', 'shore', 'control']",35,[24],"[['neutral', 'british', 'africa', 'boer', 'contraband', 'pretoria', 'good', 'destination', 'pioneer', 'port']]",[0.866],[0.667],[0.636],0.667,0.636,unclear,,,,,
34,36.0,"['currency', 'relate', 'note', 'financial', 'banking', 'part', 'need', 'circulation', 'issue', 'retirement']",35,[],[],[],[],[],0.0,0.0,disappeared,,,,,
34,37.0,"['intercourse', 'germany', 'mark', 'intimacy', 'mutually', 'intimate', 'question', 'britain', 'cordial', 'affect']",35,[],[],[],[],[],0.0,0.0,disappeared,,,,,
34,38.0,"['janeiro', 'insurgent', 'brazilian', 'insurrection', 'rio', 'brazil', 'de', 'commander', 'admiral', 'encounter']",35,[],[],[],[],[],0.0,0.0,disappeared,,,,,
34,39.0,"['italian', 'hungarian', 'deplorable', 'kill', 'italy', 'crime', 'sheriff', 'miner', 'austro', 'deputy']",35,[23],"[['italian', 'hungarian', 'case', 'sufferer', 'austro', 'court', 'alien', 'kill', 'treaty', 'miner']]",[0.961],[1.0],[0.818],1.0,0.818,continued,,,,,
34,40.0,"['bullion', 'ounce', 'fine', 'st', 'cost', 'silver', 'purchase', 'november', 'capita', 'kind']",35,[],[],[],[],[],0.0,0.0,disappeared,,,,,
34,41.0,"['grande', 'rio', 'water', 'paso', 'boundary', 'mexico', 'irrigation', 'monument', 'convention', 'commission']",35,[],[],[],[],[],0.0,0.0,disappeared,,,,,
34,42.0,"['cruiser', 'monitor', 'mine', 'armored', 'gunboat', 'turrete', 'complete', 'battle', 'double', 'vessel']",35,[],[],[],[],[],0.0,0.0,disappeared,,,,,
34,43.0,"['order', 'office', 'issue', 'value', 'total', 'amount', 'precede', 'postal', 'forego', 'international']",35,[],[],[],[],[],0.0,0.0,disappeared,,,,,
34,44.0,"['prison', 'penitentiary', 'convict', 'leavenworth', 'prisoner', 'confine', 'fort', 'management', 'confinement', 'ownership']",35,[],[],[],[],[],0.0,0.0,disappeared,,,,,
34,45.0,"['forest', 'examination', 'candidate', 'veterinary', 'forestry', 'inspector', 'science', 'assistant', 'commission', 'inaugurate']",35,[],[],[],[],[],0.0,0.0,disappeared,,,,,
34,,,35,,,,"[0.906, 0.963]","[0.37, 0.435]",1.869,0.806,merge,"[6, 12]","[['army', 'officer', 'regiment', 'regular', 'discipline', 'militia', 'navy', 'strength', 'enlist', 'yard'], ['ship', 'navy', 'boat', 'torpedo', 'battle', 'construction', 'vessel', 'armor', 'secretary', 'contract']]",0.0,"['navy', 'ship', 'officer', 'army', 'vessel', 'battle', 'naval', 'coast', 'cruiser', 'train']","[0.884, 0.911]"
34,,,35,,,,"[0.815, 0.8]","[0.471, 0.314]",1.615,0.784,merge,"[11, 33]","[['seed', 'agriculture', 'agricultural', 'plant', 'farmer', 'station', 'crop', 'experiment', 'division', 'farming'], ['acre', 'land', 'alaska', 'embrace', 'railroad', 'patent', 'reservation', 'reserve', 'forest', 'create']]",3.0,"['forest', 'acre', 'water', 'reserve', 'irrigation', 'arid', 'region', 'alaska', 'stream', 'land']","[0.83, 0.765]"
34,,,35,,,,"[0.875, 0.909]","[0.36, 0.64]",1.784,1.0,merge,"[23, 30]","[['nicaragua', 'republic', 'mosquito', 'salvador', 'honduras', 'central', 'nicaraguan', 'minister', 'accredit', 'rica'], ['canal', 'nicaragua', 'route', 'commission', 'company', 'maritime', 'concession', 'survey', 'nicaraguan', 'isthmus']]",11.0,"['canal', 'nicaragua', 'costa', 'rica', 'route', 'nicaraguan', 'salvador', 'honduras', 'commission', 'republic']","[0.871, 0.957]"
35,0.0,"['navy', 'ship', 'officer', 'army', 'vessel', 'battle', 'naval', 'coast', 'cruiser', 'train']",36,[4],"[['navy', 'ship', 'officer', 'naval', 'cruiser', 'train', 'gun', 'sea', 'crew', 'torpedo']]",[0.954],[0.481],[1.0],0.481,1.0,unclear,,,,,
35,1.0,"['cuba', 'spain', 'cuban', 'spanish', 'insurgent', 'island', 'recognition', 'party', 'insurrection', 'belligerency']",36,[7],"[['cuba', 'island', 'cuban', 'election', 'th', 'constitution', 'elect', 'convention', 'reciprocity', 'domingo']]",[0.911],[0.67],[0.88],0.67,0.88,continued,,,,,
35,2.0,"['island', 'philippine', 'puerto', 'rico', 'civil', 'commission', 'governor', 'native', 'rule', 'office']",36,[0],"[['island', 'philippine', 'rico', 'civil', 'self', 'puerto', 'filipino', 'filipinos', 'development', 'porto']]",[0.96],[0.542],[0.907],0.542,0.907,continued,,,,,
35,3.0,"['forest', 'acre', 'water', 'reserve', 'irrigation', 'arid', 'region', 'alaska', 'stream', 'land']",36,[1],"[['forest', 'reserve', 'water', 'land', 'irrigation', 'acre', 'arid', 'stream', 'reclamation', 'west']]",[0.954],[0.51],[0.962],0.51,0.962,continued,,,,,
35,4.0,"['exposition', 'exhibit', 'paris', 'library', 'buffalo', 'space', 'hold', 'commissioner', 'art', 'display']",36,[3],"[['exposition', 'exhibit', 'celebration', 'paris', 'buffalo', 'art', 'hold', 'event', 'museum', 'display']]",[0.979],[0.854],[1.0],0.854,1.0,continued,,,,,
35,6.0,"['china', 'chinese', 'imperial', 'province', 'empire', 'foreigner', 'peking', 'settlement', 'boxer', 'li']",36,[2],"[['china', 'chinese', 'empire', 'imperial', 'settlement', 'peking', 'boxer', 'negotiation', 'foreigner', 'edict']]",[0.991],[0.941],[0.946],0.941,0.946,continued,,,,,
35,7.0,"['award', 'claim', 'boundary', 'sign', 'convention', 'venezuela', 'arbitration', 'commission', 'republic', 'chilean']",36,[19],"[['sign', 'convention', 'extradition', 'argentine', 'ratify', 'chilean', 'commission', 'exchange', 'bolivia', 'republic']]",[0.947],[0.613],[1.0],0.613,1.0,continued,,,,,
35,8.0,"['restraint', 'combination', 'evil', 'constitutional', 'trust', 'constitution', 'doubt', 'interstate', 'pressure', 'court']",36,[20],"[['corruption', 'official', 'constitution', 'election', 'punishment', 'bribe', 'corrupt', 'bribery', 'criminal', 'employe']]",[0.911],[0.423],[0.929],0.423,0.929,unclear,,,,,
35,9.0,"['indian', 'tribe', 'indians', 'tribal', 'white', 'territory', 'civilized', 'land', 'commission', 'agreement']",36,[16],"[['indian', 'indians', 'tribe', 'school', 'education', 'reservation', 'tribal', 'absorption', 'attendance', 'matron']]",[0.883],[0.692],[0.765],0.692,0.765,unclear,,,,,
35,10.0,"['postal', 'mail', 'pound', 'office', 'post', 'class', 'rural', 'matter', 'rate', 'cent']",36,[25],"[['rural', 'delivery', 'postal', 'mail', 'route', 'revenue', 'expenditure', 'farm', 'current', 'cent']]",[0.922],[0.769],[0.909],0.769,0.909,continued,,,,,
35,11.0,"['canal', 'nicaragua', 'costa', 'rica', 'route', 'nicaraguan', 'salvador', 'honduras', 'commission', 'republic']",36,[26],"[['canal', 'route', 'isthmus', 'panama', 'engineer', 'isthmian', 'treaty', 'nicaragua', 'commission', 'construction']]",[0.867],[0.64],[0.909],0.64,0.909,unclear,,,,,
35,12.0,"['pacific', 'mortgage', 'sale', 'lien', 'principal', 'bid', 'kansas', 'railroad', 'sum', 'subsidy']",36,[41],"[['pacific', 'commission', 'expense', 'appropriation', 'bond', 'payable', 'appropriate', 'secure', 'pay', 'principal']]",[0.793],[0.3],[0.667],0.3,0.667,disappeared,,,,,
35,13.0,"['negotiation', 'section', 'boundary', 'treaty', 'hon', 'britain', 'agreement', 'convention', 'canal', 'pende']",36,[28],"[['boundary', 'canal', 'britain', 'convention', 'negotiation', 'treaty', 'canada', 'lynn', 'agreement', 'portland']]",[0.922],[0.55],[1.0],0.55,1.0,continued,,,,,
35,14.0,"['tariff', 'change', 'economic', 'competition', 'market', 'product', 'principle', 'wage', 'stability', 'condition']",36,[18],"[['tariff', 'change', 'economic', 'reciprocity', 'product', 'principle', 'stability', 'need', 'competition', 'schedule']]",[0.965],[0.842],[0.867],0.842,0.867,continued,,,,,
35,16.0,"['cable', 'company', 'communication', 'sounding', 'line', 'manila', 'telegraphic', 'message', 'direct', 'trans']",36,[24],"[['cable', 'company', 'sounding', 'pacific', 'manila', 'trans', 'hawaii', 'access', 'line', 'coast']]",[0.974],[0.889],[1.0],0.889,1.0,continued,,,,,
35,17.0,"['consular', 'appointment', 'print', 'ambassador', 'report', 'promptitude', 'practical', 'examination', 'promotion', 'test']",36,"[11, 14]","[['indian', 'appointment', 'civil', 'examination', 'bureau', 'rule', 'extend', 'field', 'competitive', 'require'], ['consular', 'importance', 'diplomatic', 'consulate', 'enlargement', 'information', 'patent', 'recommendation', 'print', 'inadequate']]","[0.791, 0.848]","[0.312, 0.5]","[0.45, 0.444]",0.812,0.894,unclear,,,,,
35,18.0,"['victory', 'manila', 'wound', 'santiago', 'spanish', 'triumph', 'ship', 'force', 'fleet', 'kill']",36,[],[],[],[],[],0.0,0.0,disappeared,,,,,
35,19.0,"['hawaii', 'hawaiian', 'annexation', 'island', 'resolution', 'sovereignty', 'joint', 'republic', 'steamship', 'cease']",36,[8],"[['alaska', 'territory', 'hawaii', 'build', 'fishery', 'building', 'river', 'mineral', 'hawaiian', 'white']]",[0.782],[0.429],[0.375],0.429,0.375,disappeared,,,,,
35,20.0,"['corporation', 'wage', 'worker', 'individual', 'evil', 'industrial', 'combination', 'man', 'tendency', 'rich']",36,[13],"[['man', 'worker', 'wage', 'individual', 'corporation', 'industrial', 'capitalist', 'standard', 'rich', 'problem']]",[0.935],[0.769],[1.0],0.769,1.0,continued,,,,,
35,22.0,"['pension', 'widow', 'roll', 'income', 'daily', 'fiscal', 'june', 'annum', 'name', 'payment']",36,[27],"[['pension', 'widow', 'income', 'daily', 'claim', 'roll', 'annum', 'bureau', 'veteran', 'fiscal']]",[0.95],[1.0],[1.0],1.0,1.0,continued,,,,,
35,23.0,"['italian', 'hungarian', 'case', 'sufferer', 'austro', 'court', 'alien', 'kill', 'treaty', 'miner']",36,[34],"[['italian', 'native', 'naturalize', 'tallulah', 'italy', 'case', 'treaty', 'expel', 'cognizable', 'answerable']]",[0.952],[0.727],[0.875],0.727,0.875,continued,,,,,
35,24.0,"['neutral', 'british', 'africa', 'boer', 'contraband', 'pretoria', 'good', 'destination', 'pioneer', 'port']",36,[],[],[],[],[],0.0,0.0,disappeared,,,,,
35,25.0,"['turkey', 'turkish', 'ottoman', 'claim', 'missionary', 'destruction', 'treatment', 'naturalize', 'regard', 'demand']",36,[],[],[],[],[],0.0,0.0,disappeared,,,,,
35,26.0,"['export', 'import', 'value', 'product', 'cent', 'total', 'manufacture', 'dutiable', 'good', 'precede']",36,[35],"[['export', 'import', 'manufacture', 'cent', 'product', 'exceed', 'total', 'value', 'capita', 'billion']]",[0.972],[1.0],[1.0],1.0,1.0,continued,,,,,
35,27.0,"['mexico', 'mexican', 'extradition', 'weil', 'awards', 'claimant', 'award', 'border', 'offense', 'return']",36,[],[],[],[],[],0.0,0.0,disappeared,,,,,
35,28.0,"['samoa', 'samoan', 'pago', 'germany', 'malietoa', 'king', 'tutuila', 'laupepa', 'mataafa', 'tripartite']",36,[42],"[['samoa', 'samoan', 'germany', 'tripartite', 'malietoa', 'claim', 'britain', 'king', 'pago', 'joint']]",[0.976],[1.0],[1.0],1.0,1.0,continued,,,,,
35,29.0,"['legation', 'peking', 'guard', 'taku', 'besiege', 'fire', 'attempt', 'hour', 'fort', 'chinese']",36,[30],"[['legation', 'taku', 'guard', 'fort', 'british', 'expedition', 'peking', 'attempt', 'assemble', 'preparation']]",[0.951],[1.0],[0.778],1.0,0.778,continued,,,,,
35,30.0,"['affair', 'omit', 'discuss', 'departmental', 'secretary', 'report', 'submit', 'interesting', 'communication', 'concern']",36,[],[],[],[],[],0.0,0.0,disappeared,,,,,
35,31.0,"['bank', 'banking', 'capital', 'organize', 'small', 'authorize', 'mention', 'financial', 'responsive', 'modification']",36,[40],"[['bank', 'banking', 'financial', 'circulation', 'supply', 'need', 'monetary', 'stringency', 'injuriously', 'legitimate']]",[0.874],[1.0],[0.5],1.0,0.5,unclear,,,,,
35,32.0,"['manif', 'necessity', 'financial', 'avoidance', 'husband', 'unreasonable', 'plainly', 'cheap', 'taxation', 'inevitable']",36,[33],"[['cleveland', 'evil', 'honesty', 'uniformity', 'trust', 'insurance', 'license', 'rid', 'dishonesty', 'remedy']]",[0.777],[0.5],[0.375],0.5,0.375,disappeared,,,,,
35,34.0,"['fruit', 'belgian', 'inspection', 'food', 'meat', 'germany', 'importation', 'relaxed', 'prohibition', 'cattle']",36,[36],"[['food', 'product', 'purity', 'meat', 'shipment', 'discrimination', 'inspection', 'production', 'admit', 'flour']]",[0.958],[1.0],[0.857],1.0,0.857,continued,,,,,
35,35.0,"['inch', 'gun', 'mortar', 'carriage', 'emplacement', 'rifle', 'fire', 'steel', 'modern', 'ordnance']",36,[],[],[],[],[],0.0,0.0,disappeared,,,,,
35,36.0,"['washington', 'building', 'district', 'floor', 'occupy', 'build', 'structure', 'accommodation', 'columbia', 'space']",36,[29],"[['district', 'child', 'columbia', 'charity', 'washington', 'city', 'investigation', 'problem', 'juvenile', 'model']]",[0.835],[0.571],[0.778],0.571,0.778,unclear,,,,,
35,37.0,"['recommendation', 'importance', 'opportunitie', 'speaker', 'study', 'timeliness', 'raw', 'china', 'enlargement', 'obstacle']",36,[],[],[],[],[],0.0,0.0,disappeared,,,,,
35,38.0,"['convention', 'tribunal', 'international', 'mediation', 'hon', 'delegate', 'traditional', 'delegation', 'arbitration', 'construe']",36,[9],"[['international', 'conference', 'hague', 'convention', 'arbitration', 'tribunal', 'russia', 'hon', 'treaty', 'interparliamentary']]",[0.928],[1.0],[0.583],1.0,0.583,continued,,,,,
35,,,36,,,,"[0.971, 1.0]","[0.516, 0.387]",1.971,0.903,merge,"[5, 21]","[['gold', 'note', 'bond', 'treasury', 'redeem', 'redemption', 'coin', 'silver', 'issue', 'bear'], ['receipt', 'fiscal', 'june', 'end', 'precede', 'internal', 'revenue', 'amount', 'expenditure', 'source']]",5.0,"['gold', 'receipt', 'fiscal', 'treasury', 'expenditure', 'bond', 'surplus', 'fund', 'coin', 'revenue']","[0.907, 0.806]"
35,,,36,,,,"[0.842, 1.0]","[0.517, 0.345]",1.842,0.862,merge,"[15, 33]","[['death', 'mckinley', 'memory', 'expression', 'lincoln', 'sympathy', 'assassination', 'strike', 'son', 'blow'], ['anarchist', 'man', 'crime', 'deed', 'anarchy', 'preach', 'murder', 'doctrine', 'criminal', 'profess']]",6.0,"['anarchist', 'death', 'deed', 'mckinley', 'murder', 'man', 'son', 'anarchy', 'criminal', 'international']","[0.902, 0.873]"
36,0.0,"['island', 'philippine', 'rico', 'civil', 'self', 'puerto', 'filipino', 'filipinos', 'development', 'porto']",37,[22],"[['philippine', 'island', 'self', 'filipino', 'filipinos', 'independence', 'cavite', 'samar', 'asiatic', 'servant']]",[0.93],[0.611],[1.0],0.611,1.0,continued,,,,,
36,1.0,"['forest', 'reserve', 'water', 'land', 'irrigation', 'acre', 'arid', 'stream', 'reclamation', 'west']",37,"[3, 15]","[['forest', 'reserve', 'park', 'preserve', 'user', 'timber', 'creature', 'supply', 'west', 'irrigation'], ['land', 'graze', 'range', 'acre', 'reclamation', 'settler', 'actual', 'maker', 'irrigation', 'settlement']]","[0.932, 0.893]","[0.596, 0.308]","[0.955, 1.0]",0.904,1.955,split,,,,,
36,2.0,"['china', 'chinese', 'empire', 'imperial', 'settlement', 'peking', 'boxer', 'negotiation', 'foreigner', 'edict']",37,[35],"[['chinese', 'china', 'empire', 'student', 'laborer', 'coolie', 'traveler', 'immigration', 'expect', 'condition']]",[0.878],[0.757],[0.714],0.757,0.714,unclear,,,,,
36,3.0,"['exposition', 'exhibit', 'celebration', 'paris', 'buffalo', 'art', 'hold', 'event', 'museum', 'display']",37,[27],"[['exposition', 'celebration', 'event', 'japan', 'art', 'gallery', 'invitation', 'collection', 'celebrate', 'pacific']]",[0.859],[0.844],[1.0],0.844,1.0,unclear,,,,,
36,6.0,"['anarchist', 'death', 'deed', 'mckinley', 'murder', 'man', 'son', 'anarchy', 'criminal', 'international']",37,[40],"[['righteousness', 'defend', 'mind', 'unrighteous', 'shun', 'hand', 'finely', 'people', 'love', 'sin']]",[0.792],[0.345],[1.0],0.345,1.0,disappeared,,,,,
36,7.0,"['cuba', 'island', 'cuban', 'election', 'th', 'constitution', 'elect', 'convention', 'reciprocity', 'domingo']",37,[23],"[['domingo', 'santo', 'cuba', 'island', 'provisional', 'cuban', 'intervention', 'intervene', 'creditor', 'debt']]",[0.91],[0.92],[0.778],0.92,0.778,continued,,,,,
36,8.0,"['alaska', 'territory', 'hawaii', 'build', 'fishery', 'building', 'river', 'mineral', 'hawaiian', 'white']",37,[6],"[['alaska', 'fishery', 'salmon', 'fish', 'need', 'territory', 'alaskan', 'river', 'district', 'indians']]",[0.902],[0.542],[0.722],0.542,0.722,continued,,,,,
36,9.0,"['international', 'conference', 'hague', 'convention', 'arbitration', 'tribunal', 'russia', 'hon', 'treaty', 'interparliamentary']",37,[1],"[['conference', 'hague', 'international', 'arbitration', 'convention', 'agreement', 'treaty', 'second', 'debt', 'tribunal']]",[0.944],[1.0],[0.591],1.0,0.591,continued,,,,,
36,10.0,"['rate', 'railroad', 'interstate', 'rebate', 'commission', 'railway', 'shipper', 'safety', 'employee', 'inspection']",37,"[13, 31]","[['rate', 'interstate', 'commission', 'railroad', 'rebate', 'shipper', 'stop', 'supervision', 'insurance', 'agreement'], ['railroad', 'inspection', 'safety', 'employee', 'appliance', 'accident', 'railway', 'steamboat', 'inspector', 'interstate']]","[0.925, 0.92]","[0.524, 0.381]","[0.75, 1.0]",0.905,1.75,split,,,,,
36,11.0,"['indian', 'appointment', 'civil', 'examination', 'bureau', 'rule', 'extend', 'field', 'competitive', 'require']",37,[2],"[['appointment', 'indian', 'civil', 'department', 'census', 'office', 'bureau', 'rule', 'examination', 'salary']]",[0.967],[0.85],[0.84],0.85,0.84,continued,,,,,
36,13.0,"['man', 'worker', 'wage', 'individual', 'corporation', 'industrial', 'capitalist', 'standard', 'rich', 'problem']",37,"[9, 20]","[['corporation', 'individual', 'wealth', 'corporate', 'evil', 'deal', 'combination', 'favor', 'interstate', 'conduct'], ['man', 'industrial', 'japanese', 'capitalist', 'worker', 'japan', 'school', 'wage', 'treat', 'class']]","[0.904, 0.913]","[0.556, 0.333]","[0.611, 1.0]",0.889,1.611,split,,,,,
36,14.0,"['consular', 'importance', 'diplomatic', 'consulate', 'enlargement', 'information', 'patent', 'recommendation', 'print', 'inadequate']",37,[],[],[],[],[],0.0,0.0,disappeared,,,,,
36,15.0,"['crop', 'agriculture', 'animal', 'import', 'soil', 'help', 'rice', 'fruit', 'farmer', 'variety']",37,[7],"[['farmer', 'agriculture', 'agricultural', 'crop', 'import', 'education', 'association', 'animal', 'insect', 'fruit']]",[0.955],[0.882],[0.778],0.882,0.778,continued,,,,,
36,16.0,"['indian', 'indians', 'tribe', 'school', 'education', 'reservation', 'tribal', 'absorption', 'attendance', 'matron']",37,[11],"[['child', 'indian', 'indians', 'education', 'tribe', 'educational', 'woman', 'school', 'neglect', 'absorption']]",[0.927],[0.824],[0.706],0.824,0.706,continued,,,,,
36,17.0,"['panama', 'isthmus', 'revolution', 'colombia', 'treaty', 'colombian', 'riot', 'disturbance', 'april', 'transit']",37,[5],"[['panama', 'isthmus', 'colombia', 'treaty', 'revolution', 'canal', 'colombian', 'riot', 'transit', 'granada']]",[0.965],[0.867],[0.684],0.867,0.684,continued,,,,,
36,18.0,"['tariff', 'change', 'economic', 'reciprocity', 'product', 'principle', 'stability', 'need', 'competition', 'schedule']",37,[14],"[['tariff', 'change', 'german', 'germany', 'revenue', 'good', 'minimum', 'notice', 'principle', 'duty']]",[0.896],[0.6],[0.692],0.6,0.692,unclear,,,,,
36,19.0,"['sign', 'convention', 'extradition', 'argentine', 'ratify', 'chilean', 'commission', 'exchange', 'bolivia', 'republic']",37,[],[],[],[],[],0.0,0.0,disappeared,,,,,
36,20.0,"['corruption', 'official', 'constitution', 'election', 'punishment', 'bribe', 'corrupt', 'bribery', 'criminal', 'employe']",37,[16],"[['judge', 'criticism', 'court', 'hold', 'case', 'philosophy', 'judiciary', 'comment', 'legislator', 'popular']]",[0.808],[0.429],[0.667],0.429,0.667,unclear,,,,,
36,21.0,"['naturalization', 'certificate', 'citizenship', 'fraud', 'court', 'fraudulent', 'citizen', 'naturalize', 'alien', 'bear']",37,[8],"[['naturalization', 'certificate', 'alien', 'citizenship', 'court', 'fraud', 'naturalize', 'come', 'foreigner', 'fraudulent']]",[0.991],[1.0],[0.889],1.0,0.889,continued,,,,,
36,22.0,"['merchant', 'ship', 'marine', 'mail', 'ocean', 'shipping', 'line', 'knot', 'seaman', 'carry']",37,[19],"[['mail', 'ocean', 'line', 'steamship', 'south', 'shipping', 'knot', 'steamer', 'merchant', 'pacific']]",[0.842],[0.917],[0.8],0.917,0.8,unclear,,,,,
36,23.0,"['monroe', 'doctrine', 'republic', 'hemisphere', 'obligation', 'aggression', 'undertake', 'continent', 'south', 'territorial']",37,[17],"[['doctrine', 'monroe', 'republic', 'continent', 'hemisphere', 'south', 'obligation', 'undertake', 'interfere', 'arm']]",[0.958],[1.0],[0.909],1.0,0.909,continued,,,,,
36,24.0,"['cable', 'company', 'sounding', 'pacific', 'manila', 'trans', 'hawaii', 'access', 'line', 'coast']",37,[37],"[['cable', 'sounding', 'company', 'access', 'pacific', 'lay', 'convene', 'condition', 'permission', 'line']]",[0.966],[1.0],[1.0],1.0,1.0,continued,,,,,
36,25.0,"['rural', 'delivery', 'postal', 'mail', 'route', 'revenue', 'expenditure', 'farm', 'current', 'cent']",37,[10],"[['rural', 'expenditure', 'route', 'receipt', 'delivery', 'postal', 'saving', 'fiscal', 'surplus', 'postmaster']]",[0.911],[0.909],[0.588],0.909,0.588,continued,,,,,
36,26.0,"['canal', 'route', 'isthmus', 'panama', 'engineer', 'isthmian', 'treaty', 'nicaragua', 'commission', 'construction']",37,[24],"[['canal', 'cubic', 'engineer', 'yard', 'construction', 'excavation', 'isthmus', 'total', 'panama', 'level']]",[0.902],[0.727],[1.0],0.727,1.0,continued,,,,,
36,27.0,"['pension', 'widow', 'income', 'daily', 'claim', 'roll', 'annum', 'bureau', 'veteran', 'fiscal']",37,[],[],[],[],[],0.0,0.0,disappeared,,,,,
36,28.0,"['boundary', 'canal', 'britain', 'convention', 'negotiation', 'treaty', 'canada', 'lynn', 'agreement', 'portland']",37,[],[],[],[],[],0.0,0.0,disappeared,,,,,
36,29.0,"['district', 'child', 'columbia', 'charity', 'washington', 'city', 'investigation', 'problem', 'juvenile', 'model']",37,[],[],[],[],[],0.0,0.0,disappeared,,,,,
36,30.0,"['legation', 'taku', 'guard', 'fort', 'british', 'expedition', 'peking', 'attempt', 'assemble', 'preparation']",37,[],[],[],[],[],0.0,0.0,disappeared,,,,,
36,31.0,"['municipal', 'island', 'language', 'commission', 'governor', 'departmental', 'rule', 'local', 'supervision', 'instruction']",37,[],[],[],[],[],0.0,0.0,disappeared,,,,,
36,32.0,"['unlawful', 'court', 'restraint', 'conspiracy', 'restrain', 'combination', 'violation', 'denial', 'adverse', 'injunction']",37,[4],"[['injunction', 'court', 'dispute', 'decision', 'case', 'liberty', 'judge', 'abuse', 'judicial', 'party']]",[0.878],[0.625],[0.7],0.625,0.7,unclear,,,,,
36,33.0,"['cleveland', 'evil', 'honesty', 'uniformity', 'trust', 'insurance', 'license', 'rid', 'dishonesty', 'remedy']",37,[],[],[],[],[],0.0,0.0,disappeared,,,,,
36,34.0,"['italian', 'native', 'naturalize', 'tallulah', 'italy', 'case', 'treaty', 'expel', 'cognizable', 'answerable']",37,[],[],[],[],[],0.0,0.0,disappeared,,,,,
36,35.0,"['export', 'import', 'manufacture', 'cent', 'product', 'exceed', 'total', 'value', 'capita', 'billion']",37,[],[],[],[],[],0.0,0.0,disappeared,,,,,
36,36.0,"['food', 'product', 'purity', 'meat', 'shipment', 'discrimination', 'inspection', 'production', 'admit', 'flour']",37,[],[],[],[],[],0.0,0.0,disappeared,,,,,
36,37.0,"['spain', 'claim', 'treaty', 'arrangement', 'collection', 'vii', 'award', 'execution', 'pende', 'payment']",37,[],[],[],[],[],0.0,0.0,disappeared,,,,,
36,38.0,"['property', 'civilized', 'disarmament', 'arbitration', 'case', 'hague', 'sea', 'international', 'dispute', 'capture']",37,[],[],[],[],[],0.0,0.0,disappeared,,,,,
36,39.0,"['immigrant', 'immigration', 'come', 'distribute', 'kind', 'undesirable', 'steamship', 'york', 'hither', 'proportion']",37,[],[],[],[],[],0.0,0.0,disappeared,,,,,
36,41.0,"['pacific', 'commission', 'expense', 'appropriation', 'bond', 'payable', 'appropriate', 'secure', 'pay', 'principal']",37,[],[],[],[],[],0.0,0.0,disappeared,,,,,
36,42.0,"['samoa', 'samoan', 'germany', 'tripartite', 'malietoa', 'claim', 'britain', 'king', 'pago', 'joint']",37,[],[],[],[],[],0.0,0.0,disappeared,,,,,
36,43.0,"['fear', 'unfit', 'trouble', 'disaster', 'self', 'face', 'nominally', 'insure', 'serve', 'ignorance']",37,[],[],[],[],[],0.0,0.0,disappeared,,,,,
36,44.0,"['corporation', 'supervision', 'corporate', 'watchfulness', 'derive', 'industrial', 'stay', 'existence', 'way', 'sovereign']",37,[],[],[],[],[],0.0,0.0,disappeared,,,,,
36,,,37,,,,"[0.875, 1.0]","[0.613, 0.306]",1.875,0.919,merge,"[4, 12]","[['navy', 'ship', 'officer', 'naval', 'cruiser', 'train', 'gun', 'sea', 'crew', 'torpedo'], ['army', 'officer', 'point', 'grade', 'high', 'rank', 'regular', 'guard', 'maneuver', 'promotion']]",0.0,"['navy', 'officer', 'army', 'grade', 'ship', 'fleet', 'efficiency', 'promotion', 'medical', 'enlist']","[0.951, 0.9]"
36,,,37,,,,"[0.516, 1.0]","[0.412, 0.588]",1.516,1.0,merge,"[5, 40]","[['gold', 'receipt', 'fiscal', 'treasury', 'expenditure', 'bond', 'surplus', 'fund', 'coin', 'revenue'], ['bank', 'banking', 'financial', 'circulation', 'supply', 'need', 'monetary', 'stringency', 'injuriously', 'legitimate']]",12.0,"['currency', 'bank', 'banker', 'issue', 'rate', 'circulation', 'treasury', 'season', 'cent', 'york']","[0.802, 0.857]"
37,0.0,"['navy', 'officer', 'army', 'grade', 'ship', 'fleet', 'efficiency', 'promotion', 'medical', 'enlist']",38,[1],"[['navy', 'officer', 'army', 'grade', 'ship', 'fleet', 'battleship', 'naval', 'rank', 'efficiency']]",[0.983],[0.935],[0.847],0.935,0.847,continued,,,,,
37,1.0,"['conference', 'hague', 'international', 'arbitration', 'convention', 'agreement', 'treaty', 'second', 'debt', 'tribunal']",38,[9],"[['prize', 'international', 'court', 'convention', 'arbitration', 'hague', 'obligatory', 'tribunal', 'london', 'establishment']]",[0.914],[0.364],[1.0],0.364,1.0,disappeared,,,,,
37,2.0,"['appointment', 'indian', 'civil', 'department', 'census', 'office', 'bureau', 'rule', 'examination', 'salary']",38,[7],"[['department', 'census', 'commission', 'committee', 'office', 'head', 'organization', 'civil', 'efficiency', 'method']]",[0.933],[0.68],[0.955],0.68,0.955,continued,,,,,
37,4.0,"['injunction', 'court', 'dispute', 'decision', 'case', 'liberty', 'judge', 'abuse', 'judicial', 'party']",38,"[24, 36]","[['injunction', 'court', 'notice', 'dispute', 'issue', 'party', 'temporary', 'issuance', 'irreparable', 'abuse'], ['error', 'court', 'smoke', 'supreme', 'recommend', 'title', 'pass', 'bill', 'construe', 'amend']]","[0.953, 0.87]","[0.55, 0.3]","[1.0, 1.0]",0.85,2.0,split,,,,,
37,5.0,"['panama', 'isthmus', 'colombia', 'treaty', 'revolution', 'canal', 'colombian', 'riot', 'transit', 'granada']",38,[13],"[['republic', 'nicaragua', 'liberia', 'zelaya', 'central', 'convention', 'commission', 'revolution', 'honduras', 'monrovia']]",[0.732],[0.316],[0.308],0.316,0.308,disappeared,,,,,
37,6.0,"['alaska', 'fishery', 'salmon', 'fish', 'need', 'territory', 'alaskan', 'river', 'district', 'indians']",38,[],[],[],[],[],0.0,0.0,disappeared,,,,,
37,8.0,"['naturalization', 'certificate', 'alien', 'citizenship', 'court', 'fraud', 'naturalize', 'come', 'foreigner', 'fraudulent']",38,[],[],[],[],[],0.0,0.0,disappeared,,,,,
37,9.0,"['corporation', 'individual', 'wealth', 'corporate', 'evil', 'deal', 'combination', 'favor', 'interstate', 'conduct']",38,[19],"[['corporation', 'interstate', 'exercise', 'supervision', 'railroad', 'centralization', 'corporate', 'wealth', 'responsible', 'deal']]",[0.971],[0.944],[1.0],0.944,1.0,continued,,,,,
37,13.0,"['rate', 'interstate', 'commission', 'railroad', 'rebate', 'shipper', 'stop', 'supervision', 'insurance', 'agreement']",38,[10],"[['railroad', 'rate', 'interstate', 'commission', 'hour', 'inspection', 'rebate', 'shipper', 'employee', 'engage']]",[0.971],[0.938],[0.65],0.938,0.65,continued,,,,,
37,14.0,"['tariff', 'change', 'german', 'germany', 'revenue', 'good', 'minimum', 'notice', 'principle', 'duty']",38,[3],"[['tariff', 'minimum', 'duty', 'maximum', 'board', 'section', 'abroad', 'price', 'germany', 'discrimination']]",[0.926],[0.923],[0.906],0.923,0.906,continued,,,,,
37,16.0,"['judge', 'criticism', 'court', 'hold', 'case', 'philosophy', 'judiciary', 'comment', 'legislator', 'popular']",38,[8],"[['judge', 'criticism', 'clerk', 'court', 'liberty', 'judicial', 'hold', 'jury', 'body', 'judiciary']]",[0.974],[1.0],[0.857],1.0,0.857,continued,,,,,
37,17.0,"['doctrine', 'monroe', 'republic', 'continent', 'hemisphere', 'south', 'obligation', 'undertake', 'interfere', 'arm']",38,[23],"[['doctrine', 'monroe', 'republic', 'continent', 'south', 'obligation', 'people', 'outsider', 'grow', 'consequence']]",[0.973],[1.0],[0.9],1.0,0.9,continued,,,,,
37,18.0,"['employer', 'employee', 'accident', 'compensation', 'liability', 'negligence', 'risk', 'strike', 'workman', 'kill']",38,[27],"[['employer', 'accident', 'compensation', 'employee', 'liability', 'negligence', 'risk', 'workman', 'injure', 'loss']]",[0.963],[0.818],[1.0],0.818,1.0,continued,,,,,
37,19.0,"['mail', 'ocean', 'line', 'steamship', 'south', 'shipping', 'knot', 'steamer', 'merchant', 'pacific']",38,[22],"[['mail', 'steamship', 'line', 'south', 'ocean', 'merchant', 'shipping', 'marine', 'communication', 'hawaii']]",[0.981],[1.0],[1.0],1.0,1.0,continued,,,,,
37,20.0,"['man', 'industrial', 'japanese', 'capitalist', 'worker', 'japan', 'school', 'wage', 'treat', 'class']",38,[],[],[],[],[],0.0,0.0,disappeared,,,,,
37,21.0,"['race', 'crime', 'lynch', 'colored', 'mob', 'negro', 'white', 'rape', 'man', 'criminal']",38,[25],"[['race', 'crime', 'lynch', 'colored', 'mob', 'white', 'negro', 'rape', 'man', 'criminal']]",[0.976],[1.0],[0.9],1.0,0.9,continued,,,,,
37,22.0,"['philippine', 'island', 'self', 'filipino', 'filipinos', 'independence', 'cavite', 'samar', 'asiatic', 'servant']",38,[],[],[],[],[],0.0,0.0,disappeared,,,,,
37,23.0,"['domingo', 'santo', 'cuba', 'island', 'provisional', 'cuban', 'intervention', 'intervene', 'creditor', 'debt']",38,[28],"[['santo', 'domingo', 'cuba', 'island', 'dominican', 'provisional', 'treaty', 'creditor', 'custom', 'intervention']]",[0.976],[1.0],[0.889],1.0,0.889,continued,,,,,
37,24.0,"['canal', 'cubic', 'engineer', 'yard', 'construction', 'excavation', 'isthmus', 'total', 'panama', 'level']",38,[12],"[['canal', 'panama', 'engineer', 'lock', 'isthmus', 'cubic', 'construction', 'zone', 'yard', 'excavation']]",[0.965],[1.0],[0.882],1.0,0.882,continued,,,,,
37,25.0,"['seal', 'vessel', 'kill', 'sealing', 'pelagic', 'island', 'skin', 'water', 'st', 'herd']",38,[31],"[['seal', 'sealing', 'pelagic', 'kill', 'fur', 'vessel', 'herd', 'island', 'st', 'skin']]",[0.979],[0.889],[1.0],0.889,1.0,continued,,,,,
37,26.0,"['waterway', 'mississippi', 'improvement', 'reclamation', 'church', 'inland', 'engineer', 'river', 'construction', 'begin']",38,[29],"[['waterway', 'river', 'improvement', 'illinois', 'mississippi', 'engineer', 'church', 'inland', 'navigable', 'adopt']]",[0.97],[0.889],[1.0],0.889,1.0,continued,,,,,
37,27.0,"['exposition', 'celebration', 'event', 'japan', 'art', 'gallery', 'invitation', 'collection', 'celebrate', 'pacific']",38,[35],"[['exposition', 'celebration', 'japan', 'emperor', 'event', 'statue', 'german', 'invitation', 'majesty', 'asia']]",[0.803],[0.778],[0.571],0.778,0.571,unclear,,,,,
37,28.0,"['porto', 'rico', 'citizenship', 'hawaii', 'territory', 'island', 'develop', 'coolie', 'confer', 'harbor']",38,[6],"[['philippine', 'island', 'porto', 'rico', 'self', 'filipino', 'develop', 'citizenship', 'product', 'filipinos']]",[0.861],[1.0],[0.318],1.0,0.318,disappeared,,,,,
37,29.0,"['competition', 'prohibit', 'antitrust', 'game', 'prevent', 'adulterate', 'incident', 'forbid', 'regulate', 'enforcement']",38,[2],"[['company', 'combination', 'statute', 'capital', 'trust', 'tobacco', 'competition', 'corporation', 'stock', 'monopoly']]",[0.862],[0.875],[0.472],0.875,0.472,unclear,,,,,
37,30.0,"['visit', 'conference', 'mexico', 'friendship', 'friendly', 'honduras', 'salvador', 'president', 'republic', 'secretary']",38,[4],"[['mexican', 'mexico', 'troop', 'border', 'douglas', 'live', 'texas', 'property', 'insurrection', 'ambassador']]",[0.772],[0.375],[0.429],0.375,0.429,disappeared,,,,,
37,31.0,"['railroad', 'inspection', 'safety', 'employee', 'appliance', 'accident', 'railway', 'steamboat', 'inspector', 'interstate']",38,[],[],[],[],[],0.0,0.0,disappeared,,,,,
37,32.0,"['ethical', 'misdeed', 'raise', 'foolish', 'fireman', 'painful', 'personal', 'disregard', 'policeman', 'occur']",38,[39],"[['dishonesty', 'distress', 'misdeed', 'honesty', 'insurance', 'guilty', 'innocent', 'painful', 'community', 'discover']]",[0.85],[0.714],[0.6],0.714,0.6,unclear,,,,,
37,33.0,"['class', 'hatred', 'wealth', 'man', 'demagog', 'seek', 'violent', 'agitator', 'hand', 'preacher']",38,[21],"[['man', 'wealth', 'class', 'hatred', 'hand', 'movement', 'bad', 'seek', 'railroad', 'evil']]",[0.982],[1.0],[0.727],1.0,0.727,continued,,,,,
37,34.0,"['recommendation', 'message', 'renew', 'second', 'liability', 'seventh', 'employer', 'annual', 'commission', 'scope']",38,[],[],[],[],[],0.0,0.0,disappeared,,,,,
37,35.0,"['chinese', 'china', 'empire', 'student', 'laborer', 'coolie', 'traveler', 'immigration', 'expect', 'condition']",38,[5],"[['china', 'chinese', 'loan', 'reform', 'group', 'indemnity', 'student', 'negotiation', 'railway', 'empire']]",[0.889],[1.0],[0.75],1.0,0.75,unclear,,,,,
37,36.0,"['forest', 'mountain', 'destruction', 'china', 'timber', 'northern', 'tree', 'lumber', 'soil', 'photograph']",38,[],[],[],[],[],0.0,0.0,disappeared,,,,,
37,37.0,"['cable', 'sounding', 'company', 'access', 'pacific', 'lay', 'convene', 'condition', 'permission', 'line']",38,[],[],[],[],[],0.0,0.0,disappeared,,,,,
37,38.0,"['island', 'philippine', 'sugar', 'tobacco', 'insular', 'agricultural', 'reduce', 'product', 'tariff', 'jealousy']",38,[6],"[['philippine', 'island', 'porto', 'rico', 'self', 'filipino', 'develop', 'citizenship', 'product', 'filipinos']]",[0.912],[1.0],[0.364],1.0,0.364,disappeared,,,,,
37,39.0,"['tax', 'inheritance', 'taxation', 'impose', 'taxis', 'income', 'fortune', 'estate', 'kin', 'rate']",38,[38],"[['tax', 'inheritance', 'taxation', 'impose', 'taxis', 'income', 'fortune', 'estate', 'desirable', 'bequest']]",[1.0],[1.0],[1.0],1.0,1.0,continued,,,,,
37,40.0,"['righteousness', 'defend', 'mind', 'unrighteous', 'shun', 'hand', 'finely', 'people', 'love', 'sin']",38,[],[],[],[],[],0.0,0.0,disappeared,,,,,
37,,,38,,,,"[0.824, 0.941]","[0.493, 0.356]",1.765,0.849,merge,"[10, 12]","[['rural', 'expenditure', 'route', 'receipt', 'delivery', 'postal', 'saving', 'fiscal', 'surplus', 'postmaster'], ['currency', 'bank', 'banker', 'issue', 'rate', 'circulation', 'treasury', 'season', 'cent', 'york']]",0.0,"['bank', 'estimate', 'postal', 'post', 'saving', 'currency', 'office', 'treasury', 'cent', 'deficit']","[0.917, 0.88]"
37,,,38,,,,"[0.909, 1.0]","[0.316, 0.632]",1.909,0.947,merge,"[3, 15]","[['forest', 'reserve', 'park', 'preserve', 'user', 'timber', 'creature', 'supply', 'west', 'irrigation'], ['land', 'graze', 'range', 'acre', 'reclamation', 'settler', 'actual', 'maker', 'irrigation', 'settlement']]",11.0,"['land', 'forest', 'park', 'graze', 'range', 'coal', 'irrigation', 'reclamation', 'acre', 'maker']","[0.867, 0.956]"
37,,,38,,,,"[0.667, 1.0]","[0.385, 0.615]",1.667,1.0,merge,"[7, 11]","[['farmer', 'agriculture', 'agricultural', 'crop', 'import', 'education', 'association', 'animal', 'insect', 'fruit'], ['child', 'indian', 'indians', 'education', 'tribe', 'educational', 'woman', 'school', 'neglect', 'absorption']]",15.0,"['farmer', 'education', 'educational', 'child', 'agricultural', 'agriculture', 'association', 'woman', 'farm', 'employment']","[0.811, 0.927]"
38,0.0,"['bank', 'estimate', 'postal', 'post', 'saving', 'currency', 'office', 'treasury', 'cent', 'deficit']",39,[13],"[['bank', 'banking', 'association', 'currency', 'reserve', 'monetary', 'panic', 'central', 'furnish', 'saving']]",[0.824],[0.342],[0.812],0.342,0.812,disappeared,,,,,
38,1.0,"['navy', 'officer', 'army', 'grade', 'ship', 'fleet', 'battleship', 'naval', 'rank', 'efficiency']",39,"[4, 14]","[['army', 'officer', 'guard', 'staff', 'garrison', 'regiment', 'train', 'organization', 'bill', 'regular'], ['fleet', 'vessel', 'naval', 'battleship', 'station', 'navy', 'harbor', 'officer', 'cruiser', 'cruise']]","[0.88, 0.87]","[0.375, 0.333]","[0.846, 0.923]",0.708,1.769,split,,,,,
38,2.0,"['company', 'combination', 'statute', 'capital', 'trust', 'tobacco', 'competition', 'corporation', 'stock', 'monopoly']",39,[],[],[],[],[],0.0,0.0,disappeared,,,,,
38,3.0,"['tariff', 'minimum', 'duty', 'maximum', 'board', 'section', 'abroad', 'price', 'germany', 'discrimination']",39,[2],"[['tariff', 'treatment', 'maximum', 'minimum', 'discrimination', 'board', 'section', 'abroad', 'duty', 'discriminatory']]",[0.988],[0.906],[0.966],0.906,0.966,continued,,,,,
38,4.0,"['mexican', 'mexico', 'troop', 'border', 'douglas', 'live', 'texas', 'property', 'insurrection', 'ambassador']",39,[3],"[['mexico', 'mexican', 'troop', 'border', 'douglas', 'live', 'texas', 'property', 'constitution', 'insurrection']]",[0.983],[0.857],[0.926],0.857,0.926,continued,,,,,
38,5.0,"['china', 'chinese', 'loan', 'reform', 'group', 'indemnity', 'student', 'negotiation', 'railway', 'empire']",39,[5],"[['china', 'loan', 'chinese', 'reform', 'treaty', 'negotiation', 'national', 'group', 'international', 'railway']]",[0.984],[0.958],[0.96],0.958,0.96,continued,,,,,
38,6.0,"['philippine', 'island', 'porto', 'rico', 'self', 'filipino', 'develop', 'citizenship', 'product', 'filipinos']",39,[7],"[['self', 'island', 'philippine', 'filipinos', 'filipino', 'independence', 'porto', 'rico', 'citizenship', 'asiatic']]",[0.95],[0.818],[0.75],0.818,0.75,continued,,,,,
38,7.0,"['department', 'census', 'commission', 'committee', 'office', 'head', 'organization', 'civil', 'efficiency', 'method']",39,[8],"[['efficiency', 'commission', 'auditor', 'expenditure', 'employee', 'ought', 'spend', 'expense', 'committee', 'office']]",[0.901],[0.636],[0.6],0.636,0.6,continued,,,,,
38,8.0,"['judge', 'criticism', 'clerk', 'court', 'liberty', 'judicial', 'hold', 'jury', 'body', 'judiciary']",39,[],[],[],[],[],0.0,0.0,disappeared,,,,,
38,9.0,"['prize', 'international', 'court', 'convention', 'arbitration', 'hague', 'obligatory', 'tribunal', 'london', 'establishment']",39,[],[],[],[],[],0.0,0.0,disappeared,,,,,
38,10.0,"['railroad', 'rate', 'interstate', 'commission', 'hour', 'inspection', 'rebate', 'shipper', 'employee', 'engage']",39,[],[],[],[],[],0.0,0.0,disappeared,,,,,
38,11.0,"['land', 'forest', 'park', 'graze', 'range', 'coal', 'irrigation', 'reclamation', 'acre', 'maker']",39,[18],"[['forest', 'mountain', 'destruction', 'deforestation', 'tree', 'china', 'northern', 'soil', 'photograph', 'river']]",[0.846],[0.737],[0.909],0.737,0.909,unclear,,,,,
38,12.0,"['canal', 'panama', 'engineer', 'lock', 'isthmus', 'cubic', 'construction', 'zone', 'yard', 'excavation']",39,[],[],[],[],[],0.0,0.0,disappeared,,,,,
38,13.0,"['republic', 'nicaragua', 'liberia', 'zelaya', 'central', 'convention', 'commission', 'revolution', 'honduras', 'monrovia']",39,"[11, 25]","[['nicaragua', 'republic', 'revolution', 'zelaya', 'central', 'force', 'convention', 'honduras', 'hondura', 'doctrine'], ['liberia', 'republic', 'commission', 'liberian', 'monrovia', 'loan', 'receiver', 'amelioration', 'designate', 'receivership']]","[0.942, 0.82]","[0.692, 0.308]","[0.765, 0.875]",1.0,1.64,split,,,,,
38,14.0,"['convention', 'sign', 'arrangement', 'morocco', 'madrid', 'agreement', 'brussels', 'replace', 'ratify', 'december']",39,[],[],[],[],[],0.0,0.0,disappeared,,,,,
38,15.0,"['farmer', 'education', 'educational', 'child', 'agricultural', 'agriculture', 'association', 'woman', 'farm', 'employment']",39,[19],"[['farmer', 'credit', 'agricultural', 'agriculture', 'rural', 'study', 'system', 'investigation', 'population', 'matter']]",[0.78],[0.385],[0.6],0.385,0.6,disappeared,,,,,
38,16.0,"['consular', 'diplomatic', 'commercial', 'consulate', 'promotion', 'committee', 'officer', 'clerical', 'commend', 'secretary']",39,[12],"[['consular', 'diplomatic', 'merit', 'promotion', 'commercial', 'minister', 'division', 'legation', 'secretary', 'embassy']]",[0.967],[0.846],[0.941],0.846,0.941,continued,,,,,
38,17.0,"['chile', 'boundary', 'settlement', 'dispute', 'controversy', 'arbitration', 'peru', 'venezuela', 'republic', 'award']",39,[10],"[['dispute', 'settlement', 'boundary', 'peru', 'chile', 'arbitration', 'republic', 'venezuela', 'claim', 'controversy']]",[0.992],[1.0],[1.0],1.0,1.0,continued,,,,,
38,18.0,"['britain', 'arbitration', 'treaty', 'canada', 'fishery', 'boundary', 'april', 'schedule', 'claim', 'commissioner']",39,[],[],[],[],[],0.0,0.0,disappeared,,,,,
38,19.0,"['corporation', 'interstate', 'exercise', 'supervision', 'railroad', 'centralization', 'corporate', 'wealth', 'responsible', 'deal']",39,[],[],[],[],[],0.0,0.0,disappeared,,,,,
38,20.0,"['wool', 'pound', 'import', 'scour', 'prohibitory', 'cent', 'rate', 'yarn', 'fabric', 'cost']",39,[15],"[['wool', 'import', 'rate', 'pound', 'scour', 'cent', 'prohibitory', 'cost', 'good', 'yarn']]",[0.996],[1.0],[0.917],1.0,0.917,continued,,,,,
38,21.0,"['man', 'wealth', 'class', 'hatred', 'hand', 'movement', 'bad', 'seek', 'railroad', 'evil']",39,[],[],[],[],[],0.0,0.0,disappeared,,,,,
38,22.0,"['mail', 'steamship', 'line', 'south', 'ocean', 'merchant', 'shipping', 'marine', 'communication', 'hawaii']",39,[21],"[['toll', 'ship', 'canal', 'line', 'build', 'subsidy', 'merchant', 'marine', 'transportation', 'naval']]",[0.911],[1.0],[0.8],1.0,0.8,continued,,,,,
38,23.0,"['doctrine', 'monroe', 'republic', 'continent', 'south', 'obligation', 'people', 'outsider', 'grow', 'consequence']",39,[],[],[],[],[],0.0,0.0,disappeared,,,,,
38,24.0,"['injunction', 'court', 'notice', 'dispute', 'issue', 'party', 'temporary', 'issuance', 'irreparable', 'abuse']",39,[],[],[],[],[],0.0,0.0,disappeared,,,,,
38,25.0,"['race', 'crime', 'lynch', 'colored', 'mob', 'white', 'negro', 'rape', 'man', 'criminal']",39,[],[],[],[],[],0.0,0.0,disappeared,,,,,
38,26.0,"['campaign', 'contribution', 'election', 'office', 'expenditure', 'contribute', 'recommend', 'candidate', 'publication', 'committee']",39,[],[],[],[],[],0.0,0.0,disappeared,,,,,
38,27.0,"['employer', 'accident', 'compensation', 'employee', 'liability', 'negligence', 'risk', 'workman', 'injure', 'loss']",39,[],[],[],[],[],0.0,0.0,disappeared,,,,,
38,28.0,"['santo', 'domingo', 'cuba', 'island', 'dominican', 'provisional', 'treaty', 'creditor', 'custom', 'intervention']",39,[],[],[],[],[],0.0,0.0,disappeared,,,,,
38,29.0,"['waterway', 'river', 'improvement', 'illinois', 'mississippi', 'engineer', 'church', 'inland', 'navigable', 'adopt']",39,[23],"[['river', 'improvement', 'waterway', 'water', 'navigation', 'illinois', 'navigable', 'dam', 'engineer', 'create']]",[0.968],[1.0],[1.0],1.0,1.0,continued,,,,,
38,30.0,"['health', 'alaska', 'medical', 'corp', 'indians', 'disease', 'need', 'dollar', 'pacific', 'bureau']",39,[],[],[],[],[],0.0,0.0,disappeared,,,,,
38,31.0,"['seal', 'sealing', 'pelagic', 'kill', 'fur', 'vessel', 'herd', 'island', 'st', 'skin']",39,[],[],[],[],[],0.0,0.0,disappeared,,,,,
38,32.0,"['dissolution', 'reorganization', 'trust', 'decree', 'administrative', 'court', 'corporation', 'circuit', 'bureau', 'effective']",39,[],[],[],[],[],0.0,0.0,disappeared,,,,,
38,33.0,"['republic', 'pan', 'bureau', 'international', 'argentine', 'contribution', 'exhibition', 'development', 'aire', 'know']",39,[22],"[['republic', 'pan', 'international', 'argentine', 'bureau', 'latin', 'uruguay', 'development', 'agricultural', 'exhibition']]",[0.964],[1.0],[0.889],1.0,0.889,continued,,,,,
38,34.0,"['turkey', 'east', 'near', 'montenegro', 'ottoman', 'embassy', 'empire', 'accession', 'kingdom', 'persia']",39,[24],"[['turkey', 'ottoman', 'east', 'montenegro', 'near', 'italy', 'empire', 'servia', 'bulgaria', 'accession']]",[0.958],[0.857],[1.0],0.857,1.0,continued,,,,,
38,35.0,"['exposition', 'celebration', 'japan', 'emperor', 'event', 'statue', 'german', 'invitation', 'majesty', 'asia']",39,[],[],[],[],[],0.0,0.0,disappeared,,,,,
38,36.0,"['error', 'court', 'smoke', 'supreme', 'recommend', 'title', 'pass', 'bill', 'construe', 'amend']",39,[],[],[],[],[],0.0,0.0,disappeared,,,,,
38,37.0,"['conference', 'hague', 'netherlands', 'red', 'cross', 'hold', 'russia', 'subject', 'suggest', 'lay']",39,[],[],[],[],[],0.0,0.0,disappeared,,,,,
38,38.0,"['tax', 'inheritance', 'taxation', 'impose', 'taxis', 'income', 'fortune', 'estate', 'desirable', 'bequest']",39,[],[],[],[],[],0.0,0.0,disappeared,,,,,
38,39.0,"['dishonesty', 'distress', 'misdeed', 'honesty', 'insurance', 'guilty', 'innocent', 'painful', 'community', 'discover']",39,[20],"[['circumstance', 'face', 'task', 'person', 'look', 'enthusiasm', 'delay', 'alter', 'thoughtful', 'experience']]",[0.778],[0.6],[0.4],0.6,0.4,unclear,,,,,
39,0.0,"['court', 'corporation', 'trust', 'company', 'statute', 'judge', 'combination', 'case', 'interstate', 'procedure']",40,[0],"[['court', 'statute', 'trust', 'company', 'combination', 'tobacco', 'capital', 'corporation', 'competition', 'decree']]",[0.961],[0.611],[0.871],0.611,0.871,continued,,,,,
39,1.0,"['international', 'convention', 'conference', 'treaty', 'arbitration', 'britain', 'fishery', 'opium', 'hague', 'agreement']",40,[],[],[],[],[],0.0,0.0,disappeared,,,,,
39,2.0,"['tariff', 'treatment', 'maximum', 'minimum', 'discrimination', 'board', 'section', 'abroad', 'duty', 'discriminatory']",40,[8],"[['tariff', 'treatment', 'abroad', 'board', 'maximum', 'section', 'instance', 'rate', 'minimum', 'discriminatory']]",[0.985],[0.966],[1.0],0.966,1.0,continued,,,,,
39,3.0,"['mexico', 'mexican', 'troop', 'border', 'douglas', 'live', 'texas', 'property', 'constitution', 'insurrection']",40,[3],"[['mexico', 'mexican', 'troop', 'border', 'douglas', 'property', 'live', 'texas', 'insurrection', 'danger']]",[0.992],[0.963],[0.957],0.963,0.957,continued,,,,,
39,4.0,"['army', 'officer', 'guard', 'staff', 'garrison', 'regiment', 'train', 'organization', 'bill', 'regular']",40,[5],"[['army', 'garrison', 'regiment', 'organization', 'officer', 'unit', 'regular', 'reserve', 'training', 'guard']]",[0.973],[0.885],[0.947],0.885,0.947,continued,,,,,
39,5.0,"['china', 'loan', 'chinese', 'reform', 'treaty', 'negotiation', 'national', 'group', 'international', 'railway']",40,[13],"[['china', 'loan', 'chinese', 'liberia', 'reform', 'national', 'financial', 'negotiation', 'international', 'british']]",[0.93],[0.88],[0.692],0.88,0.692,continued,,,,,
39,6.0,"['estimate', 'fiscal', 'expenditure', 'canal', 'june', 'treasury', 'receipt', 'total', 'deficit', 'ordinary']",40,[1],"[['postal', 'estimate', 'revenue', 'treasury', 'total', 'fiscal', 'disbursement', 'june', 'office', 'postmaster']]",[0.895],[0.818],[0.556],0.818,0.556,unclear,,,,,
39,7.0,"['self', 'island', 'philippine', 'filipinos', 'filipino', 'independence', 'porto', 'rico', 'citizenship', 'asiatic']",40,[7],"[['island', 'self', 'philippine', 'filipinos', 'porto', 'filipino', 'rico', 'independence', 'sanitation', 'citizenship']]",[0.996],[0.85],[0.944],0.85,0.944,continued,,,,,
39,8.0,"['efficiency', 'commission', 'auditor', 'expenditure', 'employee', 'ought', 'spend', 'expense', 'committee', 'office']",40,[14],"[['urge', 'matter', 'council', 'committee', 'proposal', 'election', 'expenditure', 'necessity', 'impatience', 'spending']]",[0.813],[0.3],[0.538],0.3,0.538,disappeared,,,,,
39,9.0,"['post', 'postmaster', 'mail', 'parcel', 'route', 'rural', 'office', 'class', 'postal', 'loss']",40,[],[],[],[],[],0.0,0.0,disappeared,,,,,
39,10.0,"['dispute', 'settlement', 'boundary', 'peru', 'chile', 'arbitration', 'republic', 'venezuela', 'claim', 'controversy']",40,[15],"[['dispute', 'boundary', 'arbitration', 'settlement', 'peru', 'republic', 'claim', 'haiti', 'chile', 'dominican']]",[0.981],[1.0],[0.923],1.0,0.923,continued,,,,,
39,11.0,"['nicaragua', 'republic', 'revolution', 'zelaya', 'central', 'force', 'convention', 'honduras', 'hondura', 'doctrine']",40,[6],"[['republic', 'nicaragua', 'revolution', 'central', 'financial', 'ecuador', 'convention', 'honduras', 'customhouse', 'cuba']]",[0.948],[0.941],[0.667],0.941,0.667,continued,,,,,
39,12.0,"['consular', 'diplomatic', 'merit', 'promotion', 'commercial', 'minister', 'division', 'legation', 'secretary', 'embassy']",40,[4],"[['consular', 'diplomatic', 'promotion', 'commercial', 'merit', 'secretary', 'officer', 'minister', 'organization', 'emperor']]",[0.946],[1.0],[0.571],1.0,0.571,continued,,,,,
39,13.0,"['bank', 'banking', 'association', 'currency', 'reserve', 'monetary', 'panic', 'central', 'furnish', 'saving']",40,[11],"[['bank', 'currency', 'banking', 'association', 'commission', 'panic', 'reserve', 'monetary', 'furnish', 'director']]",[0.974],[1.0],[0.714],1.0,0.714,continued,,,,,
39,15.0,"['wool', 'import', 'rate', 'pound', 'scour', 'cent', 'prohibitory', 'cost', 'good', 'yarn']",40,[19],"[['wool', 'import', 'rate', 'pound', 'scour', 'cent', 'prohibitory', 'cost', 'yarn', 'fabric']]",[0.996],[0.917],[1.0],0.917,1.0,continued,,,,,
39,16.0,"['branch', 'cabinet', 'head', 'fail', 'nominee', 'legislative', 'presidency', 'floor', 'department', 'ability']",40,[22],"[['head', 'cabinet', 'nominee', 'legislative', 'branch', 'department', 'presidency', 'floor', 'perform', 'function']]",[0.975],[0.727],[0.778],0.727,0.778,continued,,,,,
39,18.0,"['forest', 'mountain', 'destruction', 'deforestation', 'tree', 'china', 'northern', 'soil', 'photograph', 'river']",40,[],[],[],[],[],0.0,0.0,disappeared,,,,,
39,19.0,"['farmer', 'credit', 'agricultural', 'agriculture', 'rural', 'study', 'system', 'investigation', 'population', 'matter']",40,[18],"[['farmer', 'credit', 'agricultural', 'study', 'rural', 'agriculture', 'crop', 'available', 'investigation', 'field']]",[0.97],[0.9],[0.909],0.9,0.909,continued,,,,,
39,20.0,"['circumstance', 'face', 'task', 'person', 'look', 'enthusiasm', 'delay', 'alter', 'thoughtful', 'experience']",40,[],[],[],[],[],0.0,0.0,disappeared,,,,,
39,21.0,"['toll', 'ship', 'canal', 'line', 'build', 'subsidy', 'merchant', 'marine', 'transportation', 'naval']",40,[9],"[['ship', 'open', 'merchant', 'marine', 'sea', 'independence', 'market', 'profitable', 'build', 'adequate']]",[0.935],[0.9],[0.867],0.9,0.867,continued,,,,,
39,22.0,"['republic', 'pan', 'international', 'argentine', 'bureau', 'latin', 'uruguay', 'development', 'agricultural', 'exhibition']",40,[],[],[],[],[],0.0,0.0,disappeared,,,,,
39,23.0,"['river', 'improvement', 'waterway', 'water', 'navigation', 'illinois', 'navigable', 'dam', 'engineer', 'create']",40,[17],"[['river', 'canal', 'improvement', 'water', 'waterway', 'toll', 'illinois', 'navigation', 'dam', 'zone']]",[0.884],[0.875],[0.417],0.875,0.417,unclear,,,,,
39,24.0,"['turkey', 'ottoman', 'east', 'montenegro', 'near', 'italy', 'empire', 'servia', 'bulgaria', 'accession']",40,[],[],[],[],[],0.0,0.0,disappeared,,,,,
39,25.0,"['liberia', 'republic', 'commission', 'liberian', 'monrovia', 'loan', 'receiver', 'amelioration', 'designate', 'receivership']",40,[13],"[['china', 'loan', 'chinese', 'liberia', 'reform', 'national', 'financial', 'negotiation', 'international', 'british']]",[0.711],[0.5],[0.308],0.5,0.308,disappeared,,,,,
39,26.0,"['city', 'washington', 'creek', 'plan', 'district', 'park', 'municipal', 'rock', 'structure', 'virginia']",40,[10],"[['city', 'land', 'washington', 'dispose', 'ought', 'disposition', 'district', 'domain', 'ownership', 'plan']]",[0.924],[1.0],[0.6],1.0,0.6,continued,,,,,
39,,,40,,,,"[0.923, 1.0]","[0.435, 0.565]",1.923,1.0,merge,"[14, 17]","[['fleet', 'vessel', 'naval', 'battleship', 'station', 'navy', 'harbor', 'officer', 'cruiser', 'cruise'], ['navy', 'admiral', 'rear', 'secretary', 'naval', 'coordinate', 'precedence', 'aids', 'fleet', 'command']]",2.0,"['navy', 'cruiser', 'fleet', 'submarine', 'naval', 'admiral', 'battleship', 'destroyer', 'ship', 'vessel']","[0.902, 0.928]"
40,0.0,"['court', 'statute', 'trust', 'company', 'combination', 'tobacco', 'capital', 'corporation', 'competition', 'decree']",41,[],[],[],[],[],0.0,0.0,disappeared,,,,,
40,1.0,"['postal', 'estimate', 'revenue', 'treasury', 'total', 'fiscal', 'disbursement', 'june', 'office', 'postmaster']",41,[1],"[['treasury', 'revenue', 'appropriation', 'taxis', 'fiscal', 'expenditure', 'billion', 'tax', 'total', 'balance']]",[0.843],[0.815],[0.571],0.815,0.571,unclear,,,,,
40,2.0,"['navy', 'cruiser', 'fleet', 'submarine', 'naval', 'admiral', 'battleship', 'destroyer', 'ship', 'vessel']",41,[],[],[],[],[],0.0,0.0,disappeared,,,,,
40,3.0,"['mexico', 'mexican', 'troop', 'border', 'douglas', 'property', 'live', 'texas', 'insurrection', 'danger']",41,[],[],[],[],[],0.0,0.0,disappeared,,,,,
40,4.0,"['consular', 'diplomatic', 'promotion', 'commercial', 'merit', 'secretary', 'officer', 'minister', 'organization', 'emperor']",41,[],[],[],[],[],0.0,0.0,disappeared,,,,,
40,5.0,"['army', 'garrison', 'regiment', 'organization', 'officer', 'unit', 'regular', 'reserve', 'training', 'guard']",41,[4],"[['navy', 'army', 'thousand', 'training', 'officer', 'seven', 'ready', 'programme', 'prepare', 'strength']]",[0.9],[1.0],[0.571],1.0,0.571,unclear,,,,,
40,6.0,"['republic', 'nicaragua', 'revolution', 'central', 'financial', 'ecuador', 'convention', 'honduras', 'customhouse', 'cuba']",41,[],[],[],[],[],0.0,0.0,disappeared,,,,,
40,7.0,"['island', 'self', 'philippine', 'filipinos', 'porto', 'filipino', 'rico', 'independence', 'sanitation', 'citizenship']",41,[],[],[],[],[],0.0,0.0,disappeared,,,,,
40,8.0,"['tariff', 'treatment', 'abroad', 'board', 'maximum', 'section', 'instance', 'rate', 'minimum', 'discriminatory']",41,[],[],[],[],[],0.0,0.0,disappeared,,,,,
40,9.0,"['ship', 'open', 'merchant', 'marine', 'sea', 'independence', 'market', 'profitable', 'build', 'adequate']",41,[6],"[['ship', 'merchant', 'sea', 'independence', 'marine', 'adequate', 'carry', 'cable', 'coast', 'send']]",[0.942],[0.667],[0.727],0.667,0.727,continued,,,,,
40,10.0,"['city', 'land', 'washington', 'dispose', 'ought', 'disposition', 'district', 'domain', 'ownership', 'plan']",41,[],[],[],[],[],0.0,0.0,disappeared,,,,,
40,11.0,"['bank', 'currency', 'banking', 'association', 'commission', 'panic', 'reserve', 'monetary', 'furnish', 'director']",41,[],[],[],[],[],0.0,0.0,disappeared,,,,,
40,12.0,"['wrong', 'people', 'germany', 'empire', 'austria', 'win', 'german', 'hungary', 'master', 'partnership']",41,[2],"[['germany', 'wrong', 'german', 'people', 'empire', 'master', 'partnership', 'austria', 'face', 'live']]",[0.973],[1.0],[0.75],1.0,0.75,continued,,,,,
40,13.0,"['china', 'loan', 'chinese', 'liberia', 'reform', 'national', 'financial', 'negotiation', 'international', 'british']",41,[],[],[],[],[],0.0,0.0,disappeared,,,,,
40,14.0,"['urge', 'matter', 'council', 'committee', 'proposal', 'election', 'expenditure', 'necessity', 'impatience', 'spending']",41,[11],"[['proposal', 'realize', 'await', 'essential', 'press', 'particular', 'plan', 'necessity', 'urge', 'miss']]",[0.866],[0.538],[0.8],0.538,0.8,unclear,,,,,
40,15.0,"['dispute', 'boundary', 'arbitration', 'settlement', 'peru', 'republic', 'claim', 'haiti', 'chile', 'dominican']",41,[],[],[],[],[],0.0,0.0,disappeared,,,,,
40,16.0,"['railroad', 'railway', 'transportation', 'circumstance', 'commission', 'hour', 'road', 'regulation', 'problem', 'operate']",41,[0],"[['railroad', 'railway', 'road', 'transportation', 'regulation', 'commission', 'impossible', 'circumstance', 'need', 'hour']]",[0.96],[1.0],[0.81],1.0,0.81,continued,,,,,
40,17.0,"['river', 'canal', 'improvement', 'water', 'waterway', 'toll', 'illinois', 'navigation', 'dam', 'zone']",41,[],[],[],[],[],0.0,0.0,disappeared,,,,,
40,18.0,"['farmer', 'credit', 'agricultural', 'study', 'rural', 'agriculture', 'crop', 'available', 'investigation', 'field']",41,[7],"[['rural', 'bill', 'million', 'acre', 'convention', 'study', 'direct', 'agency', 'propose', 'water']]",[0.912],[1.0],[0.667],1.0,0.667,continued,,,,,
40,19.0,"['wool', 'import', 'rate', 'pound', 'scour', 'cent', 'prohibitory', 'cost', 'yarn', 'fabric']",41,[],[],[],[],[],0.0,0.0,disappeared,,,,,
40,20.0,"['treaty', 'arbitration', 'agreement', 'britain', 'negotiation', 'claim', 'schedule', 'settlement', 'award', 'question']",41,[],[],[],[],[],0.0,0.0,disappeared,,,,,
40,21.0,"['speak', 'heart', 'honor', 'passion', 'disloyalty', 'liberty', 'think', 'seek', 'voice', 'know']",41,[3],"[['democracy', 'faith', 'liberty', 'speak', 'seek', 'think', 'know', 'self', 'principle', 'thought']]",[0.955],[0.9],[0.833],0.9,0.833,continued,,,,,
40,22.0,"['head', 'cabinet', 'nominee', 'legislative', 'branch', 'department', 'presidency', 'floor', 'perform', 'function']",41,[],[],[],[],[],0.0,0.0,disappeared,,,,,
40,23.0,"['opium', 'international', 'conference', 'evil', 'narcotic', 'hague', 'drug', 'traffic', 'message', 'convention']",41,[],[],[],[],[],0.0,0.0,disappeared,,,,,
40,24.0,"['employer', 'liability', 'compensation', 'workmen', 'workman', 'commission', 'injury', 'principle', 'employee', 'injure']",41,[],[],[],[],[],0.0,0.0,disappeared,,,,,
40,25.0,"['panama', 'exposition', 'exhibit', 'building', 'pacific', 'canal', 'francisco', 'participate', 'san', 'construct']",41,[],[],[],[],[],0.0,0.0,disappeared,,,,,
40,26.0,"['seal', 'convention', 'fur', 'herd', 'prize', 'hague', 'north', 'season', 'pacific', 'court']",41,[],[],[],[],[],0.0,0.0,disappeared,,,,,
40,27.0,"['patriotic', 'factor', 'young', 'economic', 'ideal', 'policy', 'citizen', 'hostile', 'intellectual', 'friendship']",41,[8],"[['unrest', 'condition', 'remedy', 'industrial', 'recognize', 'antagonism', 'class', 'human', 'living', 'lead']]",[0.77],[0.5],[0.333],0.5,0.333,disappeared,,,,,
41,0.0,"['railroad', 'railway', 'road', 'transportation', 'regulation', 'commission', 'impossible', 'circumstance', 'need', 'hour']",42,[3],"[['railroad', 'rate', 'railway', 'decision', 'wage', 'tribunal', 'board', 'employee', 'fair', 'dispute']]",[0.904],[0.619],[1.0],0.619,1.0,continued,,,,,
41,1.0,"['treasury', 'revenue', 'appropriation', 'taxis', 'fiscal', 'expenditure', 'billion', 'tax', 'total', 'balance']",42,[0],"[['taxis', 'budget', 'expenditure', 'appropriation', 'treasury', 'billion', 'income', 'tax', 'reduce', 'taxation']]",[0.964],[1.0],[0.875],1.0,0.875,continued,,,,,
41,2.0,"['germany', 'wrong', 'german', 'people', 'empire', 'master', 'partnership', 'austria', 'face', 'live']",42,[2],"[['germany', 'wrong', 'german', 'people', 'empire', 'partnership', 'master', 'faith', 'thing', 'win']]",[0.976],[0.85],[0.812],0.85,0.812,continued,,,,,
41,3.0,"['democracy', 'faith', 'liberty', 'speak', 'seek', 'think', 'know', 'self', 'principle', 'thought']",42,[6],"[['democracy', 'principle', 'ideal', 'know', 'republic', 'accept', 'righteous', 'think', 'weak', 'understanding']]",[0.925],[0.889],[0.846],0.889,0.846,continued,,,,,
41,4.0,"['navy', 'army', 'thousand', 'training', 'officer', 'seven', 'ready', 'programme', 'prepare', 'strength']",42,[4],"[['education', 'navy', 'hospital', 'training', 'treatment', 'vocational', 'illiteracy', 'prepare', 'army', 'immediate']]",[0.886],[0.857],[0.6],0.857,0.6,unclear,,,,,
41,5.0,"['task', 'month', 'battle', 'mine', 'face', 'look', 'turn', 'achievement', 'intelligence', 'young']",42,[],[],[],[],[],0.0,0.0,disappeared,,,,,
41,6.0,"['ship', 'merchant', 'sea', 'independence', 'marine', 'adequate', 'carry', 'cable', 'coast', 'send']",42,[],[],[],[],[],0.0,0.0,disappeared,,,,,
41,7.0,"['rural', 'bill', 'million', 'acre', 'convention', 'study', 'direct', 'agency', 'propose', 'water']",42,[5],"[['reclamation', 'acre', 'land', 'project', 'water', 'interior', 'million', 'development', 'irrigation', 'arid']]",[0.829],[0.333],[0.929],0.333,0.929,disappeared,,,,,
41,8.0,"['unrest', 'condition', 'remedy', 'industrial', 'recognize', 'antagonism', 'class', 'human', 'living', 'lead']",42,[12],"[['condition', 'produce', 'relationship', 'problem', 'restoration', 'remedy', 'readjustment', 'international', 'humanity', 'solution']]",[0.848],[0.556],[1.0],0.556,1.0,unclear,,,,,
41,9.0,"['material', 'ready', 'chemical', 'supply', 'dyestuff', 'shipping', 'manufacture', 'competition', 'hand', 'save']",42,[],[],[],[],[],0.0,0.0,disappeared,,,,,
41,10.0,"['storage', 'interstate', 'good', 'license', 'producer', 'price', 'shipment', 'keep', 'release', 'package']",42,[11],"[['storage', 'good', 'interstate', 'producer', 'release', 'shipment', 'keep', 'price', 'package', 'cold']]",[0.957],[1.0],[0.714],1.0,0.714,continued,,,,,
41,11.0,"['proposal', 'realize', 'await', 'essential', 'press', 'particular', 'plan', 'necessity', 'urge', 'miss']",42,[],[],[],[],[],0.0,0.0,disappeared,,,,,
42,0.0,"['taxis', 'budget', 'expenditure', 'appropriation', 'treasury', 'billion', 'income', 'tax', 'reduce', 'taxation']",43,[2],"[['tax', 'expenditure', 'reduction', 'taxis', 'revenue', 'taxation', 'income', 'reduce', 'budget', 'appropriation']]",[0.955],[0.875],[0.895],0.875,0.895,continued,,,,,
42,1.0,"['farmer', 'production', 'agriculture', 'price', 'agricultural', 'raise', 'credit', 'food', 'wheat', 'farm']",43,[1],"[['agriculture', 'farmer', 'price', 'agricultural', 'production', 'credit', 'farm', 'cooperative', 'bank', 'marketing']]",[0.972],[0.952],[0.755],0.952,0.755,continued,,,,,
42,2.0,"['germany', 'wrong', 'german', 'people', 'empire', 'partnership', 'master', 'faith', 'thing', 'win']",43,[],[],[],[],[],0.0,0.0,disappeared,,,,,
42,3.0,"['railroad', 'rate', 'railway', 'decision', 'wage', 'tribunal', 'board', 'employee', 'fair', 'dispute']",43,[0],"[['railway', 'rate', 'railroad', 'consolidation', 'transportation', 'freight', 'coal', 'commission', 'wage', 'manager']]",[0.889],[0.933],[0.333],0.933,0.333,disappeared,,,,,
42,4.0,"['education', 'navy', 'hospital', 'training', 'treatment', 'vocational', 'illiteracy', 'prepare', 'army', 'immediate']",43,[13],"[['veteran', 'hospital', 'treatment', 'legion', 'vocational', 'pension', 'generous', 'consideration', 'training', 'war']]",[0.83],[0.333],[1.0],0.333,1.0,disappeared,,,,,
42,5.0,"['reclamation', 'acre', 'land', 'project', 'water', 'interior', 'million', 'development', 'irrigation', 'arid']",43,[4],"[['project', 'reclamation', 'water', 'development', 'river', 'irrigation', 'waterway', 'lake', 'land', 'flood']]",[0.944],[0.786],[0.957],0.786,0.957,continued,,,,,
42,6.0,"['democracy', 'principle', 'ideal', 'know', 'republic', 'accept', 'righteous', 'think', 'weak', 'understanding']",43,[9],"[['faith', 'democracy', 'republic', 'prevail', 'sentence', 'live', 'spiritual', 'think', 'understanding', 'principle']]",[0.959],[0.923],[0.833],0.923,0.833,continued,,,,,
42,7.0,"['amendment', 'violation', 'enforcement', 'prohibition', 'constitution', 'relate', 'eighteenth', 'child', 'woman', 'constitutional']",43,[8],"[['enforcement', 'amendment', 'constitution', 'prohibition', 'violation', 'observe', 'eighteenth', 'prevent', 'child', 'enforce']]",[0.951],[0.769],[0.846],0.769,0.846,continued,,,,,
42,8.0,"['transportation', 'railway', 'impossible', 'motor', 'highway', 'freight', 'construction', 'traffic', 'cent', 'railroad']",43,[0],"[['railway', 'rate', 'railroad', 'consolidation', 'transportation', 'freight', 'coal', 'commission', 'wage', 'manager']]",[0.872],[0.917],[0.315],0.917,0.315,disappeared,,,,,
42,9.0,"['league', 'naval', 'ill', 'unrest', 'treaty', 'industrial', 'armament', 'recognize', 'workman', 'accord']",43,"[3, 15]","[['conference', 'navy', 'armament', 'army', 'treaty', 'naval', 'washington', 'chinese', 'limitation', 'china'], ['mutual', 'independence', 'alliance', 'principle', 'obligation', 'contribution', 'join', 'cooperate', 'face', 'ideal']]","[0.853, 0.837]","[0.455, 0.455]","[0.516, 0.5]",0.909,1.016,unclear,,,,,
42,10.0,"['tariff', 'valuation', 'flexibility', 'import', 'provision', 'condition', 'schedule', 'change', 'revision', 'commission']",43,[10],"[['tariff', 'import', 'duty', 'flexibility', 'valuation', 'schedule', 'condition', 'abroad', 'provision', 'difference']]",[0.981],[1.0],[1.0],1.0,1.0,continued,,,,,
42,11.0,"['storage', 'good', 'interstate', 'producer', 'release', 'shipment', 'keep', 'price', 'package', 'cold']",43,[],[],[],[],[],0.0,0.0,disappeared,,,,,
42,12.0,"['condition', 'produce', 'relationship', 'problem', 'restoration', 'remedy', 'readjustment', 'international', 'humanity', 'solution']",43,[6],"[['humanity', 'people', 'condition', 'lie', 'readjustment', 'human', 'restoration', 'honorable', 'remedy', 'depend']]",[0.92],[1.0],[0.733],1.0,0.733,continued,,,,,
42,13.0,"['car', 'equipment', 'ought', 'freight', 'agency', 'adequate', 'transportation', 'district', 'central', 'coal']",43,[],[],[],[],[],0.0,0.0,disappeared,,,,,
43,0.0,"['railway', 'rate', 'railroad', 'consolidation', 'transportation', 'freight', 'coal', 'commission', 'wage', 'manager']",44,"[5, 14]","[['consolidation', 'rate', 'freight', 'railroad', 'railway', 'interstate', 'traffic', 'transportation', 'commission', 'system'], ['coal', 'employee', 'conciliation', 'board', 'deal', 'distribution', 'interruption', 'continuity', 'bituminous', 'emergency']]","[0.916, 0.889]","[0.463, 0.37]","[0.864, 0.923]",0.833,1.787,split,,,,,
43,1.0,"['agriculture', 'farmer', 'price', 'agricultural', 'production', 'credit', 'farm', 'cooperative', 'bank', 'marketing']",44,[1],"[['agriculture', 'farmer', 'price', 'marketing', 'farm', 'cooperative', 'agricultural', 'crop', 'surplus', 'organization']]",[0.98],[0.66],[0.958],0.66,0.958,continued,,,,,
43,2.0,"['tax', 'expenditure', 'reduction', 'taxis', 'revenue', 'taxation', 'income', 'reduce', 'budget', 'appropriation']",44,[0],"[['tax', 'reduction', 'expenditure', 'revenue', 'taxis', 'income', 'reduce', 'taxation', 'taxpayer', 'budget']]",[0.991],[0.921],[0.887],0.921,0.887,continued,,,,,
43,3.0,"['conference', 'navy', 'armament', 'army', 'treaty', 'naval', 'washington', 'chinese', 'limitation', 'china']",44,"[8, 20]","[['armament', 'navy', 'limitation', 'naval', 'conference', 'army', 'treaty', 'submarine', 'agreement', 'cruiser'], ['china', 'conference', 'sign', 'chinese', 'international', 'treaty', 'faction', 'agreement', 'delegate', 'extraterritorial']]","[0.946, 0.811]","[0.484, 0.323]","[1.0, 0.75]",0.806,1.75,split,,,,,
43,4.0,"['project', 'reclamation', 'water', 'development', 'river', 'irrigation', 'waterway', 'lake', 'land', 'flood']",44,[4],"[['water', 'reclamation', 'project', 'flood', 'irrigation', 'relief', 'cost', 'problem', 'expense', 'dike']]",[0.947],[0.696],[0.917],0.696,0.917,continued,,,,,
43,5.0,"['court', 'league', 'judge', 'case', 'statute', 'judicial', 'tribunal', 'submit', 'adhere', 'arbitration']",44,[12],"[['court', 'league', 'judge', 'statute', 'case', 'advisory', 'submit', 'opinion', 'assembly', 'international']]",[0.983],[0.882],[1.0],0.882,1.0,continued,,,,,
43,7.0,"['race', 'education', 'immigration', 'alien', 'negro', 'color', 'illiteracy', 'crime', 'admission', 'citizenship']",44,[18],"[['race', 'negro', 'color', 'crime', 'violence', 'population', 'constitution', 'lynching', 'encouragement', 'remarkable']]",[0.936],[0.643],[1.0],0.643,1.0,continued,,,,,
43,8.0,"['enforcement', 'amendment', 'constitution', 'prohibition', 'violation', 'observe', 'eighteenth', 'prevent', 'child', 'enforce']",44,[6],"[['enforcement', 'prohibition', 'criminal', 'constitution', 'prison', 'violation', 'amendment', 'district', 'police', 'crime']]",[0.897],[0.923],[0.55],0.923,0.55,unclear,,,,,
43,10.0,"['tariff', 'import', 'duty', 'flexibility', 'valuation', 'schedule', 'condition', 'abroad', 'provision', 'difference']",44,[17],"[['import', 'tariff', 'farmer', 'market', 'duty', 'cent', 'reduction', 'schedule', 'agriculture', 'product']]",[0.862],[0.917],[0.545],0.917,0.545,unclear,,,,,
43,11.0,"['claim', 'settlement', 'obligation', 'european', 'agreement', 'interested', 'payment', 'principal', 'remain', 'agree']",44,[13],"[['claim', 'settlement', 'agreement', 'austria', 'payment', 'term', 'interested', 'remain', 'creditor', 'principal']]",[0.927],[0.727],[0.923],0.727,0.923,continued,,,,,
43,12.0,"['merchant', 'marine', 'shipping', 'fleet', 'ship', 'operation', 'board', 'vessel', 'transfer', 'function']",44,[11],"[['merchant', 'shipping', 'marine', 'fleet', 'operation', 'board', 'vessel', 'line', 'transfer', 'ship']]",[0.977],[1.0],[1.0],1.0,1.0,continued,,,,,
43,13.0,"['veteran', 'hospital', 'treatment', 'legion', 'vocational', 'pension', 'generous', 'consideration', 'training', 'war']",44,[9],"[['veteran', 'pension', 'hospital', 'relief', 'receive', 'legion', 'dependent', 'compensation', 'war', 'hospitalization']]",[0.954],[1.0],[0.941],1.0,0.941,continued,,,,,
43,14.0,"['change', 'reorganization', 'bill', 'thorough', 'budget', 'improvement', 'procedure', 'bureau', 'department', 'pass']",44,[7],"[['function', 'commission', 'radio', 'reorganization', 'department', 'minor', 'change', 'cabinet', 'station', 'agency']]",[0.928],[1.0],[0.684],1.0,0.684,continued,,,,,
43,15.0,"['mutual', 'independence', 'alliance', 'principle', 'obligation', 'contribution', 'join', 'cooperate', 'face', 'ideal']",44,[26],"[['desire', 'international', 'adjust', 'agree', 'diplomatic', 'obligation', 'mutual', 'covet', 'mission', 'latin']]",[0.849],[0.5],[0.667],0.5,0.667,unclear,,,,,
43,16.0,"['classify', 'civil', 'merit', 'earner', 'postmaster', 'office', 'cover', 'compensation', 'wage', 'prohibition']",44,[],[],[],[],[],0.0,0.0,disappeared,,,,,
43,,,44,,,,"[1.0, 0.833]","[0.423, 0.423]",1.833,0.846,merge,"[6, 9]","[['humanity', 'people', 'condition', 'lie', 'readjustment', 'human', 'restoration', 'honorable', 'remedy', 'depend'], ['faith', 'democracy', 'republic', 'prevail', 'sentence', 'live', 'spiritual', 'think', 'understanding', 'principle']]",3.0,"['lie', 'local', 'spiritual', 'faith', 'foundation', 'ought', 'individual', 'abuse', 'honorable', 'material']","[0.905, 0.882]"
44,0.0,"['tax', 'reduction', 'expenditure', 'revenue', 'taxis', 'income', 'reduce', 'taxation', 'taxpayer', 'budget']",45,[1],"[['tax', 'reduction', 'fiscal', 'revenue', 'budget', 'estimate', 'surplus', 'deficit', 'income', 'expenditure']]",[0.935],[0.66],[1.0],0.66,1.0,continued,,,,,
44,1.0,"['agriculture', 'farmer', 'price', 'marketing', 'farm', 'cooperative', 'agricultural', 'crop', 'surplus', 'organization']",45,"[23, 26]","[['price', 'average', 'fall', 'cent', 'crop', 'potato', 'cattle', 'cotton', 'agriculture', 'agricultural'], ['cotton', 'surplus', 'production', 'acreage', 'crop', 'price', 'farmer', 'fixing', 'subsidy', 'information']]","[0.898, 0.942]","[0.312, 0.479]","[1.0, 1.0]",0.792,2.0,split,,,,,
44,2.0,"['education', 'health', 'immigration', 'civil', 'indian', 'earner', 'wage', 'classify', 'family', 'bureau']",45,[],[],[],[],[],0.0,0.0,disappeared,,,,,
44,3.0,"['lie', 'local', 'spiritual', 'faith', 'foundation', 'ought', 'individual', 'abuse', 'honorable', 'material']",45,[7],"[['faith', 'ideal', 'spiritual', 'moral', 'thing', 'individual', 'solution', 'honorable', 'advancement', 'foundation']]",[0.965],[0.846],[1.0],0.846,1.0,continued,,,,,
44,5.0,"['consolidation', 'rate', 'freight', 'railroad', 'railway', 'interstate', 'traffic', 'transportation', 'commission', 'system']",45,[13],"[['consolidation', 'railroad', 'freight', 'transportation', 'rate', 'simplify', 'interstate', 'railway', 'promote', 'efficiency']]",[0.966],[0.773],[1.0],0.773,1.0,continued,,,,,
44,6.0,"['enforcement', 'prohibition', 'criminal', 'constitution', 'prison', 'violation', 'amendment', 'district', 'police', 'crime']",45,[2],"[['enforcement', 'prohibition', 'constitution', 'criminal', 'district', 'court', 'amendment', 'condition', 'prison', 'exist']]",[0.959],[0.85],[0.609],0.85,0.609,continued,,,,,
44,7.0,"['function', 'commission', 'radio', 'reorganization', 'department', 'minor', 'change', 'cabinet', 'station', 'agency']",45,[6],"[['function', 'administrative', 'regulation', 'reorganization', 'agency', 'commission', 'radio', 'interstate', 'group', 'station']]",[0.908],[0.895],[0.778],0.895,0.778,continued,,,,,
44,8.0,"['armament', 'navy', 'limitation', 'naval', 'conference', 'army', 'treaty', 'submarine', 'agreement', 'cruiser']",45,[12],"[['naval', 'armament', 'limitation', 'agreement', 'treaty', 'conference', 'washington', 'london', 'imply', 'relative']]",[0.913],[0.667],[1.0],0.667,1.0,continued,,,,,
44,9.0,"['veteran', 'pension', 'hospital', 'relief', 'receive', 'legion', 'dependent', 'compensation', 'war', 'hospitalization']",45,[4],"[['veteran', 'pension', 'army', 'expenditure', 'dependent', 'relief', 'navy', 'compensation', 'receive', 'disabled']]",[0.937],[1.0],[0.667],1.0,0.667,continued,,,,,
44,11.0,"['merchant', 'shipping', 'marine', 'fleet', 'operation', 'board', 'vessel', 'line', 'transfer', 'ship']",45,[16],"[['shipping', 'merchant', 'operation', 'line', 'marine', 'transfer', 'ship', 'board', 'vessel', 'fleet']]",[0.955],[0.933],[1.0],0.933,1.0,continued,,,,,
44,12.0,"['court', 'league', 'judge', 'statute', 'case', 'advisory', 'submit', 'opinion', 'assembly', 'international']",45,[],[],[],[],[],0.0,0.0,disappeared,,,,,
44,13.0,"['claim', 'settlement', 'agreement', 'austria', 'payment', 'term', 'interested', 'remain', 'creditor', 'principal']",45,[29],"[['settlement', 'austria', 'payment', 'claim', 'agreement', 'submit', 'approve', 'suspension', 'creditor', 'await']]",[0.896],[0.923],[0.833],0.923,0.833,unclear,,,,,
44,14.0,"['coal', 'employee', 'conciliation', 'board', 'deal', 'distribution', 'interruption', 'continuity', 'bituminous', 'emergency']",45,[],[],[],[],[],0.0,0.0,disappeared,,,,,
44,15.0,"['banking', 'bank', 'credit', 'reserve', 'economic', 'charter', 'unemployment', 'condition', 'furnish', 'natural']",45,[3],"[['bank', 'banking', 'credit', 'failure', 'reserve', 'withdrawal', 'deposit', 'hoard', 'crisis', 'shock']]",[0.877],[0.538],[1.0],0.538,1.0,unclear,,,,,
44,16.0,"['building', 'city', 'washington', 'program', 'district', 'beauty', 'capital', 'columbia', 'art', 'site']",45,[14],"[['building', 'city', 'washington', 'district', 'program', 'beauty', 'art', 'columbia', 'center', 'capital']]",[0.971],[0.75],[1.0],0.75,1.0,continued,,,,,
44,17.0,"['import', 'tariff', 'farmer', 'market', 'duty', 'cent', 'reduction', 'schedule', 'agriculture', 'product']",45,[9],"[['tariff', 'import', 'cent', 'market', 'rate', 'duty', 'farmer', 'high', 'change', 'item']]",[0.975],[0.909],[1.0],0.909,1.0,continued,,,,,
44,18.0,"['race', 'negro', 'color', 'crime', 'violence', 'population', 'constitution', 'lynching', 'encouragement', 'remarkable']",45,[],[],[],[],[],0.0,0.0,disappeared,,,,,
44,20.0,"['china', 'conference', 'sign', 'chinese', 'international', 'treaty', 'faction', 'agreement', 'delegate', 'extraterritorial']",45,"[24, 30]","[['china', 'chinese', 'treaty', 'conference', 'delegate', 'tariff', 'negotiation', 'faction', 'customs', 'extraterritorial'], ['arbitration', 'agreement', 'sign', 'international', 'commission', 'difference', 'sovereign', 'conference', 'treaty', 'discussion']]","[0.913, 0.845]","[0.625, 0.375]","[1.0, 0.8]",1.0,1.8,split,,,,,
44,21.0,"['mexico', 'difference', 'friendly', 'final', 'dispute', 'ambassador', 'shipment', 'embargo', 'neighboring', 'peru']",45,[10],"[['mexico', 'peru', 'difference', 'bolivia', 'final', 'friendly', 'dispute', 'adjustment', 'neighboring', 'embargo']]",[0.978],[1.0],[1.0],1.0,1.0,continued,,,,,
44,22.0,"['road', 'highway', 'system', 'mile', 'construction', 'cent', 'engineering', 'type', 'exact', 'adviser']",45,[19],"[['road', 'highway', 'system', 'mile', 'engineering', 'hemisphere', 'construction', 'cent', 'type', 'exact']]",[0.976],[1.0],[0.875],1.0,0.875,continued,,,,,
44,23.0,"['island', 'philippine', 'governor', 'islands', 'self', 'turn', 'possession', 'leonard', 'filipino', 'auditor']",45,[18],"[['island', 'philippine', 'governor', 'rico', 'porto', 'islands', 'wood', 'govern', 'fit', 'filipino']]",[0.969],[1.0],[1.0],1.0,1.0,continued,,,,,
44,24.0,"['forest', 'land', 'grazing', 'reforestation', 'domain', 'authorize', 'purpose', 'erode', 'erosion', 'unreserved']",45,[],[],[],[],[],0.0,0.0,disappeared,,,,,
44,25.0,"['contract', 'lease', 'vessel', 'rent', 'construction', 'recommend', 'require', 'negotiation', 'post', 'involve']",45,[],[],[],[],[],0.0,0.0,disappeared,,,,,
44,26.0,"['desire', 'international', 'adjust', 'agree', 'diplomatic', 'obligation', 'mutual', 'covet', 'mission', 'latin']",45,[],[],[],[],[],0.0,0.0,disappeared,,,,,
44,27.0,"['nitrate', 'plant', 'nitrogen', 'fertilizer', 'production', 'dispose', 'property', 'probably', 'muscle', 'shoal']",45,[],[],[],[],[],0.0,0.0,disappeared,,,,,
44,,,45,,,,"[0.958, 1.0]","[0.452, 0.429]",1.958,0.881,merge,"[4, 10]","[['water', 'reclamation', 'project', 'flood', 'irrigation', 'relief', 'cost', 'problem', 'expense', 'dike'], ['river', 'waterway', 'mississippi', 'project', 'navigation', 'flood', 'lawrence', 'lake', 'canal', 'st']]",0.0,"['water', 'project', 'river', 'flood', 'waterway', 'mississippi', 'reclamation', 'irrigation', 'harbor', 'improvement']","[0.94, 0.919]"
44,,,45,,,,"[1.0, 1.0]","[0.474, 0.421]",2.0,0.895,merge,"[19, 28]","[['mile', 'air', 'airway', 'airport', 'light', 'license', 'plane', 'development', 'aviation', 'aeronautic'], ['south', 'mail', 'air', 'route', 'hemisphere', 'west', 'coast', 'run', 'caribbean', 'key']]",5.0,"['air', 'mile', 'mail', 'south', 'route', 'aviation', 'airway', 'light', 'airport', 'flight']","[0.891, 0.853]"
45,0.0,"['water', 'project', 'river', 'flood', 'waterway', 'mississippi', 'reclamation', 'irrigation', 'harbor', 'improvement']",46,"[10, 13]","[['construction', 'waterway', 'harbor', 'mississippi', 'completion', 'vessel', 'annum', 'river', 'approximately', 'half'], ['land', 'conservation', 'water', 'reclamation', 'flood', 'capital', 'project', 'system', 'watershed', 'park']]","[0.87, 0.892]","[0.405, 0.571]","[0.667, 0.7]",0.976,1.367,split,,,,,
45,1.0,"['tax', 'reduction', 'fiscal', 'revenue', 'budget', 'estimate', 'surplus', 'deficit', 'income', 'expenditure']",46,[0],"[['fiscal', 'budget', 'reduction', 'estimate', 'tax', 'expenditure', 'revenue', 'taxis', 'deficit', 'income']]",[0.977],[1.0],[0.76],1.0,0.76,continued,,,,,
45,2.0,"['enforcement', 'prohibition', 'constitution', 'criminal', 'district', 'court', 'amendment', 'condition', 'prison', 'exist']",46,[5],"[['enforcement', 'criminal', 'district', 'crime', 'prohibition', 'prison', 'immigration', 'congestion', 'strengthen', 'improvement']]",[0.906],[0.609],[0.588],0.609,0.588,continued,,,,,
45,3.0,"['bank', 'banking', 'credit', 'failure', 'reserve', 'withdrawal', 'deposit', 'hoard', 'crisis', 'shock']",46,[1],"[['bank', 'credit', 'banking', 'failure', 'deposit', 'withdrawal', 'reserve', 'financial', 'crisis', 'hoard']]",[0.989],[1.0],[0.875],1.0,0.875,continued,,,,,
45,4.0,"['veteran', 'pension', 'army', 'expenditure', 'dependent', 'relief', 'navy', 'compensation', 'receive', 'disabled']",46,"[14, 16]","[['veteran', 'allowance', 'disability', 'inequality', 'dependent', 'eliminate', 'benefit', 'substantial', 'administrator', 'adjust'], ['army', 'navy', 'personnel', 'officer', 'maintain', 'efficiency', 'intelligence', 'guard', 'aviation', 'air']]","[0.878, 0.832]","[0.571, 0.429]","[0.857, 0.833]",1.0,1.69,split,,,,,
45,5.0,"['air', 'mile', 'mail', 'south', 'route', 'aviation', 'airway', 'light', 'airport', 'flight']",46,[],[],[],[],[],0.0,0.0,disappeared,,,,,
45,6.0,"['function', 'administrative', 'regulation', 'reorganization', 'agency', 'commission', 'radio', 'interstate', 'group', 'station']",46,[11],"[['commission', 'administrative', 'commissioner', 'reorganization', 'group', 'agency', 'appoint', 'function', 'overlap', 'place']]",[0.934],[0.611],[0.9],0.611,0.9,continued,,,,,
45,7.0,"['faith', 'ideal', 'spiritual', 'moral', 'thing', 'individual', 'solution', 'honorable', 'advancement', 'foundation']",46,[2],"[['responsibility', 'individual', 'economic', 'social', 'initiative', 'sense', 'local', 'spiritual', 'ideal', 'welfare']]",[0.945],[1.0],[0.87],1.0,0.87,continued,,,,,
45,8.0,"['depression', 'unemployment', 'financial', 'economic', 'dislocation', 'collapse', 'acute', 'month', 'shock', 'wage']",46,[8],"[['depression', 'economic', 'wage', 'financial', 'acute', 'dislocation', 'collapse', 'month', 'influence', 'unemployment']]",[0.989],[0.882],[0.933],0.882,0.933,continued,,,,,
45,9.0,"['tariff', 'import', 'cent', 'market', 'rate', 'duty', 'farmer', 'high', 'change', 'item']",46,[],[],[],[],[],0.0,0.0,disappeared,,,,,
45,10.0,"['mexico', 'peru', 'difference', 'bolivia', 'final', 'friendly', 'dispute', 'adjustment', 'neighboring', 'embargo']",46,[],[],[],[],[],0.0,0.0,disappeared,,,,,
45,12.0,"['naval', 'armament', 'limitation', 'agreement', 'treaty', 'conference', 'washington', 'london', 'imply', 'relative']",46,[7],"[['naval', 'treaty', 'armament', 'agreement', 'pact', 'conference', 'defensive', 'kellogg', 'burden', 'arm']]",[0.902],[1.0],[0.6],1.0,0.6,continued,,,,,
45,13.0,"['consolidation', 'railroad', 'freight', 'transportation', 'rate', 'simplify', 'interstate', 'railway', 'promote', 'efficiency']",46,[],[],[],[],[],0.0,0.0,disappeared,,,,,
45,14.0,"['building', 'city', 'washington', 'district', 'program', 'beauty', 'art', 'columbia', 'center', 'capital']",46,[],[],[],[],[],0.0,0.0,disappeared,,,,,
45,15.0,"['unemployed', 'earner', 'average', 'family', 'employment', 'wage', 'actual', 'salary', 'employee', 'condition']",46,[],[],[],[],[],0.0,0.0,disappeared,,,,,
45,16.0,"['shipping', 'merchant', 'operation', 'line', 'marine', 'transfer', 'ship', 'board', 'vessel', 'fleet']",46,[],[],[],[],[],0.0,0.0,disappeared,,,,,
45,17.0,"['health', 'indian', 'education', 'advancement', 'appropriation', 'affair', 'industrial', 'increase', 'quota', 'disease']",46,[],[],[],[],[],0.0,0.0,disappeared,,,,,
45,18.0,"['island', 'philippine', 'governor', 'rico', 'porto', 'islands', 'wood', 'govern', 'fit', 'filipino']",46,[],[],[],[],[],0.0,0.0,disappeared,,,,,
45,20.0,"['unemployment', 'cooperation', 'voluntary', 'employment', 'organization', 'organize', 'community', 'agency', 'local', 'winter']",46,[3],"[['employment', 'relief', 'local', 'unemployment', 'unemployed', 'agency', 'distress', 'show', 'direct', 'million']]",[0.793],[0.571],[0.455],0.571,0.455,unclear,,,,,
45,21.0,"['unit', 'county', 'child', 'health', 'local', 'organization', 'fund', 'education', 'sheppard', 'towner']",46,[15],"[['unit', 'child', 'health', 'county', 'fund', 'organization', 'local', 'sheppard', 'maternity', 'nurse']]",[0.952],[0.714],[1.0],0.714,1.0,continued,,,,,
45,22.0,"['immigration', 'family', 'reunite', 'deportation', 'immigrant', 'strengthen', 'alien', 'restriction', 'limited', 'method']",46,[],[],[],[],[],0.0,0.0,disappeared,,,,,
45,24.0,"['china', 'chinese', 'treaty', 'conference', 'delegate', 'tariff', 'negotiation', 'faction', 'customs', 'extraterritorial']",46,[],[],[],[],[],0.0,0.0,disappeared,,,,,
45,25.0,"['work', 'appropriation', 'reproductive', 'expansion', 'recommend', 'fail', 'desirable', 'expenditure', 'adoption', 'distributable']",46,[],[],[],[],[],0.0,0.0,disappeared,,,,,
45,26.0,"['cotton', 'surplus', 'production', 'acreage', 'crop', 'price', 'farmer', 'fixing', 'subsidy', 'information']",46,[],[],[],[],[],0.0,0.0,disappeared,,,,,
45,27.0,"['nicaragua', 'haiti', 'party', 'election', 'marines', 'force', 'contending', 'henry', 'marine', 'stimson']",46,[],[],[],[],[],0.0,0.0,disappeared,,,,,
45,28.0,"['credit', 'loan', 'bank', 'structure', 'corporation', 'policy', 'railway', 'association', 'agency', 'refund']",46,[],[],[],[],[],0.0,0.0,disappeared,,,,,
45,29.0,"['settlement', 'austria', 'payment', 'claim', 'agreement', 'submit', 'approve', 'suspension', 'creditor', 'await']",46,[],[],[],[],[],0.0,0.0,disappeared,,,,,
45,30.0,"['arbitration', 'agreement', 'sign', 'international', 'commission', 'difference', 'sovereign', 'conference', 'treaty', 'discussion']",46,[],[],[],[],[],0.0,0.0,disappeared,,,,,
45,,,46,,,,"[1.0, 0.833]","[0.389, 0.333]",1.833,0.722,merge,"[11, 23]","[['loan', 'farm', 'agriculture', 'drought', 'cooperative', 'farmer', 'board', 'establish', 'marketing', 'cross'], ['price', 'average', 'fall', 'cent', 'crop', 'potato', 'cattle', 'cotton', 'agriculture', 'agricultural']]",4.0,"['agriculture', 'farm', 'farmer', 'agricultural', 'price', 'board', 'drought', 'marketing', 'organization', 'crop']","[0.887, 0.859]"
45,,,46,,,,"[0.571, 0.625]","[0.7, 0.3]",1.196,1.0,merge,"[0, 19]","[['water', 'project', 'river', 'flood', 'waterway', 'mississippi', 'reclamation', 'irrigation', 'harbor', 'improvement'], ['road', 'highway', 'system', 'mile', 'engineering', 'hemisphere', 'construction', 'cent', 'type', 'exact']]",13.0,"['land', 'conservation', 'water', 'reclamation', 'flood', 'capital', 'project', 'system', 'watershed', 'park']","[0.892, 0.762]"
46,0.0,"['fiscal', 'budget', 'reduction', 'estimate', 'tax', 'expenditure', 'revenue', 'taxis', 'deficit', 'income']",47,[7],"[['income', 'taxis', 'tax', 'revenue', 'expenditure', 'billion', 'dollar', 'raise', 'base', 'sum']]",[0.865],[0.6],[0.917],0.6,0.917,unclear,,,,,
46,1.0,"['bank', 'credit', 'banking', 'failure', 'deposit', 'withdrawal', 'reserve', 'financial', 'crisis', 'hoard']",47,[3],"[['bank', 'recovery', 'banking', 'economic', 'failure', 'credit', 'reform', 'loan', 'crisis', 'sound']]",[0.914],[1.0],[0.667],1.0,0.667,continued,,,,,
46,2.0,"['responsibility', 'individual', 'economic', 'social', 'initiative', 'sense', 'local', 'spiritual', 'ideal', 'welfare']",47,[4],"[['social', 'economic', 'ambition', 'tradition', 'stimulate', 'individual', 'modern', 'liberty', 'problem', 'group']]",[0.909],[0.565],[0.786],0.565,0.786,continued,,,,,
46,3.0,"['employment', 'relief', 'local', 'unemployment', 'unemployed', 'agency', 'distress', 'show', 'direct', 'million']",47,[2],"[['relief', 'local', 'unemployed', 'employment', 'unemployment', 'agency', 'problem', 'emergency', 'give', 'project']]",[0.962],[0.909],[0.71],0.909,0.71,continued,,,,,
46,4.0,"['agriculture', 'farm', 'farmer', 'agricultural', 'price', 'board', 'drought', 'marketing', 'organization', 'crop']",47,[1],"[['price', 'farm', 'agriculture', 'production', 'farmer', 'industrial', 'purchasing', 'agricultural', 'adequate', 'program']]",[0.862],[0.778],[0.475],0.778,0.475,unclear,,,,,
46,5.0,"['enforcement', 'criminal', 'district', 'crime', 'prohibition', 'prison', 'immigration', 'congestion', 'strengthen', 'improvement']",47,[],[],[],[],[],0.0,0.0,disappeared,,,,,
46,6.0,"['contract', 'mail', 'lease', 'post', 'agreement', 'office', 'payment', 'settlement', 'rent', 'exchange']",47,[],[],[],[],[],0.0,0.0,disappeared,,,,,
46,7.0,"['naval', 'treaty', 'armament', 'agreement', 'pact', 'conference', 'defensive', 'kellogg', 'burden', 'arm']",47,[],[],[],[],[],0.0,0.0,disappeared,,,,,
46,8.0,"['depression', 'economic', 'wage', 'financial', 'acute', 'dislocation', 'collapse', 'month', 'influence', 'unemployment']",47,[],[],[],[],[],0.0,0.0,disappeared,,,,,
46,9.0,"['court', 'constitution', 'legislative', 'information', 'reservation', 'message', 'expedient', 'adherence', 'regulation', 'international']",47,[6],"[['legislative', 'constitutional', 'convention', 'constitution', 'read', 'problem', 'message', 'declare', 'mr', 'revision']]",[0.904],[0.857],[0.917],0.857,0.917,continued,,,,,
46,10.0,"['construction', 'waterway', 'harbor', 'mississippi', 'completion', 'vessel', 'annum', 'river', 'approximately', 'half']",47,[8],"[['work', 'construction', 'expenditure', 'reduction', 'appropriation', 'project', 'budget', 'total', 'expansion', 'propose']]",[0.755],[0.75],[0.375],0.75,0.375,disappeared,,,,,
46,11.0,"['commission', 'administrative', 'commissioner', 'reorganization', 'group', 'agency', 'appoint', 'function', 'overlap', 'place']",47,[9],"[['administrative', 'issue', 'agency', 'group', 'management', 'task', 'consolidate', 'overlap', 'need', 'order']]",[0.867],[0.8],[0.857],0.8,0.857,unclear,,,,,
46,12.0,"['competition', 'inquiry', 'destructive', 'item', 'especially', 'natural', 'producer', 'antitrust', 'light', 'change']",47,[],[],[],[],[],0.0,0.0,disappeared,,,,,
46,13.0,"['land', 'conservation', 'water', 'reclamation', 'flood', 'capital', 'project', 'system', 'watershed', 'park']",47,[],[],[],[],[],0.0,0.0,disappeared,,,,,
46,14.0,"['veteran', 'allowance', 'disability', 'inequality', 'dependent', 'eliminate', 'benefit', 'substantial', 'administrator', 'adjust']",47,[],[],[],[],[],0.0,0.0,disappeared,,,,,
46,15.0,"['unit', 'child', 'health', 'county', 'fund', 'organization', 'local', 'sheppard', 'maternity', 'nurse']",47,[],[],[],[],[],0.0,0.0,disappeared,,,,,
46,16.0,"['army', 'navy', 'personnel', 'officer', 'maintain', 'efficiency', 'intelligence', 'guard', 'aviation', 'air']",47,[],[],[],[],[],0.0,0.0,disappeared,,,,,
47,0.0,"['democracy', 'seek', 'today', 'fear', 'neighbor', 'peaceful', 'armament', 'autocracy', 'attack', 'let']",48,[],[],[],[],[],0.0,0.0,disappeared,,,,,
47,1.0,"['price', 'farm', 'agriculture', 'production', 'farmer', 'industrial', 'purchasing', 'agricultural', 'adequate', 'program']",48,[3],"[['agriculture', 'farm', 'farmer', 'crop', 'supply', 'price', 'product', 'production', 'adequate', 'surplus']]",[0.965],[0.75],[0.926],0.75,0.926,continued,,,,,
47,2.0,"['relief', 'local', 'unemployed', 'employment', 'unemployment', 'agency', 'problem', 'emergency', 'give', 'project']",48,[2],"[['relief', 'local', 'unemployed', 'employment', 'unemployment', 'problem', 'agency', 'age', 'project', 'community']]",[0.985],[0.903],[0.862],0.903,0.862,continued,,,,,
47,3.0,"['bank', 'recovery', 'banking', 'economic', 'failure', 'credit', 'reform', 'loan', 'crisis', 'sound']",48,[],[],[],[],[],0.0,0.0,disappeared,,,,,
47,4.0,"['social', 'economic', 'ambition', 'tradition', 'stimulate', 'individual', 'modern', 'liberty', 'problem', 'group']",48,[6],"[['economic', 'social', 'basic', 'field', 'healthy', 'domestic', 'sight', 'system', 'thing', 'simple']]",[0.81],[0.5],[0.846],0.5,0.846,unclear,,,,,
47,5.0,"['wage', 'hour', 'industrial', 'industry', 'child', 'worker', 'locality', 'low', 'exist', 'group']",48,[8],"[['wage', 'hour', 'employer', 'worker', 'term', 'starvation', 'jurisdiction', 'employee', 'raise', 'industrial']]",[0.929],[0.786],[1.0],0.786,1.0,continued,,,,,
47,6.0,"['legislative', 'constitutional', 'convention', 'constitution', 'read', 'problem', 'message', 'declare', 'mr', 'revision']",48,[13],"[['convention', 'liberal', 'read', 'constitutional', 'constitution', 'problem', 'interpretation', 'worth', 'legislative', 'definite']]",[0.878],[0.667],[0.714],0.667,0.714,unclear,,,,,
47,7.0,"['income', 'taxis', 'tax', 'revenue', 'expenditure', 'billion', 'dollar', 'raise', 'base', 'sum']",48,[0],"[['income', 'dollar', 'budget', 'taxis', 'billion', 'tax', 'expenditure', 'balance', 'capital', 'increase']]",[0.927],[1.0],[0.632],1.0,0.632,continued,,,,,
47,8.0,"['work', 'construction', 'expenditure', 'reduction', 'appropriation', 'project', 'budget', 'total', 'expansion', 'propose']",48,[],[],[],[],[],0.0,0.0,disappeared,,,,,
47,9.0,"['administrative', 'issue', 'agency', 'group', 'management', 'task', 'consolidate', 'overlap', 'need', 'order']",48,[5],"[['branch', 'task', 'administrative', 'appeal', 'need', 'light', 'tool', 'legislative', 'responsibility', 'issue']]",[0.834],[1.0],[0.375],1.0,0.375,disappeared,,,,,
48,0.0,"['income', 'dollar', 'budget', 'taxis', 'billion', 'tax', 'expenditure', 'balance', 'capital', 'increase']",49,[1],"[['income', 'tax', 'dollar', 'billion', 'budget', 'taxis', 'expenditure', 'balance', 'capital', 'reduce']]",[0.979],[0.895],[0.914],0.895,0.914,continued,,,,,
48,1.0,"['faith', 'religion', 'democracy', 'god', 'international', 'worship', 'teach', 'come', 'race', 'human']",49,[3],"[['faith', 'religion', 'god', 'democracy', 'international', 'race', 'speech', 'worship', 'objective', 'victory']]",[0.959],[0.7],[0.957],0.7,0.957,continued,,,,,
48,2.0,"['relief', 'local', 'unemployed', 'employment', 'unemployment', 'problem', 'agency', 'age', 'project', 'community']",49,[7],"[['employment', 'responsibility', 'assurance', 'employer', 'affair', 'want', 'dispute', 'member', 'employee', 'base']]",[0.731],[0.345],[0.375],0.345,0.375,disappeared,,,,,
48,3.0,"['agriculture', 'farm', 'farmer', 'crop', 'supply', 'price', 'product', 'production', 'adequate', 'surplus']",49,[0],"[['wage', 'farmer', 'food', 'farm', 'worker', 'group', 'industrial', 'adequate', 'raise', 'agriculture']]",[0.882],[0.778],[0.429],0.778,0.429,unclear,,,,,
48,4.0,"['fear', 'armament', 'weapon', 'seek', 'limit', 'threat', 'real', 'war', 'swift', 'belligerent']",49,[2],"[['danger', 'try', 'fear', 'threaten', 'seventy', 'face', 'propaganda', 'strive', 'conflict', 'glass']]",[0.823],[0.571],[0.542],0.571,0.542,unclear,,,,,
48,5.0,"['branch', 'task', 'administrative', 'appeal', 'need', 'light', 'tool', 'legislative', 'responsibility', 'issue']",49,[],[],[],[],[],0.0,0.0,disappeared,,,,,
48,6.0,"['economic', 'social', 'basic', 'field', 'healthy', 'domestic', 'sight', 'system', 'thing', 'simple']",49,[9],"[['economic', 'system', 'social', 'basic', 'dictatorship', 'domestic', 'healthy', 'welfare', 'sight', 'independence']]",[0.934],[0.923],[0.733],0.923,0.733,continued,,,,,
48,7.0,"['cost', 'dictatorship', 'democratic', 'democracy', 'prove', 'militarism', 'oligarchy', 'autocratic', 'wait', 'access']",49,[],[],[],[],[],0.0,0.0,disappeared,,,,,
48,8.0,"['wage', 'hour', 'employer', 'worker', 'term', 'starvation', 'jurisdiction', 'employee', 'raise', 'industrial']",49,[],[],[],[],[],0.0,0.0,disappeared,,,,,
48,9.0,"['neighbor', 'hemisphere', 'republic', 'century', 'people', 'continent', 'follow', 'existence', 'western', 'ruler']",49,[],[],[],[],[],0.0,0.0,disappeared,,,,,
48,10.0,"['neighbor', 'respect', 'agreement', 'precept', 'endure', 'treaty', 'prepare', 'obligation', 'address', 'peaceful']",49,[19],"[['discussion', 'meeting', 'prepare', 'agreement', 'begin', 'man', 'impact', 'delegate', 'reassemble', 'conciliation']]",[0.749],[0.6],[0.6],0.6,0.6,unclear,,,,,
48,11.0,"['attack', 'deception', 'deceive', 'case', 'capital', 'wilful', 'innate', 'prejudice', 'unprepared', 'mankind']",49,[16],"[['attack', 'deceive', 'deception', 'criticism', 'innate', 'wilful', 'unprepared', 'capital', 'mankind', 'abuse']]",[0.947],[0.889],[1.0],0.889,1.0,continued,,,,,
48,12.0,"['democracy', 'form', 'forth', 'visit', 'surface', 'democratic', 'trend', 'representative', 'insist', 'real']",49,[14],"[['democracy', 'insist', 'liberty', 'mankind', 'victory', 'unity', 'fellow', 'weld', 'kindred', 'overwhelmingly']]",[0.901],[1.0],[0.625],1.0,0.625,continued,,,,,
48,13.0,"['convention', 'liberal', 'read', 'constitutional', 'constitution', 'problem', 'interpretation', 'worth', 'legislative', 'definite']",49,[],[],[],[],[],0.0,0.0,disappeared,,,,,
48,14.0,"['sea', 'british', 'navy', 'abroad', 'send', 'danger', 'stupid', 'signal', 'tinkle', 'reporting']",49,[4],"[['ship', 'sea', 'battle', 'axis', 'air', 'soldier', 'strike', 'loss', 'british', 'pacific']]",[0.717],[0.6],[0.364],0.6,0.364,disappeared,,,,,
48,15.0,"['partisanship', 'impressive', 'commit', 'expression', 'regard', 'label', 'party', 'think', 'swiftly', 'sponsor']",49,[13],"[['partisanship', 'usual', 'impressive', 'expression', 'commit', 'regard', 'label', 'politic', 'party', 'think']]",[0.89],[0.8],[0.667],0.8,0.667,unclear,,,,,
49,0.0,"['wage', 'farmer', 'food', 'farm', 'worker', 'group', 'industrial', 'adequate', 'raise', 'agriculture']",50,[0],"[['food', 'farmer', 'agriculture', 'farm', 'price', 'subsidy', 'cost', 'level', 'production', 'cent']]",[0.91],[0.429],[0.922],0.429,0.922,unclear,,,,,
49,1.0,"['income', 'tax', 'dollar', 'billion', 'budget', 'taxis', 'expenditure', 'balance', 'capital', 'reduce']",50,[20],"[['tax', 'reduction', 'light', 'taxis', 'taxation', 'job', 'requirement', 'encourage', 'retirement', 'condition']]",[0.837],[0.371],[1.0],0.371,1.0,disappeared,,,,,
49,2.0,"['danger', 'try', 'fear', 'threaten', 'seventy', 'face', 'propaganda', 'strive', 'conflict', 'glass']",50,[14],"[['seventy', 'generation', 'mr', 'seventh', 'unprecedented', 'eighth', 'today', 'animal', 'speaker', 'grow']]",[0.867],[0.583],[0.474],0.583,0.474,unclear,,,,,
49,3.0,"['faith', 'religion', 'god', 'democracy', 'international', 'race', 'speech', 'worship', 'objective', 'victory']",50,[8],"[['faith', 'god', 'religion', 'ideal', 'satisfaction', 'man', 'victory', 'strive', 'woman', 'image']]",[0.881],[0.913],[0.6],0.913,0.6,unclear,,,,,
49,4.0,"['ship', 'sea', 'battle', 'axis', 'air', 'soldier', 'strike', 'loss', 'british', 'pacific']",50,[11],"[['soldier', 'force', 'sailor', 'armed', 'navy', 'army', 'fight', 'sea', 'overwhelming', 'tribute']]",[0.888],[0.545],[0.826],0.545,0.826,unclear,,,,,
49,5.0,"['freedom', 'courage', 'task', 'need', 'human', 'face', 'choice', 'essential', 'pride', 'eternally']",50,[8],"[['faith', 'god', 'religion', 'ideal', 'satisfaction', 'man', 'victory', 'strive', 'woman', 'image']]",[0.798],[0.444],[0.32],0.444,0.32,disappeared,,,,,
49,6.0,"['hitler', 'conquest', 'nazi', 'fascist', 'combine', 'japan', 'japanese', 'figure', 'weapon', 'force']",50,[4],"[['nazi', 'hitler', 'conquest', 'fascist', 'japanese', 'russia', 'japan', 'fight', 'berlin', 'britain']]",[0.967],[1.0],[0.903],1.0,0.903,continued,,,,,
49,7.0,"['employment', 'responsibility', 'assurance', 'employer', 'affair', 'want', 'dispute', 'member', 'employee', 'base']",50,[29],"[['job', 'employment', 'woman', 'civilian', 'essential', 'workweek', 'unemployment', 'release', 'reconversion', 'immediately']]",[0.75],[0.312],[0.8],0.312,0.8,disappeared,,,,,
49,8.0,"['enemy', 'attack', 'key', 'challenge', 'learn', 'offensive', 'fight', 'armed', 'arming', 'animal']",50,[7],"[['enemy', 'fight', 'win', 'weapon', 'victory', 'surrender', 'attack', 'challenge', 'warfare', 'defeat']]",[0.918],[0.688],[0.889],0.688,0.889,continued,,,,,
49,9.0,"['economic', 'system', 'social', 'basic', 'dictatorship', 'domestic', 'healthy', 'welfare', 'sight', 'independence']",50,[],[],[],[],[],0.0,0.0,disappeared,,,,,
49,10.0,"['produce', 'production', 'tank', 'rate', 'rapidly', 'schedule', 'plane', 'airplane', 'gun', 'artillery']",50,[25],"[['produce', 'production', 'tank', 'plane', 'airplane', 'gun', 'artillery', 'ammunition', 'aircraft', 'anti']]",[0.971],[0.714],[1.0],0.714,1.0,continued,,,,,
49,11.0,"['americans', 'sacrifice', 'hole', 'survival', 'patriotism', 'thinking', 'mere', 'yes', 'intend', 'know']",50,[24],"[['americans', 'sacrifice', 'put', 'patriotism', 'hole', 'mere', 'die', 'survival', 'brave', 'send']]",[0.953],[1.0],[0.846],1.0,0.846,continued,,,,,
49,12.0,"['mr', 'churchill', 'speaker', 'generalissimo', 'vice', 'stalin', 'ally', 'minister', 'visit', 'chiang']",50,[],[],[],[],[],0.0,0.0,disappeared,,,,,
49,13.0,"['partisanship', 'usual', 'impressive', 'expression', 'commit', 'regard', 'label', 'politic', 'party', 'think']",50,[10],"[['partisanship', 'politic', 'disagreement', 'partisan', 'expression', 'democratic', 'usual', 'impressive', 'democracy', 'regard']]",[0.903],[1.0],[0.565],1.0,0.565,continued,,,,,
49,14.0,"['democracy', 'insist', 'liberty', 'mankind', 'victory', 'unity', 'fellow', 'weld', 'kindred', 'overwhelmingly']",50,[],[],[],[],[],0.0,0.0,disappeared,,,,,
49,15.0,"['speed', 'tool', 'production', 'save', 'materiel', 'machinery', 'implement', 'lose', 'turn', 'material']",50,[26],"[['plant', 'production', 'schedule', 'steel', 'materiel', 'tool', 'throw', 'equipment', 'come', 'ton']]",[0.831],[0.714],[0.583],0.714,0.583,unclear,,,,,
49,16.0,"['attack', 'deceive', 'deception', 'criticism', 'innate', 'wilful', 'unprepared', 'capital', 'mankind', 'abuse']",50,[],[],[],[],[],0.0,0.0,disappeared,,,,,
49,17.0,"['danger', 'tie', 'depend', 'emergency', 'idle', 'carry', 'fear', 'hand', 'rightful', 'immature']",50,[],[],[],[],[],0.0,0.0,disappeared,,,,,
49,18.0,"['china', 'fly', 'russia', 'japan', 'tribute', 'britain', 'seek', 'conquest', 'pacific', 'japanese']",50,[3],"[['philippine', 'japanese', 'pacific', 'island', 'sea', 'japan', 'china', 'battle', 'air', 'east']]",[0.766],[0.667],[0.333],0.667,0.333,disappeared,,,,,
49,19.0,"['discussion', 'meeting', 'prepare', 'agreement', 'begin', 'man', 'impact', 'delegate', 'reassemble', 'conciliation']",50,[],[],[],[],[],0.0,0.0,disappeared,,,,,
50,0.0,"['food', 'farmer', 'agriculture', 'farm', 'price', 'subsidy', 'cost', 'level', 'production', 'cent']",51,[0],"[['farm', 'farmer', 'agriculture', 'food', 'price', 'agricultural', 'crop', 'level', 'production', 'fair']]",[0.967],[0.725],[0.875],0.725,0.875,continued,,,,,
50,1.0,"['dollar', 'fiscal', 'expenditure', 'estimate', 'million', 'billion', 'budget', 'outlay', 'current', 'include']",51,[1],"[['dollar', 'fiscal', 'expenditure', 'estimate', 'million', 'billion', 'bank', 'budget', 'fund', 'total']]",[0.989],[0.868],[0.771],0.868,0.771,continued,,,,,
50,2.0,"['transportation', 'organization', 'responsibility', 'improve', 'economic', 'member', 'develop', 'relationship', 'enterprise', 'sound']",51,[19],"[['enterprise', 'region', 'expand', 'business', 'assistance', 'develop', 'particularly', 'productive', 'scientific', 'industrial']]",[0.867],[0.371],[0.706],0.371,0.706,disappeared,,,,,
50,3.0,"['philippine', 'japanese', 'pacific', 'island', 'sea', 'japan', 'china', 'battle', 'air', 'east']",51,[14],"[['philippine', 'japanese', 'sea', 'island', 'japan', 'pacific', 'force', 'fleet', 'leyte', 'halsey']]",[0.986],[0.97],[1.0],0.97,1.0,continued,,,,,
50,4.0,"['nazi', 'hitler', 'conquest', 'fascist', 'japanese', 'russia', 'japan', 'fight', 'berlin', 'britain']",51,[],[],[],[],[],0.0,0.0,disappeared,,,,,
50,5.0,"['wage', 'minimum', 'worker', 'cent', 'increase', 'income', 'hour', 'standard', 'percent', 'mean']",51,[5],"[['wage', 'cent', 'minimum', 'worker', 'hour', 'percent', 'increase', 'standard', 'income', 'production']]",[0.967],[0.893],[0.824],0.893,0.824,continued,,,,,
50,6.0,"['dispute', 'strike', 'bargaining', 'collective', 'management', 'jurisdictional', 'employer', 'union', 'settle', 'boycotts']",51,[8],"[['strike', 'dispute', 'bargaining', 'collective', 'management', 'jurisdictional', 'employer', 'settle', 'union', 'machinery']]",[0.958],[0.75],[0.963],0.75,0.963,continued,,,,,
50,7.0,"['enemy', 'fight', 'win', 'weapon', 'victory', 'surrender', 'attack', 'challenge', 'warfare', 'defeat']",51,[10],"[['enemy', 'fight', 'weapon', 'victory', 'attack', 'surrender', 'learn', 'ally', 'loss', 'war']]",[0.956],[0.889],[0.792],0.889,0.792,continued,,,,,
50,8.0,"['faith', 'god', 'religion', 'ideal', 'satisfaction', 'man', 'victory', 'strive', 'woman', 'image']",51,[2],"[['faith', 'god', 'ideal', 'strength', 'dignity', 'love', 'serve', 'democratic', 'moral', 'wisdom']]",[0.932],[0.76],[0.789],0.76,0.789,continued,,,,,
50,9.0,"['price', 'inflation', 'demand', 'hold', 'pressure', 'good', 'inflationary', 'rent', 'face', 'expire']",51,[16],"[['inflation', 'price', 'inflationary', 'hold', 'percent', 'clear', 'pressure', 'follow', 'demand', 'retail']]",[0.92],[0.5],[1.0],0.5,1.0,unclear,,,,,
50,10.0,"['partisanship', 'politic', 'disagreement', 'partisan', 'expression', 'democratic', 'usual', 'impressive', 'democracy', 'regard']",51,[24],"[['politic', 'partisan', 'usual', 'disagreement', 'party', 'factor', 'difference', 'disagree', 'partisanship', 'realize']]",[0.937],[0.783],[1.0],0.783,1.0,continued,,,,,
50,11.0,"['soldier', 'force', 'sailor', 'armed', 'navy', 'army', 'fight', 'sea', 'overwhelming', 'tribute']",51,[11],"[['force', 'armed', 'navy', 'army', 'woman', 'soldier', 'vote', 'fight', 'sufficient', 'volunteer']]",[0.942],[0.913],[0.833],0.913,0.833,continued,,,,,
50,12.0,"['treaty', 'churchill', 'moscow', 'minister', 'mr', 'agreement', 'stalin', 'conference', 'prime', 'understand']",51,[18],"[['treaty', 'minister', 'churchill', 'agreement', 'moscow', 'potsdam', 'marshal', 'stalin', 'korea', 'hungary']]",[0.923],[0.714],[0.765],0.714,0.765,continued,,,,,
50,13.0,"['bank', 'lend', 'lease', 'kingdom', 'credit', 'fund', 'export', 'million', 'import', 'loan']",51,[34],"[['lease', 'lend', 'kingdom', 'credit', 'pipe', 'good', 'settlement', 'line', 'finance', 'vj']]",[0.859],[0.474],[0.857],0.474,0.857,unclear,,,,,
50,14.0,"['seventy', 'generation', 'mr', 'seventh', 'unprecedented', 'eighth', 'today', 'animal', 'speaker', 'grow']",51,[],[],[],[],[],0.0,0.0,disappeared,,,,,
50,15.0,"['german', 'ally', 'italy', 'army', 'french', 'force', 'north', 'africa', 'troop', 'france']",51,[4],"[['german', 'germany', 'italy', 'offensive', 'ally', 'france', 'army', 'occupy', 'french', 'force']]",[0.914],[1.0],[0.486],1.0,0.486,unclear,,,,,
50,16.0,"['veteran', 'million', 'dollar', 'appropriation', 'readjustment', 'medical', 'hospital', 'fiscal', 'estimate', 'pension']",51,[15],"[['veteran', 'million', 'dollar', 'appropriation', 'estimate', 'expenditure', 'fiscal', 'education', 'medical', 'readjustment']]",[0.997],[1.0],[1.0],1.0,1.0,continued,,,,,
50,17.0,"['commission', 'recommendation', 'study', 'universal', 'training', 'policy', 'message', 'problem', 'economic', 'appointment']",51,[26],"[['commission', 'recommendation', 'study', 'appointment', 'train', 'subject', 'assembly', 'training', 'universal', 'joint']]",[0.953],[0.688],[1.0],0.688,1.0,continued,,,,,
50,18.0,"['housing', 'construction', 'rental', 'unit', 'durable', 'emergency', 'build', 'low', 'family', 'privately']",51,[9],"[['housing', 'rent', 'construction', 'unit', 'family', 'shortage', 'low', 'rental', 'build', 'price']]",[0.952],[0.812],[0.846],0.812,0.846,continued,,,,,
50,19.0,"['competition', 'monopoly', 'enterprise', 'competitive', 'enforcement', 'monopolistic', 'practice', 'unfair', 'concentration', 'encourage']",51,[13],"[['competition', 'monopoly', 'enterprise', 'monopolistic', 'enforcement', 'competitive', 'concentration', 'encourage', 'practice', 'grow']]",[0.982],[0.938],[0.909],0.938,0.909,continued,,,,,
50,20.0,"['tax', 'reduction', 'light', 'taxis', 'taxation', 'job', 'requirement', 'encourage', 'retirement', 'condition']",51,[6],"[['tax', 'reduction', 'taxis', 'profit', 'revenue', 'reduce', 'corporate', 'burden', 'credit', 'billion']]",[0.945],[1.0],[0.793],1.0,0.793,continued,,,,,
50,21.0,"['september', 'recommend', 'enactment', 'provide', 'veteran', 'bill', 'employment', 'deficient', 'disruption', 'pile']",51,[20],"[['september', 'recommend', 'salary', 'enactment', 'scale', 'branch', 'employee', 'bill', 'veteran', 'employment']]",[0.99],[1.0],[0.933],1.0,0.933,continued,,,,,
50,22.0,"['river', 'valley', 'forest', 'development', 'mineral', 'natural', 'conservation', 'land', 'wealth', 'basin']",51,[7],"[['river', 'valley', 'forest', 'conservation', 'development', 'mineral', 'water', 'basin', 'tennessee', 'natural']]",[0.968],[0.846],[0.931],0.846,0.931,continued,,,,,
50,23.0,"['nurse', 'army', 'volunteer', 'armed', 'selective', 'navy', 'strength', 'force', 'obtain', 'nursing']",51,[29],"[['nurse', 'army', 'volunteer', 'nursing', 'overwork', 'obtain', 'armed', 'wound', 'bed', 'selective']]",[0.96],[0.769],[0.9],0.769,0.9,continued,,,,,
50,24.0,"['americans', 'sacrifice', 'put', 'patriotism', 'hole', 'mere', 'die', 'survival', 'brave', 'send']",51,[],[],[],[],[],0.0,0.0,disappeared,,,,,
50,25.0,"['produce', 'production', 'tank', 'plane', 'airplane', 'gun', 'artillery', 'ammunition', 'aircraft', 'anti']",51,[],[],[],[],[],0.0,0.0,disappeared,,,,,
50,26.0,"['plant', 'production', 'schedule', 'steel', 'materiel', 'tool', 'throw', 'equipment', 'come', 'ton']",51,[],[],[],[],[],0.0,0.0,disappeared,,,,,
50,27.0,"['activity', 'surplus', 'liquidation', 'equipment', 'expenditure', 'wartime', 'disposal', 'program', 'reserve', 'prewar']",51,[30],"[['liquidation', 'activity', 'surplus', 'disposal', 'expenditure', 'reserve', 'prewar', 'wartime', 'program', 'equipment']]",[0.987],[0.917],[1.0],0.917,1.0,continued,,,,,
50,28.0,"['authorization', 'appropriation', 'obligation', 'dollar', 'billion', 'repeal', 'unliquidated', 'contract', 'rescission', 'balance']",51,[23],"[['authorization', 'appropriation', 'dollar', 'obligation', 'billion', 'repeal', 'unliquidated', 'contract', 'maritime', 'rescission']]",[0.992],[1.0],[0.923],1.0,0.923,continued,,,,,
50,29.0,"['job', 'employment', 'woman', 'civilian', 'essential', 'workweek', 'unemployment', 'release', 'reconversion', 'immediately']",51,[],[],[],[],[],0.0,0.0,disappeared,,,,,
50,30.0,"['health', 'social', 'program', 'medical', 'earning', 'design', 'coverage', 'welfare', 'provision', 'unemployed']",51,[3],"[['health', 'medical', 'social', 'insurance', 'age', 'old', 'coverage', 'benefit', 'unemployment', 'adequate']]",[0.93],[0.9],[0.757],0.9,0.757,continued,,,,,
50,31.0,"['international', 'cooperation', 'status', 'isolationism', 'dependent', 'territory', 'imperfect', 'mutuality', 'observance', 'hawaii']",51,[32],"[['international', 'cooperation', 'isolationism', 'hemisphere', 'western', 'challenge', 'obstruct', 'perfectionism', 'imperfect', 'admittedly']]",[0.92],[0.875],[0.778],0.875,0.778,continued,,,,,
50,32.0,"['district', 'compulsory', 'columbia', 'recognize', 'experience', 'britain', 'prevent', 'provisional', 'rare', 'believe']",51,[27],"[['difficulty', 'faulty', 'perspective', 'supreme', 'adjustment', 'problem', 'word', 'liberation', 'last', 'independence']]",[0.778],[0.75],[0.4],0.75,0.4,unclear,,,,,
50,33.0,"['cooperation', 'cooperative', 'satisfied', 'guarantee', 'adopt', 'infuse', 'resolutely', 'effecting', 'satisfy', 'fabric']",51,[31],"[['cooperation', 'cooperative', 'guarantee', 'adopt', 'effecting', 'fabric', 'infuse', 'disrupt', 'flexible', 'assertion']]",[0.978],[0.875],[1.0],0.875,1.0,continued,,,,,
50,34.0,"['accept', 'courage', 'desire', 'responsibility', 'modify', 'punish', 'file', 'attitude', 'lengthen', 'vindictive']",51,[],[],[],[],[],0.0,0.0,disappeared,,,,,
50,35.0,"['goal', 'item', 'figure', 'set', 'altogether', 'illustration', 'downward', 'frighten', 'expert', 'pull']",51,[],[],[],[],[],0.0,0.0,disappeared,,,,,
50,36.0,"['french', 'france', 'domination', 'liberation', 'determination', 'contribution', 'traditionally', 'uncease', 'seat', 'soundness']",51,[],[],[],[],[],0.0,0.0,disappeared,,,,,
50,37.0,"['emergency', 'formulate', 'control', 'announcement', 'peaceably', 'exclusively', 'devote', 'preparation', 'major', 'demand']",51,[],[],[],[],[],0.0,0.0,disappeared,,,,,
50,38.0,"['educational', 'grant', 'facility', 'school', 'education', 'hospital', 'pollution', 'authorize', 'desirable', 'secondary']",51,"[33, 38]","[['education', 'educational', 'school', 'teacher', 'financial', 'elementary', 'adequate', 'secondary', 'child', 'assistance'], ['facility', 'educational', 'authorize', 'highway', 'airport', 'construction', 'grant', 'building', 'consideration', 'aviation']]","[0.765, 0.836]","[0.333, 0.667]","[0.875, 0.5]",1.0,1.375,unclear,,,,,
50,39.0,"['energy', 'atomic', 'effective', 'commission', 'minister', 'prime', 'peaceful', 'purpose', 'domestic', 'international']",51,[],[],[],[],[],0.0,0.0,disappeared,,,,,
50,40.0,"['occupation', 'zone', 'germany', 'occupy', 'austria', 'formula', 'displace', 'internal', 'territory', 'council']",51,[],[],[],[],[],0.0,0.0,disappeared,,,,,
50,41.0,"['hemisphere', 'outside', 'friendly', 'western', 'strength', 'maximilian', 'interlude', 'dupe', 'latin', 'help']",51,[],[],[],[],[],0.0,0.0,disappeared,,,,,
51,0.0,"['farm', 'farmer', 'agriculture', 'food', 'price', 'agricultural', 'crop', 'level', 'production', 'fair']",52,[0],"[['price', 'farm', 'farmer', 'wage', 'income', 'agriculture', 'increase', 'production', 'commodity', 'support']]",[0.966],[0.946],[0.725],0.946,0.725,continued,,,,,
51,1.0,"['dollar', 'fiscal', 'expenditure', 'estimate', 'million', 'billion', 'bank', 'budget', 'fund', 'total']",52,[],[],[],[],[],0.0,0.0,disappeared,,,,,
51,2.0,"['faith', 'god', 'ideal', 'strength', 'dignity', 'love', 'serve', 'democratic', 'moral', 'wisdom']",52,[1],"[['faith', 'challenge', 'pride', 'god', 'moral', 'fight', 'let', 'americans', 'dignity', 'spiritual']]",[0.949],[0.789],[0.783],0.789,0.783,continued,,,,,
51,3.0,"['health', 'medical', 'social', 'insurance', 'age', 'old', 'coverage', 'benefit', 'unemployment', 'adequate']",52,[5],"[['health', 'medical', 'insurance', 'social', 'education', 'unemployment', 'age', 'old', 'benefit', 'payment']]",[0.977],[0.946],[0.964],0.946,0.964,continued,,,,,
51,4.0,"['german', 'germany', 'italy', 'offensive', 'ally', 'france', 'army', 'occupy', 'french', 'force']",52,[],[],[],[],[],0.0,0.0,disappeared,,,,,
51,5.0,"['wage', 'cent', 'minimum', 'worker', 'hour', 'percent', 'increase', 'standard', 'income', 'production']",52,[],[],[],[],[],0.0,0.0,disappeared,,,,,
51,6.0,"['tax', 'reduction', 'taxis', 'profit', 'revenue', 'reduce', 'corporate', 'burden', 'credit', 'billion']",52,[2],"[['tax', 'budget', 'expenditure', 'fiscal', 'billion', 'taxis', 'revenue', 'credit', 'reduce', 'surplus']]",[0.912],[1.0],[0.486],1.0,0.486,unclear,,,,,
51,7.0,"['river', 'valley', 'forest', 'conservation', 'development', 'mineral', 'water', 'basin', 'tennessee', 'natural']",52,[9],"[['conservation', 'forest', 'river', 'soil', 'development', 'water', 'basin', 'flood', 'natural', 'mineral']]",[0.968],[0.897],[1.0],0.897,1.0,continued,,,,,
51,8.0,"['strike', 'dispute', 'bargaining', 'collective', 'management', 'jurisdictional', 'employer', 'settle', 'union', 'machinery']",52,[6],"[['bargaining', 'dispute', 'strike', 'management', 'jurisdictional', 'collective', 'statute', 'employer', 'contract', 'union']]",[0.984],[1.0],[0.808],1.0,0.808,continued,,,,,
51,9.0,"['housing', 'rent', 'construction', 'unit', 'family', 'shortage', 'low', 'rental', 'build', 'price']",52,[11],"[['housing', 'unit', 'rent', 'construction', 'rental', 'shortage', 'low', 'family', 'million', 'single']]",[0.961],[0.962],[0.933],0.962,0.933,continued,,,,,
51,10.0,"['enemy', 'fight', 'weapon', 'victory', 'attack', 'surrender', 'learn', 'ally', 'loss', 'war']",52,[13],"[['strength', 'defense', 'aggression', 'active', 'gun', 'combined', 'stick', 'build', 'danger', 'concert']]",[0.715],[0.375],[0.5],0.375,0.5,disappeared,,,,,
51,11.0,"['force', 'armed', 'navy', 'army', 'woman', 'soldier', 'vote', 'fight', 'sufficient', 'volunteer']",52,[17],"[['force', 'equipment', 'weapon', 'training', 'arm', 'supply', 'partner', 'notice', 'army', 'armed']]",[0.824],[0.667],[0.833],0.667,0.833,unclear,,,,,
51,12.0,"['reconversion', 'demobilization', 'month', 'production', 'armed', 'civilian', 'ammunition', 'heavy', 'termination', 'force']",52,[],[],[],[],[],0.0,0.0,disappeared,,,,,
51,13.0,"['competition', 'monopoly', 'enterprise', 'monopolistic', 'enforcement', 'competitive', 'concentration', 'encourage', 'practice', 'grow']",52,[19],"[['enterprise', 'monopoly', 'concentration', 'competition', 'restriction', 'independent', 'grow', 'permit', 'compete', 'antitrust']]",[0.942],[0.864],[0.833],0.864,0.833,continued,,,,,
51,14.0,"['philippine', 'japanese', 'sea', 'island', 'japan', 'pacific', 'force', 'fleet', 'leyte', 'halsey']",52,[],[],[],[],[],0.0,0.0,disappeared,,,,,
51,15.0,"['veteran', 'million', 'dollar', 'appropriation', 'estimate', 'expenditure', 'fiscal', 'education', 'medical', 'readjustment']",52,[25],"[['veteran', 'million', 'self', 'thousand', 'spend', 'obtain', 'program', 'receive', 'disability', 'compensation']]",[0.879],[0.842],[1.0],0.842,1.0,unclear,,,,,
51,16.0,"['inflation', 'price', 'inflationary', 'hold', 'percent', 'clear', 'pressure', 'follow', 'demand', 'retail']",52,[27],"[['inflation', 'anti', 'depression', 'point', 'problem', 'enact', 'position', 'follow', 'severe', 'buildup']]",[0.846],[0.833],[1.0],0.833,1.0,unclear,,,,,
51,17.0,"['economic', 'advancement', 'people', 'social', 'sense', 'want', 'forward', 'wealth', 'benefit', 'society']",52,"[10, 14]","[['welfare', 'deal', 'moral', 'society', 'goal', 'want', 'kind', 'exist', 'attainment', 'halt'], ['accomplishment', 'selfish', 'wealth', 'look', 'abroad', 'privileged', 'beginning', 'benefit', 'society', 'ideal']]","[0.904, 0.86]","[0.5, 0.444]","[0.867, 0.538]",0.944,1.405,split,,,,,
51,18.0,"['treaty', 'minister', 'churchill', 'agreement', 'moscow', 'potsdam', 'marshal', 'stalin', 'korea', 'hungary']",52,[],[],[],[],[],0.0,0.0,disappeared,,,,,
51,19.0,"['enterprise', 'region', 'expand', 'business', 'assistance', 'develop', 'particularly', 'productive', 'scientific', 'industrial']",52,[21],"[['help', 'capital', 'region', 'benefit', 'expand', 'undue', 'underdeveloped', 'development', 'quick', 'misery']]",[0.899],[0.824],[0.917],0.824,0.917,unclear,,,,,
51,20.0,"['september', 'recommend', 'salary', 'enactment', 'scale', 'branch', 'employee', 'bill', 'veteran', 'employment']",52,[],[],[],[],[],0.0,0.0,disappeared,,,,,
51,21.0,"['want', 'happy', 'happiness', 'mark', 'accept', 'offer', 'love', 'adventure', 'satisfaction', 'enjoyment']",52,[15],"[['happiness', 'happy', 'mark', 'almighty', 'pursuit', 'love', 'search', 'bear', 'enjoyment', 'th']]",[0.905],[0.533],[0.769],0.533,0.769,continued,,,,,
51,22.0,"['reconstruction', 'recovery', 'international', 'economic', 'bank', 'monetary', 'agreement', 'cooperation', 'paralysis', 'reciprocal']",52,[20],"[['recovery', 'economic', 'reconstruction', 'cooperation', 'international', 'paralysis', 'program', 'bank', 'wrong', 'reason']]",[0.968],[0.929],[0.917],0.929,0.917,continued,,,,,
51,23.0,"['authorization', 'appropriation', 'dollar', 'obligation', 'billion', 'repeal', 'unliquidated', 'contract', 'maritime', 'rescission']",52,[],[],[],[],[],0.0,0.0,disappeared,,,,,
51,24.0,"['politic', 'partisan', 'usual', 'disagreement', 'party', 'factor', 'difference', 'disagree', 'partisanship', 'realize']",52,[4],"[['debate', 'office', 'grateful', 'partisan', 'conduct', 'civil', 'responsibility', 'chief', 'branch', 'successor']]",[0.778],[0.769],[0.367],0.769,0.367,disappeared,,,,,
51,25.0,"['economic', 'policy', 'message', 'essential', 'budget', 'recommendation', 'need', 'constitute', 'domestic', 'requirement']",52,[],[],[],[],[],0.0,0.0,disappeared,,,,,
51,26.0,"['commission', 'recommendation', 'study', 'appointment', 'train', 'subject', 'assembly', 'training', 'universal', 'joint']",52,[18],"[['commission', 'recommendation', 'study', 'recommend', 'appointment', 'subject', 'joint', 'temporary', 'universal', 'train']]",[0.954],[1.0],[0.833],1.0,0.833,continued,,,,,
51,27.0,"['difficulty', 'faulty', 'perspective', 'supreme', 'adjustment', 'problem', 'word', 'liberation', 'last', 'independence']",52,[],[],[],[],[],0.0,0.0,disappeared,,,,,
51,28.0,"['relationship', 'era', 'mankind', 'affair', 'peaceful', 'concept', 'intricate', 'international', 'scientific', 'way']",52,[31],"[['achievement', 'civilization', 'life', 'century', 'scientific', 'mankind', 'opening', 'blow', 'painfully', 'planet']]",[0.722],[0.3],[0.8],0.3,0.8,disappeared,,,,,
51,29.0,"['nurse', 'army', 'volunteer', 'nursing', 'overwork', 'obtain', 'armed', 'wound', 'bed', 'selective']",52,[],[],[],[],[],0.0,0.0,disappeared,,,,,
51,30.0,"['liquidation', 'activity', 'surplus', 'disposal', 'expenditure', 'reserve', 'prewar', 'wartime', 'program', 'equipment']",52,[],[],[],[],[],0.0,0.0,disappeared,,,,,
51,31.0,"['cooperation', 'cooperative', 'guarantee', 'adopt', 'effecting', 'fabric', 'infuse', 'disrupt', 'flexible', 'assertion']",52,[24],"[['program', 'meeting', 'cooperative', 'east', 'prime', 'churchill', 'teamwork', 'thoroughly', 'continuation', 'minister']]",[0.829],[0.889],[0.714],0.889,0.714,unclear,,,,,
51,32.0,"['international', 'cooperation', 'isolationism', 'hemisphere', 'western', 'challenge', 'obstruct', 'perfectionism', 'imperfect', 'admittedly']",52,[7],"[['treaty', 'north', 'atlantic', 'agreement', 'greece', 'turkey', 'settlement', 'international', 'pacific', 'japanese']]",[0.797],[0.667],[0.545],0.667,0.545,unclear,,,,,
51,33.0,"['education', 'educational', 'school', 'teacher', 'financial', 'elementary', 'adequate', 'secondary', 'child', 'assistance']",52,[28],"[['school', 'teacher', 'child', 'elementary', 'educational', 'crisis', 'education', 'financial', 'defer', 'critical']]",[0.895],[0.875],[0.833],0.875,0.833,unclear,,,,,
51,34.0,"['lease', 'lend', 'kingdom', 'credit', 'pipe', 'good', 'settlement', 'line', 'finance', 'vj']",52,[],[],[],[],[],0.0,0.0,disappeared,,,,,
51,35.0,"['price', 'estate', 'rent', 'shortage', 'real', 'peak', 'extraordinary', 'demand', 'pressure', 'control']",52,[],[],[],[],[],0.0,0.0,disappeared,,,,,
51,36.0,"['district', 'hawaii', 'territory', 'alaska', 'possession', 'proposal', 'status', 'columbia', 'measure', 'dependent']",52,[],[],[],[],[],0.0,0.0,disappeared,,,,,
51,37.0,"['tyranny', 'fair', 'deny', 'democracy', 'ideal', 'mean', 'base', 'oppression', 'tolerant', 'origin']",52,[23],"[['democratic', 'democracy', 'prejudice', 'race', 'deny', 'tyranny', 'ideal', 'equality', 'education', 'mean']]",[0.831],[0.5],[0.556],0.5,0.556,unclear,,,,,
51,38.0,"['facility', 'educational', 'authorize', 'highway', 'airport', 'construction', 'grant', 'building', 'consideration', 'aviation']",52,[],[],[],[],[],0.0,0.0,disappeared,,,,,
51,39.0,"['poverty', 'income', 'gain', 'foundation', 'build', 'stamp', 'surmount', 'buying', 'distribute', 'hunger']",52,[],[],[],[],[],0.0,0.0,disappeared,,,,,
52,0.0,"['price', 'farm', 'farmer', 'wage', 'income', 'agriculture', 'increase', 'production', 'commodity', 'support']",53,[2],"[['farm', 'farmer', 'surplus', 'market', 'price', 'agricultural', 'production', 'commodity', 'crop', 'agriculture']]",[0.931],[0.784],[0.935],0.784,0.935,continued,,,,,
52,1.0,"['faith', 'challenge', 'pride', 'god', 'moral', 'fight', 'let', 'americans', 'dignity', 'spiritual']",53,[1],"[['faith', 'fight', 'god', 'moral', 'struggle', 'let', 'dignity', 'true', 'determination', 'today']]",[0.953],[0.739],[0.762],0.739,0.762,continued,,,,,
52,2.0,"['tax', 'budget', 'expenditure', 'fiscal', 'billion', 'taxis', 'revenue', 'credit', 'reduce', 'surplus']",53,[0],"[['budget', 'tax', 'fiscal', 'expenditure', 'reduce', 'taxis', 'reduction', 'dollar', 'billion', 'spending']]",[0.948],[0.8],[0.816],0.8,0.816,continued,,,,,
52,3.0,"['soviet', 'charter', 'ruler', 'communist', 'satellite', 'principle', 'theirs', 'peaceful', 'method', 'collective']",53,[7],"[['soviet', 'communist', 'peaceful', 'ruler', 'moscow', 'accept', 'cold', 'party', 'settlement', 'satellite']]",[0.985],[0.969],[1.0],0.969,1.0,continued,,,,,
52,4.0,"['debate', 'office', 'grateful', 'partisan', 'conduct', 'civil', 'responsibility', 'chief', 'branch', 'successor']",53,[12],"[['responsibility', 'grateful', 'perform', 'chief', 'eisenhower', 'office', 'presidential', 'task', 'burden', 'interference']]",[0.873],[0.4],[0.688],0.4,0.688,unclear,,,,,
52,5.0,"['health', 'medical', 'insurance', 'social', 'education', 'unemployment', 'age', 'old', 'benefit', 'payment']",53,[3],"[['insurance', 'medical', 'health', 'old', 'age', 'survivor', 'benefit', 'coverage', 'personnel', 'service']]",[0.91],[0.786],[0.833],0.786,0.833,continued,,,,,
52,6.0,"['bargaining', 'dispute', 'strike', 'management', 'jurisdictional', 'collective', 'statute', 'employer', 'contract', 'union']",53,[],[],[],[],[],0.0,0.0,disappeared,,,,,
52,7.0,"['treaty', 'north', 'atlantic', 'agreement', 'greece', 'turkey', 'settlement', 'international', 'pacific', 'japanese']",53,[6],"[['european', 'treaty', 'north', 'atlantic', 'turkey', 'western', 'greece', 'agreement', 'germany', 'east']]",[0.926],[0.773],[0.68],0.773,0.68,continued,,,,,
52,8.0,"['communist', 'ruler', 'win', 'imperialism', 'dictator', 'implacable', 'tear', 'human', 'deliberately', 'extreme']",53,[16],"[['communist', 'ruler', 'conspiracy', 'implacable', 'tear', 'character', 'fear', 'way', 'divide', 'outside']]",[0.956],[0.944],[0.929],0.944,0.929,continued,,,,,
52,9.0,"['conservation', 'forest', 'river', 'soil', 'development', 'water', 'basin', 'flood', 'natural', 'mineral']",53,[10],"[['project', 'conservation', 'water', 'development', 'forest', 'river', 'partnership', 'local', 'land', 'mineral']]",[0.926],[1.0],[1.0],1.0,1.0,continued,,,,,
52,10.0,"['welfare', 'deal', 'moral', 'society', 'goal', 'want', 'kind', 'exist', 'attainment', 'halt']",53,[],[],[],[],[],0.0,0.0,disappeared,,,,,
52,11.0,"['housing', 'unit', 'rent', 'construction', 'rental', 'shortage', 'low', 'family', 'million', 'single']",53,[15],"[['housing', 'family', 'mortgage', 'low', 'income', 'program', 'decent', 'rent', 'authorize', 'college']]",[0.878],[0.867],[0.8],0.867,0.8,unclear,,,,,
52,12.0,"['atomic', 'energy', 'explosion', 'scientific', 'agree', 'proposal', 'development', 'effective', 'soviet', 'seven']",53,[8],"[['atomic', 'energy', 'explosion', 'weapon', 'proposal', 'soviet', 'atom', 'peaceful', 'terrible', 'nuclear']]",[0.97],[1.0],[0.87],1.0,0.87,continued,,,,,
52,13.0,"['strength', 'defense', 'aggression', 'active', 'gun', 'combined', 'stick', 'build', 'danger', 'concert']",53,[9],"[['aggression', 'ally', 'strength', 'defense', 'build', 'force', 'strike', 'threat', 'combined', 'gun']]",[0.958],[1.0],[0.727],1.0,0.727,continued,,,,,
52,14.0,"['accomplishment', 'selfish', 'wealth', 'look', 'abroad', 'privileged', 'beginning', 'benefit', 'society', 'ideal']",53,[27],"[['abroad', 'advancement', 'art', 'continue', 'civilization', 'aspiration', 'try', 'encouragement', 'appreciation', 'nobler']]",[0.745],[0.308],[0.333],0.308,0.333,disappeared,,,,,
52,15.0,"['happiness', 'happy', 'mark', 'almighty', 'pursuit', 'love', 'search', 'bear', 'enjoyment', 'th']",53,[],[],[],[],[],0.0,0.0,disappeared,,,,,
52,18.0,"['commission', 'recommendation', 'study', 'recommend', 'appointment', 'subject', 'joint', 'temporary', 'universal', 'train']",53,[],[],[],[],[],0.0,0.0,disappeared,,,,,
52,19.0,"['enterprise', 'monopoly', 'concentration', 'competition', 'restriction', 'independent', 'grow', 'permit', 'compete', 'antitrust']",53,[24],"[['enterprise', 'quality', 'businessman', 'economic', 'investment', 'achieve', 'compete', 'ambition', 'procurement', 'prosper']]",[0.777],[0.833],[0.5],0.833,0.5,unclear,,,,,
52,20.0,"['recovery', 'economic', 'reconstruction', 'cooperation', 'international', 'paralysis', 'program', 'bank', 'wrong', 'reason']",53,[26],"[['economic', 'assistance', 'inflation', 'recovery', 'anti', 'shot', 'repair', 'surpass', 'hunger', 'hole']]",[0.795],[0.75],[0.333],0.75,0.333,disappeared,,,,,
52,21.0,"['help', 'capital', 'region', 'benefit', 'expand', 'undue', 'underdeveloped', 'development', 'quick', 'misery']",53,[20],"[['capital', 'help', 'living', 'production', 'rise', 'standard', 'improvement', 'steady', 'underdeveloped', 'grow']]",[0.893],[0.5],[0.818],0.5,0.818,unclear,,,,,
52,22.0,"['production', 'aluminum', 'copper', 'civilian', 'steel', 'output', 'good', 'capacity', 'electric', 'material']",53,[22],"[['production', 'aluminum', 'copper', 'output', 'steel', 'good', 'metal', 'civilian', 'capacity', 'percent']]",[0.947],[0.8],[1.0],0.8,1.0,continued,,,,,
52,23.0,"['democratic', 'democracy', 'prejudice', 'race', 'deny', 'tyranny', 'ideal', 'equality', 'education', 'mean']",53,[18],"[['injustice', 'wrong', 'democratic', 'people', 'mean', 'tyranny', 'truth', 'forget', 'democracy', 'mind']]",[0.879],[0.889],[0.667],0.889,0.667,unclear,,,,,
52,24.0,"['program', 'meeting', 'cooperative', 'east', 'prime', 'churchill', 'teamwork', 'thoroughly', 'continuation', 'minister']",53,[],[],[],[],[],0.0,0.0,disappeared,,,,,
52,25.0,"['veteran', 'million', 'self', 'thousand', 'spend', 'obtain', 'program', 'receive', 'disability', 'compensation']",53,[],[],[],[],[],0.0,0.0,disappeared,,,,,
52,26.0,"['action', 'danger', 'grave', 'face', 'threat', 'nature', 'measure', 'lose', 'real', 'fear']",53,[],[],[],[],[],0.0,0.0,disappeared,,,,,
52,27.0,"['inflation', 'anti', 'depression', 'point', 'problem', 'enact', 'position', 'follow', 'severe', 'buildup']",53,[],[],[],[],[],0.0,0.0,disappeared,,,,,
52,28.0,"['school', 'teacher', 'child', 'elementary', 'educational', 'crisis', 'education', 'financial', 'defer', 'critical']",53,[11],"[['school', 'education', 'conference', 'child', 'problem', 'local', 'educational', 'teacher', 'indian', 'shortage']]",[0.894],[1.0],[0.882],1.0,0.882,unclear,,,,,
52,31.0,"['achievement', 'civilization', 'life', 'century', 'scientific', 'mankind', 'opening', 'blow', 'painfully', 'planet']",53,[],[],[],[],[],0.0,0.0,disappeared,,,,,
52,,,53,,,,"[1.0, 1.0]","[0.519, 0.333]",2.0,0.852,merge,"[16, 30]","[['korea', 'aggression', 'communist', 'fight', 'stand', 'armistice', 'repel', 'invasion', 'conflict', 'republic'], ['china', 'asia', 'try', 'philippine', 'demonstrate', 'attack', 'communist', 'stand', 'formosa', 'unsuccessfully']]",5.0,"['korea', 'communist', 'china', 'aggression', 'try', 'asia', 'indo', 'force', 'fight', 'stand']","[0.933, 0.861]"
52,,,53,,,,"[0.667, 1.0]","[0.625, 0.375]",1.667,1.0,merge,"[17, 29]","[['force', 'equipment', 'weapon', 'training', 'arm', 'supply', 'partner', 'notice', 'army', 'armed'], ['plane', 'tank', 'produce', 'blockbuster', 'expensive', 'weapon', 'type', 'huge', 'carry', 'case']]",13.0,"['weapon', 'plane', 'equipment', 'arm', 'tank', 'produce', 'capacity', 'supply', 'partner', 'carry']","[0.879, 0.82]"
53,0.0,"['budget', 'tax', 'fiscal', 'expenditure', 'reduce', 'taxis', 'reduction', 'dollar', 'billion', 'spending']",54,[2],"[['tax', 'budget', 'fiscal', 'reduce', 'dollar', 'expenditure', 'billion', 'reduction', 'cut', 'spending']]",[0.974],[0.694],[1.0],0.694,1.0,continued,,,,,
53,1.0,"['faith', 'fight', 'god', 'moral', 'struggle', 'let', 'dignity', 'true', 'determination', 'today']",54,[0],"[['republic', 'faith', 'sacrifice', 'human', 'dignity', 'know', 'man', 'struggle', 'grateful', 'god']]",[0.942],[0.857],[0.5],0.857,0.5,unclear,,,,,
53,2.0,"['farm', 'farmer', 'surplus', 'market', 'price', 'agricultural', 'production', 'commodity', 'crop', 'agriculture']",54,[3],"[['farm', 'surplus', 'farmer', 'market', 'agriculture', 'price', 'production', 'agricultural', 'product', 'crop']]",[0.987],[1.0],[0.935],1.0,0.935,continued,,,,,
53,3.0,"['insurance', 'medical', 'health', 'old', 'age', 'survivor', 'benefit', 'coverage', 'personnel', 'service']",54,[7],"[['health', 'insurance', 'medical', 'old', 'hospital', 'service', 'age', 'coverage', 'benefit', 'program']]",[0.98],[0.833],[0.947],0.833,0.947,continued,,,,,
53,4.0,"['employee', 'postal', 'recommend', 'program', 'management', 'worker', 'insurance', 'occupational', 'need', 'rate']",54,[23],"[['employee', 'insurance', 'worker', 'need', 'postal', 'occupational', 'compensation', 'propose', 'include', 'management']]",[0.888],[0.4],[1.0],0.4,1.0,unclear,,,,,
53,5.0,"['korea', 'communist', 'china', 'aggression', 'try', 'asia', 'indo', 'force', 'fight', 'stand']",54,[25],"[['korea', 'china', 'indo', 'philippine', 'communist', 'recovery', 'economic', 'resistance', 'iran', 'greece']]",[0.925],[0.704],[0.889],0.704,0.889,continued,,,,,
53,6.0,"['european', 'treaty', 'north', 'atlantic', 'turkey', 'western', 'greece', 'agreement', 'germany', 'east']",54,[10],"[['treaty', 'european', 'neighbor', 'pact', 'pacific', 'atlantic', 'western', 'north', 'turkey', 'unity']]",[0.895],[0.68],[0.722],0.68,0.722,unclear,,,,,
53,8.0,"['atomic', 'energy', 'explosion', 'weapon', 'proposal', 'soviet', 'atom', 'peaceful', 'terrible', 'nuclear']",54,"[13, 16]","[['disarmament', 'agreement', 'armament', 'atomic', 'safeguard', 'vote', 'nuclear', 'issue', 'geneva', 'weapon'], ['atomic', 'energy', 'atom', 'peaceful', 'proposal', 'seven', 'international', 'scientific', 'constructive', 'source']]","[0.831, 0.918]","[0.391, 0.609]","[0.812, 1.0]",1.0,1.812,split,,,,,
53,9.0,"['aggression', 'ally', 'strength', 'defense', 'build', 'force', 'strike', 'threat', 'combined', 'gun']",54,[14],"[['aggression', 'defense', 'strike', 'force', 'mobility', 'ally', 'type', 'attack', 'conflict', 'aggressor']]",[0.925],[0.591],[1.0],0.591,1.0,continued,,,,,
53,10.0,"['project', 'conservation', 'water', 'development', 'forest', 'river', 'partnership', 'local', 'land', 'mineral']",54,[5],"[['water', 'project', 'conservation', 'partnership', 'local', 'forest', 'development', 'river', 'flood', 'mineral']]",[0.983],[1.0],[1.0],1.0,1.0,continued,,,,,
53,11.0,"['school', 'education', 'conference', 'child', 'problem', 'local', 'educational', 'teacher', 'indian', 'shortage']",54,[11],"[['school', 'education', 'conference', 'teacher', 'child', 'local', 'problem', 'classroom', 'indian', 'enact']]",[0.966],[0.941],[1.0],0.941,1.0,continued,,,,,
53,12.0,"['responsibility', 'grateful', 'perform', 'chief', 'eisenhower', 'office', 'presidential', 'task', 'burden', 'interference']",54,[],[],[],[],[],0.0,0.0,disappeared,,,,,
53,13.0,"['weapon', 'plane', 'equipment', 'arm', 'tank', 'produce', 'capacity', 'supply', 'partner', 'carry']",54,[22],"[['weapon', 'development', 'research', 'force', 'service', 'airpower', 'modern', 'navy', 'plan', 'fit']]",[0.829],[0.625],[0.7],0.625,0.7,unclear,,,,,
53,14.0,"['statehood', 'hawaii', 'suffrage', 'district', 'alaska', 'columbia', 'proposal', 'urge', 'grant', 'legislative']",54,[9],"[['legislative', 'suffrage', 'amendment', 'district', 'overdue', 'permit', 'civil', 'columbia', 'urge', 'submit']]",[0.875],[0.6],[0.611],0.6,0.611,unclear,,,,,
53,15.0,"['housing', 'family', 'mortgage', 'low', 'income', 'program', 'decent', 'rent', 'authorize', 'college']",54,[21],"[['housing', 'mortgage', 'family', 'program', 'low', 'income', 'contract', 'fha', 'slum', 'building']]",[0.972],[1.0],[1.0],1.0,1.0,continued,,,,,
53,18.0,"['injustice', 'wrong', 'democratic', 'people', 'mean', 'tyranny', 'truth', 'forget', 'democracy', 'mind']",54,[],[],[],[],[],0.0,0.0,disappeared,,,,,
53,19.0,"['highway', 'road', 'transportation', 'interstate', 'governor', 'press', 'adequate', 'approximately', 'committee', 'recommendation']",54,[29],"[['highway', 'interstate', 'transportation', 'governor', 'press', 'complete', 'modern', 'approximately', 'committee', 'problem']]",[0.954],[1.0],[1.0],1.0,1.0,continued,,,,,
53,20.0,"['capital', 'help', 'living', 'production', 'rise', 'standard', 'improvement', 'steady', 'underdeveloped', 'grow']",54,[],[],[],[],[],0.0,0.0,disappeared,,,,,
53,21.0,"['pride', 'accomplishment', 'occasion', 'challenge', 'republic', 'pose', 'debate', 'achievement', 'total', 'know']",54,[15],"[['heritage', 'achievement', 'intellectual', 'civilization', 'ahead', 'advancement', 'art', 'proud', 'perform', 'accomplishment']]",[0.782],[0.5],[0.385],0.5,0.385,disappeared,,,,,
53,22.0,"['production', 'aluminum', 'copper', 'output', 'steel', 'good', 'metal', 'civilian', 'capacity', 'percent']",54,[],[],[],[],[],0.0,0.0,disappeared,,,,,
53,25.0,"['affair', 'joint', 'abroad', 'domestic', 'initiative', 'position', 'radically', 'realizing', 'weak', 'provoke']",54,[26],"[['organization', 'membership', 'cooperation', 'agreement', 'tariff', 'administrative', 'export', 'discrimination', 'clear', 'initiative']]",[0.745],[0.571],[0.375],0.571,0.375,disappeared,,,,,
53,26.0,"['economic', 'assistance', 'inflation', 'recovery', 'anti', 'shot', 'repair', 'surpass', 'hunger', 'hole']",54,[],[],[],[],[],0.0,0.0,disappeared,,,,,
53,27.0,"['abroad', 'advancement', 'art', 'continue', 'civilization', 'aspiration', 'try', 'encouragement', 'appreciation', 'nobler']",54,[],[],[],[],[],0.0,0.0,disappeared,,,,,
53,28.0,"['recommendation', 'recommend', 'purport', 'dwelling', 'liberalize', 'title', 'wholehearte', 'view', 'welcome', 'word']",54,[20],"[['recommendation', 'message', 'transmit', 'specific', 'involve', 'monday', 'affair', 'prompt', 'enactment', 'management']]",[0.833],[1.0],[0.8],1.0,0.8,unclear,,,,,
53,29.0,"['productive', 'neglect', 'depend', 'health', 'strength', 'burden', 'institution', 'matter', 'preventable', 'rewarding']",54,[28],"[['disease', 'human', 'scourge', 'malaria', 'victory', 'campaign', 'health', 'earth', 'mankind', 'waste']]",[0.751],[0.6],[0.5],0.6,0.5,unclear,,,,,
53,,,54,,,,"[0.917, 1.0]","[0.403, 0.484]",1.917,0.887,merge,"[7, 16]","[['soviet', 'communist', 'peaceful', 'ruler', 'moscow', 'accept', 'cold', 'party', 'settlement', 'satellite'], ['communist', 'ruler', 'conspiracy', 'implacable', 'tear', 'character', 'fear', 'way', 'divide', 'outside']]",1.0,"['communist', 'soviet', 'threat', 'ruler', 'cold', 'regime', 'try', 'communism', 'peaceful', 'imperialism']","[0.922, 0.912]"
53,,,54,,,,"[0.875, 0.6]","[0.412, 0.353]",1.475,0.765,merge,"[23, 30]","[['mobilization', 'base', 'build', 'civilian', 'requirement', 'force', 'training', 'active', 'reserve', 'facility'], ['civil', 'city', 'answer', 'key', 'reorganization', 'group', 'authority', 'railway', 'polling', 'mandate']]",12.0,"['civil', 'manpower', 'veteran', 'armed', 'force', 'program', 'servicemen', 'reorganization', 'effective', 'train']","[0.861, 0.825]"
53,,,54,,,,"[0.615, 0.625]","[0.462, 0.462]",1.24,0.923,merge,"[17, 24]","[['grow', 'reward', 'hand', 'produce', 'wealth', 'human', 'mark', 'distribute', 'widely', 'competitive'], ['enterprise', 'quality', 'businessman', 'economic', 'investment', 'achieve', 'compete', 'ambition', 'procurement', 'prosper']]",17.0,"['enterprise', 'economic', 'competitive', 'quality', 'mark', 'productive', 'wealth', 'produce', 'rich', 'ambition']","[0.84, 0.864]"
54,0.0,"['republic', 'faith', 'sacrifice', 'human', 'dignity', 'know', 'man', 'struggle', 'grateful', 'god']",55,[0],"[['goal', 'spiritual', 'individual', 'dignity', 'moral', 'republic', 'intellectual', 'god', 'worthy', 'faith']]",[0.947],[0.608],[0.76],0.608,0.76,continued,,,,,
54,1.0,"['communist', 'soviet', 'threat', 'ruler', 'cold', 'regime', 'try', 'communism', 'peaceful', 'imperialism']",55,[5],"[['communist', 'threat', 'berlin', 'communism', 'pose', 'tactic', 'attempt', 'laos', 'penetration', 'chinese']]",[0.927],[0.774],[0.857],0.774,0.857,continued,,,,,
54,2.0,"['tax', 'budget', 'fiscal', 'reduce', 'dollar', 'expenditure', 'billion', 'reduction', 'cut', 'spending']",55,[2],"[['budget', 'tax', 'fiscal', 'balanced', 'income', 'cut', 'balance', 'dollar', 'expenditure', 'spending']]",[0.962],[0.917],[0.69],0.917,0.69,continued,,,,,
54,3.0,"['farm', 'surplus', 'farmer', 'market', 'agriculture', 'price', 'production', 'agricultural', 'product', 'crop']",55,[1],"[['farm', 'farmer', 'surplus', 'agriculture', 'income', 'agricultural', 'market', 'billion', 'problem', 'food']]",[0.977],[0.968],[0.87],0.968,0.87,continued,,,,,
54,4.0,"['price', 'growth', 'inflation', 'stability', 'economic', 'wage', 'expansion', 'investment', 'output', 'discipline']",55,[3],"[['price', 'inflation', 'growth', 'stability', 'wage', 'cost', 'rise', 'discipline', 'economic', 'prevent']]",[0.927],[0.68],[0.857],0.68,0.857,continued,,,,,
54,5.0,"['water', 'project', 'conservation', 'partnership', 'local', 'forest', 'development', 'river', 'flood', 'mineral']",55,[12],"[['water', 'project', 'river', 'storage', 'flood', 'conservation', 'partnership', 'capacity', 'development', 'use']]",[0.928],[0.727],[1.0],0.727,1.0,continued,,,,,
54,6.0,"['missile', 'ballistic', 'range', 'deterrent', 'submarine', 'aircraft', 'unit', 'development', 'air', 'advanced']",55,[9],"[['missile', 'ballistic', 'range', 'operational', 'mile', 'bomber', 'jupiter', 'intermediate', 'intercontinental', 'atlas']]",[0.939],[0.571],[0.944],0.571,0.944,continued,,,,,
54,7.0,"['health', 'insurance', 'medical', 'old', 'hospital', 'service', 'age', 'coverage', 'benefit', 'program']",55,[13],"[['benefit', 'veteran', 'coverage', 'old', 'health', 'age', 'social', 'insurance', 'illness', 'survivor']]",[0.825],[0.526],[0.769],0.526,0.769,unclear,,,,,
54,8.0,"['strength', 'danger', 'stress', 'safety', 'ensure', 'mistake', 'launch', 'talk', 'deter', 'confront']",55,[4],"[['strength', 'sacrifice', 'failure', 'aggression', 'vigilance', 'safety', 'tempt', 'necessity', 'talk', 'ensure']]",[0.932],[0.789],[0.655],0.789,0.655,continued,,,,,
54,9.0,"['legislative', 'suffrage', 'amendment', 'district', 'overdue', 'permit', 'civil', 'columbia', 'urge', 'submit']",55,[8],"[['court', 'jurisdiction', 'vote', 'branch', 'international', 'constitutional', 'race', 'resolution', 'racial', 'suffrage']]",[0.851],[0.611],[0.526],0.611,0.526,unclear,,,,,
54,10.0,"['treaty', 'european', 'neighbor', 'pact', 'pacific', 'atlantic', 'western', 'north', 'turkey', 'unity']",55,[7],"[['energy', 'atomic', 'treaty', 'cooperation', 'peaceful', 'international', 'agency', 'wide', 'atom', 'atlantic']]",[0.838],[0.722],[0.375],0.722,0.375,disappeared,,,,,
54,11.0,"['school', 'education', 'conference', 'teacher', 'child', 'local', 'problem', 'classroom', 'indian', 'enact']",55,[6],"[['school', 'education', 'teacher', 'local', 'child', 'indian', 'construction', 'college', 'classroom', 'program']]",[0.946],[1.0],[0.76],1.0,0.76,continued,,,,,
54,12.0,"['civil', 'manpower', 'veteran', 'armed', 'force', 'program', 'servicemen', 'reorganization', 'effective', 'train']",55,[],[],[],[],[],0.0,0.0,disappeared,,,,,
54,13.0,"['disarmament', 'agreement', 'armament', 'atomic', 'safeguard', 'vote', 'nuclear', 'issue', 'geneva', 'weapon']",55,[16],"[['disarmament', 'agreement', 'geneva', 'issue', 'negotiation', 'proposal', 'promise', 'inspection', 'negotiate', 'armament']]",[0.938],[0.688],[1.0],0.688,1.0,continued,,,,,
54,14.0,"['aggression', 'defense', 'strike', 'force', 'mobility', 'ally', 'type', 'attack', 'conflict', 'aggressor']",55,[],[],[],[],[],0.0,0.0,disappeared,,,,,
54,15.0,"['heritage', 'achievement', 'intellectual', 'civilization', 'ahead', 'advancement', 'art', 'proud', 'perform', 'accomplishment']",55,[],[],[],[],[],0.0,0.0,disappeared,,,,,
54,16.0,"['atomic', 'energy', 'atom', 'peaceful', 'proposal', 'seven', 'international', 'scientific', 'constructive', 'source']",55,[],[],[],[],[],0.0,0.0,disappeared,,,,,
54,17.0,"['enterprise', 'economic', 'competitive', 'quality', 'mark', 'productive', 'wealth', 'produce', 'rich', 'ambition']",55,[10],"[['enterprise', 'competitive', 'economic', 'productive', 'encourage', 'business', 'billion', 'continue', 'reward', 'aside']]",[0.911],[0.692],[0.786],0.692,0.786,continued,,,,,
54,18.0,"['establishment', 'efficiency', 'momentum', 'require', 'organization', 'coordination', 'production', 'strategic', 'support', 'strength']",55,[17],"[['establishment', 'organization', 'structure', 'compartment', 'reorganization', 'mobilization', 'efficiency', 'service', 'change', 'feature']]",[0.871],[0.583],[0.667],0.583,0.667,unclear,,,,,
54,19.0,"['message', 'january', 'budget', 'mention', 'recommendation', 'forthcoming', 'enlarge', 'preliminary', 'plan', 'fund']",55,[],[],[],[],[],0.0,0.0,disappeared,,,,,
54,20.0,"['recommendation', 'message', 'transmit', 'specific', 'involve', 'monday', 'affair', 'prompt', 'enactment', 'management']",55,[],[],[],[],[],0.0,0.0,disappeared,,,,,
54,21.0,"['housing', 'mortgage', 'family', 'program', 'low', 'income', 'contract', 'fha', 'slum', 'building']",55,[23],"[['housing', 'house', 'family', 'elderly', 'mortgage', 'insure', 'city', 'greatly', 'million', 'unit']]",[0.876],[1.0],[0.875],1.0,0.875,unclear,,,,,
54,22.0,"['weapon', 'development', 'research', 'force', 'service', 'airpower', 'modern', 'navy', 'plan', 'fit']",55,[],[],[],[],[],0.0,0.0,disappeared,,,,,
54,23.0,"['employee', 'insurance', 'worker', 'need', 'postal', 'occupational', 'compensation', 'propose', 'include', 'management']",55,[15],"[['employee', 'insurance', 'unemployment', 'career', 'benefit', 'need', 'woman', 'equitable', 'program', 'personnel']]",[0.911],[1.0],[0.538],1.0,0.538,continued,,,,,
54,24.0,"['alien', 'segregation', 'discrimination', 'refugee', 'elimination', 'immigrant', 'immigration', 'columbia', 'enact', 'responsibility']",55,[],[],[],[],[],0.0,0.0,disappeared,,,,,
54,25.0,"['korea', 'china', 'indo', 'philippine', 'communist', 'recovery', 'economic', 'resistance', 'iran', 'greece']",55,[],[],[],[],[],0.0,0.0,disappeared,,,,,
54,26.0,"['organization', 'membership', 'cooperation', 'agreement', 'tariff', 'administrative', 'export', 'discrimination', 'clear', 'initiative']",55,[27],"[['bargaining', 'membership', 'organization', 'tariff', 'cooperation', 'administrative', 'restriction', 'responsible', 'discrimination', 'outside']]",[0.861],[0.625],[0.833],0.625,0.833,unclear,,,,,
54,27.0,"['help', 'grow', 'individual', 'energy', 'concern', 'solution', 'personal', 'goal', 'society', 'iranian']",55,[],[],[],[],[],0.0,0.0,disappeared,,,,,
54,28.0,"['disease', 'human', 'scourge', 'malaria', 'victory', 'campaign', 'health', 'earth', 'mankind', 'waste']",55,[25],"[['disease', 'campaign', 'enemy', 'malaria', 'ancient', 'victory', 'scourge', 'earth', 'human', 'age']]",[0.909],[0.75],[0.857],0.75,0.857,continued,,,,,
54,29.0,"['highway', 'interstate', 'transportation', 'governor', 'press', 'complete', 'modern', 'approximately', 'committee', 'problem']",55,[],[],[],[],[],0.0,0.0,disappeared,,,,,
54,30.0,"['research', 'science', 'available', 'medical', 'fund', 'teaching', 'education', 'balanced', 'involve', 'substantial']",55,[18],"[['research', 'medical', 'science', 'disease', 'available', 'technology', 'education', 'balanced', 'relieve', 'fund']]",[0.956],[1.0],[1.0],1.0,1.0,continued,,,,,
55,0.0,"['goal', 'spiritual', 'individual', 'dignity', 'moral', 'republic', 'intellectual', 'god', 'worthy', 'faith']",56,[1],"[['faith', 'spiritual', 'intellectual', 'seek', 'belief', 'moral', 'rich', 'people', 'society', 'physical']]",[0.925],[0.74],[0.611],0.74,0.611,continued,,,,,
55,1.0,"['farm', 'farmer', 'surplus', 'agriculture', 'income', 'agricultural', 'market', 'billion', 'problem', 'food']",56,[3],"[['farm', 'food', 'farmer', 'billion', 'agricultural', 'surplus', 'agriculture', 'wheat', 'income', 'drug']]",[0.977],[0.913],[0.938],0.913,0.938,continued,,,,,
55,2.0,"['budget', 'tax', 'fiscal', 'balanced', 'income', 'cut', 'balance', 'dollar', 'expenditure', 'spending']",56,[0],"[['tax', 'budget', 'reduction', 'cut', 'billion', 'balanced', 'million', 'fiscal', 'expenditure', 'submit']]",[0.96],[0.81],[0.855],0.81,0.855,continued,,,,,
55,3.0,"['price', 'inflation', 'growth', 'stability', 'wage', 'cost', 'rise', 'discipline', 'economic', 'prevent']",56,[4],"[['price', 'inflation', 'stability', 'growth', 'economic', 'rise', 'cost', 'dollar', 'saving', 'inflationary']]",[0.973],[0.771],[0.903],0.771,0.903,continued,,,,,
55,4.0,"['strength', 'sacrifice', 'failure', 'aggression', 'vigilance', 'safety', 'tempt', 'necessity', 'talk', 'ensure']",56,[],[],[],[],[],0.0,0.0,disappeared,,,,,
55,5.0,"['communist', 'threat', 'berlin', 'communism', 'pose', 'tactic', 'attempt', 'laos', 'penetration', 'chinese']",56,[11],"[['communist', 'communism', 'independence', 'realize', 'china', 'action', 'cuba', 'versus', 'hungary', 'colonialism']]",[0.927],[0.643],[1.0],0.643,1.0,continued,,,,,
55,6.0,"['school', 'education', 'teacher', 'local', 'child', 'indian', 'construction', 'college', 'classroom', 'program']",56,[6],"[['school', 'education', 'teacher', 'child', 'educational', 'college', 'young', 'local', 'opportunity', 'program']]",[0.969],[0.92],[0.88],0.92,0.88,continued,,,,,
55,7.0,"['energy', 'atomic', 'treaty', 'cooperation', 'peaceful', 'international', 'agency', 'wide', 'atom', 'atlantic']",56,[18],"[['latin', 'alliance', 'republic', 'hemisphere', 'tie', 'bank', 'treaty', 'hemispheric', 'strengthen', 'undertaking']]",[0.796],[0.333],[0.7],0.333,0.7,disappeared,,,,,
55,8.0,"['court', 'jurisdiction', 'vote', 'branch', 'international', 'constitutional', 'race', 'resolution', 'racial', 'suffrage']",56,[8],"[['vote', 'constitutional', 'racial', 'civil', 'discrimination', 'field', 'color', 'race', 'court', 'education']]",[0.839],[0.579],[0.667],0.579,0.667,unclear,,,,,
55,9.0,"['missile', 'ballistic', 'range', 'operational', 'mile', 'bomber', 'jupiter', 'intermediate', 'intercontinental', 'atlas']",56,[14],"[['missile', 'ballistic', 'operational', 'range', 'target', 'weapon', 'mile', 'polaris', 'minuteman', 'atlas']]",[0.965],[0.944],[0.786],0.944,0.786,continued,,,,,
55,10.0,"['enterprise', 'competitive', 'economic', 'productive', 'encourage', 'business', 'billion', 'continue', 'reward', 'aside']",56,[],[],[],[],[],0.0,0.0,disappeared,,,,,
55,11.0,"['postal', 'message', 'post', 'specific', 'mail', 'office', 'recommendation', 'transportation', 'recommend', 'modernized']",56,[],[],[],[],[],0.0,0.0,disappeared,,,,,
55,12.0,"['water', 'project', 'river', 'storage', 'flood', 'conservation', 'partnership', 'capacity', 'development', 'use']",56,[],[],[],[],[],0.0,0.0,disappeared,,,,,
55,13.0,"['benefit', 'veteran', 'coverage', 'old', 'health', 'age', 'social', 'insurance', 'illness', 'survivor']",56,[5],"[['social', 'hospital', 'benefit', 'health', 'age', 'elderly', 'needy', 'veteran', 'mentally', 'old']]",[0.924],[1.0],[0.692],1.0,0.692,continued,,,,,
55,14.0,"['force', 'submarine', 'ally', 'nuclear', 'unit', 'air', 'sea', 'ship', 'aircraft', 'army']",56,[25],"[['force', 'ally', 'fleet', 'shoulder', 'army', 'strategic', 'division', 'add', 'collective', 'ready']]",[0.927],[0.769],[1.0],0.769,1.0,continued,,,,,
55,15.0,"['employee', 'insurance', 'unemployment', 'career', 'benefit', 'need', 'woman', 'equitable', 'program', 'personnel']",56,[],[],[],[],[],0.0,0.0,disappeared,,,,,
55,16.0,"['disarmament', 'agreement', 'geneva', 'issue', 'negotiation', 'proposal', 'promise', 'inspection', 'negotiate', 'armament']",56,[],[],[],[],[],0.0,0.0,disappeared,,,,,
55,17.0,"['establishment', 'organization', 'structure', 'compartment', 'reorganization', 'mobilization', 'efficiency', 'service', 'change', 'feature']",56,[],[],[],[],[],0.0,0.0,disappeared,,,,,
55,18.0,"['research', 'medical', 'science', 'disease', 'available', 'technology', 'education', 'balanced', 'relieve', 'fund']",56,[23],"[['medical', 'disease', 'doctor', 'dental', 'shortage', 'research', 'cancer', 'dentist', 'heart', 'nurse']]",[0.787],[0.455],[0.833],0.455,0.833,unclear,,,,,
55,19.0,"['soviet', 'pronouncement', 'impact', 'anticipate', 'threat', 'idea', 'expansion', 'science', 'magazine', 'russian']",56,[17],"[['soviet', 'leader', 'pronouncement', 'understanding', 'visit', 'choice', 'peaceful', 'extensively', 'exhibition', 'lessen']]",[0.922],[1.0],[1.0],1.0,1.0,continued,,,,,
55,20.0,"['satellite', 'space', 'communication', 'exploration', 'launch', 'moon', 'weather', 'vehicle', 'successfully', 'aim']",56,[15],"[['space', 'satellite', 'exploration', 'communication', 'moon', 'launch', 'vehicle', 'weather', 'successfully', 'outer']]",[0.984],[1.0],[1.0],1.0,1.0,continued,,,,,
55,21.0,"['recommendation', 'segregation', 'immigration', 'enactment', 'civil', 'people', 'columbia', 'trust', 'district', 'discrimination']",56,[19],"[['recommendation', 'crime', 'recommend', 'delinquency', 'trust', 'january', 'enactment', 'constructive', 'civil', 'prevent']]",[0.771],[0.444],[0.556],0.444,0.556,unclear,,,,,
55,22.0,"['export', 'financial', 'bank', 'monetary', 'institution', 'import', 'payment', 'international', 'inquiry', 'investment']",56,[7],"[['export', 'economic', 'market', 'abroad', 'payment', 'partner', 'balance', 'international', 'development', 'cooperation']]",[0.896],[0.889],[0.609],0.889,0.609,unclear,,,,,
55,23.0,"['housing', 'house', 'family', 'elderly', 'mortgage', 'insure', 'city', 'greatly', 'million', 'unit']",56,[],[],[],[],[],0.0,0.0,disappeared,,,,,
55,24.0,"['park', 'wildlife', 'forest', 'fish', 'refuge', 'acre', 'generation', 'conservation', 'expand', 'add']",56,[],[],[],[],[],0.0,0.0,disappeared,,,,,
55,25.0,"['disease', 'campaign', 'enemy', 'malaria', 'ancient', 'victory', 'scourge', 'earth', 'human', 'age']",56,[13],"[['poverty', 'disease', 'ignorant', 'affliction', 'ancient', 'enemy', 'say', 'win', 'victory', 'race']]",[0.807],[0.857],[0.5],0.857,0.5,unclear,,,,,
55,26.0,"['economic', 'oil', 'investment', 'movement', 'technical', 'constructive', 'problem', 'cherish', 'creatively', 'uninterrupted']",56,[],[],[],[],[],0.0,0.0,disappeared,,,,,
55,27.0,"['bargaining', 'membership', 'organization', 'tariff', 'cooperation', 'administrative', 'restriction', 'responsible', 'discrimination', 'outside']",56,[24],"[['bargaining', 'lose', 'outside', 'responsible', 'industrial', 'strike', 'collective', 'total', 'affair', 'danger']]",[0.89],[0.667],[0.667],0.667,0.667,unclear,,,,,
55,28.0,"['talent', 'think', 'friendly', 'understanding', 'start', 'ideal', 'solve', 'communication', 'mutual', 'enslave']",56,[],[],[],[],[],0.0,0.0,disappeared,,,,,
56,0.0,"['tax', 'budget', 'reduction', 'cut', 'billion', 'balanced', 'million', 'fiscal', 'expenditure', 'submit']",57,"[6, 8]","[['tax', 'taxis', 'billion', 'reduction', 'cut', 'income', 'rate', 'excise', 'corporate', 'doubt'], ['budget', 'billion', 'expenditure', 'fiscal', 'appropriation', 'revenue', 'estimate', 'deficit', 'total', 'million']]","[0.896, 0.851]","[0.436, 0.4]","[0.95, 1.0]",0.836,1.95,split,,,,,
56,1.0,"['faith', 'spiritual', 'intellectual', 'seek', 'belief', 'moral', 'rich', 'people', 'society', 'physical']",57,[],[],[],[],[],0.0,0.0,disappeared,,,,,
56,2.0,"['water', 'project', 'urban', 'city', 'area', 'park', 'river', 'recreation', 'pollution', 'program']",57,[20],"[['park', 'recreation', 'conservation', 'beautiful', 'preserve', 'beauty', 'river', 'landscape', 'forest', 'wilderness']]",[0.829],[0.39],[1.0],0.39,1.0,disappeared,,,,,
56,3.0,"['farm', 'food', 'farmer', 'billion', 'agricultural', 'surplus', 'agriculture', 'wheat', 'income', 'drug']",57,[21],"[['farm', 'farmer', 'agriculture', 'food', 'sixty', 'income', 'fair', 'worker', 'program', 'realistic']]",[0.906],[0.656],[1.0],0.656,1.0,continued,,,,,
56,4.0,"['price', 'inflation', 'stability', 'growth', 'economic', 'rise', 'cost', 'dollar', 'saving', 'inflationary']",57,[3],"[['price', 'inflation', 'growth', 'recession', 'stability', 'wage', 'recovery', 'economic', 'keep', 'production']]",[0.921],[0.903],[0.773],0.903,0.773,continued,,,,,
56,5.0,"['social', 'hospital', 'benefit', 'health', 'age', 'elderly', 'needy', 'veteran', 'mentally', 'old']",57,"[16, 27]","[['health', 'mentally', 'school', 'child', 'service', 'improve', 'family', 'retarded', 'nursing', 'ill'], ['insurance', 'social', 'age', 'disabled', 'hardship', 'medicare', 'elderly', 'old', 'health', 'benefit']]","[0.784, 0.802]","[0.346, 0.385]","[0.545, 1.0]",0.731,1.545,split,,,,,
56,6.0,"['school', 'education', 'teacher', 'child', 'educational', 'college', 'young', 'local', 'opportunity', 'program']",57,[7],"[['college', 'child', 'school', 'student', 'graduate', 'education', 'young', 'educational', 'afford', 'half']]",[0.88],[0.64],[0.944],0.64,0.944,unclear,,,,,
56,7.0,"['export', 'economic', 'market', 'abroad', 'payment', 'partner', 'balance', 'international', 'development', 'cooperation']",57,[5],"[['market', 'export', 'tariff', 'competitive', 'trading', 'item', 'economic', 'partner', 'sell', 'credit']]",[0.93],[0.826],[0.75],0.826,0.75,continued,,,,,
56,8.0,"['vote', 'constitutional', 'racial', 'civil', 'discrimination', 'field', 'color', 'race', 'court', 'education']",57,[12],"[['vote', 'jury', 'discrimination', 'color', 'housing', 'civil', 'fair', 'issue', 'enforcement', 'enforce']]",[0.89],[0.778],[0.846],0.778,0.846,unclear,,,,,
56,9.0,"['wind', 'having', 'sea', 'see', 'generation', 'th', 'office', 'calm', 'presidency', 'hawaii']",57,[],[],[],[],[],0.0,0.0,disappeared,,,,,
56,10.0,"['goal', 'objective', 'move', 'define', 'achievement', 'strength', 'perform', 'forward', 'individual', 'spur']",57,[],[],[],[],[],0.0,0.0,disappeared,,,,,
56,11.0,"['communist', 'communism', 'independence', 'realize', 'china', 'action', 'cuba', 'versus', 'hungary', 'colonialism']",57,[17],"[['communist', 'unity', 'communism', 'era', 'independence', 'empire', 'realize', 'marx', 'colonialism', 'versus']]",[0.907],[0.875],[0.8],0.875,0.8,continued,,,,,
56,12.0,"['asia', 'africa', 'laos', 'aggression', 'viet', 'nam', 'congo', 'help', 'east', 'turbulent']",57,"[1, 26]","[['vietnam', 'south', 'asia', 'north', 'aggression', 'communist', 'korea', 'nam', 'viet', 'conflict'], ['africa', 'middle', 'communists', 'east', 'help', 'asia', 'design', 'race', 'abroad', 'story']]","[0.84, 0.827]","[0.533, 0.4]","[0.746, 0.875]",0.933,1.621,split,,,,,
56,13.0,"['poverty', 'disease', 'ignorant', 'affliction', 'ancient', 'enemy', 'say', 'win', 'victory', 'race']",57,[24],"[['poverty', 'americans', 'poor', 'declare', 'rostrum', 'occasion', 'preventable', 'materially', 'idleness', 'spiritually']]",[0.772],[0.429],[0.778],0.429,0.778,unclear,,,,,
56,14.0,"['missile', 'ballistic', 'operational', 'range', 'target', 'weapon', 'mile', 'polaris', 'minuteman', 'atlas']",57,[],[],[],[],[],0.0,0.0,disappeared,,,,,
56,15.0,"['space', 'satellite', 'exploration', 'communication', 'moon', 'launch', 'vehicle', 'weather', 'successfully', 'outer']",57,[30],"[['space', 'moon', 'outer', 'aim', 'satellite', 'frontier', 'undertake', 'cooperation', 'human', 'assure']]",[0.865],[0.846],[1.0],0.846,1.0,unclear,,,,,
56,16.0,"['recession', 'recovery', 'high', 'week', 'factory', 'percent', 'wage', 'average', 'income', 'growth']",57,[],[],[],[],[],0.0,0.0,disappeared,,,,,
56,17.0,"['soviet', 'leader', 'pronouncement', 'understanding', 'visit', 'choice', 'peaceful', 'extensively', 'exhibition', 'lessen']",57,[9],"[['soviet', 'eastern', 'leader', 'nuclear', 'geneva', 'spread', 'people', 'treaty', 'peaceful', 'arm']]",[0.947],[1.0],[0.875],1.0,0.875,continued,,,,,
56,18.0,"['latin', 'alliance', 'republic', 'hemisphere', 'tie', 'bank', 'treaty', 'hemispheric', 'strengthen', 'undertaking']",57,[4],"[['hemisphere', 'alliance', 'latin', 'atlantic', 'self', 'hemispheric', 'republic', 'neighbor', 'cooperation', 'social']]",[0.943],[0.8],[0.818],0.8,0.818,continued,,,,,
56,19.0,"['recommendation', 'crime', 'recommend', 'delinquency', 'trust', 'january', 'enactment', 'constructive', 'civil', 'prevent']",57,[2],"[['crime', 'police', 'enforcement', 'local', 'recommend', 'constitutional', 'percent', 'official', 'combat', 'street']]",[0.722],[0.667],[0.448],0.667,0.448,unclear,,,,,
56,20.0,"['trouble', 'imperfect', 'affair', 'strengthen', 'cooperation', 'final', 'branch', 'institution', 'organization', 'collective']",57,[],[],[],[],[],0.0,0.0,disappeared,,,,,
56,21.0,"['imply', 'congressional', 'democracy', 'foundation', 'act', 'problem', 'energy', 'rarely', 'wilson', 'terminal']",57,[],[],[],[],[],0.0,0.0,disappeared,,,,,
56,22.0,"['unemployment', 'compensation', 'million', 'minimum', 'extension', 'coverage', 'employee', 'strengthen', 'insurance', 'worker']",57,[10],"[['unemployment', 'million', 'wage', 'high', 'job', 'minimum', 'brain', 'compensation', 'gross', 'worker']]",[0.831],[1.0],[0.688],1.0,0.688,unclear,,,,,
56,23.0,"['medical', 'disease', 'doctor', 'dental', 'shortage', 'research', 'cancer', 'dentist', 'heart', 'nurse']",57,[],[],[],[],[],0.0,0.0,disappeared,,,,,
56,24.0,"['bargaining', 'lose', 'outside', 'responsible', 'industrial', 'strike', 'collective', 'total', 'affair', 'danger']",57,[],[],[],[],[],0.0,0.0,disappeared,,,,,
56,25.0,"['force', 'ally', 'fleet', 'shoulder', 'army', 'strategic', 'division', 'add', 'collective', 'ready']",57,[],[],[],[],[],0.0,0.0,disappeared,,,,,
56,26.0,"['superiority', 'capacity', 'force', 'nuclear', 'threaten', 'demonstrate', 'destroy', 'aggression', 'test', 'insurrection']",57,[],[],[],[],[],0.0,0.0,disappeared,,,,,
57,0.0,"['tonight', 'man', 'know', 'strength', 'faith', 'danger', 'test', 'move', 'abundance', 'challenge']",58,[],[],[],[],[],0.0,0.0,disappeared,,,,,
57,1.0,"['vietnam', 'south', 'asia', 'north', 'aggression', 'communist', 'korea', 'nam', 'viet', 'conflict']",58,[0],"[['vietnam', 'south', 'north', 'communist', 'asia', 'korea', 'victory', 'aggression', 'conflict', 'vietnamese']]",[0.994],[0.915],[0.982],0.915,0.982,continued,,,,,
57,2.0,"['crime', 'police', 'enforcement', 'local', 'recommend', 'constitutional', 'percent', 'official', 'combat', 'street']",58,[2],"[['crime', 'local', 'enforcement', 'police', 'drug', 'street', 'narcotic', 'constitutional', 'attack', 'recommend']]",[0.99],[1.0],[0.95],1.0,0.95,continued,,,,,
57,3.0,"['price', 'inflation', 'growth', 'recession', 'stability', 'wage', 'recovery', 'economic', 'keep', 'production']",58,[31],"[['inflation', 'blame', 'wage', 'recession', 'price', 'repeal', 'living', 'record', 'raise', 'investor']]",[0.782],[0.455],[0.889],0.455,0.889,unclear,,,,,
57,4.0,"['hemisphere', 'alliance', 'latin', 'atlantic', 'self', 'hemispheric', 'republic', 'neighbor', 'cooperation', 'social']",58,[6],"[['hemisphere', 'latin', 'cooperation', 'alliance', 'africa', 'continent', 'asia', 'economic', 'democracy', 'hemispheric']]",[0.925],[0.864],[0.619],0.864,0.619,continued,,,,,
57,5.0,"['market', 'export', 'tariff', 'competitive', 'trading', 'item', 'economic', 'partner', 'sell', 'credit']",58,[37],"[['gold', 'barrier', 'tariff', 'international', 'monetary', 'strengthen', 'stand', 'round', 'find', 'bridge']]",[0.821],[0.55],[1.0],0.55,1.0,unclear,,,,,
57,6.0,"['tax', 'taxis', 'billion', 'reduction', 'cut', 'income', 'rate', 'excise', 'corporate', 'doubt']",58,[25],"[['tax', 'taxis', 'billion', 'surcharge', 'income', 'reduction', 'corporate', 'excise', 'bill', 'deficit']]",[0.927],[0.95],[1.0],0.95,1.0,continued,,,,,
57,7.0,"['college', 'child', 'school', 'student', 'graduate', 'education', 'young', 'educational', 'afford', 'half']",58,[10],"[['school', 'college', 'child', 'student', 'education', 'head', 'graduate', 'preschool', 'mentally', 'start']]",[0.939],[0.722],[0.733],0.722,0.733,continued,,,,,
57,8.0,"['budget', 'billion', 'expenditure', 'fiscal', 'appropriation', 'revenue', 'estimate', 'deficit', 'total', 'million']",58,[13],"[['budget', 'billion', 'estimate', 'revenue', 'deficit', 'surplus', 'spending', 'fiscal', 'balanced', 'june']]",[0.944],[0.938],[1.0],0.938,1.0,continued,,,,,
57,9.0,"['soviet', 'eastern', 'leader', 'nuclear', 'geneva', 'spread', 'people', 'treaty', 'peaceful', 'arm']",58,[9],"[['soviet', 'eastern', 'resume', 'leader', 'peaceful', 'agreement', 'talk', 'differed', 'courtesy', 'convention']]",[0.969],[0.812],[1.0],0.812,1.0,continued,,,,,
57,10.0,"['unemployment', 'million', 'wage', 'high', 'job', 'minimum', 'brain', 'compensation', 'gross', 'worker']",58,[18],"[['minimum', 'unemployment', 'payment', 'wage', 'million', 'percent', 'raise', 'benefit', 'worker', 'overall']]",[0.906],[0.812],[0.833],0.812,0.833,continued,,,,,
57,11.0,"['priority', 'immediately', 'loan', 'economical', 'later', 'available', 'rate', 'credit', 'demand', 'way']",58,[],[],[],[],[],0.0,0.0,disappeared,,,,,
57,12.0,"['vote', 'jury', 'discrimination', 'color', 'housing', 'civil', 'fair', 'issue', 'enforcement', 'enforce']",58,[21],"[['jury', 'discrimination', 'housing', 'enforce', 'civil', 'fair', 'rental', 'regardless', 'color', 'voting']]",[0.952],[0.769],[1.0],0.769,1.0,continued,,,,,
57,13.0,"['disease', 'health', 'hunger', 'propose', 'program', 'ignorance', 'carry', 'research', 'attack', 'try']",58,"[14, 19]","[['hunger', 'disease', 'food', 'population', 'ignorance', 'attack', 'poverty', 'avoid', 'race', 'help'], ['medical', 'health', 'disease', 'doctor', 'education', 'carry', 'medicine', 'incentive', 'program', 'injury']]","[0.765, 0.825]","[0.417, 0.583]","[0.308, 0.727]",1.0,1.035,unclear,,,,,
57,14.0,"['agreement', 'alliance', 'european', 'talk', 'opinion', 'arm', 'discussion', 'visit', 'difference', 'initiative']",58,[27],"[['treaty', 'ratify', 'agreement', 'pende', 'permit', 'international', 'step', 'statesman', 'reaffirm', 'allegiance']]",[0.847],[0.583],[0.667],0.583,0.667,unclear,,,,,
57,15.0,"['young', 'lack', 'skill', 'corps', 'poverty', 'africa', 'woman', 'handicapped', 'indian', 'reservation']",58,[],[],[],[],[],0.0,0.0,disappeared,,,,,
57,16.0,"['health', 'mentally', 'school', 'child', 'service', 'improve', 'family', 'retarded', 'nursing', 'ill']",58,[],[],[],[],[],0.0,0.0,disappeared,,,,,
57,17.0,"['communist', 'unity', 'communism', 'era', 'independence', 'empire', 'realize', 'marx', 'colonialism', 'versus']",58,[],[],[],[],[],0.0,0.0,disappeared,,,,,
57,18.0,"['mr', 'speaker', 'vice', 'ignorant', 'jefferson', 'colleague', 'thomas', 'welcome', 'th', 'americans']",58,[28],"[['mr', 'speaker', 'distinguish', 'guest', 'colleagues', 'vice', 'welcome', 'american', 'americans', 'view']]",[0.949],[0.7],[1.0],0.7,1.0,continued,,,,,
57,19.0,"['debate', 'republicans', 'democrats', 'question', 'rightfully', 'personality', 'subject', 'responsive', 'opposition', 'statesman']",58,[],[],[],[],[],0.0,0.0,disappeared,,,,,
57,20.0,"['park', 'recreation', 'conservation', 'beautiful', 'preserve', 'beauty', 'river', 'landscape', 'forest', 'wilderness']",58,[30],"[['park', 'space', 'recreation', 'open', 'landscape', 'seashore', 'aside', 'map', 'place', 'legacy']]",[0.888],[0.778],[1.0],0.778,1.0,unclear,,,,,
57,21.0,"['farm', 'farmer', 'agriculture', 'food', 'sixty', 'income', 'fair', 'worker', 'program', 'realistic']",58,[38],"[['farmer', 'food', 'agriculture', 'farm', 'fair', 'worker', 'instruct', 'bargain', 'matchless', 'parity']]",[0.969],[1.0],[1.0],1.0,1.0,continued,,,,,
57,22.0,"['program', 'local', 'wisely', 'skill', 'grant', 'effectively', 'assistance', 'evaluate', 'indirectly', 'generous']",58,[12],"[['program', 'job', 'hard', 'bad', 'train', 'core', 'manpower', 'million', 'unemployed', 'field']]",[0.895],[0.778],[0.8],0.778,0.8,unclear,,,,,
57,23.0,"['burden', 'agony', 'blessing', 'reach', 'pace', 'reserve', 'great', 'needed', 'evasion', 'frustrating']",58,[],[],[],[],[],0.0,0.0,disappeared,,,,,
57,24.0,"['poverty', 'americans', 'poor', 'declare', 'rostrum', 'occasion', 'preventable', 'materially', 'idleness', 'spiritually']",58,[],[],[],[],[],0.0,0.0,disappeared,,,,,
57,25.0,"['air', 'river', 'water', 'pollution', 'polluted', 'clean', 'basin', 'breathe', 'poisoning', 'stake']",58,[4],"[['air', 'water', 'clean', 'river', 'pollution', 'breathe', 'polluted', 'environment', 'poisoning', 'contaminate']]",[0.908],[1.0],[0.64],1.0,0.64,continued,,,,,
57,26.0,"['africa', 'middle', 'communists', 'east', 'help', 'asia', 'design', 'race', 'abroad', 'story']",58,[],[],[],[],[],0.0,0.0,disappeared,,,,,
57,27.0,"['insurance', 'social', 'age', 'disabled', 'hardship', 'medicare', 'elderly', 'old', 'health', 'benefit']",58,[],[],[],[],[],0.0,0.0,disappeared,,,,,
57,28.0,"['food', 'hungry', 'famine', 'program', 'race', 'bread', 'stamp', 'planning', 'donation', 'broad']",58,[14],"[['hunger', 'disease', 'food', 'population', 'ignorance', 'attack', 'poverty', 'avoid', 'race', 'help']]",[0.823],[0.857],[0.462],0.857,0.462,unclear,,,,,
57,29.0,"['housing', 'family', 'unit', 'middle', 'decent', 'build', 'urban', 'low', 'million', 'spearhead']",58,[24],"[['family', 'unit', 'housing', 'bear', 'million', 'teacher', 'television', 'decent', 'middle', 'improve']]",[0.889],[1.0],[0.5],1.0,0.5,unclear,,,,,
57,30.0,"['space', 'moon', 'outer', 'aim', 'satellite', 'frontier', 'undertake', 'cooperation', 'human', 'assure']",58,[],[],[],[],[],0.0,0.0,disappeared,,,,,
57,31.0,"['term', 'democracy', 'amendment', 'require', 'process', 'reform', 'residence', 'regulating', 'information', 'lobbying']",58,[3],"[['washington', 'consumer', 'extend', 'faith', 'constitution', 'amendment', 'democracy', 'democrats', 'republicans', 'reform']]",[0.807],[1.0],[0.485],1.0,0.485,unclear,,,,,
57,32.0,"['area', 'metropolitan', 'rebuild', 'city', 'entire', 'program', 'step', 'redevelopment', 'unified', 'central']",58,[],[],[],[],[],0.0,0.0,disappeared,,,,,
58,0.0,"['vietnam', 'south', 'north', 'communist', 'asia', 'korea', 'victory', 'aggression', 'conflict', 'vietnamese']",59,[6],"[['vietnam', 'battle', 'college', 'enemy', 'honor', 'return', 'tonight', 'generation', 'hope', 'vietnamese']]",[0.911],[0.93],[0.64],0.93,0.64,continued,,,,,
58,1.0,"['goal', 'priority', 'achieve', 'birthday', 'complete', 'week', 'proposal', 'reform', 'discuss', 'objective']",59,[0],"[['message', 'reform', 'discuss', 'propose', 'series', 'week', 'complete', 'need', 'term', 'development']]",[0.855],[0.419],[0.541],0.419,0.541,unclear,,,,,
58,2.0,"['crime', 'local', 'enforcement', 'police', 'drug', 'street', 'narcotic', 'constitutional', 'attack', 'recommend']",59,[7],"[['crime', 'drug', 'local', 'enforcement', 'police', 'narcotic', 'rate', 'city', 'percent', 'district']]",[0.953],[0.9],[0.913],0.9,0.913,continued,,,,,
58,3.0,"['washington', 'consumer', 'extend', 'faith', 'constitution', 'amendment', 'democracy', 'democrats', 'republicans', 'reform']",59,[5],"[['chamber', 'address', 'elect', 'senator', 'partisan', 'truman', 'russell', 'member', 'issue', 'freshman']]",[0.796],[0.303],[0.4],0.303,0.4,disappeared,,,,,
58,4.0,"['air', 'water', 'clean', 'river', 'pollution', 'breathe', 'polluted', 'environment', 'poisoning', 'contaminate']",59,[17],"[['air', 'water', 'clean', 'breathe', 'preserve', 'pollution', 'environment', 'surrounding', 'get', 'begin']]",[0.926],[0.76],[0.923],0.76,0.923,continued,,,,,
58,5.0,"['man', 'sacrifice', 'god', 'compassion', 'seek', 'servant', 'abundance', 'build', 'strength', 'earth']",59,[],[],[],[],[],0.0,0.0,disappeared,,,,,
58,6.0,"['hemisphere', 'latin', 'cooperation', 'alliance', 'africa', 'continent', 'asia', 'economic', 'democracy', 'hemispheric']",59,[18],"[['international', 'gold', 'japan', 'monetary', 'cooperation', 'asia', 'regional', 'historic', 'africa', 'strengthen']]",[0.786],[0.429],[0.5],0.429,0.5,unclear,,,,,
58,7.0,"['battle', 'patience', 'long', 'fight', 'enemy', 'persevere', 'loss', 'strategy', 'aggression', 'material']",59,[9],"[['strength', 'lesson', 'weak', 'strong', 'ignore', 'aggression', 'decency', 'fiber', 'persevere', 'ideal']]",[0.776],[0.474],[0.316],0.474,0.316,disappeared,,,,,
58,9.0,"['soviet', 'eastern', 'resume', 'leader', 'peaceful', 'agreement', 'talk', 'differed', 'courtesy', 'convention']",59,[2],"[['soviet', 'treaty', 'arm', 'negotiation', 'china', 'confrontation', 'nuclear', 'difference', 'agreement', 'east']]",[0.785],[0.938],[0.3],0.938,0.3,disappeared,,,,,
58,10.0,"['school', 'college', 'child', 'student', 'education', 'head', 'graduate', 'preschool', 'mentally', 'start']",59,[],[],[],[],[],0.0,0.0,disappeared,,,,,
58,11.0,"['growth', 'gross', 'economic', 'product', 'steady', 'billion', 'great', 'expansion', 'population', 'll']",59,[14],"[['growth', 'economic', 'gross', 'great', 'economically', 'expansion', 'ahead', 'product', 'steady', 'grow']]",[0.954],[0.933],[0.786],0.933,0.786,continued,,,,,
58,12.0,"['program', 'job', 'hard', 'bad', 'train', 'core', 'manpower', 'million', 'unemployed', 'field']",59,[],[],[],[],[],0.0,0.0,disappeared,,,,,
58,13.0,"['budget', 'billion', 'estimate', 'revenue', 'deficit', 'surplus', 'spending', 'fiscal', 'balanced', 'june']",59,[4],"[['budget', 'billion', 'reduce', 'tax', 'expenditure', 'commission', 'balance', 'recommendation', 'deficit', 'payment']]",[0.928],[1.0],[0.692],1.0,0.692,continued,,,,,
58,14.0,"['hunger', 'disease', 'food', 'population', 'ignorance', 'attack', 'poverty', 'avoid', 'race', 'help']",59,[],[],[],[],[],0.0,0.0,disappeared,,,,,
58,15.0,"['department', 'agency', 'cabinet', 'transportation', 'create', 'consolidate', 'combine', 'solve', 'level', 'development']",59,[19],"[['department', 'investigation', 'surtax', 'responsibility', 'conclude', 'cooperate', 'mr', 'problem', 'add', 'watergate']]",[0.77],[0.5],[0.417],0.5,0.417,unclear,,,,,
58,16.0,"['senator', 'russell', 'friend', 'loyalty', 'grateful', 'speaker', 'tribute', 'privilege', 'white', 'address']",59,[5],"[['chamber', 'address', 'elect', 'senator', 'partisan', 'truman', 'russell', 'member', 'issue', 'freshman']]",[0.825],[0.75],[0.48],0.75,0.48,unclear,,,,,
58,17.0,"['test', 'strength', 'wait', 'summon', 'lie', 'challenge', 'transition', 'belief', 'chamber', 'tonight']",59,[],[],[],[],[],0.0,0.0,disappeared,,,,,
58,18.0,"['minimum', 'unemployment', 'payment', 'wage', 'million', 'percent', 'raise', 'benefit', 'worker', 'overall']",59,[11],"[['job', 'unemployment', 'unemployed', 'peacetime', 'million', 'rate', 'worker', 'core', 'hard', 'train']]",[0.788],[0.667],[0.471],0.667,0.471,unclear,,,,,
58,20.0,"['evil', 'ward', 'despair', 'dream', 'night', 'danger', 'different', 'troubled', 'word', 'accept']",59,[20],"[['violence', 'disorder', 'resist', 'civil', 'city', 'preach', 'agony', 'night', 'frustration', 'despair']]",[0.814],[0.636],[0.8],0.636,0.8,unclear,,,,,
58,21.0,"['jury', 'discrimination', 'housing', 'enforce', 'civil', 'fair', 'rental', 'regardless', 'color', 'voting']",59,[],[],[],[],[],0.0,0.0,disappeared,,,,,
58,22.0,"['recommendation', 'commission', 'salary', 'submit', 'kappel', 'contribution', 'committee', 'selective', 'modify', 'judicial']",59,[],[],[],[],[],0.0,0.0,disappeared,,,,,
58,23.0,"['partnership', 'responsibility', 'perform', 'function', 'role', 'play', 'energy', 'locality', 'welfare', 'balance']",59,[],[],[],[],[],0.0,0.0,disappeared,,,,,
58,24.0,"['family', 'unit', 'housing', 'bear', 'million', 'teacher', 'television', 'decent', 'middle', 'improve']",59,[3],"[['city', 'community', 'rural', 'family', 'urban', 'farm', 'fund', 'million', 'farmer', 'town']]",[0.848],[0.8],[0.393],0.8,0.393,disappeared,,,,,
58,25.0,"['tax', 'taxis', 'billion', 'surcharge', 'income', 'reduction', 'corporate', 'excise', 'bill', 'deficit']",59,[27],"[['taxis', 'earn', 'buy', 'high', 'promote', 'income', 'inflation', 'spending', 'spend', 'economic']]",[0.784],[0.444],[0.714],0.444,0.714,unclear,,,,,
58,26.0,"['wealth', 'percent', 'great', 'undergo', 'anxiety', 'frustrating', 'birth', 'attend', 'criterion', 'huge']",59,[],[],[],[],[],0.0,0.0,disappeared,,,,,
58,28.0,"['mr', 'speaker', 'distinguish', 'guest', 'colleagues', 'vice', 'welcome', 'american', 'americans', 'view']",59,[24],"[['mr', 'speaker', 'colleagues', 'guest', 'distinguish', 'american', 'americans', 'great', 'record', 'chance']]",[0.96],[0.778],[1.0],0.778,1.0,continued,,,,,
58,29.0,"['policy', 'help', 'assistance', 'independence', 'refuse', 'shaped', 'obsolete', 'evaluation', 'liberal', 'generously']",59,"[8, 26]","[['welfare', 'help', 'taxpayer', 'outrage', 'reform', 'abolish', 'rob', 'program', 'particularly', 'poverty'], ['policy', 'direction', 'ii', 'today', 'restore', 'move', 'americans', 'path', 'reap', 'room']]","[0.785, 0.748]","[0.667, 0.333]","[0.348, 0.429]",1.0,0.776,unclear,,,,,
58,30.0,"['park', 'space', 'recreation', 'open', 'landscape', 'seashore', 'aside', 'map', 'place', 'legacy']",59,[25],"[['park', 'space', 'preserve', 'recreation', 'map', 'aside', 'open', 'expand', 'environment', 'historical']]",[0.941],[1.0],[0.857],1.0,0.857,continued,,,,,
58,31.0,"['inflation', 'blame', 'wage', 'recession', 'price', 'repeal', 'living', 'record', 'raise', 'investor']",59,[12],"[['inflation', 'price', 'blame', 'wage', 'rise', 'employment', 'repeal', 'stimulus', 'bill', 'high']]",[0.946],[1.0],[0.688],1.0,0.688,continued,,,,,
58,32.0,"['rise', 'tax', 'percent', 'earning', 'price', 'bill', 'increase', 'corporation', 'stark', 'buyer']",59,[],[],[],[],[],0.0,0.0,disappeared,,,,,
58,33.0,"['creative', 'art', 'imagination', 'honor', 'place', 'achievement', 'pathfinder', 'burst', 'promote', 'introduce']",59,[15],"[['abundance', 'creative', 'discovery', 'moon', 'man', 'imagination', 'harness', 'pioneer', 'technology', 'science']]",[0.72],[0.857],[0.429],0.857,0.429,unclear,,,,,
58,34.0,"['door', 'challenge', 'open', 'generation', 'greatness', 'side', 'search', 'genius', 'set', 'face']",59,[28],"[['challenge', 'greatness', 'seventy', 'genius', 'quest', 'long', 'door', 'apply', 'doom', 'crier']]",[0.76],[0.429],[0.5],0.429,0.5,unclear,,,,,
58,35.0,"['nuclear', 'arm', 'treaty', 'weapon', 'spread', 'race', 'disarmament', 'agreement', 'near', 'outer']",59,[],[],[],[],[],0.0,0.0,disappeared,,,,,
58,36.0,"['americans', 'young', 'enjoy', 'idleness', 'cry', 'frustrated', 'neglect', 'trap', 'distant', 'contribute']",59,[],[],[],[],[],0.0,0.0,disappeared,,,,,
58,37.0,"['gold', 'barrier', 'tariff', 'international', 'monetary', 'strengthen', 'stand', 'round', 'find', 'bridge']",59,[18],"[['international', 'gold', 'japan', 'monetary', 'cooperation', 'asia', 'regional', 'historic', 'africa', 'strengthen']]",[0.742],[0.667],[0.333],0.667,0.333,disappeared,,,,,
58,38.0,"['farmer', 'food', 'agriculture', 'farm', 'fair', 'worker', 'instruct', 'bargain', 'matchless', 'parity']",59,[],[],[],[],[],0.0,0.0,disappeared,,,,,
58,39.0,"['safety', 'pipeline', 'highway', 'bill', 'brink', 'block', 'lending', 'household', 'garage', 'gas']",59,[],[],[],[],[],0.0,0.0,disappeared,,,,,
58,40.0,"['vietnam', 'expenditure', 'fiscal', 'additional', 'come', 'billion', 'stringent', 'sensible', 'notwithstanding', 'ruthlessly']",59,[],[],[],[],[],0.0,0.0,disappeared,,,,,
58,,,59,,,,"[0.611, 0.818]","[0.4, 0.314]",1.429,0.714,merge,"[8, 19]","[['child', 'welfare', 'rob', 'dignity', 'adequate', 'health', 'recipient', 'rank', 'outrage', 'family'], ['medical', 'health', 'disease', 'doctor', 'education', 'carry', 'medicine', 'incentive', 'program', 'injury']]",1.0,"['health', 'medical', 'child', 'cost', 'afford', 'mother', 'medicine', 'rise', 'family', 'quality']","[0.871, 0.76]"
58,,,59,,,,"[0.556, 0.6]","[0.429, 0.5]",1.156,0.929,merge,"[27, 41]","[['treaty', 'ratify', 'agreement', 'pende', 'permit', 'international', 'step', 'statesman', 'reaffirm', 'allegiance'], ['speak', 'remain', 'commitment', 'go', 'existence', 'insistent', 'persist', 'quote', 'language', 'accomplish']]",13.0,"['commitment', 'treaty', 'remain', 'go', 'partner', 'pende', 'speak', 'permit', 'mutual', 'role']","[0.798, 0.79]"
59,0.0,"['message', 'reform', 'discuss', 'propose', 'series', 'week', 'complete', 'need', 'term', 'development']",60,[2],"[['message', 'reform', 'outline', 'discuss', 'week', 'leave', 'specific', 'series', 'tonight', 'agenda']]",[0.972],[0.73],[0.848],0.73,0.848,continued,,,,,
59,1.0,"['health', 'medical', 'child', 'cost', 'afford', 'mother', 'medicine', 'rise', 'family', 'quality']",60,[11],"[['health', 'medical', 'quality', 'catastrophic', 'illness', 'doctor', 'cost', 'insurance', 'improve', 'service']]",[0.867],[0.571],[1.0],0.571,1.0,unclear,,,,,
59,2.0,"['soviet', 'treaty', 'arm', 'negotiation', 'china', 'confrontation', 'nuclear', 'difference', 'agreement', 'east']",60,[0],"[['force', 'strategic', 'agreement', 'nuclear', 'east', 'soviet', 'asia', 'capability', 'deter', 'ally']]",[0.878],[0.667],[0.473],0.667,0.473,unclear,,,,,
59,3.0,"['city', 'community', 'rural', 'family', 'urban', 'farm', 'fund', 'million', 'farmer', 'town']",60,[6],"[['program', 'community', 'propose', 'rural', 'transportation', 'improve', 'social', 'development', 'city', 'help']]",[0.917],[0.786],[0.72],0.786,0.72,continued,,,,,
59,4.0,"['budget', 'billion', 'reduce', 'tax', 'expenditure', 'commission', 'balance', 'recommendation', 'deficit', 'payment']",60,[23],"[['budget', 'submit', 'fiscal', 'cut', 'growth', 'conclude', 'percent', 'dollar', 'reduction', 'grow']]",[0.852],[0.577],[1.0],0.577,1.0,unclear,,,,,
59,5.0,"['chamber', 'address', 'elect', 'senator', 'partisan', 'truman', 'russell', 'member', 'issue', 'freshman']",60,[16],"[['stand', 'freshman', 'elect', 'truman', 'member', 'chamber', 'address', 'ago', 'partisan', 'congressman']]",[0.784],[0.36],[0.75],0.36,0.75,disappeared,,,,,
59,6.0,"['vietnam', 'battle', 'college', 'enemy', 'honor', 'return', 'tonight', 'generation', 'hope', 'vietnamese']",60,[],[],[],[],[],0.0,0.0,disappeared,,,,,
59,7.0,"['crime', 'drug', 'local', 'enforcement', 'police', 'narcotic', 'rate', 'city', 'percent', 'district']",60,[9],"[['crime', 'criminal', 'drug', 'gun', 'enforcement', 'rate', 'hard', 'authority', 'convict', 'prison']]",[0.924],[0.913],[0.941],0.913,0.941,continued,,,,,
59,8.0,"['welfare', 'help', 'taxpayer', 'outrage', 'reform', 'abolish', 'rob', 'program', 'particularly', 'poverty']",60,[7],"[['welfare', 'help', 'taxpayer', 'outrage', 'reform', 'let', 'program', 'child', 'fair', 'suppose']]",[0.97],[0.783],[0.895],0.783,0.895,continued,,,,,
59,9.0,"['strength', 'lesson', 'weak', 'strong', 'ignore', 'aggression', 'decency', 'fiber', 'persevere', 'ideal']",60,[],[],[],[],[],0.0,0.0,disappeared,,,,,
59,11.0,"['job', 'unemployment', 'unemployed', 'peacetime', 'million', 'rate', 'worker', 'core', 'hard', 'train']",60,[13],"[['job', 'million', 'americans', 'fast', 'today', 'productive', 'buy', 'technology', 'earn', 'average']]",[0.814],[0.647],[0.692],0.647,0.692,unclear,,,,,
59,12.0,"['inflation', 'price', 'blame', 'wage', 'rise', 'employment', 'repeal', 'stimulus', 'bill', 'high']",60,[12],"[['inflation', 'recession', 'rise', 'consumer', 'price', 'runaway', 'bad', 'economic', 'turn', 'high']]",[0.897],[0.688],[0.857],0.688,0.857,unclear,,,,,
59,13.0,"['commitment', 'treaty', 'remain', 'go', 'partner', 'pende', 'speak', 'permit', 'mutual', 'role']",60,[],[],[],[],[],0.0,0.0,disappeared,,,,,
59,14.0,"['growth', 'economic', 'gross', 'great', 'economically', 'expansion', 'ahead', 'product', 'steady', 'grow']",60,[],[],[],[],[],0.0,0.0,disappeared,,,,,
59,15.0,"['abundance', 'creative', 'discovery', 'moon', 'man', 'imagination', 'harness', 'pioneer', 'technology', 'science']",60,[8],"[['creative', 'balance', 'grow', 'achieve', 'reliance', 'adapt', 'ability', 'moon', 'direction', 'introduce']]",[0.818],[0.714],[0.474],0.714,0.474,unclear,,,,,
59,16.0,"['goal', 'moment', 'achieve', 'colleague', 'seize', 'reach', 'dream', 'hope', 'achievement', 'great']",60,[10],"[['moment', 'goal', 'achieve', 'hope', 'seize', 'look', 'great', 'long', 'forward', 'pride']]",[0.916],[0.923],[0.688],0.923,0.688,continued,,,,,
59,17.0,"['air', 'water', 'clean', 'breathe', 'preserve', 'pollution', 'environment', 'surrounding', 'get', 'begin']",60,[17],"[['environment', 'preserve', 'natural', 'water', 'enhance', 'restore', 'get', 'air', 'physical', 'noise']]",[0.835],[0.769],[0.875],0.769,0.875,unclear,,,,,
59,18.0,"['international', 'gold', 'japan', 'monetary', 'cooperation', 'asia', 'regional', 'historic', 'africa', 'strengthen']",60,[],[],[],[],[],0.0,0.0,disappeared,,,,,
59,19.0,"['department', 'investigation', 'surtax', 'responsibility', 'conclude', 'cooperate', 'mr', 'problem', 'add', 'watergate']",60,[20],"[['investigation', 'branch', 'responsibility', 'committee', 'judicial', 'cooperate', 'court', 'legislative', 'judiciary', 'watergate']]",[0.87],[0.5],[0.857],0.5,0.857,unclear,,,,,
59,20.0,"['violence', 'disorder', 'resist', 'civil', 'city', 'preach', 'agony', 'night', 'frustration', 'despair']",60,[],[],[],[],[],0.0,0.0,disappeared,,,,,
59,21.0,"['live', 'society', 'expectation', 'remind', 'determine', 'capacity', 'decision', 'strengthening', 'shortcoming', 'lingering']",60,[14],"[['neglect', 'feel', 'afford', 'perform', 'nature', 'determine', 'remind', 'function', 'matter', 'abroad']]",[0.843],[0.667],[0.556],0.667,0.556,unclear,,,,,
59,22.0,"['school', 'property', 'taxis', 'local', 'threaten', 'discriminatory', 'recommendation', 'financing', 'tax', 'study']",60,[],[],[],[],[],0.0,0.0,disappeared,,,,,
59,24.0,"['mr', 'speaker', 'colleagues', 'guest', 'distinguish', 'american', 'americans', 'great', 'record', 'chance']",60,[18],"[['mr', 'speaker', 'guest', 'distinguish', 'vice', 'colleagues', 'distinguished', 'american', 'th', 'friend']]",[0.924],[1.0],[0.875],1.0,0.875,continued,,,,,
59,25.0,"['park', 'space', 'preserve', 'recreation', 'map', 'aside', 'open', 'expand', 'environment', 'historical']",60,[],[],[],[],[],0.0,0.0,disappeared,,,,,
59,26.0,"['policy', 'direction', 'ii', 'today', 'restore', 'move', 'americans', 'path', 'reap', 'room']",60,[],[],[],[],[],0.0,0.0,disappeared,,,,,
59,27.0,"['taxis', 'earn', 'buy', 'high', 'promote', 'income', 'inflation', 'spending', 'spend', 'economic']",60,[4],"[['taxis', 'tax', 'family', 'income', 'high', 'cut', 'excessive', 'reduction', 'billion', 'spending']]",[0.853],[0.857],[0.593],0.857,0.593,unclear,,,,,
59,28.0,"['challenge', 'greatness', 'seventy', 'genius', 'quest', 'long', 'door', 'apply', 'doom', 'crier']",60,[15],"[['challenge', 'door', 'open', 'fiber', 'greatness', 'quest', 'test', 'genius', 'face', 'opportunity']]",[0.877],[0.833],[0.625],0.833,0.625,unclear,,,,,
59,29.0,"['change', 'oath', 'th', 'constitution', 'civil', 'today', 'step', 'take', 'office', 'hardship']",60,[],[],[],[],[],0.0,0.0,disappeared,,,,,
59,30.0,"['washington', 'local', 'level', 'completely', 'flow', 'idea', 'trust', 'efficiency', 'patronize', 'contention']",60,[19],"[['washington', 'completely', 'idea', 'level', 'local', 'trust', 'follow', 'ability', 'president', 'tighten']]",[0.9],[1.0],[0.714],1.0,0.714,unclear,,,,,
59,,,60,,,,"[0.647, 0.875]","[0.393, 0.357]",1.522,0.75,merge,"[10, 23]","[['liberty', 'privacy', 'vision', 'statue', 'personal', 'door', 'society', 'datum', 'founding', 'philadelphia'], ['determine', 'bicentennial', 'century', 'independence', 'timely', 'desire', 'genuine', 'timeless', 'shift', 'importantly']]",3.0,"['liberty', 'century', 'revolution', 'bicentennial', 'say', 'senator', 'privilege', 'symbol', 'statue', 'enter']","[0.848, 0.787]"
60,0.0,"['force', 'strategic', 'agreement', 'nuclear', 'east', 'soviet', 'asia', 'capability', 'deter', 'ally']",61,[1],"[['nuclear', 'arm', 'salt', 'agreement', 'force', 'strategic', 'weapon', 'negotiate', 'capability', 'international']]",[0.878],[0.327],[0.795],0.327,0.795,disappeared,,,,,
60,1.0,"['energy', 'oil', 'production', 'supply', 'barrel', 'coal', 'need', 'price', 'domestic', 'conservation']",61,[0],"[['energy', 'oil', 'program', 'conservation', 'import', 'supply', 'barrel', 'production', 'need', 'coal']]",[0.986],[0.816],[0.769],0.816,0.769,continued,,,,,
60,2.0,"['message', 'reform', 'outline', 'discuss', 'week', 'leave', 'specific', 'series', 'tonight', 'agenda']",61,[],[],[],[],[],0.0,0.0,disappeared,,,,,
60,3.0,"['liberty', 'century', 'revolution', 'bicentennial', 'say', 'senator', 'privilege', 'symbol', 'statue', 'enter']",61,[2],"[['liberty', 'word', 'americans', 'elect', 'stand', 'freshman', 'truman', 'century', 'child', 'say']]",[0.907],[0.714],[0.629],0.714,0.629,continued,,,,,
60,4.0,"['taxis', 'tax', 'family', 'income', 'high', 'cut', 'excessive', 'reduction', 'billion', 'spending']",61,[7],"[['tax', 'cut', 'family', 'taxis', 'income', 'reduction', 'billion', 'taxpayer', 'reduce', 'propose']]",[0.951],[0.852],[0.87],0.852,0.87,continued,,,,,
60,5.0,"['happen', 'big', 'try', 'hard', 'troubled', 'want', 'bad', 'know', 'self', 'tell']",61,[11],"[['big', 'happen', 'problem', 'moral', 'abroad', 'hard', 'generation', 'try', 'lose', 'solve']]",[0.864],[0.519],[0.533],0.519,0.533,unclear,,,,,
60,8.0,"['creative', 'balance', 'grow', 'achieve', 'reliance', 'adapt', 'ability', 'moon', 'direction', 'introduce']",61,[],[],[],[],[],0.0,0.0,disappeared,,,,,
60,9.0,"['crime', 'criminal', 'drug', 'gun', 'enforcement', 'rate', 'hard', 'authority', 'convict', 'prison']",61,[8],"[['crime', 'criminal', 'drug', 'gun', 'enforcement', 'hard', 'authority', 'convict', 'prison', 'rate']]",[0.989],[1.0],[0.889],1.0,0.889,continued,,,,,
60,10.0,"['moment', 'goal', 'achieve', 'hope', 'seize', 'look', 'great', 'long', 'forward', 'pride']",61,[17],"[['achieve', 'moment', 'aim', 'task', 'look', 'tremendous', 'regimentation', 'signal', 'one', 'ingenuity']]",[0.838],[0.625],[0.5],0.625,0.5,unclear,,,,,
60,11.0,"['health', 'medical', 'quality', 'catastrophic', 'illness', 'doctor', 'cost', 'insurance', 'improve', 'service']",61,[12],"[['health', 'quality', 'afford', 'cost', 'illness', 'catastrophic', 'hospital', 'insurance', 'abroad', 'americans']]",[0.905],[0.933],[0.714],0.933,0.714,continued,,,,,
60,12.0,"['inflation', 'recession', 'rise', 'consumer', 'price', 'runaway', 'bad', 'economic', 'turn', 'high']",61,[3],"[['inflation', 'fight', 'recession', 'price', 'wage', 'growth', 'rate', 'worker', 'economic', 'unemployment']]",[0.938],[0.929],[0.844],0.929,0.844,continued,,,,,
60,13.0,"['job', 'million', 'americans', 'fast', 'today', 'productive', 'buy', 'technology', 'earn', 'average']",61,[15],"[['job', 'million', 'today', 'americans', 'productive', 'create', 'buy', 'employ', 'average', 'percentage']]",[0.932],[0.692],[1.0],0.692,1.0,continued,,,,,
60,14.0,"['neglect', 'feel', 'afford', 'perform', 'nature', 'determine', 'remind', 'function', 'matter', 'abroad']",61,[],[],[],[],[],0.0,0.0,disappeared,,,,,
60,15.0,"['challenge', 'door', 'open', 'fiber', 'greatness', 'quest', 'test', 'genius', 'face', 'opportunity']",61,[14],"[['challenge', 'test', 'face', 'fiber', 'look', 'confident', 'want', 'opportunity', 'long', 'today']]",[0.801],[0.625],[0.8],0.625,0.8,unclear,,,,,
60,16.0,"['stand', 'freshman', 'elect', 'truman', 'member', 'chamber', 'address', 'ago', 'partisan', 'congressman']",61,[],[],[],[],[],0.0,0.0,disappeared,,,,,
60,17.0,"['environment', 'preserve', 'natural', 'water', 'enhance', 'restore', 'get', 'air', 'physical', 'noise']",61,[],[],[],[],[],0.0,0.0,disappeared,,,,,
60,18.0,"['mr', 'speaker', 'guest', 'distinguish', 'vice', 'colleagues', 'distinguished', 'american', 'th', 'friend']",61,[13],"[['mr', 'investigation', 'speaker', 'guest', 'distinguished', 'branch', 'vice', 'cooperate', 'committee', 'th']]",[0.843],[1.0],[0.5],1.0,0.5,unclear,,,,,
60,19.0,"['washington', 'completely', 'idea', 'level', 'local', 'trust', 'follow', 'ability', 'president', 'tighten']",61,[],[],[],[],[],0.0,0.0,disappeared,,,,,
60,20.0,"['investigation', 'branch', 'responsibility', 'committee', 'judicial', 'cooperate', 'court', 'legislative', 'judiciary', 'watergate']",61,[13],"[['mr', 'investigation', 'speaker', 'guest', 'distinguished', 'branch', 'vice', 'cooperate', 'committee', 'th']]",[0.758],[0.429],[0.5],0.429,0.5,unclear,,,,,
60,21.0,"['constitutional', 'branch', 'constitution', 'party', 'know', 'join', 'let', 'person', 'policy', 'international']",61,[10],"[['responsibility', 'leave', 'constitution', 'constitutional', 'chief', 'force', 'armed', 'priority', 'branch', 'mission']]",[0.834],[0.857],[0.5],0.857,0.5,unclear,,,,,
60,22.0,"['employment', 'budget', 'expansionary', 'accept', 'wage', 'job', 'help', 'reignite', 'operating', 'widely']",61,[],[],[],[],[],0.0,0.0,disappeared,,,,,
60,23.0,"['budget', 'submit', 'fiscal', 'cut', 'growth', 'conclude', 'percent', 'dollar', 'reduction', 'grow']",61,[16],"[['budget', 'deficit', 'submit', 'billion', 'fiscal', 'rate', 'grow', 'percent', 'cut', 'matter']]",[0.899],[0.8],[0.875],0.8,0.875,unclear,,,,,
60,,,61,,,,"[0.76, 0.947]","[0.48, 0.44]",1.707,0.92,merge,"[6, 7]","[['program', 'community', 'propose', 'rural', 'transportation', 'improve', 'social', 'development', 'city', 'help'], ['welfare', 'help', 'taxpayer', 'outrage', 'reform', 'let', 'program', 'child', 'fair', 'suppose']]",4.0,"['welfare', 'program', 'reform', 'help', 'community', 'job', 'local', 'school', 'propose', 'young']","[0.875, 0.906]"
61,0.0,"['energy', 'oil', 'program', 'conservation', 'import', 'supply', 'barrel', 'production', 'need', 'coal']",62,[1],"[['energy', 'solar', 'conservation', 'production', 'fuel', 'oil', 'synthetic', 'source', 'gas', 'renewable']]",[0.939],[0.538],[1.0],0.538,1.0,continued,,,,,
61,1.0,"['nuclear', 'arm', 'salt', 'agreement', 'force', 'strategic', 'weapon', 'negotiate', 'capability', 'international']",62,[3],"[['nuclear', 'salt', 'arm', 'weapon', 'ii', 'agreement', 'treaty', 'mutual', 'soviet', 'ban']]",[0.95],[0.59],[0.913],0.59,0.913,continued,,,,,
61,2.0,"['liberty', 'word', 'americans', 'elect', 'stand', 'freshman', 'truman', 'century', 'child', 'say']",62,[11],"[['inaugural', 'pledge', 'great', 'chamber', 'republic', 'sacred', 'washington', 'speak', 'liberty', 'say']]",[0.911],[0.4],[0.812],0.4,0.812,unclear,,,,,
61,3.0,"['inflation', 'fight', 'recession', 'price', 'wage', 'growth', 'rate', 'worker', 'economic', 'unemployment']",62,[2],"[['inflation', 'wage', 'rate', 'budget', 'fight', 'cost', 'reimbursement', 'price', 'growth', 'worker']]",[0.966],[0.688],[0.926],0.688,0.926,continued,,,,,
61,4.0,"['welfare', 'program', 'reform', 'help', 'community', 'job', 'local', 'school', 'propose', 'young']",62,[],[],[],[],[],0.0,0.0,disappeared,,,,,
61,5.0,"['east', 'middle', 'israel', 'asia', 'africa', 'commitment', 'pacific', 'western', 'china', 'japan']",62,"[5, 13]","[['asia', 'pacific', 'china', 'japan', 'western', 'region', 'southwest', 'korea', 'strong', 'importance'], ['israel', 'egypt', 'middle', 'east', 'autonomy', 'settlement', 'arab', 'gaza', 'historic', 'process']]","[0.873, 0.777]","[0.44, 0.36]","[0.952, 0.8]",0.8,1.752,split,,,,,
61,6.0,"['soviet', 'challenge', 'afghanistan', 'strategic', 'confrontation', 'peaceful', 'warsaw', 'basic', 'decline', 'force']",62,[14],"[['soviet', 'decline', 'relationship', 'dictatorship', 'confrontation', 'dialogue', 'assessment', 'doctrine', 'dangerous', 'positive']]",[0.925],[0.6],[1.0],0.6,1.0,continued,,,,,
61,7.0,"['tax', 'cut', 'family', 'taxis', 'income', 'reduction', 'billion', 'taxpayer', 'reduce', 'propose']",62,[6],"[['tax', 'reduction', 'taxis', 'cut', 'deficit', 'rate', 'investment', 'propose', 'budget', 'taxpayer']]",[0.935],[0.826],[0.905],0.826,0.905,continued,,,,,
61,8.0,"['crime', 'criminal', 'drug', 'gun', 'enforcement', 'hard', 'authority', 'convict', 'prison', 'rate']",62,[],[],[],[],[],0.0,0.0,disappeared,,,,,
61,9.0,"['strength', 'promise', 'commitment', 'firm', 'build', 'partnership', 'historic', 'foundation', 'cooperation', 'human']",62,[46],"[['strength', 'rest', 'successes', 'satisfactory', 'bluntly', 'pillar', 'indivisible', 'warmly', 'let', 'foundation']]",[0.783],[0.333],[1.0],0.333,1.0,disappeared,,,,,
61,10.0,"['responsibility', 'leave', 'constitution', 'constitutional', 'chief', 'force', 'armed', 'priority', 'branch', 'mission']",62,[],[],[],[],[],0.0,0.0,disappeared,,,,,
61,11.0,"['big', 'happen', 'problem', 'moral', 'abroad', 'hard', 'generation', 'try', 'lose', 'solve']",62,[],[],[],[],[],0.0,0.0,disappeared,,,,,
61,12.0,"['health', 'quality', 'afford', 'cost', 'illness', 'catastrophic', 'hospital', 'insurance', 'abroad', 'americans']",62,[7],"[['health', 'coverage', 'child', 'service', 'insurance', 'urge', 'wic', 'infant', 'chap', 'program']]",[0.815],[0.571],[0.579],0.571,0.579,unclear,,,,,
61,13.0,"['mr', 'investigation', 'speaker', 'guest', 'distinguished', 'branch', 'vice', 'cooperate', 'committee', 'th']",62,[40],"[['mr', 'speaker', 'guest', 'distinguished', 'speak', 'chamber', 'thomas', 'broadcast', 'neill', 'introduce']]",[0.771],[0.5],[0.571],0.5,0.571,unclear,,,,,
61,14.0,"['challenge', 'test', 'face', 'fiber', 'look', 'confident', 'want', 'opportunity', 'long', 'today']",62,[],[],[],[],[],0.0,0.0,disappeared,,,,,
61,15.0,"['job', 'million', 'today', 'americans', 'productive', 'create', 'buy', 'employ', 'average', 'percentage']",62,[],[],[],[],[],0.0,0.0,disappeared,,,,,
61,16.0,"['budget', 'deficit', 'submit', 'billion', 'fiscal', 'rate', 'grow', 'percent', 'cut', 'matter']",62,[33],"[['deficit', 'gross', 'budget', 'product', 'percentage', 'imponderable', 'revenue', 'cut', 'spend', 'reduce']]",[0.913],[0.75],[1.0],0.75,1.0,continued,,,,,
61,17.0,"['achieve', 'moment', 'aim', 'task', 'look', 'tremendous', 'regimentation', 'signal', 'one', 'ingenuity']",62,[],[],[],[],[],0.0,0.0,disappeared,,,,,
61,18.0,"['tonight', 'unity', 'sense', 'foundation', 'serve', 'vision', 'building', 'help', 'individual', 'community']",62,[41],"[['heroism', 'hero', 'see', 'unity', 'plane', 'sense', 'dream', 'vision', 'tonight', 'don']]",[0.809],[0.5],[0.714],0.5,0.714,unclear,,,,,
61,19.0,"['civil', 'reform', 'reward', 've', 'bureaucracy', 'reorganize', 'court', 'judicial', 'woman', 'request']",62,[47],"[['reform', 'civil', 'bureaucracy', 'judicial', 'court', 'reward', 'reorganize', 'request', 'disappoint', 'inability']]",[0.934],[0.714],[1.0],0.714,1.0,continued,,,,,
61,20.0,"['human', 'democracy', 'violence', 'affect', 'proclaim', 'repressive', 'popular', 'perceive', 'method', 'outlet']",62,[24],"[['human', 'democratic', 'dignity', 'democracy', 'individual', 'mask', 'liberty', 'basis', 'purpose', 'endure']]",[0.921],[0.8],[0.818],0.8,0.818,continued,,,,,
62,0.0,"['farmer', 'food', 'agricultural', 'farm', 'grain', 'price', 'agriculture', 'export', 'crop', 'record']",63,[5],"[['food', 'agricultural', 'farmer', 'farm', 'grain', 'agriculture', 'price', 'reserve', 'crop', 'hunger']]",[0.983],[0.867],[0.958],0.867,0.958,continued,,,,,
62,1.0,"['energy', 'solar', 'conservation', 'production', 'fuel', 'oil', 'synthetic', 'source', 'gas', 'renewable']",63,[6],"[['energy', 'solar', 'conservation', 'fuel', 'oil', 'production', 'source', 'synthetic', 'gas', 'renewable']]",[0.989],[0.964],[0.913],0.964,0.913,continued,,,,,
62,3.0,"['nuclear', 'salt', 'arm', 'weapon', 'ii', 'agreement', 'treaty', 'mutual', 'soviet', 'ban']",63,[],[],[],[],[],0.0,0.0,disappeared,,,,,
62,4.0,"['force', 'missile', 'nato', 'pd', 'strategic', 'capability', 'air', 'nuclear', 'deployment', 'theater']",63,[12],"[['pd', 'deployment', 'force', 'missile', 'strategic', 'equipment', 'air', 'capability', 'endurance', 'submarine']]",[0.957],[0.783],[0.882],0.783,0.882,continued,,,,,
62,5.0,"['asia', 'pacific', 'china', 'japan', 'western', 'region', 'southwest', 'korea', 'strong', 'importance']",63,[17],"[['asia', 'pacific', 'region', 'china', 'southwest', 'japan', 'australia', 'zealand', 'asean', 'western']]",[0.975],[0.905],[1.0],0.905,1.0,continued,,,,,
62,6.0,"['tax', 'reduction', 'taxis', 'cut', 'deficit', 'rate', 'investment', 'propose', 'budget', 'taxpayer']",63,[18],"[['tax', 'reform', 'personal', 'rate', 'ask', 'simplify', 'code', 'taxpayer', 'disguise', 'simplification']]",[0.927],[0.667],[0.923],0.667,0.923,continued,,,,,
62,7.0,"['health', 'coverage', 'child', 'service', 'insurance', 'urge', 'wic', 'infant', 'chap', 'program']",63,[15],"[['health', 'coverage', 'child', 'disease', 'service', 'chap', 'infant', 'pregnant', 'insurance', 'delivery']]",[0.965],[0.789],[0.929],0.789,0.929,continued,,,,,
62,8.0,"['employment', 'youth', 'job', 'unemployed', 'young', 'training', 'unemployment', 'skill', 'welfare', 'worker']",63,[8],"[['youth', 'employment', 'job', 'unemployment', 'unemployed', 'training', 'worker', 'young', 'education', 'help']]",[0.986],[0.944],[1.0],0.944,1.0,continued,,,,,
62,9.0,"['urban', 'local', 'grant', 'program', 'interstate', 'fiscal', 'fund', 'community', 'highway', 'city']",63,[24],"[['grant', 'program', 'local', 'fund', 'udag', 'billion', 'fiscal', 'urban', 'funding', 'reauthorize']]",[0.97],[0.824],[1.0],0.824,1.0,continued,,,,,
62,10.0,"['woman', 'discrimination', 'opportunity', 'sex', 'equity', 'legal', 'range', 'violence', 'employment', 'advancement']",63,[13],"[['woman', 'discrimination', 'opportunity', 'sex', 'pension', 'equity', 'range', 'violence', 'employment', 'domestic']]",[0.991],[1.0],[0.882],1.0,0.882,continued,,,,,
62,11.0,"['inaugural', 'pledge', 'great', 'chamber', 'republic', 'sacred', 'washington', 'speak', 'liberty', 'say']",63,[],[],[],[],[],0.0,0.0,disappeared,,,,,
62,12.0,"['africa', 'african', 'libyan', 'southern', 'rule', 'majority', 'nigeria', 'sahara', 'namibia', 'cooperation']",63,[23],"[['africa', 'african', 'southern', 'nigeria', 'rule', 'majority', 'namibia', 'sahara', 'release', 'resolution']]",[0.986],[0.875],[1.0],0.875,1.0,continued,,,,,
62,13.0,"['israel', 'egypt', 'middle', 'east', 'autonomy', 'settlement', 'arab', 'gaza', 'historic', 'process']",63,[22],"[['israel', 'egypt', 'lebanon', 'libyan', 'autonomy', 'middle', 'east', 'gaza', 'process', 'step']]",[0.969],[1.0],[0.917],1.0,0.917,continued,,,,,
62,14.0,"['soviet', 'decline', 'relationship', 'dictatorship', 'confrontation', 'dialogue', 'assessment', 'doctrine', 'dangerous', 'positive']",63,[1],"[['soviet', 'nuclear', 'arm', 'force', 'nato', 'weapon', 'doctrine', 'salt', 'poland', 'verifiable']]",[0.892],[0.929],[0.512],0.929,0.512,unclear,,,,,
62,15.0,"['space', 'science', 'technology', 'scientific', 'technological', 'application', 'shuttle', 'satellite', 'civil', 'technical']",63,"[19, 42]","[['space', 'shuttle', 'earth', 'science', 'research', 'technology', 'station', 'exploration', 'go', 'build'], ['scientific', 'technology', 'science', 'technological', 'cooperation', 'technical', 'linkage', 'theme', 'surround', 'pioneer']]","[0.827, 0.934]","[0.357, 0.571]","[1.0, 1.0]",0.929,2.0,split,,,,,
62,17.0,"['transportation', 'transit', 'rural', 'rail', 'service', 'highway', 'system', 'community', 'deteriorate', 'freight']",63,[11],"[['transportation', 'rural', 'urban', 'transit', 'rail', 'community', 'line', 'service', 'branch', 'system']]",[0.976],[1.0],[0.765],1.0,0.765,continued,,,,,
62,18.0,"['honor', 'death', 'challenge', 'moral', 'heart', 'commitment', 'confident', 'see', 'strength', 'path']",63,[],[],[],[],[],0.0,0.0,disappeared,,,,,
62,19.0,"['art', 'cultural', 'humanity', 'endowment', 'scholarly', 'institution', 'tradition', 'scholar', 'technique', 'understand']",63,[29],"[['art', 'humanity', 'endowment', 'cultural', 'scholarly', 'institution', 'scholar', 'tradition', 'understand', 'matter']]",[0.984],[0.846],[1.0],0.846,1.0,continued,,,,,
62,20.0,"['refugee', 'immigration', 'admission', 'kampuchea', 'relief', 'cubans', 'flee', 'resettlement', 'migration', 'orderly']",63,[25],"[['refugee', 'immigration', 'kampuchea', 'admission', 'migration', 'cubans', 'resettlement', 'flee', 'orderly', 'coordinator']]",[0.995],[1.0],[1.0],1.0,1.0,continued,,,,,
62,22.0,"['coal', 'port', 'steam', 'export', 'operator', 'virginia', 'facility', 'vessel', 'dredge', 'baltimore']",63,[21],"[['coal', 'port', 'steam', 'export', 'operator', 'virginia', 'facility', 'vessel', 'baltimore', 'dredge']]",[1.0],[1.0],[1.0],1.0,1.0,continued,,,,,
62,23.0,"['agreement', 'multilateral', 'commodity', 'coffee', 'international', 'negotiation', 'producer', 'market', 'rubber', 'reach']",63,[4],"[['agreement', 'export', 'international', 'market', 'multilateral', 'commodity', 'trading', 'coffee', 'steel', 'negotiation']]",[0.935],[0.909],[0.583],0.909,0.583,continued,,,,,
62,25.0,"['soviet', 'afghanistan', 'invasion', 'condemnation', 'olympic', 'colonial', 'usual', 'aggression', 'international', 'condemn']",63,[2],"[['soviet', 'afghanistan', 'invasion', 'iran', 'threat', 'east', 'hostage', 'attempt', 'persian', 'aggression']]",[0.918],[1.0],[0.618],1.0,0.618,continued,,,,,
62,26.0,"['spending', 'real', 'fy', 'growth', 'budget', 'reverse', 'cent', 'percent', 'spite', 'trend']",63,[],[],[],[],[],0.0,0.0,disappeared,,,,,
62,27.0,"['solve', 'humanity', 'problem', 'americans', 'compassion', 'social', 'work', 'compassionate', 'early', 'bad']",63,[34],"[['social', 'ignore', 'humanity', 'problem', 'address', 'human', 'lay', 'matter', 'solve', 'society']]",[0.813],[0.5],[0.778],0.5,0.778,unclear,,,,,
62,28.0,"['oil', 'dependence', 'supply', 'import', 'persian', 'gulf', 'demand', 'vulnerability', 'collective', 'disruption']",63,[32],"[['oil', 'dependence', 'persian', 'demand', 'gulf', 'iran', 'supply', 'collective', 'shock', 'spot']]",[0.967],[0.9],[0.778],0.9,0.778,continued,,,,,
62,29.0,"['adversary', 'balance', 'shift', 'openness', 'determination', 'test', 'potential', 'ally', 'examination', 'haste']",63,[45],"[['adversary', 'ally', 'serve', 'human', 'matching', 'isolationism', 'steadfastedness', 'euphoria', 'espousal', 'negotiating']]",[0.932],[0.8],[0.833],0.8,0.833,continued,,,,,
62,30.0,"['needy', 'program', 'stamp', 'truly', 'dollar', 'thousand', 'meal', 'discredit', 'help', 'saving']",63,[14],"[['stamp', 'needy', 'program', 'fraud', 'elderly', 'medicare', 'medicaid', 'waste', 'billion', 'food']]",[0.973],[1.0],[1.0],1.0,1.0,continued,,,,,
62,31.0,"['conference', 'initiative', 'recommendation', 'advisory', 'neighborhood', 'incoming', 'idea', 'address', 'implement', 'organization']",63,[10],"[['conference', 'performance', 'local', 'white', 'senior', 'recommendation', 'manager', 'agency', 'family', 'initiative']]",[0.939],[0.8],[0.667],0.8,0.667,continued,,,,,
62,32.0,"['deregulation', 'competition', 'railroad', 'airline', 'communication', 'trucking', 'industry', 'bus', 'regulatory', 'regulation']",63,[16],"[['regulation', 'regulatory', 'deregulation', 'competition', 'railroad', 'airline', 'subsidy', 'industry', 'trucking', 'amtrak']]",[0.943],[1.0],[0.571],1.0,0.571,continued,,,,,
62,33.0,"['deficit', 'gross', 'budget', 'product', 'percentage', 'imponderable', 'revenue', 'cut', 'spend', 'reduce']",63,[38],"[['deficit', 'budget', 'gross', 'product', 'imponderable', 'reduce', 'percentage', 'cut', 'size', 'growth']]",[0.987],[1.0],[1.0],1.0,1.0,continued,,,,,
62,34.0,"['water', 'project', 'resource', 'sound', 'economically', 'management', 'evaluate', 'environmentally', 'action', 'environmental']",63,[33],"[['water', 'project', 'resource', 'sound', 'management', 'rain', 'acid', 'environmentally', 'pollution', 'action']]",[0.987],[0.889],[1.0],0.889,1.0,continued,,,,,
62,35.0,"['americans', 'equality', 'century', 'liberty', 'child', 'tomorrow', 'promise', 'word', 'proud', 'property']",63,[31],"[['american', 'idealism', 'americans', 'moment', 'courage', 'look', 'earth', 'hard', 'insuperable', 'admiration']]",[0.88],[1.0],[0.556],1.0,0.556,unclear,,,,,
62,36.0,"['privacy', 'branch', 'information', 'intelligence', 'personal', 'transfer', 'collect', 'file', 'legislative', 'establish']",63,[9],"[['agency', 'privacy', 'intelligence', 'information', 'personal', 'establish', 'mexico', 'streamline', 'mexican', 'paperwork']]",[0.863],[0.875],[0.444],0.875,0.444,unclear,,,,,
62,37.0,"['education', 'student', 'loan', 'school', 'secondary', 'district', 'amendment', 'grant', 'elementary', 'postsecondary']",63,[27],"[['education', 'student', 'school', 'excellence', 'teacher', 'parent', 'loan', 'secondary', 'basic', 'child']]",[0.968],[0.875],[1.0],0.875,1.0,continued,,,,,
62,38.0,"['regulatory', 'regulation', 'paperwork', 'cut', 'rule', 'agency', 'unnecessary', 'bit', 'analyze', 'outmoded']",63,[16],"[['regulation', 'regulatory', 'deregulation', 'competition', 'railroad', 'airline', 'subsidy', 'industry', 'trucking', 'amtrak']]",[0.768],[0.5],[0.357],0.5,0.357,disappeared,,,,,
62,39.0,"['nuclear', 'proliferation', 'technically', 'infce', 'reactor', 'nonproliferation', 'radioactive', 'evaluation', 'cycle', 'disposal']",63,[39],"[['nuclear', 'proliferation', 'nonproliferation', 'reactor', 'infce', 'technically', 'radioactive', 'decision', 'cycle', 'evaluation']]",[1.0],[1.0],[1.0],1.0,1.0,continued,,,,,
62,40.0,"['mr', 'speaker', 'guest', 'distinguished', 'speak', 'chamber', 'thomas', 'broadcast', 'neill', 'introduce']",63,[48],"[['mr', 'distinguished', 'guest', 'speaker', 'honor', 'preside', 'remark', 'salute', 'behalf', 'mark']]",[0.874],[0.571],[1.0],0.571,1.0,unclear,,,,,
62,41.0,"['heroism', 'hero', 'see', 'unity', 'plane', 'sense', 'dream', 'vision', 'tonight', 'don']",63,[0],"[['god', 'dream', 'faith', 'vision', 'heart', 'hero', 'thank', 'child', 'young', 'love']]",[0.855],[0.857],[0.39],0.857,0.39,disappeared,,,,,
62,42.0,"['hazardous', 'waste', 'commission', 'superfund', 'toxic', 'accident', 'safety', 'injury', 'chemical', 'pollution']",63,[40],"[['hazardous', 'waste', 'superfund', 'site', 'clean', 'toxic', 'chemical', 'pollution', 'disposal', 'strike']]",[0.921],[0.714],[1.0],0.714,1.0,continued,,,,,
62,43.0,"['rural', 'development', 'community', 'programs', 'effectively', 'affair', 'working', 'area', 'problem', 'need']",63,[47],"[['rural', 'community', 'affair', 'effectively', 'problem', 'development', 'deal', 'population', 'prominence', 'vary']]",[0.971],[1.0],[1.0],1.0,1.0,continued,,,,,
62,44.0,"['ship', 'flag', 'bulk', 'shipbuilding', 'fleet', 'maritime', 'dry', 'shipping', 'substantial', 'carrier']",63,[37],"[['flag', 'ship', 'bulk', 'shipbuilding', 'maritime', 'fleet', 'dry', 'carrier', 'cargo', 'vessel']]",[0.974],[1.0],[1.0],1.0,1.0,continued,,,,,
62,45.0,"['safety', 'fair', 'housing', 'enforcement', 'helped', 'enactment', 'organize', 'barrier', 'health', 'disabled']",63,[],[],[],[],[],0.0,0.0,disappeared,,,,,
62,46.0,"['strength', 'rest', 'successes', 'satisfactory', 'bluntly', 'pillar', 'indivisible', 'warmly', 'let', 'foundation']",63,[],[],[],[],[],0.0,0.0,disappeared,,,,,
62,47.0,"['reform', 'civil', 'bureaucracy', 'judicial', 'court', 'reward', 'reorganize', 'request', 'disappoint', 'inability']",63,[],[],[],[],[],0.0,0.0,disappeared,,,,,
62,48.0,"['social', 'beneficiary', 'retirement', 'disability', 'fund', 'insurance', 'benefit', 'trust', 'borrowing', 'borrow']",63,[46],"[['social', 'beneficiary', 'retirement', 'disability', 'fund', 'trust', 'insurance', 'benefit', 'retire', 'propose']]",[1.0],[1.0],[1.0],1.0,1.0,continued,,,,,
62,49.0,"['education', 'department', 'energy', 'create', 'sunshine', 'track', 'outlive', 'terminate', 'program', 'enact']",63,[],[],[],[],[],0.0,0.0,disappeared,,,,,
62,50.0,"['housing', 'mortgage', 'unit', 'home', 'income', 'section', 'million', 'moderate', 'family', 'expansion']",63,[26],"[['housing', 'mortgage', 'unit', 'income', 'section', 'rate', 'home', 'million', 'moderate', 'resident']]",[0.964],[1.0],[1.0],1.0,1.0,continued,,,,,
62,51.0,"['acre', 'lock', 'river', 'alaska', 'wilderness', 'park', 'forest', 'environmental', 'land', 'trail']",63,[20],"[['acre', 'park', 'alaska', 'river', 'lock', 'wilderness', 'environmental', 'land', 'wildlife', 'forest']]",[0.938],[1.0],[0.583],1.0,0.583,continued,,,,,
62,52.0,"['bank', 'institution', 'financial', 'depository', 'monetary', 'adjustment', 'insular', 'international', 'payment', 'promote']",63,[],[],[],[],[],0.0,0.0,disappeared,,,,,
62,53.0,"['hostage', 'release', 'iranian', 'civilized', 'terrorism', 'troop', 'iran', 'hold', 'measure', 'attempt']",63,[],[],[],[],[],0.0,0.0,disappeared,,,,,
62,,,63,,,,"[0.538, 0.818]","[0.333, 0.444]",1.357,0.778,merge,"[16, 24]","[['panama', 'canal', 'treaty', 'human', 'democratic', 'election', 'inter', 'peru', 'ecuador', 'nicaragua'], ['human', 'democratic', 'dignity', 'democracy', 'individual', 'mask', 'liberty', 'basis', 'purpose', 'endure']]",3.0,"['democratic', 'human', 'democracy', 'hemisphere', 'nicaragua', 'election', 'dignity', 'basis', 'struggle', 'people']","[0.775, 0.893]"
62,,,63,,,,"[0.889, 1.0]","[0.368, 0.579]",1.889,0.947,merge,"[2, 21]","[['inflation', 'wage', 'rate', 'budget', 'fight', 'cost', 'reimbursement', 'price', 'growth', 'worker'], ['recession', 'unemployment', 'inflation', 'say', 'remember', 'rate', 'percent', 'prediction', 'pessimistic', 'yes']]",7.0,"['inflation', 'rate', 'recession', 'say', 'percent', 'fear', 'unemployment', 'economic', 'remember', 'growth']","[0.885, 0.945]"
63,0.0,"['god', 'dream', 'faith', 'vision', 'heart', 'hero', 'thank', 'child', 'young', 'love']",64,"[0, 4]","[['dream', 'sun', 'god', 'vision', 'music', 'rise', 'light', 'set', 'know', 'tell'], ['family', 'faith', 'heart', 'mother', 'love', 'bear', 'child', 'unborn', 'trevor', 'value']]","[0.912, 0.888]","[0.424, 0.322]","[0.758, 0.895]",0.746,1.652,split,,,,,
63,1.0,"['soviet', 'nuclear', 'arm', 'force', 'nato', 'weapon', 'doctrine', 'salt', 'poland', 'verifiable']",64,[1],"[['soviet', 'arm', 'nuclear', 'agreement', 'reduction', 'strategic', 'weapon', 'try', 'sdi', 'threat']]",[0.94],[0.86],[0.72],0.86,0.72,continued,,,,,
63,2.0,"['soviet', 'afghanistan', 'invasion', 'iran', 'threat', 'east', 'hostage', 'attempt', 'persian', 'aggression']",64,[],[],[],[],[],0.0,0.0,disappeared,,,,,
63,3.0,"['democratic', 'human', 'democracy', 'hemisphere', 'nicaragua', 'election', 'dignity', 'basis', 'struggle', 'people']",64,[9],"[['nicaragua', 'sandinista', 'democratic', 'central', 'democracy', 'fighter', 'afghanistan', 'communist', 'soviet', 'press']]",[0.865],[0.556],[0.786],0.556,0.786,unclear,,,,,
63,4.0,"['agreement', 'export', 'international', 'market', 'multilateral', 'commodity', 'trading', 'coffee', 'steel', 'negotiation']",64,[15],"[['farmer', 'product', 'farm', 'market', 'export', 'barrier', 'crop', 'agriculture', 'knock', 'price']]",[0.706],[0.333],[0.375],0.333,0.375,disappeared,,,,,
63,5.0,"['food', 'agricultural', 'farmer', 'farm', 'grain', 'agriculture', 'price', 'reserve', 'crop', 'hunger']",64,[15],"[['farmer', 'product', 'farm', 'market', 'export', 'barrier', 'crop', 'agriculture', 'knock', 'price']]",[0.773],[0.875],[0.375],0.875,0.375,disappeared,,,,,
63,6.0,"['energy', 'solar', 'conservation', 'fuel', 'oil', 'production', 'source', 'synthetic', 'gas', 'renewable']",64,[],[],[],[],[],0.0,0.0,disappeared,,,,,
63,7.0,"['inflation', 'rate', 'recession', 'say', 'percent', 'fear', 'unemployment', 'economic', 'remember', 'growth']",64,[],[],[],[],[],0.0,0.0,disappeared,,,,,
63,9.0,"['agency', 'privacy', 'intelligence', 'information', 'personal', 'establish', 'mexico', 'streamline', 'mexican', 'paperwork']",64,[],[],[],[],[],0.0,0.0,disappeared,,,,,
63,10.0,"['conference', 'performance', 'local', 'white', 'senior', 'recommendation', 'manager', 'agency', 'family', 'initiative']",64,[],[],[],[],[],0.0,0.0,disappeared,,,,,
63,11.0,"['transportation', 'rural', 'urban', 'transit', 'rail', 'community', 'line', 'service', 'branch', 'system']",64,[],[],[],[],[],0.0,0.0,disappeared,,,,,
63,12.0,"['pd', 'deployment', 'force', 'missile', 'strategic', 'equipment', 'air', 'capability', 'endurance', 'submarine']",64,[],[],[],[],[],0.0,0.0,disappeared,,,,,
63,13.0,"['woman', 'discrimination', 'opportunity', 'sex', 'pension', 'equity', 'range', 'violence', 'employment', 'domestic']",64,[],[],[],[],[],0.0,0.0,disappeared,,,,,
63,14.0,"['stamp', 'needy', 'program', 'fraud', 'elderly', 'medicare', 'medicaid', 'waste', 'billion', 'food']",64,[7],"[['welfare', 'poverty', 'dependency', 'family', 'child', 'program', 'poor', 'woman', 'illness', 'financial']]",[0.799],[0.857],[0.429],0.857,0.429,unclear,,,,,
63,15.0,"['health', 'coverage', 'child', 'disease', 'service', 'chap', 'infant', 'pregnant', 'insurance', 'delivery']",64,[],[],[],[],[],0.0,0.0,disappeared,,,,,
63,16.0,"['regulation', 'regulatory', 'deregulation', 'competition', 'railroad', 'airline', 'subsidy', 'industry', 'trucking', 'amtrak']",64,[],[],[],[],[],0.0,0.0,disappeared,,,,,
63,17.0,"['asia', 'pacific', 'region', 'china', 'southwest', 'japan', 'australia', 'zealand', 'asean', 'western']",64,[],[],[],[],[],0.0,0.0,disappeared,,,,,
63,18.0,"['tax', 'reform', 'personal', 'rate', 'ask', 'simplify', 'code', 'taxpayer', 'disguise', 'simplification']",64,[8],"[['tax', 'rate', 'reform', 'personal', 'percent', 'inflation', 'cut', 'simplify', 'code', 'taxpayer']]",[0.961],[1.0],[0.786],1.0,0.786,continued,,,,,
63,19.0,"['space', 'shuttle', 'earth', 'science', 'research', 'technology', 'station', 'exploration', 'go', 'build']",64,[5],"[['space', 'research', 'technology', 'frontier', 'earth', 'develop', 'station', 'nasa', 'century', 'build']]",[0.943],[1.0],[0.579],1.0,0.579,continued,,,,,
63,20.0,"['acre', 'park', 'alaska', 'river', 'lock', 'wilderness', 'environmental', 'land', 'wildlife', 'forest']",64,[12],"[['clean', 'environmental', 'waste', 'acid', 'rain', 'natural', 'ocean', 'environment', 'canada', 'reduce']]",[0.806],[0.75],[0.364],0.75,0.364,disappeared,,,,,
63,21.0,"['coal', 'port', 'steam', 'export', 'operator', 'virginia', 'facility', 'vessel', 'baltimore', 'dredge']",64,[],[],[],[],[],0.0,0.0,disappeared,,,,,
63,22.0,"['israel', 'egypt', 'lebanon', 'libyan', 'autonomy', 'middle', 'east', 'gaza', 'process', 'step']",64,[],[],[],[],[],0.0,0.0,disappeared,,,,,
63,23.0,"['africa', 'african', 'southern', 'nigeria', 'rule', 'majority', 'namibia', 'sahara', 'release', 'resolution']",64,[],[],[],[],[],0.0,0.0,disappeared,,,,,
63,24.0,"['grant', 'program', 'local', 'fund', 'udag', 'billion', 'fiscal', 'urban', 'funding', 'reauthorize']",64,[],[],[],[],[],0.0,0.0,disappeared,,,,,
63,25.0,"['refugee', 'immigration', 'kampuchea', 'admission', 'migration', 'cubans', 'resettlement', 'flee', 'orderly', 'coordinator']",64,[],[],[],[],[],0.0,0.0,disappeared,,,,,
63,26.0,"['housing', 'mortgage', 'unit', 'income', 'section', 'rate', 'home', 'million', 'moderate', 'resident']",64,[],[],[],[],[],0.0,0.0,disappeared,,,,,
63,27.0,"['education', 'student', 'school', 'excellence', 'teacher', 'parent', 'loan', 'secondary', 'basic', 'child']",64,[6],"[['school', 'education', 'parent', 'teacher', 'child', 'excellence', 'student', 'family', 'reward', 'basic']]",[0.918],[1.0],[0.857],1.0,0.857,continued,,,,,
63,29.0,"['art', 'humanity', 'endowment', 'cultural', 'scholarly', 'institution', 'scholar', 'tradition', 'understand', 'matter']",64,[],[],[],[],[],0.0,0.0,disappeared,,,,,
63,30.0,"['veto', 'governor', 'item', 'll', 'bill', 'line', 'accountable', 'bold', 'appropriation', 'grant']",64,[2],"[['budget', 'veto', 'bill', 'item', 'amendment', 'deficit', 'resolution', 'governor', 'balanced', 'let']]",[0.799],[0.5],[0.391],0.5,0.391,disappeared,,,,,
63,31.0,"['american', 'idealism', 'americans', 'moment', 'courage', 'look', 'earth', 'hard', 'insuperable', 'admiration']",64,[],[],[],[],[],0.0,0.0,disappeared,,,,,
63,32.0,"['oil', 'dependence', 'persian', 'demand', 'gulf', 'iran', 'supply', 'collective', 'shock', 'spot']",64,[],[],[],[],[],0.0,0.0,disappeared,,,,,
63,33.0,"['water', 'project', 'resource', 'sound', 'management', 'rain', 'acid', 'environmentally', 'pollution', 'action']",64,[],[],[],[],[],0.0,0.0,disappeared,,,,,
63,34.0,"['social', 'ignore', 'humanity', 'problem', 'address', 'human', 'lay', 'matter', 'solve', 'society']",64,[],[],[],[],[],0.0,0.0,disappeared,,,,,
63,35.0,"['radio', 'neill', 'television', 'capitol', 'thomas', 'broadcast', 'nationwide', 'jr', 'introduce', 'speaker']",64,[17],"[['nationwide', 'capitol', 'broadcast', 'introduce', 'television', 'radio', 'note', 'chamber', 'address', 'jr']]",[0.949],[0.625],[1.0],0.625,1.0,continued,,,,,
63,36.0,"['drug', 'crime', 'criminal', 'victim', 'abuse', 'heroin', 'organize', 'defendant', 'addict', 'attitude']",64,[10],"[['drug', 'crime', 'victim', 'organize', 'involve', 'convict', 'criminal', 'young', 'treatment', 'help']]",[0.881],[0.875],[0.833],0.875,0.833,unclear,,,,,
63,37.0,"['flag', 'ship', 'bulk', 'shipbuilding', 'maritime', 'fleet', 'dry', 'carrier', 'cargo', 'vessel']",64,[],[],[],[],[],0.0,0.0,disappeared,,,,,
63,38.0,"['deficit', 'budget', 'gross', 'product', 'imponderable', 'reduce', 'percentage', 'cut', 'size', 'growth']",64,[3],"[['deficit', 'growth', 'spending', 'economic', 'taxis', 'problem', 'pay', 'budget', 'gross', 'spend']]",[0.87],[1.0],[0.45],1.0,0.45,unclear,,,,,
63,39.0,"['nuclear', 'proliferation', 'nonproliferation', 'reactor', 'infce', 'technically', 'radioactive', 'decision', 'cycle', 'evaluation']",64,[],[],[],[],[],0.0,0.0,disappeared,,,,,
63,40.0,"['hazardous', 'waste', 'superfund', 'site', 'clean', 'toxic', 'chemical', 'pollution', 'disposal', 'strike']",64,[],[],[],[],[],0.0,0.0,disappeared,,,,,
63,41.0,"['diplomatic', 'deterrence', 'ally', 'partnership', 'broad', 'opportunity', 'negotiation', 'range', 'bipartisanship', 'dialog']",64,[14],"[['lebanon', 'east', 'ally', 'role', 'assistance', 'multinational', 'beirut', 'terrorism', 'peacekeeping', 'strong']]",[0.895],[1.0],[0.6],1.0,0.6,unclear,,,,,
63,42.0,"['scientific', 'technology', 'science', 'technological', 'cooperation', 'technical', 'linkage', 'theme', 'surround', 'pioneer']",64,[],[],[],[],[],0.0,0.0,disappeared,,,,,
63,43.0,"['taxis', 'raise', 'deficit', 'rate', 'spend', 'pay', 'tax', 'cut', 'different', 'job']",64,[],[],[],[],[],0.0,0.0,disappeared,,,,,
63,44.0,"['ratification', 'amendment', 'approve', 'deadline', 'obtain', 'extend', 'additional', 'legislator', 'marshal', 'reorganization']",64,[],[],[],[],[],0.0,0.0,disappeared,,,,,
63,45.0,"['adversary', 'ally', 'serve', 'human', 'matching', 'isolationism', 'steadfastedness', 'euphoria', 'espousal', 'negotiating']",64,[],[],[],[],[],0.0,0.0,disappeared,,,,,
63,46.0,"['social', 'beneficiary', 'retirement', 'disability', 'fund', 'trust', 'insurance', 'benefit', 'retire', 'propose']",64,[],[],[],[],[],0.0,0.0,disappeared,,,,,
63,47.0,"['rural', 'community', 'affair', 'effectively', 'problem', 'development', 'deal', 'population', 'prominence', 'vary']",64,[],[],[],[],[],0.0,0.0,disappeared,,,,,
63,48.0,"['mr', 'distinguished', 'guest', 'speaker', 'honor', 'preside', 'remark', 'salute', 'behalf', 'mark']",64,[11],"[['mr', 'speaker', 'distinguished', 'guest', 'honor', 'tonight', 'leader', 'hand', 'ago', 'bob']]",[0.953],[1.0],[0.818],1.0,0.818,continued,,,,,
63,49.0,"['lead', 'undergo', 'shine', 'paper', 'intensive', 'assert', 'read', 'extensive', 'tyranny', 'thought']",64,[],[],[],[],[],0.0,0.0,disappeared,,,,,
63,,,64,,,,"[0.632, 0.6]","[0.4, 0.6]",1.232,1.0,merge,"[8, 28]","[['youth', 'employment', 'job', 'unemployment', 'unemployed', 'training', 'worker', 'young', 'education', 'help'], ['neighborhood', 'housing', 'organization', 'enforcement', 'fair', 'civil', 'eeoc', 'coast', 'fabric', 'enterprise']]",18.0,"['job', 'help', 'unemployment', 'enterprise', 'unemployed', 'community', 'coast', 'skill', 'passage', 'training']","[0.831, 0.794]"
64,0.0,"['dream', 'sun', 'god', 'vision', 'music', 'rise', 'light', 'set', 'know', 'tell']",65,[6],"[['dream', 'music', 'go', 'earth', 'rise', 'set', 'century', 'decade', 'destiny', 'look']]",[0.891],[0.545],[0.929],0.545,0.929,unclear,,,,,
64,1.0,"['soviet', 'arm', 'nuclear', 'agreement', 'reduction', 'strategic', 'weapon', 'try', 'sdi', 'threat']",65,[2],"[['soviet', 'strategic', 'arm', 'nuclear', 'agreement', 'missile', 'reduce', 'threat', 'sdi', 'reduction']]",[0.968],[0.92],[0.933],0.92,0.933,continued,,,,,
64,2.0,"['budget', 'veto', 'bill', 'item', 'amendment', 'deficit', 'resolution', 'governor', 'balanced', 'let']",65,[0],"[['budget', 'deficit', 'spending', 'let', 'reform', 'billion', 'bill', 'veto', 'spend', 'tax']]",[0.962],[1.0],[0.595],1.0,0.595,continued,,,,,
64,3.0,"['deficit', 'growth', 'spending', 'economic', 'taxis', 'problem', 'pay', 'budget', 'gross', 'spend']",65,[1],"[['investment', 'economic', 'growth', 'job', 'capital', 'term', 'tax', 'create', 'encourage', 'competitive']]",[0.819],[0.3],[0.457],0.3,0.457,disappeared,,,,,
64,4.0,"['family', 'faith', 'heart', 'mother', 'love', 'bear', 'child', 'unborn', 'trevor', 'value']",65,[4],"[['family', 'child', 'parent', 'story', 'cocaine', 'unborn', 'drug', 'mother', 'let', 'trevor']]",[0.846],[0.789],[0.52],0.789,0.52,unclear,,,,,
64,5.0,"['space', 'research', 'technology', 'frontier', 'earth', 'develop', 'station', 'nasa', 'century', 'build']",65,[],[],[],[],[],0.0,0.0,disappeared,,,,,
64,6.0,"['school', 'education', 'parent', 'teacher', 'child', 'excellence', 'student', 'family', 'reward', 'basic']",65,[7],"[['school', 'education', 'teacher', 'student', 'governor', 'child', 'kid', 'parent', 'science', 'learn']]",[0.932],[0.857],[1.0],0.857,1.0,continued,,,,,
64,7.0,"['welfare', 'poverty', 'dependency', 'family', 'child', 'program', 'poor', 'woman', 'illness', 'financial']",65,[8],"[['health', 'welfare', 'insurance', 'cost', 'reform', 'illness', 'program', 'choice', 'quality', 'help']]",[0.864],[0.643],[0.833],0.643,0.833,unclear,,,,,
64,8.0,"['tax', 'rate', 'reform', 'personal', 'percent', 'inflation', 'cut', 'simplify', 'code', 'taxpayer']",65,[],[],[],[],[],0.0,0.0,disappeared,,,,,
64,9.0,"['nicaragua', 'sandinista', 'democratic', 'central', 'democracy', 'fighter', 'afghanistan', 'communist', 'soviet', 'press']",65,[3],"[['democracy', 'nicaragua', 'democratic', 'sandinista', 'central', 'fighter', 'communist', 'today', 'ago', 'hemisphere']]",[0.927],[0.929],[0.731],0.929,0.731,continued,,,,,
64,10.0,"['drug', 'crime', 'victim', 'organize', 'involve', 'convict', 'criminal', 'young', 'treatment', 'help']",65,[10],"[['drug', 'crime', 'involve', 'tough', 'treatment', 'help', 'surely', 'enforcement', 'convict', 'criminal']]",[0.957],[0.833],[1.0],0.833,1.0,continued,,,,,
64,11.0,"['mr', 'speaker', 'distinguished', 'guest', 'honor', 'tonight', 'leader', 'hand', 'ago', 'bob']",65,[9],"[['mr', 'speaker', 'distinguished', 'radio', 'guest', 'broadcast', 'honor', 'note', 'tonight', 'introduce']]",[0.947],[1.0],[0.727],1.0,0.727,continued,,,,,
64,12.0,"['clean', 'environmental', 'waste', 'acid', 'rain', 'natural', 'ocean', 'environment', 'canada', 'reduce']",65,[13],"[['clean', 'environmental', 'plant', 'waste', 'coal', 'fund', 'ocean', 'canada', 'neglect', 'agreement']]",[0.824],[0.727],[0.833],0.727,0.833,unclear,,,,,
64,13.0,"['bipartisan', 'commission', 'americans', 'democrats', 'republicans', 'social', 'cooperation', 'inflation', 'difference', 'drain']",65,[14],"[['know', 'mayor', 'chamber', 'ask', 'game', 'practical', 'party', 'commission', 'tell', 'pride']]",[0.725],[0.364],[0.667],0.364,0.667,disappeared,,,,,
64,14.0,"['lebanon', 'east', 'ally', 'role', 'assistance', 'multinational', 'beirut', 'terrorism', 'peacekeeping', 'strong']",65,[5],"[['aggression', 'gulf', 'iraq', 'saddam', 'try', 'persian', 'wrong', 'dictator', 'kuwait', 'community']]",[0.713],[0.4],[0.409],0.4,0.409,unclear,,,,,
64,15.0,"['farmer', 'product', 'farm', 'market', 'export', 'barrier', 'crop', 'agriculture', 'knock', 'price']",65,[],[],[],[],[],0.0,0.0,disappeared,,,,,
64,16.0,"['prayer', 'child', 'classroom', 'god', 'supreme', 'schoolroom', 'spiritual', 'enjoy', 'group', 'school']",65,[],[],[],[],[],0.0,0.0,disappeared,,,,,
64,17.0,"['nationwide', 'capitol', 'broadcast', 'introduce', 'television', 'radio', 'note', 'chamber', 'address', 'jr']",65,[],[],[],[],[],0.0,0.0,disappeared,,,,,
64,18.0,"['job', 'help', 'unemployment', 'enterprise', 'unemployed', 'community', 'coast', 'skill', 'passage', 'training']",65,[],[],[],[],[],0.0,0.0,disappeared,,,,,
65,0.0,"['budget', 'deficit', 'spending', 'let', 'reform', 'billion', 'bill', 'veto', 'spend', 'tax']",66,[3],"[['budget', 'deficit', 'spending', 'freeze', 'll', 'domestic', 'item', 'real', 'priority', 'spend']]",[0.957],[0.881],[1.0],0.881,1.0,continued,,,,,
65,1.0,"['investment', 'economic', 'growth', 'job', 'capital', 'term', 'tax', 'create', 'encourage', 'competitive']",66,"[6, 11]","[['tax', 'economic', 'growth', 'taxis', 'company', 'investment', 'business', 'raise', 'encourage', 'rate'], ['market', 'economic', 'capital', 'competitive', 'investment', 'technology', 'low', 'completion', 'match', 'global']]","[0.825, 0.897]","[0.314, 0.4]","[0.867, 0.917]",0.714,1.783,split,,,,,
65,2.0,"['soviet', 'strategic', 'arm', 'nuclear', 'agreement', 'missile', 'reduce', 'threat', 'sdi', 'reduction']",66,"[8, 16]","[['soviet', 'russia', 'vaclav', 'presence', 'havel', 'nato', 'peaceful', 'partner', 'strategic', 'democracy'], ['missile', 'nuclear', 'warhead', 'strategic', 'bomber', 'ballistic', 'production', 'threat', 'peacekeeper', 'base']]","[0.889, 0.851]","[0.667, 0.3]","[0.857, 1.0]",0.967,1.857,split,,,,,
65,3.0,"['democracy', 'nicaragua', 'democratic', 'sandinista', 'central', 'fighter', 'communist', 'today', 'ago', 'hemisphere']",66,[9],"[['democracy', 'democratic', 'depend', 'dissent', 'let', 'americans', 'chamber', 'party', 'voice', 'add']]",[0.842],[0.5],[0.692],0.5,0.692,unclear,,,,,
65,4.0,"['family', 'child', 'parent', 'story', 'cocaine', 'unborn', 'drug', 'mother', 'let', 'trevor']",66,[],[],[],[],[],0.0,0.0,disappeared,,,,,
65,5.0,"['aggression', 'gulf', 'iraq', 'saddam', 'try', 'persian', 'wrong', 'dictator', 'kuwait', 'community']",66,[2],"[['gulf', 'iraq', 'saddam', 'aggression', 'persian', 'region', 'dead', 'kuwait', 'victory', 'dictator']]",[0.974],[0.818],[0.75],0.818,0.75,continued,,,,,
65,6.0,"['dream', 'music', 'go', 'earth', 'rise', 'set', 'century', 'decade', 'destiny', 'look']",66,[23],"[['earth', 'inch', 'day', 'remember', 'rise', 'vow', 'perseverance', 'timid', 'thankful', 'surround']]",[0.858],[0.714],[0.833],0.714,0.833,unclear,,,,,
65,7.0,"['school', 'education', 'teacher', 'student', 'governor', 'child', 'kid', 'parent', 'science', 'learn']",66,[4],"[['school', 'education', 'student', 'teacher', 'learn', 'program', 'college', 'skill', 'governor', 'training']]",[0.927],[0.833],[0.864],0.833,0.864,continued,,,,,
65,8.0,"['health', 'welfare', 'insurance', 'cost', 'reform', 'illness', 'program', 'choice', 'quality', 'help']",66,[0],"[['health', 'insurance', 'cost', 'coverage', 'doctor', 'cover', 'lose', 'americans', 'reform', 'medicare']]",[0.891],[0.583],[0.938],0.583,0.938,unclear,,,,,
65,9.0,"['mr', 'speaker', 'distinguished', 'radio', 'guest', 'broadcast', 'honor', 'note', 'tonight', 'introduce']",66,[14],"[['mr', 'speaker', 'speech', 'th', 'tonight', 'guest', 'churchill', 'sail', 'distinguished', 'congratulate']]",[0.873],[1.0],[0.818],1.0,0.818,unclear,,,,,
65,10.0,"['drug', 'crime', 'involve', 'tough', 'treatment', 'help', 'surely', 'enforcement', 'convict', 'criminal']",66,[1],"[['crime', 'drug', 'police', 'criminal', 'tough', 'community', 'bill', 'officer', 'violent', 'let']]",[0.937],[1.0],[0.833],1.0,0.833,continued,,,,,
65,11.0,"['write', 'markwell', 'know', 'army', 'letter', 'want', 'old', 'speicher', 'shelby', 'james']",66,[],[],[],[],[],0.0,0.0,disappeared,,,,,
65,12.0,"['partner', 'expand', 'north', 'farmer', 'hemisphere', 'highly', 'canadian', 'major', 'exchange', 'currency']",66,[],[],[],[],[],0.0,0.0,disappeared,,,,,
65,13.0,"['clean', 'environmental', 'plant', 'waste', 'coal', 'fund', 'ocean', 'canada', 'neglect', 'agreement']",66,[22],"[['clean', 'environmental', 'plant', 'waste', 'water', 'environment', 'agreement', 'fund', 'coal', 'canada']]",[0.987],[1.0],[1.0],1.0,1.0,continued,,,,,
65,14.0,"['know', 'mayor', 'chamber', 'ask', 'game', 'practical', 'party', 'commission', 'tell', 'pride']",66,[5],"[['lobbyist', 'influence', 'lobby', 'hear', 'finance', 'pass', 'campaign', 'reform', 'bill', 'election']]",[0.726],[0.333],[0.4],0.333,0.4,disappeared,,,,,
65,15.0,"['th', 'honorable', 'young', 'constitution', 'convention', 'final', 'congratulate', 'delegate', 'philadelphia', 'birthday']",66,[],[],[],[],[],0.0,0.0,disappeared,,,,,
66,0.0,"['health', 'insurance', 'cost', 'coverage', 'doctor', 'cover', 'lose', 'americans', 'reform', 'medicare']",67,[1],"[['health', 'insurance', 'coverage', 'medicare', 'lose', 'doctor', 'cost', 'americans', 'cover', 'guarantee']]",[0.986],[0.906],[0.946],0.906,0.946,continued,,,,,
66,1.0,"['crime', 'drug', 'police', 'criminal', 'tough', 'community', 'bill', 'officer', 'violent', 'let']",67,[2],"[['crime', 'police', 'violent', 'criminal', 'street', 'drug', 'community', 'bill', 'gang', 'gun']]",[0.956],[0.867],[0.865],0.867,0.865,continued,,,,,
66,2.0,"['gulf', 'iraq', 'saddam', 'aggression', 'persian', 'region', 'dead', 'kuwait', 'victory', 'dictator']",67,[10],"[['bosnia', 'troop', 'mission', 'weapon', 'east', 'terrorist', 'israel', 'convention', 'woman', 'uniform']]",[0.752],[0.458],[0.588],0.458,0.588,unclear,,,,,
66,3.0,"['budget', 'deficit', 'spending', 'freeze', 'll', 'domestic', 'item', 'real', 'priority', 'spend']",67,[13],"[['deficit', 'spending', 'budget', 'billion', 'cut', 'domestic', 'll', 'cent', 'number', 'real']]",[0.916],[0.591],[0.867],0.591,0.867,continued,,,,,
66,4.0,"['school', 'education', 'student', 'teacher', 'learn', 'program', 'college', 'skill', 'governor', 'training']",67,[5],"[['school', 'teacher', 'standard', 'grade', 'student', 'child', 'read', 'parent', 'help', 'charter']]",[0.861],[0.545],[0.875],0.545,0.875,unclear,,,,,
66,5.0,"['lobbyist', 'influence', 'lobby', 'hear', 'finance', 'pass', 'campaign', 'reform', 'bill', 'election']",67,[6],"[['reform', 'campaign', 'lobbyist', 'finance', 'pass', 'lobby', 'vote', 'influence', 'bipartisan', 'feingold']]",[0.927],[0.733],[0.875],0.733,0.875,continued,,,,,
66,6.0,"['tax', 'economic', 'growth', 'taxis', 'company', 'investment', 'business', 'raise', 'encourage', 'rate']",67,"[21, 26]","[['investment', 'estate', 'low', 'term', 'encourage', 'real', 'allowance', 'cost', 'salary', 'purchase'], ['company', 'tax', 'mandate', 'taxis', 'income', 'recommend', 'raise', 'seek', 'percent', 'move']]","[0.836, 0.914]","[0.333, 0.467]","[0.75, 1.0]",0.8,1.75,split,,,,,
66,7.0,"['cut', 'regulation', 've', 'bureaucracy', 'staff', 'vice', 'day', 'department', 'save', 'program']",67,[16],"[['cut', 'bureaucracy', 'staff', 'page', 'program', 've', 'position', 'save', 'didn', 'approximately']]",[0.939],[0.733],[0.833],0.733,0.833,continued,,,,,
66,8.0,"['soviet', 'russia', 'vaclav', 'presence', 'havel', 'nato', 'peaceful', 'partner', 'strategic', 'democracy']",67,[24],"[['nato', 'partner', 'bloc', 'communist', 'democracy', 'russia', 'chart', 'ukraine', 'soviet', 'future']]",[0.849],[0.643],[1.0],0.643,1.0,unclear,,,,,
66,9.0,"['democracy', 'democratic', 'depend', 'dissent', 'let', 'americans', 'chamber', 'party', 'voice', 'add']",67,[11],"[['democracy', 'cold', 'haiti', 'leadership', 'democratic', 'abroad', 'south', 'support', 'experiment', 'hemisphere']]",[0.73],[0.385],[0.5],0.385,0.5,disappeared,,,,,
66,10.0,"['welfare', 'want', 'alien', 'illegal', 'governor', 'work', 'reform', 'congresswoman', 'trap', 'party']",67,[0],"[['welfare', 'reform', 'illegal', 'want', 'responsibility', 'job', 'border', 'value', 'mexico', 'roll']]",[0.952],[1.0],[0.822],1.0,0.822,continued,,,,,
66,11.0,"['market', 'economic', 'capital', 'competitive', 'investment', 'technology', 'low', 'completion', 'match', 'global']",67,[20],"[['market', 'economy', 'global', 'good', 'barrier', 'open', 'asia', 'completion', 'expand', 'low']]",[0.83],[0.417],[1.0],0.417,1.0,unclear,,,,,
66,12.0,"['covenant', 'washington', 'old', 'corps', 'govern', 'generation', 'serve', 'decision', 'person', 'different']",67,[22],"[['covenant', 'old', 'govern', 'person', 'different', 'reward', 'inflexible', 'inject', 'repair', 'fit']]",[0.966],[0.727],[1.0],0.727,1.0,continued,,,,,
66,13.0,"['wage', 'minimum', 'work', 'family', 'income', 'underclass', 'evidence', 'shrink', 'raise', 'child']",67,[19],"[['wage', 'minimum', 'raise', 'work', 'hour', 'underclass', 'educate', 'evidence', 'shrink', 'middle']]",[0.949],[0.636],[0.9],0.636,0.9,continued,,,,,
66,14.0,"['mr', 'speaker', 'speech', 'th', 'tonight', 'guest', 'churchill', 'sail', 'distinguished', 'congratulate']",67,[23],"[['mr', 'speaker', 'guest', 'distinguished', 'th', 'vice', 'congratulate', 'american', 'americans', 'fresh']]",[0.887],[0.545],[1.0],0.545,1.0,unclear,,,,,
66,15.0,"['faith', 'church', 'community', 'congregation', 'rev', 'covenant', 'religious', 'worship', 'conscience', 'anchor']",67,[7],"[['church', 'faith', 'community', 'founder', 'reverend', 'liberty', 'oklahoma', 'wish', 'city', 'religious']]",[0.9],[0.9],[0.545],0.9,0.545,continued,,,,,
66,16.0,"['missile', 'nuclear', 'warhead', 'strategic', 'bomber', 'ballistic', 'production', 'threat', 'peacekeeper', 'base']",67,[8],"[['nuclear', 'missile', 'warhead', 'russia', 'weapon', 'russian', 'ban', 'treaty', 'korea', 'production']]",[0.919],[1.0],[0.833],1.0,0.833,continued,,,,,
66,17.0,"['child', 'disease', 'family', 'society', 'vulnerable', 'adoption', 'pregnant', 'parent', 'immunization', 'discrimination']",67,[],[],[],[],[],0.0,0.0,disappeared,,,,,
66,18.0,"['flood', 'california', 'disaster', 'fire', 'come', 'angel', 'behave', 'stranger', 'oil', 'lease']",67,[15],"[['flood', 'disaster', 'california', 'west', 'fire', 'come', 'behave', 'angel', 'stranger', 'earth']]",[0.936],[0.875],[0.75],0.875,0.75,continued,,,,,
66,19.0,"['word', 'lincoln', 'idea', 'ago', 'liberty', 'leadership', 'preserve', 'endow', 'evident', 'gate']",67,[],[],[],[],[],0.0,0.0,disappeared,,,,,
66,20.0,"['parent', 'child', 'mistake', 'punish', 'responsibility', 'shouldn', 'pay', 'balance', 'bad', 'require']",67,[9],"[['parent', 'family', 'leave', 'child', 'medical', 'worker', 'mistake', 'punish', 'lose', 'obligation']]",[0.862],[1.0],[0.444],1.0,0.444,unclear,,,,,
66,21.0,"['take', 'lot', 'parent', 'difference', 'gift', 'light', 'great', 'kid', 'community', 'child']",67,[14],"[['family', 'child', 'parent', 'take', 'love', 'college', 'know', 'lot', 'responsibility', 'answer']]",[0.865],[0.714],[0.6],0.714,0.6,unclear,,,,,
66,22.0,"['clean', 'environmental', 'plant', 'waste', 'water', 'environment', 'agreement', 'fund', 'coal', 'canada']",67,[12],"[['water', 'clean', 'toxic', 'safe', 'environment', 'air', 'environmental', 'river', 'polluter', 'food']]",[0.781],[1.0],[0.733],1.0,0.733,unclear,,,,,
66,23.0,"['earth', 'inch', 'day', 'remember', 'rise', 'vow', 'perseverance', 'timid', 'thankful', 'surround']",67,[],[],[],[],[],0.0,0.0,disappeared,,,,,
66,24.0,"['inflation', 'record', 'export', 'economic', 'rate', 'industry', 'million', 'unemployment', 'trouble', 'number']",67,[31],"[['record', 'inflation', 'rate', 'million', 'combine', 'sale', 'low', 'sell', 'job', 'previous']]",[0.871],[0.833],[1.0],0.833,1.0,unclear,,,,,
66,25.0,"['big', 'worthy', 'shape', 'enter', 'forward', 'paralyzed', 'circle', 'widening', 'universal', 'singular']",67,[],[],[],[],[],0.0,0.0,disappeared,,,,,
66,26.0,"['era', 'mark', 'germany', 'eye', 'revolution', 'address', 'cold', 'leadership', 'reference', 'unparallele']",67,[],[],[],[],[],0.0,0.0,disappeared,,,,,
66,27.0,"['responsibility', 'measure', 'permeate', 'repetitive', 'mindless', 'irresponsible', 'incessant', 'medium', 'expression', 'unique']",67,[],[],[],[],[],0.0,0.0,disappeared,,,,,
67,0.0,"['welfare', 'reform', 'illegal', 'want', 'responsibility', 'job', 'border', 'value', 'mexico', 'roll']",68,[1],"[['welfare', 'roll', 'reform', 'low', 'job', 'level', 'trap', 'elaine', 'recipient', 'help']]",[0.983],[0.844],[0.938],0.844,0.938,continued,,,,,
67,1.0,"['health', 'insurance', 'coverage', 'medicare', 'lose', 'doctor', 'cost', 'americans', 'cover', 'guarantee']",68,[2],"[['health', 'insurance', 'medical', 'lose', 'coverage', 'family', 'million', 'doctor', 'access', 'extend']]",[0.922],[0.865],[0.594],0.865,0.594,continued,,,,,
67,2.0,"['crime', 'police', 'violent', 'criminal', 'street', 'drug', 'community', 'bill', 'gang', 'gun']",68,[9],"[['crime', 'police', 'community', 'violent', 'street', 'rate', 'gang', 'local', 'safe', 'let']]",[0.933],[0.568],[0.941],0.568,0.941,continued,,,,,
67,3.0,"['challenge', 'americans', 'tonight', 'heritage', 'millennium', 'thousand', 'art', 'celebration', 'century', 'culture']",68,"[5, 12]","[['millennium', 'sun', 'franklin', 'preserve', 'treasure', 'word', 'art', 'culture', 'star', 'liberty'], ['challenge', 'tonight', 'look', 'press', 'burden', 'stand', 'ahead', 'narrow', 'daily', 'controversy']]","[0.826, 0.859]","[0.355, 0.387]","[0.714, 0.571]",0.742,1.286,split,,,,,
67,4.0,"['chamber', 'know', 'party', 'idea', 'republicans', 'problem', 'let', 'll', 'democrats', 'discussion']",68,[26],"[['party', 'agree', 'chamber', 'divide', 'let', 'partisanship', 'll', 'issue', 'idea', 'regard']]",[0.785],[0.32],[0.778],0.32,0.778,disappeared,,,,,
67,5.0,"['school', 'teacher', 'standard', 'grade', 'student', 'child', 'read', 'parent', 'help', 'charter']",68,[],[],[],[],[],0.0,0.0,disappeared,,,,,
67,6.0,"['reform', 'campaign', 'lobbyist', 'finance', 'pass', 'lobby', 'vote', 'influence', 'bipartisan', 'feingold']",68,[8],"[['campaign', 'reform', 'bipartisan', 'finance', 'feingold', 'mccain', 'pass', 'party', 'candidate', 'curb']]",[0.944],[0.708],[0.778],0.708,0.778,continued,,,,,
67,7.0,"['church', 'faith', 'community', 'founder', 'reverend', 'liberty', 'oklahoma', 'wish', 'city', 'religious']",68,[29],"[['church', 'repairer', 'tone', 'worship', 'breach', 'thou', 'shalt', 'rev', 'covenant', 'oath']]",[0.897],[0.5],[1.0],0.5,1.0,unclear,,,,,
67,8.0,"['nuclear', 'missile', 'warhead', 'russia', 'weapon', 'russian', 'ban', 'treaty', 'korea', 'production']",68,[14],"[['nuclear', 'treaty', 'ban', 'russia', 'korea', 'weapon', 'comprehensive', 'missile', 'north', 'threat']]",[0.923],[0.778],[1.0],0.778,1.0,continued,,,,,
67,9.0,"['parent', 'family', 'leave', 'child', 'medical', 'worker', 'mistake', 'punish', 'lose', 'obligation']",68,[3],"[['child', 'parent', 'family', 'father', 'responsibility', 'poverty', 'succeed', 'strengthen', 'mistake', 'raise']]",[0.881],[0.5],[0.357],0.5,0.357,disappeared,,,,,
67,10.0,"['bosnia', 'troop', 'mission', 'weapon', 'east', 'terrorist', 'israel', 'convention', 'woman', 'uniform']",68,[16],"[['bosnia', 'troop', 'kosovo', 'mission', 'woman', 'captain', 'nato', 'proud', 'iraq', 'uniform']]",[0.927],[0.706],[0.923],0.706,0.923,continued,,,,,
67,11.0,"['democracy', 'cold', 'haiti', 'leadership', 'democratic', 'abroad', 'south', 'support', 'experiment', 'hemisphere']",68,[37],"[['democracy', 'experiment', 'colombia', 'nigeria', 'african', 'spring', 'africa', 'fuel', 'grow', 'democratic']]",[0.909],[0.688],[1.0],0.688,1.0,continued,,,,,
67,12.0,"['water', 'clean', 'toxic', 'safe', 'environment', 'air', 'environmental', 'river', 'polluter', 'food']",68,[13],"[['water', 'clean', 'toxic', 'air', 'safe', 'environment', 'grow', 'park', 'polluter', 'river']]",[0.931],[0.667],[0.929],0.667,0.929,continued,,,,,
67,14.0,"['family', 'child', 'parent', 'take', 'love', 'college', 'know', 'lot', 'responsibility', 'answer']",68,[3],"[['child', 'parent', 'family', 'father', 'responsibility', 'poverty', 'succeed', 'strengthen', 'mistake', 'raise']]",[0.943],[1.0],[0.643],1.0,0.643,continued,,,,,
67,15.0,"['flood', 'disaster', 'california', 'west', 'fire', 'come', 'behave', 'angel', 'stranger', 'earth']",68,[],[],[],[],[],0.0,0.0,disappeared,,,,,
67,16.0,"['cut', 'bureaucracy', 'staff', 'page', 'program', 've', 'position', 'save', 'didn', 'approximately']",68,[31],"[['page', 'regulation', 'program', 'gore', 'tick', 've', 'unnecessary', 'vice', 'eliminate', 'cut']]",[0.907],[0.75],[1.0],0.75,1.0,continued,,,,,
67,18.0,"['poor', 'zone', 'job', 'rural', 'bank', 'development', 'community', 'empowerment', 'housing', 'incentive']",68,[6],"[['empowerment', 'development', 'bank', 'zone', 'farm', 'community', 'mental', 'poor', 'joe', 'incentive']]",[0.909],[0.818],[0.6],0.818,0.6,continued,,,,,
67,19.0,"['wage', 'minimum', 'raise', 'work', 'hour', 'underclass', 'educate', 'evidence', 'shrink', 'middle']",68,[22],"[['wage', 'minimum', 'raise', 'hour', 'cent', 'underclass', 'reward', 'dollar', 'earn', 'evidence']]",[0.981],[0.9],[1.0],0.9,1.0,continued,,,,,
67,20.0,"['market', 'economy', 'global', 'good', 'barrier', 'open', 'asia', 'completion', 'expand', 'low']",68,[10],"[['market', 'good', 'global', 'product', 'export', 'overseas', 'globalization', 'tear', 'economy', 'barrier']]",[0.907],[0.8],[0.867],0.8,0.867,continued,,,,,
67,21.0,"['investment', 'estate', 'low', 'term', 'encourage', 'real', 'allowance', 'cost', 'salary', 'purchase']",68,[],[],[],[],[],0.0,0.0,disappeared,,,,,
67,22.0,"['covenant', 'old', 'govern', 'person', 'different', 'reward', 'inflexible', 'inject', 'repair', 'fit']",68,[15],"[['covenant', 'old', 'corp', 'americorps', 'unite', 'community', 'different', 'govern', 'count', 'share']]",[0.933],[1.0],[0.615],1.0,0.615,continued,,,,,
67,23.0,"['mr', 'speaker', 'guest', 'distinguished', 'th', 'vice', 'congratulate', 'american', 'americans', 'fresh']",68,[23],"[['mr', 'speaker', 'guest', 'vice', 'th', 'distinguished', 'american', 'congratulate', 'swearing', 'honor']]",[0.959],[1.0],[0.9],1.0,0.9,continued,,,,,
67,24.0,"['nato', 'partner', 'bloc', 'communist', 'democracy', 'russia', 'chart', 'ukraine', 'soviet', 'future']",68,[],[],[],[],[],0.0,0.0,disappeared,,,,,
67,25.0,"['college', 'scholarship', 'loan', 'student', 'tuition', 'pell', 'grant', 'tax', 'repay', 'university']",68,[11],"[['college', 'loan', 'scholarship', 'student', 'tuition', 'pell', 'affordable', 'grant', 'tax', 'ira']]",[0.971],[1.0],[0.8],1.0,0.8,continued,,,,,
67,26.0,"['company', 'tax', 'mandate', 'taxis', 'income', 'recommend', 'raise', 'seek', 'percent', 'move']",68,[24],"[['tax', 'relief', 'taxis', 'rate', 'income', 'lower', 'code', 'raise', 'percent', 'cut']]",[0.91],[1.0],[0.9],1.0,0.9,continued,,,,,
67,27.0,"['connect', 'classroom', 'library', 'superhighway', 'information', 'hospital', 'internet', 'computer', 'town', 'access']",68,[25],"[['classroom', 'connect', 'internet', 'library', 'tech', 'school', 'connection', 'teacher', 'town', 'spring']]",[0.934],[0.857],[0.8],0.857,0.8,continued,,,,,
67,28.0,"['farsighte', 'virtue', 'pursuit', 'lead', 'strength', 'weakness', 'shortsighted', 'deaf', 'ear', 'left']",68,[],[],[],[],[],0.0,0.0,disappeared,,,,,
67,29.0,"['credit', 'crunch', 'loan', 'regulator', 'propose', 'firm', 'target', 'bank', 'fair', 'risk']",68,[],[],[],[],[],0.0,0.0,disappeared,,,,,
67,30.0,"['permit', 'education', 'deduct', 'tax', 'individual', 'training', 'shine', 'spotlight', 'buying', 'foster']",68,[36],"[['tax', 'marriage', 'family', 'income', 'credit', 'sixteen', 'pro', 'educate', 'relief', 'child']]",[0.838],[0.667],[0.857],0.667,0.857,unclear,,,,,
67,31.0,"['record', 'inflation', 'rate', 'million', 'combine', 'sale', 'low', 'sell', 'job', 'previous']",68,[19],"[['growth', 'record', 'unemployment', 'economic', 'job', 'inflation', 'million', 'low', 'rate', 'create']]",[0.924],[1.0],[0.818],1.0,0.818,continued,,,,,
67,32.0,"['bless', 'god', 'thank', 'welcome', 'alice', 'eulogize', 'lillie', 'mary', 'grateful', 'sister']",68,[39],"[['bless', 'god', 'thank', 'night', 'day', '', '', '', '', '']]",[0.94],[0.667],[1.0],0.667,1.0,continued,,,,,
67,33.0,"['worker', 'voucher', 'directly', 'skill', 'training', 'worth', 'funding', 'bill', 'employer', 'offer']",68,[18],"[['worker', 'training', 'skill', 'directly', 'close', 'voucher', 'simple', 'bill', 'grant', 'consolidate']]",[0.945],[1.0],[0.818],1.0,0.818,continued,,,,,
67,34.0,"['gene', 'cancer', 'scientist', 'science', 'scientific', 'human', 'discover', 'aid', 'vaccine', 'discovery']",68,[21],"[['cancer', 'gene', 'science', 'scientist', 'human', 'research', 'disease', 'scientific', 'medical', 'breast']]",[0.931],[0.833],[0.909],0.833,0.909,continued,,,,,
67,35.0,"['energy', 'unlike', 'tax', 'engine', 'efficient', 'clean', 'innovation', 'environment', 'pollution', 'engage']",68,[27],"[['energy', 'greenhouse', 'gas', 'efficient', 'clean', 'car', 'climate', 'warming', 'environment', 'reduce']]",[0.771],[0.6],[0.5],0.6,0.5,unclear,,,,,
67,,,68,,,,"[0.867, 0.833]","[0.5, 0.5]",1.7,1.0,merge,"[13, 17]","[['deficit', 'spending', 'budget', 'billion', 'cut', 'domestic', 'll', 'cent', 'number', 'real'], ['balance', 'budget', 'surplus', 'balanced', 'drug', 'amendment', 'large', 'propose', 'project', 'deficit']]",4.0,"['deficit', 'balance', 'budget', 'fiscal', 'discipline', 'balanced', 'project', 'resolve', 'path', 'll']","[0.878, 0.926]"
68,0.0,"['medicare', 'social', 'drug', 'save', 'prescription', 'surplus', 'senior', 'pension', 'account', 'retirement']",69,"[3, 13]","[['medicare', 'senior', 'prescription', 'drug', 'coverage', 'social', 'health', 'reform', 'budget', 'choose'], ['social', 'retirement', 'save', 'surplus', 'sound', 'pension', 'percent', 'account', 'saving', 'return']]","[0.929, 0.838]","[0.595, 0.351]","[0.957, 0.923]",0.946,1.88,split,,,,,
68,1.0,"['welfare', 'roll', 'reform', 'low', 'job', 'level', 'trap', 'elaine', 'recipient', 'help']",69,[],[],[],[],[],0.0,0.0,disappeared,,,,,
68,2.0,"['health', 'insurance', 'medical', 'lose', 'coverage', 'family', 'million', 'doctor', 'access', 'extend']",69,[25],"[['insurance', 'million', 'health', 'cover', 'extend', 'child', 'medical', 'plan', 'doctor', 'ago']]",[0.906],[0.5],[1.0],0.5,1.0,unclear,,,,,
68,3.0,"['child', 'parent', 'family', 'father', 'responsibility', 'poverty', 'succeed', 'strengthen', 'mistake', 'raise']",69,[],[],[],[],[],0.0,0.0,disappeared,,,,,
68,4.0,"['deficit', 'balance', 'budget', 'fiscal', 'discipline', 'balanced', 'project', 'resolve', 'path', 'll']",69,[4],"[['budget', 'spending', 'deficit', 'priority', 'additional', 'fund', 'spend', 'fiscal', 'discipline', 'project']]",[0.915],[0.955],[0.81],0.955,0.81,continued,,,,,
68,5.0,"['millennium', 'sun', 'franklin', 'preserve', 'treasure', 'word', 'art', 'culture', 'star', 'liberty']",69,[8],"[['millennium', 'sun', 'century', 'franklin', 'restore', 'honor', 'lift', 'treasure', 'generation', 'theodore']]",[0.926],[0.762],[0.733],0.762,0.733,continued,,,,,
68,6.0,"['empowerment', 'development', 'bank', 'zone', 'farm', 'community', 'mental', 'poor', 'joe', 'incentive']",69,[10],"[['addiction', 'mayor', 'compassion', 'fight', 'encourage', 'city', 'bless', 'joe', 'god', 'group']]",[0.799],[0.3],[0.643],0.3,0.643,disappeared,,,,,
68,7.0,"['school', 'standard', 'accountability', 'grade', 'district', 'math', 'promotion', 'child', 'summer', 'score']",69,[1],"[['school', 'teacher', 'child', 'grade', 'read', 'classroom', 'education', 'learn', 'math', 'test']]",[0.945],[1.0],[0.474],1.0,0.474,unclear,,,,,
68,8.0,"['campaign', 'reform', 'bipartisan', 'finance', 'feingold', 'mccain', 'pass', 'party', 'candidate', 'curb']",69,[19],"[['campaign', 'bipartisan', 'reform', 'finance', 'vote', 'feingold', 'mccain', 'pass', 'thank', 'trust']]",[0.944],[0.889],[1.0],0.889,1.0,continued,,,,,
68,10.0,"['market', 'good', 'global', 'product', 'export', 'overseas', 'globalization', 'tear', 'economy', 'barrier']",69,[],[],[],[],[],0.0,0.0,disappeared,,,,,
68,11.0,"['college', 'loan', 'scholarship', 'student', 'tuition', 'pell', 'affordable', 'grant', 'tax', 'ira']",69,[],[],[],[],[],0.0,0.0,disappeared,,,,,
68,12.0,"['challenge', 'tonight', 'look', 'press', 'burden', 'stand', 'ahead', 'narrow', 'daily', 'controversy']",69,[],[],[],[],[],0.0,0.0,disappeared,,,,,
68,13.0,"['water', 'clean', 'toxic', 'air', 'safe', 'environment', 'grow', 'park', 'polluter', 'river']",69,[24],"[['conservation', 'acre', 'land', 'toxic', 'forest', 'natural', 'park', 'grow', 'environment', 'water']]",[0.928],[1.0],[1.0],1.0,1.0,continued,,,,,
68,14.0,"['nuclear', 'treaty', 'ban', 'russia', 'korea', 'weapon', 'comprehensive', 'missile', 'north', 'threat']",69,[15],"[['nuclear', 'north', 'korean', 'weapon', 'regime', 'treaty', 'korea', 'ban', 'russia', 'region']]",[0.927],[0.929],[0.909],0.929,0.909,continued,,,,,
68,15.0,"['covenant', 'old', 'corp', 'americorps', 'unite', 'community', 'different', 'govern', 'count', 'share']",69,[],[],[],[],[],0.0,0.0,disappeared,,,,,
68,16.0,"['bosnia', 'troop', 'kosovo', 'mission', 'woman', 'captain', 'nato', 'proud', 'iraq', 'uniform']",69,[21],"[['bosnia', 'kosovo', 'mission', 'proud', 'cherrey', 'dole', 'sergeant', 'stop', 'troop', 'captain']]",[0.943],[0.769],[0.875],0.769,0.875,continued,,,,,
68,17.0,"['teacher', 'class', 'size', 'excellence', 'teach', 'grade', 'standard', 'hire', 'talented', 'school']",69,[],[],[],[],[],0.0,0.0,disappeared,,,,,
68,18.0,"['worker', 'training', 'skill', 'directly', 'close', 'voucher', 'simple', 'bill', 'grant', 'consolidate']",69,[],[],[],[],[],0.0,0.0,disappeared,,,,,
68,19.0,"['growth', 'record', 'unemployment', 'economic', 'job', 'inflation', 'million', 'low', 'rate', 'create']",69,[],[],[],[],[],0.0,0.0,disappeared,,,,,
68,20.0,"['convention', 'chemical', 'weapon', 'terrorist', 'outlaw', 'ratify', 'poison', 'biological', 'terrorism', 'terror']",69,[12],"[['weapon', 'biological', 'chemical', 'regime', 'terror', 'missile', 'terrorist', 'mass', 'nuclear', 'danger']]",[0.893],[0.818],[0.846],0.818,0.846,unclear,,,,,
68,21.0,"['cancer', 'gene', 'science', 'scientist', 'human', 'research', 'disease', 'scientific', 'medical', 'breast']",69,[11],"[['science', 'gene', 'cancer', 'research', 'disease', 'scientific', 'researcher', 'human', 'technology', 'parkinson']]",[0.939],[0.909],[0.714],0.909,0.714,continued,,,,,
68,22.0,"['wage', 'minimum', 'raise', 'hour', 'cent', 'underclass', 'reward', 'dollar', 'earn', 'evidence']",69,[],[],[],[],[],0.0,0.0,disappeared,,,,,
68,23.0,"['mr', 'speaker', 'guest', 'vice', 'th', 'distinguished', 'american', 'congratulate', 'swearing', 'honor']",69,[23],"[['mr', 'speaker', 'vice', 'guest', 'cheney', 'distinguish', 'american', 'gather', 'honor', 'custom']]",[0.919],[0.8],[1.0],0.8,1.0,continued,,,,,
68,24.0,"['tax', 'relief', 'taxis', 'rate', 'income', 'lower', 'code', 'raise', 'percent', 'cut']",69,[],[],[],[],[],0.0,0.0,disappeared,,,,,
68,25.0,"['classroom', 'connect', 'internet', 'library', 'tech', 'school', 'connection', 'teacher', 'town', 'spring']",69,[],[],[],[],[],0.0,0.0,disappeared,,,,,
68,26.0,"['party', 'agree', 'chamber', 'divide', 'let', 'partisanship', 'll', 'issue', 'idea', 'regard']",69,[17],"[['chamber', 'agree', 'divide', 'll', 'tone', 'party', 'join', 'capitol', 'issue', 'president']]",[0.879],[0.889],[0.6],0.889,0.6,unclear,,,,,
68,27.0,"['energy', 'greenhouse', 'gas', 'efficient', 'clean', 'car', 'climate', 'warming', 'environment', 'reduce']",69,[14],"[['energy', 'clean', 'car', 'efficient', 'greenhouse', 'gas', 'technology', 'warming', 'environmental', 'innovation']]",[0.962],[1.0],[1.0],1.0,1.0,continued,,,,,
68,28.0,"['school', 'charter', 'choice', 'parent', 'independent', 'choose', 'information', 'tutoring', 'attend', 'restaurant']",69,[],[],[],[],[],0.0,0.0,disappeared,,,,,
68,29.0,"['church', 'repairer', 'tone', 'worship', 'breach', 'thou', 'shalt', 'rev', 'covenant', 'oath']",69,[],[],[],[],[],0.0,0.0,disappeared,,,,,
68,30.0,"['east', 'ireland', 'northern', 'middle', 'africa', 'haiti', 'leadership', 'working', 'proud', 'bosnia']",69,[],[],[],[],[],0.0,0.0,disappeared,,,,,
68,31.0,"['page', 'regulation', 'program', 'gore', 'tick', 've', 'unnecessary', 'vice', 'eliminate', 'cut']",69,[],[],[],[],[],0.0,0.0,disappeared,,,,,
68,32.0,"['tobacco', 'cigarette', 'marketing', 'smoking', 'smoke', 'massive', 'campaign', 'company', 'life', 'taxpayer']",69,[],[],[],[],[],0.0,0.0,disappeared,,,,,
68,33.0,"['st', 'century', 'responsibility', 'root', 'historic', 'strive', 'reflection', 'steadily', 'community', 'progressive']",69,[7],"[['st', 'century', 'responsibility', 'global', 'globalization', 'build', 'shape', 'revolution', 'tear', 'city']]",[0.911],[0.714],[0.688],0.714,0.688,continued,,,,,
68,34.0,"['mountaintop', 'americans', 'lift', 'moment', 'promise', 'century', 'dispossess', 'lull', 'fare', 'grander']",69,[],[],[],[],[],0.0,0.0,disappeared,,,,,
68,35.0,"['jack', 'lucas', 'lady', 'thank', 'texas', 'tejeda', 'heart', 'citizenship', 'star', 'sit']",69,[],[],[],[],[],0.0,0.0,disappeared,,,,,
68,36.0,"['tax', 'marriage', 'family', 'income', 'credit', 'sixteen', 'pro', 'educate', 'relief', 'child']",69,[],[],[],[],[],0.0,0.0,disappeared,,,,,
68,37.0,"['democracy', 'experiment', 'colombia', 'nigeria', 'african', 'spring', 'africa', 'fuel', 'grow', 'democratic']",69,[],[],[],[],[],0.0,0.0,disappeared,,,,,
68,39.0,"['bless', 'god', 'thank', 'night', 'day', '', '', '', '', '']",69,[],[],[],[],[],0.0,0.0,disappeared,,,,,
68,40.0,"['founder', 'reach', 'single', 'lesson', 'journey', 'goal', 'step', 'perfect', 'revolution', 'settle']",69,[],[],[],[],[],0.0,0.0,disappeared,,,,,
68,41.0,"['gun', 'jonesboro', 'safe', 'lock', 'smart', 'happen', 'child', 'violence', 'school', 'move']",69,[22],"[['gun', 'safe', 'tom', 'jonesboro', 'smart', 'happen', 'child', 'simply', 'see', 'hand']]",[0.932],[1.0],[1.0],1.0,1.0,continued,,,,,
68,42.0,"['illegal', 'discrimination', 'border', 'employment', 'increase', 'address', 'close', 'hire', 'immigrant', 'area']",69,[],[],[],[],[],0.0,0.0,disappeared,,,,,
68,43.0,"['rating', 'parent', 'entertainment', 'chip', 'internet', 'medium', 'child', 'movie', 'inappropriate', 'requirement']",69,[],[],[],[],[],0.0,0.0,disappeared,,,,,
68,44.0,"['start', 'read', 'head', 'laura', 'teach', 'school', 'expand', 'unusual', 'perry', 'obsess']",69,[],[],[],[],[],0.0,0.0,disappeared,,,,,
68,45.0,"['racial', 'initiative', 'era', 'gap', 'bridge', 'recognize', 'race', 'divide', 'line', 'aaron']",69,[],[],[],[],[],0.0,0.0,disappeared,,,,,
68,46.0,"['lead', 'supercomputer', 'fast', 'internet', 'innovation', 'technology', 'research', 'communicate', 'computing', 'laboratory']",69,[],[],[],[],[],0.0,0.0,disappeared,,,,,
68,,,69,,,,"[0.824, 0.833]","[0.3, 0.6]",1.657,0.9,merge,"[9, 38]","[['crime', 'police', 'community', 'violent', 'street', 'rate', 'gang', 'local', 'safe', 'let'], ['gun', 'assault', 'handgun', 'brady', 'violent', 'repeal', 'prosecutor', 'bill', 'book', 'buy']]",16.0,"['gun', 'crime', 'brady', 'juvenile', 'prosecutor', 'safety', 'violent', 'quarter', 'bill', 'pass']","[0.818, 0.886]"
69,0.0,"['tax', 'family', 'child', 'job', 'welfare', 'income', 'relief', 'low', 'rate', 'help']",70,[],[],[],[],[],0.0,0.0,disappeared,,,,,
69,1.0,"['school', 'teacher', 'child', 'grade', 'read', 'classroom', 'education', 'learn', 'math', 'test']",70,[9],"[['school', 'child', 'math', 'student', 'read', 'test', 'teacher', 'science', 'grade', 'standard']]",[0.942],[0.93],[1.0],0.93,1.0,continued,,,,,
69,2.0,"['iraq', 'saddam', 'hussein', 'weapon', 'iraqi', 'inspector', 'destroy', 'regime', 'disarm', 'intelligence']",70,[13],"[['saddam', 'hussein', 'weapon', 'inspector', 'iraq', 'disarm', 'intelligence', 'material', 'evidence', 'regime']]",[0.966],[0.625],[1.0],0.625,1.0,continued,,,,,
69,3.0,"['medicare', 'senior', 'prescription', 'drug', 'coverage', 'social', 'health', 'reform', 'budget', 'choose']",70,[16],"[['medicare', 'senior', 'prescription', 'drug', 'coverage', 'choose', 'health', 'reform', 'social', 'budget']]",[0.976],[0.87],[1.0],0.87,1.0,continued,,,,,
69,4.0,"['budget', 'spending', 'deficit', 'priority', 'additional', 'fund', 'spend', 'fiscal', 'discipline', 'project']",70,[5],"[['budget', 'spending', 'priority', 'spend', 'deficit', 'cut', 'earmark', 'need', 'discretionary', 'fund']]",[0.914],[0.905],[0.7],0.905,0.7,continued,,,,,
69,5.0,"['courage', 'character', 'americans', 'evil', 'shannon', 'moment', 'tragedy', 'unique', 'show', 'know']",70,[10],"[['americans', 'dream', 'courage', 'know', 'victory', 'confident', 'show', 'day', 'forward', 'strength']]",[0.933],[0.789],[0.765],0.789,0.765,continued,,,,,
69,6.0,"['terrorist', 'afghanistan', 'al', 'qaida', 'camp', 'terror', 'training', 'th', 'september', 'fight']",70,[1],"[['terrorist', 'afghanistan', 'terror', 'al', 'qaida', 'attack', 'homeland', 'enforcement', 'camp', 'begin']]",[0.968],[1.0],[0.973],1.0,0.973,continued,,,,,
69,7.0,"['st', 'century', 'responsibility', 'global', 'globalization', 'build', 'shape', 'revolution', 'tear', 'city']",70,[],[],[],[],[],0.0,0.0,disappeared,,,,,
69,8.0,"['millennium', 'sun', 'century', 'franklin', 'restore', 'honor', 'lift', 'treasure', 'generation', 'theodore']",70,[],[],[],[],[],0.0,0.0,disappeared,,,,,
69,9.0,"['health', 'medical', 'coverage', 'insurance', 'doctor', 'cost', 'record', 'privacy', 'patient', 'frivolous']",70,[12],"[['health', 'insurance', 'medical', 'coverage', 'doctor', 'cost', 'patient', 'americans', 'affordable', 'help']]",[0.94],[0.857],[0.875],0.857,0.875,continued,,,,,
69,10.0,"['addiction', 'mayor', 'compassion', 'fight', 'encourage', 'city', 'bless', 'joe', 'god', 'group']",70,[0],"[['child', 'help', 'compassion', 'mentor', 'tonight', 'drug', 'million', 'society', 'faith', 'parent']]",[0.913],[0.857],[0.429],0.857,0.429,unclear,,,,,
69,11.0,"['science', 'gene', 'cancer', 'research', 'disease', 'scientific', 'researcher', 'human', 'technology', 'parkinson']",70,[],[],[],[],[],0.0,0.0,disappeared,,,,,
69,13.0,"['social', 'retirement', 'save', 'surplus', 'sound', 'pension', 'percent', 'account', 'saving', 'return']",70,[3],"[['social', 'retirement', 'benefit', 'account', 'worker', 'personal', 'young', 'll', 'sound', 'reform']]",[0.913],[0.846],[0.773],0.846,0.773,continued,,,,,
69,14.0,"['energy', 'clean', 'car', 'efficient', 'greenhouse', 'gas', 'technology', 'warming', 'environmental', 'innovation']",70,[4],"[['energy', 'oil', 'clean', 'technology', 'environment', 'supply', 'fuel', 'conservation', 'car', 'source']]",[0.895],[1.0],[0.762],1.0,0.762,unclear,,,,,
69,16.0,"['gun', 'crime', 'brady', 'juvenile', 'prosecutor', 'safety', 'violent', 'quarter', 'bill', 'pass']",70,[],[],[],[],[],0.0,0.0,disappeared,,,,,
69,17.0,"['chamber', 'agree', 'divide', 'll', 'tone', 'party', 'join', 'capitol', 'issue', 'president']",70,[18],"[['tone', 'capitol', 'pledge', 'debate', 'difference', 'chamber', 'forth', 'worthy', 'set', 'ideal']]",[0.887],[1.0],[0.875],1.0,0.875,unclear,,,,,
69,18.0,"['aid', 'africa', 'aids', 'disease', 'million', 'democracy', 'drug', 'propose', 'billion', 'nigeria']",70,[15],"[['aid', 'hiv', 'africa', 'aids', 'disease', 'african', 'poverty', 'medicine', 'million', 'drug']]",[0.944],[1.0],[1.0],1.0,1.0,continued,,,,,
69,19.0,"['campaign', 'bipartisan', 'reform', 'finance', 'vote', 'feingold', 'mccain', 'pass', 'thank', 'trust']",70,[],[],[],[],[],0.0,0.0,disappeared,,,,,
69,20.0,"['mentor', 'corps', 'prisoner', 'prison', 'rebuild', 'volunteer', 'usa', 'tonight', 'work', 'help']",70,[],[],[],[],[],0.0,0.0,disappeared,,,,,
69,21.0,"['bosnia', 'kosovo', 'mission', 'proud', 'cherrey', 'dole', 'sergeant', 'stop', 'troop', 'captain']",70,[],[],[],[],[],0.0,0.0,disappeared,,,,,
69,22.0,"['gun', 'safe', 'tom', 'jonesboro', 'smart', 'happen', 'child', 'simply', 'see', 'hand']",70,[],[],[],[],[],0.0,0.0,disappeared,,,,,
69,23.0,"['mr', 'speaker', 'vice', 'guest', 'cheney', 'distinguish', 'american', 'gather', 'honor', 'custom']",70,[14],"[['speaker', 'mr', 'vice', 'cheney', 'guest', 'distinguish', 'madam', 'gather', 'rostrum', 'privilege']]",[0.937],[1.0],[0.818],1.0,0.818,continued,,,,,
69,24.0,"['conservation', 'acre', 'land', 'toxic', 'forest', 'natural', 'park', 'grow', 'environment', 'water']",70,[],[],[],[],[],0.0,0.0,disappeared,,,,,
69,25.0,"['insurance', 'million', 'health', 'cover', 'extend', 'child', 'medical', 'plan', 'doctor', 'ago']",70,[],[],[],[],[],0.0,0.0,disappeared,,,,,
69,,,70,,,,"[1.0, 0.818]","[0.55, 0.3]",1.818,0.85,merge,"[12, 15]","[['weapon', 'biological', 'chemical', 'regime', 'terror', 'missile', 'terrorist', 'mass', 'nuclear', 'danger'], ['nuclear', 'north', 'korean', 'weapon', 'regime', 'treaty', 'korea', 'ban', 'russia', 'region']]",6.0,"['weapon', 'regime', 'nuclear', 'ally', 'mass', 'destruction', 'danger', 'north', 'terrorist', 'korean']","[0.934, 0.831]"
70,0.0,"['child', 'help', 'compassion', 'mentor', 'tonight', 'drug', 'million', 'society', 'faith', 'parent']",71,[2],"[['aid', 'hiv', 'human', 'compassion', 'disease', 'fight', 'ask', 'faith', 'african', 'treat']]",[0.896],[0.476],[0.433],0.476,0.433,unclear,,,,,
70,1.0,"['terrorist', 'afghanistan', 'terror', 'al', 'qaida', 'attack', 'homeland', 'enforcement', 'camp', 'begin']",71,[],[],[],[],[],0.0,0.0,disappeared,,,,,
70,2.0,"['east', 'middle', 'democracy', 'terror', 'democratic', 'seek', 'terrorist', 'murder', 'liberty', 'tyranny']",71,[],[],[],[],[],0.0,0.0,disappeared,,,,,
70,3.0,"['social', 'retirement', 'benefit', 'account', 'worker', 'personal', 'young', 'll', 'sound', 'reform']",71,[16],"[['account', 'social', 'personal', 'retirement', 'worker', 'benefit', 'll', 'sure', 'pay', 'set']]",[0.954],[0.682],[1.0],0.682,1.0,continued,,,,,
70,4.0,"['energy', 'oil', 'clean', 'technology', 'environment', 'supply', 'fuel', 'conservation', 'car', 'source']",71,[4],"[['energy', 'clean', 'technology', 'oil', 'fuel', 'research', 'renewable', 'supply', 'solar', 'coal']]",[0.949],[1.0],[0.852],1.0,0.852,continued,,,,,
70,5.0,"['budget', 'spending', 'priority', 'spend', 'deficit', 'cut', 'earmark', 'need', 'discretionary', 'fund']",71,[10],"[['budget', 'deficit', 'spending', 'cut', 'line', 'eliminate', 'program', 'dollar', 'balance', 'half']]",[0.912],[0.85],[1.0],0.85,1.0,continued,,,,,
70,6.0,"['weapon', 'regime', 'nuclear', 'ally', 'mass', 'destruction', 'danger', 'north', 'terrorist', 'korean']",71,[],[],[],[],[],0.0,0.0,disappeared,,,,,
70,7.0,"['iraqi', 'iraq', 'force', 'iraqis', 'baghdad', 'coalition', 'increasingly', 'troop', 'extremist', 'terrorist']",71,[0],"[['iraq', 'terrorist', 'iraqi', 'enemy', 'terror', 'al', 'force', 'qaeda', 'fight', 'attack']]",[0.892],[1.0],[0.328],1.0,0.328,disappeared,,,,,
70,8.0,"['job', 'grow', 'create', 'economic', 'market', 'growth', 'fast', 'unemployment', 'worker', 'open']",71,[8],"[['job', 'business', 'export', 'entrepreneur', 'grow', 'relief', 'growth', 'enterprise', 'recovery', 'worker']]",[0.916],[0.579],[0.875],0.579,0.875,continued,,,,,
70,9.0,"['school', 'child', 'math', 'student', 'read', 'test', 'teacher', 'science', 'grade', 'standard']",71,[1],"[['school', 'child', 'student', 'education', 'math', 'college', 'help', 'teacher', 'high', 'science']]",[0.947],[1.0],[0.774],1.0,0.774,continued,,,,,
70,10.0,"['americans', 'dream', 'courage', 'know', 'victory', 'confident', 'show', 'day', 'forward', 'strength']",71,[6],"[['dream', 'forward', 'americans', 'courage', 'lead', 'setback', 'determine', 'victory', 'know', 'corps']]",[0.886],[0.647],[0.708],0.647,0.708,unclear,,,,,
70,11.0,"['tax', 'taxis', 'relief', 'income', 'rate', 'family', 'reduction', 'reduce', 'marriage', 'child']",71,[13],"[['taxis', 'tax', 'cut', 'dime', 'single', 'relief', 'work', 'family', 'americans', 'business']]",[0.934],[1.0],[1.0],1.0,1.0,continued,,,,,
70,12.0,"['health', 'insurance', 'medical', 'coverage', 'doctor', 'cost', 'patient', 'americans', 'affordable', 'help']",71,[3],"[['health', 'insurance', 'coverage', 'medical', 'doctor', 'cost', 'reform', 'senior', 'americans', 'affordable']]",[0.959],[1.0],[0.821],1.0,0.821,continued,,,,,
70,13.0,"['saddam', 'hussein', 'weapon', 'inspector', 'iraq', 'disarm', 'intelligence', 'material', 'evidence', 'regime']",71,[],[],[],[],[],0.0,0.0,disappeared,,,,,
70,14.0,"['speaker', 'mr', 'vice', 'cheney', 'guest', 'distinguish', 'madam', 'gather', 'rostrum', 'privilege']",71,[14],"[['speaker', 'vice', 'guest', 'cheney', 'mr', 'distinguish', 'madam', 'madame', 'distinguished', 'lady']]",[0.94],[0.818],[1.0],0.818,1.0,continued,,,,,
70,15.0,"['aid', 'hiv', 'africa', 'aids', 'disease', 'african', 'poverty', 'medicine', 'million', 'drug']",71,[2],"[['aid', 'hiv', 'human', 'compassion', 'disease', 'fight', 'ask', 'faith', 'african', 'treat']]",[0.849],[1.0],[0.3],1.0,0.3,disappeared,,,,,
70,16.0,"['medicare', 'senior', 'prescription', 'drug', 'coverage', 'choose', 'health', 'reform', 'social', 'budget']",71,[],[],[],[],[],0.0,0.0,disappeared,,,,,
70,17.0,"['honor', 'sergeant', 'letter', 'mom', 'say', 'ashley', 'marine', 'die', 'grateful', 'uniform']",71,[9],"[['honor', 'woman', 'sergeant', 'uniform', 'mom', 'letter', 'grateful', 'ashley', 'send', 'man']]",[0.939],[0.9],[0.786],0.9,0.786,continued,,,,,
70,18.0,"['tone', 'capitol', 'pledge', 'debate', 'difference', 'chamber', 'forth', 'worthy', 'set', 'ideal']",71,[5],"[['washington', 'lobbyist', 'republicans', 'send', 'election', 'responsibility', 'earmark', 'face', 'politic', 'hold']]",[0.82],[0.875],[0.68],0.875,0.68,unclear,,,,,
70,19.0,"['marriage', 'court', 'judge', 'bench', 'nominate', 'redefine', 'constitutional', 'institution', 'nominee', 'impartial']",71,[15],"[['marriage', 'judge', 'court', 'bench', 'nominee', 'nominate', 'constitutional', 'redefine', 'institution', 'understand']]",[0.973],[1.0],[1.0],1.0,1.0,continued,,,,,
70,20.0,"['border', 'immigration', 'worker', 'temporary', 'amnesty', 'orderly', 'program', 'employer', 'willing', 'require']",71,[12],"[['border', 'immigration', 'worker', 'temporary', 'amnesty', 'illegal', 'orderly', 'enforcement', 'patrol', 'need']]",[0.966],[1.0],[0.833],1.0,0.833,continued,,,,,
71,0.0,"['iraq', 'terrorist', 'iraqi', 'enemy', 'terror', 'al', 'force', 'qaeda', 'fight', 'attack']",72,[7],"[['iraq', 'iraqi', 'force', 'al', 'qaeda', 'baghdad', 'surge', 'iraqis', 'terrorist', 'troop']]",[0.915],[0.377],[1.0],0.377,1.0,disappeared,,,,,
71,1.0,"['school', 'child', 'student', 'education', 'math', 'college', 'help', 'teacher', 'high', 'science']",72,[0],"[['school', 'education', 'child', 'student', 'college', 'teacher', 'high', 'parent', 'math', 'class']]",[0.967],[0.871],[1.0],0.871,1.0,continued,,,,,
71,2.0,"['aid', 'hiv', 'human', 'compassion', 'disease', 'fight', 'ask', 'faith', 'african', 'treat']",72,[16],"[['aid', 'fight', 'hiv', 'poverty', 'disease', 'ask', 'dikembe', 'global', 'fund', 'food']]",[0.882],[0.533],[0.8],0.533,0.8,unclear,,,,,
71,3.0,"['health', 'insurance', 'coverage', 'medical', 'doctor', 'cost', 'reform', 'senior', 'americans', 'affordable']",72,[2],"[['health', 'insurance', 'reform', 'medicare', 'cost', 'social', 'affordable', 'doctor', 'coverage', 'medicaid']]",[0.975],[1.0],[0.833],1.0,0.833,continued,,,,,
71,4.0,"['energy', 'clean', 'technology', 'oil', 'fuel', 'research', 'renewable', 'supply', 'solar', 'coal']",72,[1],"[['energy', 'clean', 'oil', 'gas', 'technology', 'solar', 'fuel', 'renewable', 'natural', 'climate']]",[0.958],[0.778],[0.97],0.778,0.97,continued,,,,,
71,5.0,"['washington', 'lobbyist', 'republicans', 'send', 'election', 'responsibility', 'earmark', 'face', 'politic', 'hold']",72,"[13, 14]","[['party', 'expect', 'vote', 'campaign', 'politic', 'election', 'majority', 'govern', 'responsibility', 'leadership'], ['lobbyist', 'earmark', 'limit', 'veto', 'bill', 'deserve', 'debate', 'washington', 'institution', 'spend']]","[0.879, 0.877]","[0.44, 0.32]","[0.917, 0.917]",0.76,1.833,split,,,,,
71,6.0,"['dream', 'forward', 'americans', 'courage', 'lead', 'setback', 'determine', 'victory', 'know', 'corps']",72,[25],"[['setback', 'despite', 'decency', 'division', 'fear', 'strength', 'moment', 'hopeful', 'keep', 'taunt']]",[0.823],[0.5],[1.0],0.5,1.0,unclear,,,,,
71,7.0,"['bank', 'loan', 'lending', 'buy', 'credit', 'accountable', 'financial', 'taxpayer', 'hate', 'crisis']",72,[4],"[['bank', 'financial', 'lending', 'loan', 'afford', 'mortgage', 'buy', 'credit', 'accountable', 'housing']]",[0.979],[1.0],[0.962],1.0,0.962,continued,,,,,
71,8.0,"['job', 'business', 'export', 'entrepreneur', 'grow', 'relief', 'growth', 'enterprise', 'recovery', 'worker']",72,[11],"[['idea', 'entrepreneur', 'ingenuity', 'job', 'innovation', 'business', 'bet', 'stake', 'win', 'condition']]",[0.781],[0.312],[0.385],0.312,0.385,disappeared,,,,,
71,9.0,"['honor', 'woman', 'sergeant', 'uniform', 'mom', 'letter', 'grateful', 'ashley', 'send', 'man']",72,[9],"[['veteran', 'serve', 'uniform', 'benefit', 'family', 'woman', 'troop', 'jill', 'tonight', 'gay']]",[0.865],[0.786],[0.688],0.786,0.688,unclear,,,,,
71,10.0,"['budget', 'deficit', 'spending', 'cut', 'line', 'eliminate', 'program', 'dollar', 'balance', 'half']",72,[3],"[['cut', 'deficit', 'tax', 'spending', 'trillion', 'budget', 'wealthy', 'agree', 'rate', 'americans']]",[0.891],[1.0],[0.633],1.0,0.633,unclear,,,,,
71,11.0,"['job', 'decline', 'lose', 'grow', 'housing', 'recession', 'low', 'americans', 'mortgage', 'know']",72,[6],"[['recession', 'lose', 'grow', 'decade', 'americans', 'decline', 'job', 'cost', 'financial', 'housing']]",[0.94],[0.917],[0.8],0.917,0.8,continued,,,,,
71,12.0,"['border', 'immigration', 'worker', 'temporary', 'amnesty', 'illegal', 'orderly', 'enforcement', 'patrol', 'need']",72,[8],"[['border', 'immigration', 'illegal', 'crossing', 'comprehensive', 'legal', 'enforcement', 'reform', 'describe', 'civil']]",[0.937],[0.917],[0.941],0.917,0.941,continued,,,,,
71,13.0,"['taxis', 'tax', 'cut', 'dime', 'single', 'relief', 'work', 'family', 'americans', 'business']",72,[12],"[['taxis', 'tax', 'cut', 'dime', 'company', 'single', 'relief', 'code', 'deduction', 'shouldn']]",[0.91],[0.8],[0.769],0.8,0.769,continued,,,,,
71,14.0,"['speaker', 'vice', 'guest', 'cheney', 'mr', 'distinguish', 'madam', 'madame', 'distinguished', 'lady']",72,[18],"[['speaker', 'mr', 'vice', 'guest', 'madam', 'distinguished', 'american', 'distinguish', 'cheney', 'madame']]",[0.96],[1.0],[1.0],1.0,1.0,continued,,,,,
71,15.0,"['marriage', 'judge', 'court', 'bench', 'nominee', 'nominate', 'constitutional', 'redefine', 'institution', 'understand']",72,[],[],[],[],[],0.0,0.0,disappeared,,,,,
71,16.0,"['account', 'social', 'personal', 'retirement', 'worker', 'benefit', 'll', 'sure', 'pay', 'set']",72,[],[],[],[],[],0.0,0.0,disappeared,,,,,
71,17.0,"['medicaid', 'social', 'medicare', 'commission', 'solution', 'entitlement', 'proposal', 'huge', 'program', 'baby']",72,[],[],[],[],[],0.0,0.0,disappeared,,,,,
71,18.0,"['agreement', 'market', 'product', 'open', 'depend', 'global', 'doha', 'panama', 'colombia', 'good']",72,[10],"[['agreement', 'export', 'product', 'colombia', 'market', 'job', 'panama', 'korea', 'sign', 'good']]",[0.89],[0.714],[0.714],0.714,0.714,unclear,,,,,
72,0.0,"['school', 'education', 'child', 'student', 'college', 'teacher', 'high', 'parent', 'math', 'class']",73,[],[],[],[],[],0.0,0.0,disappeared,,,,,
72,1.0,"['energy', 'clean', 'oil', 'gas', 'technology', 'solar', 'fuel', 'renewable', 'natural', 'climate']",73,[],[],[],[],[],0.0,0.0,disappeared,,,,,
72,2.0,"['health', 'insurance', 'reform', 'medicare', 'cost', 'social', 'affordable', 'doctor', 'coverage', 'medicaid']",73,[],[],[],[],[],0.0,0.0,disappeared,,,,,
72,3.0,"['cut', 'deficit', 'tax', 'spending', 'trillion', 'budget', 'wealthy', 'agree', 'rate', 'americans']",73,[],[],[],[],[],0.0,0.0,disappeared,,,,,
72,4.0,"['bank', 'financial', 'lending', 'loan', 'afford', 'mortgage', 'buy', 'credit', 'accountable', 'housing']",73,[],[],[],[],[],0.0,0.0,disappeared,,,,,
72,5.0,"['job', 'infrastructure', 'energy', 'manufacture', 'speed', 'internet', 'age', 'brandon', 'create', 'company']",73,[],[],[],[],[],0.0,0.0,disappeared,,,,,
72,6.0,"['recession', 'lose', 'grow', 'decade', 'americans', 'decline', 'job', 'cost', 'financial', 'housing']",73,[],[],[],[],[],0.0,0.0,disappeared,,,,,
72,7.0,"['iraq', 'iraqi', 'force', 'al', 'qaeda', 'baghdad', 'surge', 'iraqis', 'terrorist', 'troop']",73,[],[],[],[],[],0.0,0.0,disappeared,,,,,
72,8.0,"['border', 'immigration', 'illegal', 'crossing', 'comprehensive', 'legal', 'enforcement', 'reform', 'describe', 'civil']",73,[],[],[],[],[],0.0,0.0,disappeared,,,,,
72,9.0,"['veteran', 'serve', 'uniform', 'benefit', 'family', 'woman', 'troop', 'jill', 'tonight', 'gay']",73,[],[],[],[],[],0.0,0.0,disappeared,,,,,
72,10.0,"['agreement', 'export', 'product', 'colombia', 'market', 'job', 'panama', 'korea', 'sign', 'good']",73,[],[],[],[],[],0.0,0.0,disappeared,,,,,
72,11.0,"['idea', 'entrepreneur', 'ingenuity', 'job', 'innovation', 'business', 'bet', 'stake', 'win', 'condition']",73,[],[],[],[],[],0.0,0.0,disappeared,,,,,
72,12.0,"['taxis', 'tax', 'cut', 'dime', 'company', 'single', 'relief', 'code', 'deduction', 'shouldn']",73,[],[],[],[],[],0.0,0.0,disappeared,,,,,
72,13.0,"['party', 'expect', 'vote', 'campaign', 'politic', 'election', 'majority', 'govern', 'responsibility', 'leadership']",73,[],[],[],[],[],0.0,0.0,disappeared,,,,,
72,14.0,"['lobbyist', 'earmark', 'limit', 'veto', 'bill', 'deserve', 'debate', 'washington', 'institution', 'spend']",73,[],[],[],[],[],0.0,0.0,disappeared,,,,,
72,15.0,"['afghan', 'afghanistan', 'qaeda', 'al', 'troop', 'defeat', 'pakistan', 'taliban', 'force', 'begin']",73,[],[],[],[],[],0.0,0.0,disappeared,,,,,
72,16.0,"['aid', 'fight', 'hiv', 'poverty', 'disease', 'ask', 'dikembe', 'global', 'fund', 'food']",73,[],[],[],[],[],0.0,0.0,disappeared,,,,,
72,17.0,"['democratic', 'stand', 'east', 'choose', 'see', 'liberty', 'syrian', 'tyranny', 'middle', 'israel']",73,[],[],[],[],[],0.0,0.0,disappeared,,,,,
72,18.0,"['speaker', 'mr', 'vice', 'guest', 'madam', 'distinguished', 'american', 'distinguish', 'cheney', 'madame']",73,[1],"[['mr', 'vice', 'speaker', 'guest', 'distinguished', 'american', 'americans', 'madame', 'unfold', 'terror']]",[0.928],[1.0],[1.0],1.0,1.0,continued,,,,,
72,19.0,"['nuclear', 'weapon', 'iran', 'sanction', 'diplomatic', 'russia', 'obligation', 'korea', 'hand', 'diplomacy']",73,[],[],[],[],[],0.0,0.0,disappeared,,,,,
72,20.0,"['terrorist', 'attack', 'owe', 'plot', 'stop', 'example', 'brian', 'tall', 'torture', 'passenger']",73,[],[],[],[],[],0.0,0.0,disappeared,,,,,
72,21.0,"['degree', 'college', 'community', 'jackie', 'job', 'graduate', 'tech', 'factory', 'charlotte', 'kathy']",73,[],[],[],[],[],0.0,0.0,disappeared,,,,,
72,22.0,"['gun', 'vote', 'deserve', 'newtown', 'violence', 'criminal', 'proposal', 'month', 'amendment', 'nate']",73,[],[],[],[],[],0.0,0.0,disappeared,,,,,
72,23.0,"['terrorist', 'enemy', 'extremist', 'death', 'lebanon', 'shia', 'september', 'mosque', 'reminder', 'despise']",73,[],[],[],[],[],0.0,0.0,disappeared,,,,,
72,24.0,"['research', 'scientist', 'innovation', 'human', 'invest', 'science', 'space', 'cell', 'basic', 'race']",73,[],[],[],[],[],0.0,0.0,disappeared,,,,,
72,25.0,"['setback', 'despite', 'decency', 'division', 'fear', 'strength', 'moment', 'hopeful', 'keep', 'taunt']",73,[],[],[],[],[],0.0,0.0,disappeared,,,,,
72,26.0,"['contentious', 'democracy', 'messy', 'difference', 'debate', 'thing', 'noisy', 'fiercely', 'hamper', 'harmony']",73,[],[],[],[],[],0.0,0.0,disappeared,,,,,
72,27.0,"['bless', 'god', 'thank', 'colleague', 'occasion', 'mindful', 'honorable', 'mark', 'gabby', 'gifford']",73,[2],"[['bless', 'god', 'thank', 'love', '', '', '', '', '', '']]",[0.921],[0.6],[1.0],0.6,1.0,continued,,,,,
