topic,timepoint1,timepoint2,similarity
0,0,1,0.725092686309052
0,1,2,0.6914756595129838
0,2,3,0.7679653017503504
0,3,4,0.8409510090682267
0,4,5,0.9105978455267446
0,5,6,0.8091708923632828
0,6,7,0.9048726130735373
0,7,8,0.8869016104115494
0,8,9,0.8160837328674333
0,9,10,0.8912011056801156
0,10,11,0.8996524078850497
0,11,12,0.7392355592096397
0,12,13,0.5953061495077898
0,13,14,0.970322594628899
0,14,15,0.7914468883977918
0,15,16,0.8442945076935391
0,16,17,0.9105957550973078
0,17,18,0.7078942432520078
0,18,19,0.6556244050376011
0,19,20,0.8375938828287885
0,20,21,0.8668333211371347
0,21,22,0.9312992977861282
0,22,23,0.9638060282885281
0,23,24,0.935764132212547
0,24,25,0.8869055483394611
0,25,26,0.9136941340310493
0,26,27,0.9082707789584453
0,27,28,0.9385939626573472
0,28,29,0.8398812560895502
0,29,30,0.7303228254015331
0,30,31,0.8388310122086363
0,31,32,0.8680203429173631
0,32,33,0.8652885362494812
0,33,34,0.9722932749670689
0,34,35,0.9630890113662065
0,35,36,0.9253215751375728
0,36,37,0.9756602553272004
0,37,38,0.881738653612655
0,38,39,0.9672718922605745
0,39,40,0.9215499374600293
0,40,41,0.9683376161742696
0,41,42,0.9460093974283805
0,42,43,0.907701162550439
0,43,44,0.9718747884280992
0,44,45,0.9739526550061383
0,45,46,0.9864601058235479
0,46,47,0.9922480890672237
0,47,48,0.9814659613031741
0,48,49,0.9654663550328173
0,49,50,0.955289596018455
0,50,51,0.9649176510153502
0,51,52,0.9830462150394983
0,52,53,0.8961701510741764
0,53,54,0.8723905524235191
0,54,55,0.9879978057652417
0,55,56,0.9822082429744448
0,56,57,0.9590874518512227
0,57,58,0.9488027066555842
0,58,59,0.99090608692258
0,59,60,0.974018246493478
0,60,61,0.9514766251270196
0,61,62,0.9763600145532736
0,62,63,0.9763615552333419
0,63,64,0.960731552981005
0,64,65,0.9925936682630756
0,65,66,0.9919007581961463
0,66,67,0.975958161688931
0,67,68,0.986617378771713
0,68,69,0.9792054816618768
0,69,70,0.8305894013044244
0,70,71,0.81666976915754
0,71,72,0.8369868924967795
0,72,73,0.8893464439971789
0,73,74,0.9884979403939483
0,74,75,0.9768446295080854
0,75,76,0.9026074602609183
0,76,77,0.9717996974445046
0,77,78,0.9287901383653823
0,78,79,0.9361307607990551
0,79,80,0.8940494167728442
0,80,81,0.8159116035667126
0,81,82,0.7178790904802897
0,82,83,0.9621957939317838
0,83,84,0.9908891055681592
0,84,85,0.8634601935892006
0,85,86,0.8783789015731892
0,86,87,0.9917960153292273
0,87,88,0.991795200656207
0,88,89,0.8263959596474715
0,89,90,0.8680234735825819
0,90,91,0.9418769385206629
0,91,92,0.8346120010232981
0,92,93,0.6062364843124577
0,93,94,0.8712755921090666
0,94,95,0.9590247211238632
0,95,96,0.7957459674037489
0,96,97,0.7917261580871747
0,97,98,0.9839386528220305
0,98,99,0.9853488324310745
0,99,100,0.9853720950050809
0,100,101,0.9694214451180899
0,101,102,0.9665957272543165
0,102,103,0.993144976566867
0,103,104,0.9934932447110614
0,104,105,0.9999998812972506
0,105,106,0.9865783732291158
0,106,107,0.993533122099789
0,107,108,0.9644440772233944
0,108,109,0.9752444569376364
0,109,110,0.9999999315203583
0,110,111,0.9697907647937206
0,111,112,0.9841119428556194
0,112,113,0.9999999815784087
0,113,114,0.9524182350993448
0,114,115,0.9827357608696452
0,115,116,0.9462796994506474
0,116,117,0.9490214468082577
0,117,118,0.9922765105738818
0,118,119,0.8469764039225569
0,119,120,0.8510255825683342
0,120,121,0.9723722086922355
0,121,122,0.8108578695192766
0,122,123,0.8559927476912818
0,123,124,0.6200288166313007
0,124,125,0.5513027758946442
0,125,126,0.902082715604032
0,126,127,0.7655130295051049
0,127,128,0.8356255781570985
0,128,129,0.808789598792834
0,129,130,0.6813968986553881
0,130,131,0.9312777440165579
0,131,132,0.9540003815317168
0,132,133,0.9327720577990115
0,133,134,0.867947984613993
0,134,135,0.983366931051344
0,135,136,0.9819791916911081
0,136,137,0.9624240523766739
0,137,138,0.9624583464618685
0,138,139,0.7929428601513601
0,139,140,0.9284320075477377
0,140,141,0.7820184032913765
0,141,142,0.7724709547174671
0,142,143,0.6786489534622702
0,143,144,0.8669988843582194
0,144,145,0.9735112756331753
0,145,146,0.8126048603380908
0,146,147,0.7320951262055239
0,147,148,0.8273173983248845
0,148,149,0.8029616880983609
0,149,150,0.8376137010074617
0,150,151,0.8866027996988906
0,151,152,0.9792531852013361
0,152,153,0.6557743821532559
0,153,154,0.9306853197951251
0,154,155,0.9109892009060044
0,155,156,0.8555701897461228
0,156,157,0.7199787200308289
0,157,158,0.6308920609081943
0,158,159,0.883666079710617
0,159,160,0.8442412022186142
0,160,161,0.8275226154123085
0,161,162,0.9735387570152977
0,162,163,0.9204142400943255
0,163,164,0.8888376257452963
0,164,165,0.6962392847429805
0,165,166,0.9481200907518965
0,166,167,0.9166956178334617
0,167,168,0.9183917340421035
0,168,169,0.7623069878485147
0,169,170,0.8950620009048824
0,170,171,0.9480578995588478
0,171,172,0.8124702725621074
0,172,173,0.9236600805472438
0,173,174,0.8674911837682301
0,174,175,0.886313458756662
0,175,176,0.7965315288384145
0,176,177,0.9652727288365506
0,177,178,0.6685586070725725
0,178,179,0.7757713245523736
0,179,180,0.9215401269792574
0,180,181,0.7083446571216535
0,181,182,0.6597856562762159
0,182,183,0.8190179932458883
0,183,184,0.7873407721867407
0,184,185,0.8700441070675462
0,185,186,0.9330494077621291
0,186,187,0.9006701445910116
0,187,188,0.7920612762204149
0,188,189,0.9058903308432801
0,189,190,0.9140424351114846
0,190,191,0.9365747868137408
0,191,192,0.88776658519532
0,192,193,0.7744844153133131
0,193,194,0.9071998991964997
0,194,195,0.9821716893771731
0,195,196,0.8446934772607526
0,196,197,0.730969433973809
0,197,198,0.9432702470977967
0,198,199,0.9634190021274242
0,199,200,0.9330580508470593
0,200,201,0.8104001316176492
0,201,202,0.9028945060759845
0,202,203,0.9034621564086692
0,203,204,0.9317084348212133
0,204,205,0.9464598230325842
0,205,206,0.934957222501488
0,206,207,0.9551812020873928
0,207,208,0.8829118784246068
0,208,209,0.7175670995164478
0,209,210,0.9807786353167078
0,210,211,0.851475618552643
0,211,212,0.9059233325069226
0,212,213,0.8820755617299912
0,213,214,0.9191323241752968
0,214,215,0.8100372181941978
0,215,216,0.8540463176056451
0,216,217,0.9646719999504343
0,217,218,0.9115250638260776
0,218,219,0.93374502880922
0,219,220,0.8473150806822569
0,220,221,0.8673502671683584
0,221,222,0.9737216815063198
0,222,223,0.9204493435320465
0,223,224,0.7928186895823499
0,224,225,0.9685433038123941
0,225,226,0.9670478915294988
1,0,1,0.8409591044406265
1,1,2,0.8811481392563266
1,2,3,0.6672007272525067
1,3,4,0.691475624457458
1,4,5,0.8172559987190762
1,5,6,0.9396449702871865
1,6,7,0.9396444550709044
1,7,8,0.8672641818228679
1,8,9,0.5968719245637499
1,9,10,0.40938621331137875
1,10,11,0.8174054793541589
1,11,12,0.9261657631525014
1,12,13,0.8025288537719703
1,13,14,0.7864856513920635
1,14,15,0.889510360987367
1,15,16,0.9431599092155141
1,16,17,0.9357603681250206
1,17,18,0.8025269691632732
1,18,19,0.8025290623864326
1,19,20,0.8755097848013691
1,20,21,0.9515090990568686
1,21,22,0.9748611170093852
1,22,23,0.801071840370329
1,23,24,0.9305940574767905
1,24,25,0.8072796099613162
1,25,26,0.8617869467459676
1,26,27,0.8401294742828765
1,27,28,0.7190111802979793
1,28,29,0.6601894100019879
1,29,30,0.7225871363201127
1,30,31,0.8513123424282795
1,31,32,0.8519899436538236
1,32,33,0.8825057661709709
1,33,34,0.9999999989763628
1,34,35,0.9379637925414221
1,35,36,0.9298772880382168
1,36,37,0.8294621723428637
1,37,38,0.7702155802613395
1,38,39,0.9707285974193063
1,39,40,0.7708966142073234
1,40,41,0.8561832847247323
1,41,42,0.8920513851298748
1,42,43,0.7923380879480135
1,43,44,0.9909726567131597
1,44,45,0.9655259260453418
1,45,46,0.9853548160844244
1,46,47,0.983981312856068
1,47,48,0.9739720817721328
1,48,49,0.9342382281344185
1,49,50,0.9803539104361254
1,50,51,0.9786478434148402
1,51,52,0.9168365901812934
1,52,53,0.9568305086156023
1,53,54,0.9777757727955271
1,54,55,0.9631741560600264
1,55,56,0.9840626782159319
1,56,57,0.9769290872523684
1,57,58,0.9660800256699902
1,58,59,0.9126206805620193
1,59,60,0.9008779481144175
1,60,61,0.9404491801699131
1,61,62,0.9999999997619254
1,62,63,0.9763160598355536
1,63,64,0.9922298848013295
1,64,65,0.9445321778379855
1,65,66,0.9446145777927967
1,66,67,0.9706125308878764
1,67,68,0.9760406403048119
1,68,69,0.9925709284287332
1,69,70,0.9594799501356276
1,70,71,0.9655735531641201
1,71,72,0.8366876996482197
1,72,73,0.9492322049241465
1,73,74,0.7995828471660952
1,74,75,0.8975453706378275
1,75,76,0.9504969776250585
1,76,77,0.9839260980651623
1,77,78,0.9128810900680369
1,78,79,0.9364755338952854
1,79,80,0.8679887211885997
1,80,81,0.8832535367114089
1,81,82,0.7514422386443802
1,82,83,0.9607243505431988
1,83,84,0.9582279131319009
1,84,85,0.8583673427785727
1,85,86,0.8798095648679473
1,86,87,0.929060989889844
1,87,88,0.9106325217425243
1,88,89,0.7775311390201662
1,89,90,0.9664630530335918
1,90,91,0.9265295897103129
1,91,92,0.8670189133035194
1,92,93,0.6036589102303344
1,93,94,0.9583741244476841
1,94,95,0.9744143233351403
1,95,96,0.7945206920358088
1,96,97,0.7946933420364962
1,97,98,0.9918192413190806
1,98,99,0.9785305888713791
1,99,100,0.9999995957778779
1,100,101,0.9999995774675879
1,101,102,0.9926016314260703
1,102,103,0.9999987021837535
1,103,104,0.9861081297214088
1,104,105,0.9731539978193583
1,105,106,0.9915439640140477
1,106,107,0.9699333279462106
1,107,108,0.9811047537744149
1,108,109,0.962145936169611
1,109,110,0.9577857099891717
1,110,111,0.9846931796923496
1,111,112,0.9932472515788063
1,112,113,0.9792106482690438
1,113,114,0.936927901479635
1,114,115,0.9738455609075656
1,115,116,0.9753832375692165
1,116,117,0.9653040023747499
1,117,118,0.9802659952995257
1,118,119,0.8575858515512229
1,119,120,0.8784986323216678
1,120,121,0.9819134881749831
1,121,122,0.7913615272585558
1,122,123,0.9807687680106475
1,123,124,0.7470418169897929
1,124,125,0.6109120967148491
1,125,126,0.7957696675672256
1,126,127,0.8839100332626129
1,127,128,0.8653947407470595
1,128,129,0.7676754849051254
1,129,130,0.703469792188687
1,130,131,0.8733114958040068
1,131,132,0.8711103648852848
1,132,133,0.9459038358683116
1,133,134,0.9189570835742333
1,134,135,0.9846807355287006
1,135,136,0.9644663352223289
1,136,137,0.9717906272562647
1,137,138,0.9718805249213607
1,138,139,0.8383057791054177
1,139,140,0.9596995203370663
1,140,141,0.8535568120127652
1,141,142,0.739250025889998
1,142,143,0.7238052541901561
1,143,144,0.9634052040663731
1,144,145,0.7486973413722356
1,145,146,0.6882767963916296
1,146,147,0.7105241441192357
1,147,148,0.966275951921457
1,148,149,0.8668427220413712
1,149,150,0.9748686684692308
1,150,151,0.9370566674449041
1,151,152,0.957762980565123
1,152,153,0.6769516886467694
1,153,154,0.9224798927857826
1,154,155,0.8964150433832482
1,155,156,0.9652567983802315
1,156,157,0.9236824755963706
1,157,158,0.8626964141244268
1,158,159,0.985832023720417
1,159,160,0.9343524461032815
1,160,161,0.77265922970641
1,161,162,0.9651148874527627
1,162,163,0.9650649162117348
1,163,164,0.9999999786963
1,164,165,0.699811752895746
1,165,166,0.8595822636034038
1,166,167,0.9418648268761154
1,167,168,0.892322397822535
1,168,169,0.7772227830630293
1,169,170,0.9562685294096085
1,170,171,0.9551777488609209
1,171,172,0.5886332105802261
1,172,173,0.6566269946513049
1,173,174,0.9405574194695053
1,174,175,0.8062736475867628
1,175,176,0.8559382233284828
1,176,177,0.8449475144457916
1,177,178,0.8304555855111962
1,178,179,0.8144759872378732
1,179,180,0.8816735524051071
1,180,181,0.8193921302819746
1,181,182,0.7729102871075111
1,182,183,0.9441910588946828
1,183,184,0.8426096065978851
1,184,185,0.9037091286957555
1,185,186,0.9423282967310507
1,186,187,0.7544506771529209
1,187,188,0.9397128216940323
1,188,189,0.7755431511644435
1,189,190,0.9229424889195588
1,190,191,0.988484222710554
1,191,192,0.9518333605652093
1,192,193,0.8131103623503821
1,193,194,0.8411888507555086
1,194,195,0.8250016642718923
1,195,196,0.9474115455547285
1,196,197,0.9244340993379497
1,197,198,0.8836302497321783
1,198,199,0.9268239126689847
1,199,200,0.9626254497293079
1,200,201,0.8644211282878239
1,201,202,0.8565081102608353
1,202,203,0.9727504418938518
1,203,204,0.9061231056131644
1,204,205,0.9036551446916302
1,205,206,0.9817376944908746
1,206,207,0.9221859677751865
1,207,208,0.892290169172379
1,208,209,0.5872830061915836
1,209,210,0.7859944533972693
1,210,211,0.9024375442104859
1,211,212,0.6983739674658808
1,212,213,0.7358842359095572
1,213,214,0.9176500588983637
1,214,215,0.9567409189290008
1,215,216,0.8560273411347522
1,216,217,0.845156072685854
1,217,218,0.8903410190128704
1,218,219,0.9824408040432375
1,219,220,0.9336741143447528
1,220,221,0.9388422268531363
1,221,222,0.9385948718758833
1,222,223,0.8948132555571359
1,223,224,0.9041307476322155
1,224,225,0.8635485345821186
1,225,226,0.9485248889154527
2,0,1,0.8457848511179995
2,1,2,0.9132123188399826
2,2,3,0.8011011362199774
2,3,4,0.8010996772834329
2,4,5,0.9999999999813395
2,5,6,0.9576062317083014
2,6,7,0.9536406788666113
2,7,8,0.6331600589220446
2,8,9,0.7563503371603022
2,9,10,0.6609396690649467
2,10,11,0.7905143390366091
2,11,12,0.886899840421994
2,12,13,0.8025283493023951
2,13,14,0.6680546154540765
2,14,15,0.8509639518876729
2,15,16,0.9431195253707875
2,16,17,0.9151288926637287
2,17,18,0.642880377344173
2,18,19,0.642879986718745
2,19,20,0.8409502055380159
2,20,21,0.8174073932647601
2,21,22,0.8825748375766407
2,22,23,0.9724412169779025
2,23,24,0.7440914263059615
2,24,25,0.8905846292588748
2,25,26,0.9005900392061859
2,26,27,0.8904665759740723
2,27,28,0.9265182792972126
2,28,29,0.9359471200180662
2,29,30,0.7857862990512976
2,30,31,0.9643499602580454
2,31,32,0.8394900931035947
2,32,33,0.9890143364913774
2,33,34,0.9799607870500545
2,34,35,0.9553058113213715
2,35,36,0.868252504448317
2,36,37,0.9626273567784289
2,37,38,0.9220017176763584
2,38,39,0.952808460742233
2,39,40,0.9524847316850749
2,40,41,0.9492574752014339
2,41,42,0.9796746001341354
2,42,43,0.9092007122227461
2,43,44,0.9999999954547097
2,44,45,0.992241365812829
2,45,46,0.9999997178079378
2,46,47,0.9758371582277554
2,47,48,0.9869501247454617
2,48,49,0.9512936793504857
2,49,50,0.9661930453487986
2,50,51,0.9580257066341531
2,51,52,0.9406695347838766
2,52,53,0.9406690503249853
2,53,54,0.9918412915431717
2,54,55,0.9612784336006811
2,55,56,0.9892240276860894
2,56,57,0.9842284615192876
2,57,58,0.9201847465008874
2,58,59,0.9395737385306435
2,59,60,0.9916482821156515
2,60,61,0.9840033507319457
2,61,62,0.9999999953095376
2,62,63,0.9921513173886877
2,63,64,0.9999999505026853
2,64,65,0.9830144993404976
2,65,66,0.9830732763938509
2,66,67,0.9525485653195026
2,67,68,0.9655158119380176
2,68,69,0.964071461388991
2,69,70,0.9013308463161264
2,70,71,0.9494052936728227
2,71,72,0.8838017582567487
2,72,73,0.9668217423721043
2,73,74,0.868257411279327
2,74,75,0.9559209983301794
2,75,76,0.9714595461892184
2,76,77,0.9692518426309178
2,77,78,0.9846344240289093
2,78,79,0.9177011305727915
2,79,80,0.8585763059999272
2,80,81,0.7638669872526381
2,81,82,0.6369594558885758
2,82,83,0.9920723182450448
2,83,84,0.9851659341834468
2,84,85,0.863085738243586
2,85,86,0.9352770306984671
2,86,87,0.9239800353528121
2,87,88,0.8680556549066943
2,88,89,0.9056976510368943
2,89,90,0.7264834756730892
2,90,91,0.826823747936967
2,91,92,0.846128677228179
2,92,93,0.6754876698114582
2,93,94,0.973684922691731
2,94,95,0.999999910226476
2,95,96,0.8170068393140509
2,96,97,0.81726237445001
2,97,98,0.9914123249149189
2,98,99,0.9839587055559966
2,99,100,0.9839656471485194
2,100,101,0.9914668801899387
2,101,102,0.9918492308019162
2,102,103,0.9854627436393071
2,103,104,0.9926322063861471
2,104,105,0.9999999824003756
2,105,106,0.9999997271572311
2,106,107,0.9872326997195717
2,107,108,0.9935443844426344
2,108,109,0.9926720530138511
2,109,110,0.9932216014256321
2,110,111,0.9704429183915365
2,111,112,0.9647860808719803
2,112,113,0.9662142941859021
2,113,114,0.965169362766558
2,114,115,0.9699341461750404
2,115,116,0.9793572628676323
2,116,117,0.9946952049256407
2,117,118,0.957646474890653
2,118,119,0.8371275441226301
2,119,120,0.883151753564498
2,120,121,0.9603080571724192
2,121,122,0.7992214868007839
2,122,123,0.7623485077196998
2,123,124,0.6477503783951626
2,124,125,0.6058831583535723
2,125,126,0.8891923265242593
2,126,127,0.8251451627746058
2,127,128,0.9265157005696154
2,128,129,0.7086971014288789
2,129,130,0.5799417818914215
2,130,131,0.9493978102681706
2,131,132,0.9876067043575969
2,132,133,0.8849797266348718
2,133,134,0.9662189406317244
2,134,135,0.96621347455221
2,135,136,0.9829939536779296
2,136,137,0.9484154129776592
2,137,138,0.9921115135750587
2,138,139,0.9125266235515417
2,139,140,0.9773426572890713
2,140,141,0.7843846655919541
2,141,142,0.7693736959845656
2,142,143,0.7245233285512098
2,143,144,0.8660477622966969
2,144,145,0.8268099056421955
2,145,146,0.8087816338395268
2,146,147,0.978204180465126
2,147,148,0.9771959016909404
2,148,149,0.9309807336532414
2,149,150,0.8719460461654358
2,150,151,0.9481207068932178
2,151,152,0.8670435398702032
2,152,153,0.6332020656253166
2,153,154,0.9334467838362299
2,154,155,0.8887749170838611
2,155,156,0.8710676452797504
2,156,157,0.7133385512894109
2,157,158,0.7031871117531042
2,158,159,0.7390193373977939
2,159,160,0.9096018657966332
2,160,161,0.6972340652680281
2,161,162,0.845665017648429
2,162,163,0.8663678987210099
2,163,164,0.9544676853184205
2,164,165,0.7932569112910973
2,165,166,0.8795642972567255
2,166,167,0.9100842510322119
2,167,168,0.9085267694619014
2,168,169,0.9018996801004779
2,169,170,0.94495064388499
2,170,171,0.9821361991045817
2,171,172,0.7033645239419161
2,172,173,0.8146439031787072
2,173,174,0.965274288592976
2,174,175,0.8674948127776841
2,175,176,0.7931709739101392
2,176,177,0.9663888945468625
2,177,178,0.9461286250765036
2,178,179,0.9066561502089593
2,179,180,0.9215390855117493
2,180,181,0.5491885271976208
2,181,182,0.5953274082169441
2,182,183,0.7424909238061425
2,183,184,0.916691357475981
2,184,185,0.9225791505854355
2,185,186,0.9695621996999414
2,186,187,0.7650141793308285
2,187,188,0.8668544641829791
2,188,189,0.8001341293691051
2,189,190,0.9035860969128585
2,190,191,0.8760657178426001
2,191,192,0.8040819802949716
2,192,193,0.8558742526900347
2,193,194,0.7375873814800998
2,194,195,0.8103684293076434
2,195,196,0.8737510707622823
2,196,197,0.9265329145037936
2,197,198,0.8874318024447336
2,198,199,0.8537939930280561
2,199,200,0.7906978567730716
2,200,201,0.9999999986490931
2,201,202,0.8791542337570099
2,202,203,0.8935719766968003
2,203,204,0.8737193234530568
2,204,205,0.9667670571510207
2,205,206,0.9621883403705689
2,206,207,0.9634118067816091
2,207,208,0.9166809562221081
2,208,209,0.9372536605361628
2,209,210,0.7271077078979884
2,210,211,0.7439637318518794
2,211,212,0.9060708410896101
2,212,213,0.9422128857341511
2,213,214,0.9662425316815327
2,214,215,0.8520089590868923
2,215,216,0.7459213366312173
2,216,217,0.9805314322634414
2,217,218,0.938679083357599
2,218,219,0.9683011287966088
2,219,220,0.9803454414181674
2,220,221,0.8958369994947261
2,221,222,0.8970568886174881
2,222,223,0.9666037780617881
2,223,224,0.9144345898009031
2,224,225,0.9999999964469682
2,225,226,0.8937299214340211
3,0,1,0.9684289051644057
3,1,2,0.6841523417382891
3,2,3,0.6625493142764645
3,3,4,0.829929002808728
3,4,5,0.8869016804138662
3,5,6,0.8457830390931916
3,6,7,0.7679594708029372
3,7,8,0.5435300304348584
3,8,9,0.6749511437470432
3,9,10,0.7085451325329855
3,10,11,0.7170456667178394
3,11,12,0.898541144382834
3,12,13,0.8775463636789814
3,13,14,0.8751245571501788
3,14,15,0.9079913456851798
3,15,16,0.8025328863738728
3,16,17,0.8169533943317043
3,17,18,0.8663478235158781
3,18,19,0.7851928003902245
3,19,20,0.9609487102075256
3,20,21,0.7237939791250483
3,21,22,0.8854775521333259
3,22,23,0.7464634253278749
3,23,24,0.8172621302330141
3,24,25,0.968428329687777
3,25,26,0.7321975735878375
3,26,27,0.7763341816034326
3,27,28,0.8964117785687662
3,28,29,0.7778346523053407
3,29,30,0.632228492493983
3,30,31,0.7638258158733748
3,31,32,0.8214021305876664
3,32,33,0.7884300584346361
3,33,34,0.990696810713358
3,34,35,0.9327586885840646
3,35,36,0.9561981995720579
3,36,37,0.9884985259174451
3,37,38,0.8792923153568303
3,38,39,0.9455345497799438
3,39,40,0.7733288450020307
3,40,41,0.8785648558003576
3,41,42,0.9352998094452369
3,42,43,0.9318056059310382
3,43,44,0.9840155740326564
3,44,45,0.9914404420605413
3,45,46,0.9914406888018299
3,46,47,0.9838796552708844
3,47,48,0.99290463212146
3,48,49,0.9859228069561582
3,49,50,0.9999999980657908
3,50,51,0.9735442234799908
3,51,52,0.9411837868471447
3,52,53,0.9106583024671252
3,53,54,0.9832082440891193
3,54,55,0.9685399520342535
3,55,56,0.9694484097252407
3,56,57,0.9788974014665114
3,57,58,0.9420990639997554
3,58,59,0.9914208427992789
3,59,60,0.9858491517412487
3,60,61,0.9556198061869001
3,61,62,0.9909239532759787
3,62,63,0.9914129415487403
3,63,64,0.9999999962017331
3,64,65,0.9825377168077007
3,65,66,0.9694446975528161
3,66,67,0.9926525521931124
3,67,68,0.9999999163360467
3,68,69,0.985445957610385
3,69,70,0.9505577842340799
3,70,71,0.9701013466822819
3,71,72,0.7243698763795033
3,72,73,0.8604966521638424
3,73,74,0.846974441308264
3,74,75,0.9591481809107985
3,75,76,0.965144167584461
3,76,77,0.9914145641381019
3,77,78,0.9227075465684527
3,78,79,0.9136244534162181
3,79,80,0.856819089906876
3,80,81,0.7708606984288747
3,81,82,0.7027435207290698
3,82,83,0.9552705986814978
3,83,84,0.9999999358358327
3,84,85,0.8817433994473376
3,85,86,0.8848588447237553
3,86,87,0.9844363944436522
3,87,88,0.9443363892591827
3,88,89,0.8956642672893494
3,89,90,0.8362946875118378
3,90,91,0.7775017155422322
3,91,92,0.8737018240281076
3,92,93,0.6739737624426755
3,93,94,0.9733260036481173
3,94,95,0.9862072959604808
3,95,96,0.781150755506937
3,96,97,0.7682163933002754
3,97,98,0.9740317642685448
3,98,99,0.9740106304112138
3,99,100,0.9718426581646851
3,100,101,0.9784794632318594
3,101,102,0.966791289210663
3,102,103,0.9879917616336827
3,103,104,0.9999964642073758
3,104,105,0.971323058473126
3,105,106,0.9926432002026805
3,106,107,0.9655682207110763
3,107,108,0.9698328934443491
3,108,109,0.9776213831641101
3,109,110,0.9776538784030565
3,110,111,0.9787143169361352
3,111,112,0.9785478511852991
3,112,113,0.9867314322460896
3,113,114,0.9791467850722865
3,114,115,0.9784142261008089
3,115,116,0.9609828066801319
3,116,117,0.95662931079706
3,117,118,0.9919217168292381
3,118,119,0.9736138282913512
3,119,120,0.9459101555297561
3,120,121,0.9752681214385092
3,121,122,0.7253860214608489
3,122,123,0.8535512812542067
3,123,124,0.642638432167166
3,124,125,0.6623421283417449
3,125,126,0.9724384786769298
3,126,127,0.7989210765794506
3,127,128,0.9771929502523095
3,128,129,0.9170886706353404
3,129,130,0.7556438194565449
3,130,131,0.9783262793138054
3,131,132,0.9792557281268568
3,132,133,0.9143436834954425
3,133,134,0.8283646823856571
3,134,135,0.9657664639368035
3,135,136,0.9785342194501531
3,136,137,0.8892669894591152
3,137,138,0.8922211955378808
3,138,139,0.768163571324763
3,139,140,0.983380126737211
3,140,141,0.9492207466297953
3,141,142,0.5462622117261661
3,142,143,0.5790842829751441
3,143,144,0.9359427359463156
3,144,145,0.9771932136916981
3,145,146,0.8423874647927435
3,146,147,0.82654050378613
3,147,148,0.9277019331109033
3,148,149,0.9515507820294467
3,149,150,0.9172145058573423
3,150,151,0.8539219812364502
3,151,152,0.8719608637924181
3,152,153,0.7425946189420277
3,153,154,0.9282501614106464
3,154,155,0.8900111893381838
3,155,156,0.9011199807695033
3,156,157,0.790855159789615
3,157,158,0.9807479222193497
3,158,159,0.9418793260274968
3,159,160,0.959546255207389
3,160,161,0.6907284486565894
3,161,162,0.9426804479913281
3,162,163,0.912558032238014
3,163,164,0.8623387330102108
3,164,165,0.8664010086554071
3,165,166,0.8448631138980602
3,166,167,0.8974453612545238
3,167,168,0.971822073599011
3,168,169,0.8493508691741848
3,169,170,0.9226928061287824
3,170,171,0.7977063874846926
3,171,172,0.8082076883893475
3,172,173,0.8415043163991833
3,173,174,0.9103929855625364
3,174,175,0.8299863968679498
3,175,176,0.8426660806184391
3,176,177,0.9473315095829041
3,177,178,0.961081499394276
3,178,179,0.796481404785475
3,179,180,0.8755205059710474
3,180,181,0.5793122414613722
3,181,182,0.6315782121747556
3,182,183,0.9019520239570015
3,183,184,0.8491257060863048
3,184,185,0.5565857729261936
3,185,186,0.7406139316540881
3,186,187,0.9004157236584965
3,187,188,0.9204755025095381
3,188,189,0.7834009466922284
3,189,190,0.8282528867895547
3,190,191,0.8434304333873862
3,191,192,0.8434201844258111
3,192,193,0.948038072750248
3,193,194,0.8464520196165812
3,194,195,0.9044746916366135
3,195,196,0.8869655199423959
3,196,197,0.9743041323133615
3,197,198,0.8658846712527237
3,198,199,0.9625680114777682
3,199,200,0.9634158802375163
3,200,201,0.7709592942114886
3,201,202,0.95974770913125
3,202,203,0.8893851752561215
3,203,204,0.8628171398035842
3,204,205,0.912541888155087
3,205,206,0.9133893194527466
3,206,207,0.9844042385808629
3,207,208,0.9201608240878285
3,208,209,0.8032282338537432
3,209,210,0.9639776247855926
3,210,211,0.7992216832585267
3,211,212,0.9705566856051149
3,212,213,0.8803039918607819
3,213,214,0.9016746140448996
3,214,215,0.8400561556588108
3,215,216,0.7891970187930741
3,216,217,0.9727030777439016
3,217,218,0.9288394280337723
3,218,219,0.8976045578954872
3,219,220,0.9709474824598728
3,220,221,0.9397835299773152
3,221,222,0.8942871397824378
3,222,223,0.9013261993293334
3,223,224,0.9644420316204644
3,224,225,0.8556716573555214
3,225,226,0.851983098170949
4,0,1,0.9132146668688363
4,1,2,0.9576072527227596
4,2,3,0.8299284292751137
4,3,4,0.708160303011928
4,4,5,0.75677253603922
4,5,6,0.9662721060147729
4,6,7,0.9312966291584871
4,7,8,0.8326692314051343
4,8,9,0.8169528162422574
4,9,10,0.5633016710643849
4,10,11,0.8838947882790952
4,11,12,0.7570217803657815
4,12,13,0.9082199379522701
4,13,14,0.7699860797293819
4,14,15,0.8798626706391511
4,15,16,0.9999999999707263
4,16,17,0.9763298618345947
4,17,18,0.9241979853960831
4,18,19,0.9480516357270055
4,19,20,0.9480513472439253
4,20,21,0.9133800971539944
4,21,22,0.8174082754300099
4,22,23,0.8409534925323058
4,23,24,0.8409544360301269
4,24,25,0.795756523507696
4,25,26,0.9370484664691289
4,26,27,0.9801111333234842
4,27,28,0.9080345117937617
4,28,29,0.9999999996911775
4,29,30,0.9264125454852586
4,30,31,0.8499227991319974
4,31,32,0.8789603021550398
4,32,33,0.902763478719788
4,33,34,0.9460609576250466
4,34,35,0.9550793548384414
4,35,36,0.9301573064299177
4,36,37,0.9773323100022605
4,37,38,0.8550005281368191
4,38,39,0.9765957801010112
4,39,40,0.9840789457017175
4,40,41,0.9999999985683944
4,41,42,0.9813049896310281
4,42,43,0.9813029159896971
4,43,44,0.9999999962434818
4,44,45,0.9839280014014143
4,45,46,0.991848276806261
4,46,47,0.999999936752383
4,47,48,0.9919433692504876
4,48,49,0.9746576510324013
4,49,50,0.9734944856460448
4,50,51,0.9833776933186408
4,51,52,0.9147699313816549
4,52,53,0.923052673972392
4,53,54,0.9696530721394566
4,54,55,0.9669149576116246
4,55,56,0.9872625635911098
4,56,57,0.9723291245408553
4,57,58,0.8980770420873372
4,58,59,0.9581137077949903
4,59,60,0.9525102696800476
4,60,61,0.9820106166153239
4,61,62,0.9911992471161496
4,62,63,0.999999969966141
4,63,64,0.9847409789114372
4,64,65,0.9706522784367588
4,65,66,0.9706571144685214
4,66,67,0.9922693394496542
4,67,68,0.9807553411207982
4,68,69,0.9869521586347298
4,69,70,0.8838097101209208
4,70,71,0.8925591944276742
4,71,72,0.8954584943902884
4,72,73,0.9675859169667487
4,73,74,0.9562721328394646
4,74,75,0.9562751806073813
4,75,76,0.9227045366867845
4,76,77,0.9839667598921671
4,77,78,0.9764060128083085
4,78,79,0.9908812268729272
4,79,80,0.8276585840849542
4,80,81,0.9749792661052502
4,81,82,0.8046740470981941
4,82,83,0.9838875478021264
4,83,84,0.9781087892591013
4,84,85,0.8669171582760704
4,85,86,0.8559301438125093
4,86,87,0.865706638669642
4,87,88,0.8690536338819455
4,88,89,0.8960800132869541
4,89,90,0.8370551744347706
4,90,91,0.914451959338406
4,91,92,0.9236658112491885
4,92,93,0.7488547230721204
4,93,94,0.9733789407063487
4,94,95,0.9930201811567428
4,95,96,0.8807098670349416
4,96,97,0.8857796334060103
4,97,98,0.9863097221916689
4,98,99,0.9918859361179402
4,99,100,0.9848441140069478
4,100,101,0.9846298897789382
4,101,102,0.9846268821528994
4,102,103,0.9932495254658311
4,103,104,0.9767726899856206
4,104,105,0.9888661748062401
4,105,106,0.9580643500575843
4,106,107,0.9566914422835168
4,107,108,0.958526517029902
4,108,109,0.9743970783823422
4,109,110,0.9867686109915441
4,110,111,0.9643023567890795
4,111,112,0.9643018396131531
4,112,113,0.9999999965757449
4,113,114,0.9753004234449877
4,114,115,0.9891075605442334
4,115,116,0.9625639477661294
4,116,117,0.9577706166878986
4,117,118,0.9867528471625067
4,118,119,0.9318296197906762
4,119,120,0.9111353704918179
4,120,121,0.9588133040438436
4,121,122,0.7831738498463869
4,122,123,0.9044681036192314
4,123,124,0.6951797697794808
4,124,125,0.5753586281634215
4,125,126,0.8751383213427019
4,126,127,0.730909188639087
4,127,128,0.9525083854725798
4,128,129,0.6179615555424934
4,129,130,0.47244433673710706
4,130,131,0.8026741694491216
4,131,132,0.9686160454043404
4,132,133,0.926695471593202
4,133,134,0.8381966885854056
4,134,135,0.9999998957543272
4,135,136,0.9830946320837903
4,136,137,0.9070721100825884
4,137,138,0.8991260080850774
4,138,139,0.7835512979985924
4,139,140,0.8785424587831956
4,140,141,0.7866625940417694
4,141,142,0.8227957037669174
4,142,143,0.8778589546370502
4,143,144,0.9815870514694183
4,144,145,0.7815019698545892
4,145,146,0.7048843988412131
4,146,147,0.8076289664166304
4,147,148,0.7427647292905811
4,148,149,0.7914643585455964
4,149,150,0.7576422721892863
4,150,151,0.9999999989937661
4,151,152,0.8704675268301727
4,152,153,0.8138086163693996
4,153,154,0.8857997477757584
4,154,155,0.8885595575434124
4,155,156,0.9156233786979951
4,156,157,0.7846873209491082
4,157,158,0.8390078874136369
4,158,159,0.9670876559358604
4,159,160,0.8888148391576284
4,160,161,0.8476248570044435
4,161,162,0.9622204027395866
4,162,163,0.9527007911597377
4,163,164,0.9136599389842209
4,164,165,0.6981288073278787
4,165,166,0.8554976730453305
4,166,167,0.8945963719690758
4,167,168,0.7887780031348157
4,168,169,0.9642393623884057
4,169,170,0.9559526847834272
4,170,171,0.8414818166869883
4,171,172,0.8070483299928932
4,172,173,0.8414984098662684
4,173,174,0.970979596915087
4,174,175,0.7774895798431866
4,175,176,0.726169334294395
4,176,177,0.9498821269516793
4,177,178,0.945454652672481
4,178,179,0.9691594477602399
4,179,180,0.7321139963773955
4,180,181,0.6841677223059232
4,181,182,0.49334908537226585
4,182,183,0.9675811219677005
4,183,184,0.9839340179549931
4,184,185,0.8767726095328879
4,185,186,0.9682681063699213
4,186,187,0.89544856836729
4,187,188,0.9999999992046169
4,188,189,0.7885694594501756
4,189,190,0.9151841148313951
4,190,191,0.9862276657742705
4,191,192,0.9726148042897143
4,192,193,0.8348333018520265
4,193,194,0.9807458937481068
4,194,195,0.999999999454047
4,195,196,0.7865380556037495
4,196,197,0.905321292132176
4,197,198,0.8076885082264875
4,198,199,0.9550970907937608
4,199,200,0.8179167407617657
4,200,201,0.8431968316880668
4,201,202,0.9483567499043078
4,202,203,0.9234711807011253
4,203,204,0.8674188817776475
4,204,205,0.9359097368900409
4,205,206,0.9207456906230106
4,206,207,0.9419129384069009
4,207,208,0.973795545587001
4,208,209,0.6675804625868045
4,209,210,0.9358766712515233
4,210,211,0.8071099164858587
4,211,212,0.9450536181288411
4,212,213,0.900585024412746
4,213,214,0.9435400152568671
4,214,215,0.9470196115344326
4,215,216,0.948077178318083
4,216,217,0.9653249272705492
4,217,218,0.9418910070201668
4,218,219,0.911636140778257
4,219,220,0.9712184333984699
4,220,221,0.8946000855748789
4,221,222,0.8785244306772344
4,222,223,0.957199010817798
4,223,224,0.9794329616135324
4,224,225,0.8693895900981342
4,225,226,0.9721721094076197
5,0,1,0.8326755077780016
5,1,2,0.904875733613504
5,2,3,0.8299296144240308
5,3,4,0.7636630954232672
5,4,5,0.8278304820675206
5,5,6,0.9751578797678783
5,6,7,0.7914521632093253
5,7,8,0.8947594866235058
5,8,9,0.7910096692522333
5,9,10,0.48940155197318475
5,10,11,0.8239864913096352
5,11,12,0.7135958671437793
5,12,13,0.7346187442618867
5,13,14,0.9156310624801519
5,14,15,0.9451971889186146
5,15,16,0.8868973525114842
5,16,17,0.7827495277047347
5,17,18,0.8506231430820393
5,18,19,0.9202067802835032
5,19,20,0.7620162756774712
5,20,21,0.95154280503567
5,21,22,0.9515444287162731
5,22,23,0.7266943402081755
5,23,24,0.6342199908664481
5,24,25,0.9595266083093843
5,25,26,0.8997246607987077
5,26,27,0.9515232987301305
5,27,28,0.9834374255998394
5,28,29,0.9473262673090493
5,29,30,0.8904832148311379
5,30,31,0.969151593705064
5,31,32,0.9434412826549862
5,32,33,0.8973054504989768
5,33,34,0.9052117989407256
5,34,35,0.8942077369556732
5,35,36,0.9632172919952463
5,36,37,0.9024799925415703
5,37,38,0.9179070262711946
5,38,39,0.9517235220135517
5,39,40,0.9046193928031279
5,40,41,0.9059171550075071
5,41,42,0.9595230545205149
5,42,43,0.8370361940293234
5,43,44,0.9840275633267972
5,44,45,0.9625982852397608
5,45,46,0.9581811257761526
5,46,47,0.9837686893843605
5,47,48,0.9922529614448728
5,48,49,0.9706918775597276
5,49,50,0.9662213014643632
5,50,51,0.94955441918548
5,51,52,0.9576938077970382
5,52,53,0.9561223492562447
5,53,54,0.9658296019579247
5,54,55,0.9582945315560129
5,55,56,0.9656280511887847
5,56,57,0.9639154418976328
5,57,58,0.8959153255543167
5,58,59,0.9999999979104733
5,59,60,0.9119501423231012
5,60,61,0.9705893936077934
5,61,62,0.9999999993715388
5,62,63,0.9999999982145076
5,63,64,0.9830965401548035
5,64,65,0.9831095991388565
5,65,66,0.9707762735681514
5,66,67,0.9932769854699027
5,67,68,0.9876704789426078
5,68,69,0.9525781669801784
5,69,70,0.9718039236186602
5,70,71,0.9644749982946492
5,71,72,0.8486110466066168
5,72,73,0.8679956918770692
5,73,74,0.8914433338951967
5,74,75,0.8667378476079713
5,75,76,0.7810307874686508
5,76,77,0.9909514121027716
5,77,78,0.8634749978573794
5,78,79,0.8783732252425602
5,79,80,0.9080351039979654
5,80,81,0.7581680649767211
5,81,82,0.6666265646554345
5,82,83,0.9815119600362197
5,83,84,0.9999999460157691
5,84,85,0.8602827591844902
5,85,86,0.9163797610375564
5,86,87,0.868131042800652
5,87,88,0.904429720765447
5,88,89,0.9763811033687905
5,89,90,0.7380218422908765
5,90,91,0.6754561413442884
5,91,92,0.8042202149584584
5,92,93,0.6779943587750703
5,93,94,0.9722782672901092
5,94,95,0.9787930226957606
5,95,96,0.7515090833656242
5,96,97,0.7054193513243406
5,97,98,0.9556380994874896
5,98,99,0.9791776437124491
5,99,100,0.9696901381582381
5,100,101,0.980980451643154
5,101,102,0.9361344385652983
5,102,103,0.9425366041352291
5,103,104,0.9609775566322057
5,104,105,0.9232015334385516
5,105,106,0.9929572095938831
5,106,107,0.981839885995178
5,107,108,0.9854647612359463
5,108,109,0.980043843661076
5,109,110,0.97685880072274
5,110,111,0.9711579665700308
5,111,112,0.9764945944263637
5,112,113,0.9795928031680684
5,113,114,0.9933484895165561
5,114,115,0.9648055440819684
5,115,116,0.9749124733854789
5,116,117,0.9772964425692264
5,117,118,0.9672596130377666
5,118,119,0.8598873353043638
5,119,120,0.8656375060430098
5,120,121,0.9770198264370723
5,121,122,0.7021968440692898
5,122,123,0.9264215978687911
5,123,124,0.8100183437000352
5,124,125,0.6660292175560526
5,125,126,0.9431253752333351
5,126,127,0.7145361648509613
5,127,128,0.9088425336164427
5,128,129,0.7225789369975167
5,129,130,0.7713847271644194
5,130,131,0.8333502573032142
5,131,132,0.9665867728447421
5,132,133,0.9080279634493978
5,133,134,0.9704372138232336
5,134,135,0.9773470730481406
5,135,136,0.9505151697527352
5,136,137,0.9013774020258967
5,137,138,0.8943945276149938
5,138,139,0.6729484371736955
5,139,140,0.691923300942376
5,140,141,0.792786881926838
5,141,142,0.6342395019849933
5,142,143,0.7787845202500826
5,143,144,0.8590385296217955
5,144,145,0.9441206122149122
5,145,146,0.9042688564762033
5,146,147,0.917326856837202
5,147,148,0.917328800826647
5,148,149,0.8905981676450456
5,149,150,0.9006097047450227
5,150,151,0.8778836511497802
5,151,152,0.7800573833977912
5,152,153,0.8390177297133875
5,153,154,0.9179542837016784
5,154,155,0.9258988440228043
5,155,156,0.8167411683776269
5,156,157,0.7995436766083724
5,157,158,0.8924118222847492
5,158,159,0.911365812115386
5,159,160,0.8721692828894831
5,160,161,0.7907897101668896
5,161,162,0.8342551170945959
5,162,163,0.8269941527090097
5,163,164,0.9791051548364477
5,164,165,0.8537535202941655
5,165,166,0.9191103040242352
5,166,167,0.968610297634465
5,167,168,0.9014192899830802
5,168,169,0.8918731223060177
5,169,170,0.9128553243480229
5,170,171,0.8662472513483876
5,171,172,0.8626890346642695
5,172,173,0.9663938839671378
5,173,174,0.9132449500912926
5,174,175,0.8639377111933285
5,175,176,0.7947416085821295
5,176,177,0.9387669397537259
5,177,178,0.8894050210811381
5,178,179,0.8723391267139704
5,179,180,0.7599870838248736
5,180,181,0.9106087624826448
5,181,182,0.6653248946817766
5,182,183,0.9434392193745617
5,183,184,0.8830856827427536
5,184,185,0.8980852042822277
5,185,186,0.8606334542252305
5,186,187,0.809707374999352
5,187,188,0.9099989823921594
5,188,189,0.6781963180624049
5,189,190,0.871167966109121
5,190,191,0.9542293887384444
5,191,192,0.9380976329445291
5,192,193,0.9558608034518035
5,193,194,0.7211184650384317
5,194,195,0.8088180308803643
5,195,196,0.9791358500652881
5,196,197,0.7896298172855352
5,197,198,0.889206152273504
5,198,199,0.8583606045203429
5,199,200,0.8596082275669299
5,200,201,0.8267552301886175
5,201,202,0.9133352857480516
5,202,203,0.8943248988352551
5,203,204,0.8171833675932403
5,204,205,0.8599223268184312
5,205,206,0.9323106264487602
5,206,207,0.8784385143125321
5,207,208,0.978313591726693
5,208,209,0.8046340117786018
5,209,210,0.8836926736517539
5,210,211,0.7298225353603106
5,211,212,0.8389019931509816
5,212,213,0.964658077168694
5,213,214,0.9705224049129944
5,214,215,0.8520045556735459
5,215,216,0.9068255224669134
5,216,217,0.9635422698395644
5,217,218,0.9662422439894589
5,218,219,0.9206494802606024
5,219,220,0.9415840364863053
5,220,221,0.9219871728622692
5,221,222,0.8740585093604086
5,222,223,0.7124188959744662
5,223,224,0.8717390213806723
5,224,225,0.8542881975187818
5,225,226,0.8623465185120073
6,0,1,0.817105136879252
6,1,2,0.8171051418517691
6,2,3,0.7851961351286433
6,3,4,0.7346191653797363
6,4,5,0.7080264534493883
6,5,6,0.9079932217777029
6,6,7,0.7286868301034104
6,7,8,0.9999999999585514
6,8,9,0.9999999999871524
6,9,10,0.6680326134765837
6,10,11,0.7049825808905232
6,11,12,0.8299259730517049
6,12,13,0.9999999999831998
6,13,14,0.9703235609591174
6,14,15,0.6147797099798836
6,15,16,0.8005340040032943
6,16,17,0.8775468082286997
6,17,18,0.9202085184706055
6,18,19,0.8299272473330196
6,19,20,0.6335859469080136
6,20,21,0.5535552944090008
6,21,22,0.9171976541762554
6,22,23,0.7227207627842182
6,23,24,0.8751266445304092
6,24,25,0.9004055605807384
6,25,26,0.8915905982587036
6,26,27,0.8079061585036147
6,27,28,0.9417423828685237
6,28,29,0.7588811984460389
6,29,30,0.8499828116177671
6,30,31,0.9709025167350956
6,31,32,0.8101072823314871
6,32,33,0.8519224967755312
6,33,34,0.9999999997301502
6,34,35,0.9179022832766756
6,35,36,0.9762729893758314
6,36,37,0.9180157401504747
6,37,38,0.8979250429109878
6,38,39,0.9999999994816076
6,39,40,0.8402685114923332
6,40,41,0.9154073020488258
6,41,42,0.9641791135829264
6,42,43,0.8817648406727612
6,43,44,0.983947948212402
6,44,45,0.991848480518914
6,45,46,0.979970289580567
6,46,47,0.9513426383311141
6,47,48,0.9516628590865587
6,48,49,0.9741199360870484
6,49,50,0.9907015039302759
6,50,51,0.8123500675260793
6,51,52,0.9605676728060808
6,52,53,0.8164369913030728
6,53,54,0.9355622159558071
6,54,55,0.9130635937754106
6,55,56,0.8718445108429108
6,56,57,0.982155664190686
6,57,58,0.8564228849926784
6,58,59,0.9263709655509397
6,59,60,0.8930315308528809
6,60,61,0.9718249245312353
6,61,62,0.9914188041088081
6,62,63,0.9914256198577367
6,63,64,0.9914042874014437
6,64,65,0.9999999984210677
6,65,66,0.9872510416235851
6,66,67,0.9870352924041788
6,67,68,0.9858337832388634
6,68,69,0.9819080004820137
6,69,70,0.7910611109262116
6,70,71,0.7997191683736844
6,71,72,0.7629575285453223
6,72,73,0.8001418363339654
6,73,74,0.9485135902150285
6,74,75,0.9805437782564898
6,75,76,0.9812892655722509
6,76,77,0.9838760912537062
6,77,78,0.941648594828174
6,78,79,0.9373860600693378
6,79,80,0.8798587230926487
6,80,81,0.8801914411894093
6,81,82,0.7247388490331418
6,82,83,0.9918222000732193
6,83,84,0.9918332638665408
6,84,85,0.9374757698332584
6,85,86,0.9359972289890718
6,86,87,0.9463980406448154
6,87,88,0.9391520903749814
6,88,89,0.9391483637732793
6,89,90,0.7100476876910793
6,90,91,0.999999999907225
6,91,92,0.903538225987415
6,92,93,0.7380464474492474
6,93,94,0.9311410030965681
6,94,95,0.9820271290657027
6,95,96,0.8830561011547582
6,96,97,0.8753940786689371
6,97,98,0.9808702625120261
6,98,99,0.9749870444348708
6,99,100,0.9848130600218749
6,100,101,0.9848098898796152
6,101,102,0.9999999587010845
6,102,103,0.9645581604891363
6,103,104,0.9887673475778928
6,104,105,0.9603124180374996
6,105,106,0.999999796437158
6,106,107,0.9787485923437144
6,107,108,0.9774958758802279
6,108,109,0.986530974384548
6,109,110,0.973656289985621
6,110,111,0.9348289380572558
6,111,112,0.9239860147521676
6,112,113,0.9759850417415566
6,113,114,0.9566531929003683
6,114,115,0.9897964708822101
6,115,116,0.9737193194394487
6,116,117,0.961980671431187
6,117,118,0.9735862484616584
6,118,119,0.825961514110566
6,119,120,0.8765860801499509
6,120,121,0.955092997728948
6,121,122,0.6895746833875398
6,122,123,0.9054232240519826
6,123,124,0.7270231763202105
6,124,125,0.585862579670567
6,125,126,0.778861986752213
6,126,127,0.8212000364166037
6,127,128,0.960198553375859
6,128,129,0.7973715812888732
6,129,130,0.7180771122112367
6,130,131,0.9330389793015859
6,131,132,0.8724873000358649
6,132,133,0.9016376168311255
6,133,134,0.8582752278997556
6,134,135,0.9807567511858588
6,135,136,0.9748473462803235
6,136,137,0.9650996724403629
6,137,138,0.9754411016689761
6,138,139,0.756110552807793
6,139,140,0.9999999999460715
6,140,141,0.9473998358092713
6,141,142,0.7894599231804077
6,142,143,0.8854820896656777
6,143,144,0.9095705240439625
6,144,145,0.8953764083462974
6,145,146,0.8000142775449465
6,146,147,0.907434492761965
6,147,148,0.7694169057354889
6,148,149,0.759097813665472
6,149,150,0.9273301385190229
6,150,151,0.8680434804348285
6,151,152,0.9367186597187028
6,152,153,0.7369037638917798
6,153,154,0.9345495510198292
6,154,155,0.9272271079972905
6,155,156,0.9741229762450794
6,156,157,0.6536702335900622
6,157,158,0.8571993781729377
6,158,159,0.8571928903213533
6,159,160,0.7297004178648575
6,160,161,0.8264225722799639
6,161,162,0.8167677036631162
6,162,163,0.8392807265553468
6,163,164,0.9284938401270999
6,164,165,0.795216224918579
6,165,166,0.9999999973214665
6,166,167,0.868030653297952
6,167,168,0.8189638596101182
6,168,169,0.6869834626612523
6,169,170,0.8270324291599269
6,170,171,0.9059366409625568
6,171,172,0.6583956771477046
6,172,173,0.8951144798244539
6,173,174,0.9999999994212755
6,174,175,0.6606042683094101
6,175,176,0.770166719916989
6,176,177,0.8036098963259974
6,177,178,0.8427421526218383
6,178,179,0.8474315309375495
6,179,180,0.8144881037750293
6,180,181,0.5207468321138705
6,181,182,0.5944537727089859
6,182,183,0.8959898398353164
6,183,184,0.9862146638437829
6,184,185,0.9367226529793165
6,185,186,0.8633771056290949
6,186,187,0.8043006697892696
6,187,188,0.9498409569433359
6,188,189,0.8371039959521744
6,189,190,0.9099251321229191
6,190,191,0.8348584802654793
6,191,192,0.8786390469408476
6,192,193,0.7838292368073665
6,193,194,0.8012869915902333
6,194,195,0.9634147038212812
6,195,196,0.815085602427464
6,196,197,0.8633713664820739
6,197,198,0.8375185310828928
6,198,199,0.8304980753846699
6,199,200,0.8857524562519954
6,200,201,0.8244562991134229
6,201,202,0.8378516527780142
6,202,203,0.9773578172747592
6,203,204,0.9444721476018257
6,204,205,0.8975785420682701
6,205,206,0.9203309565567286
6,206,207,0.980746456752893
6,207,208,0.9571895500419766
6,208,209,0.9408970624195319
6,209,210,0.9677283840933708
6,210,211,0.888157728476946
6,211,212,0.928604981008571
6,212,213,0.7646067194294957
6,213,214,0.938166618524231
6,214,215,0.9195789951230278
6,215,216,0.89311169799659
6,216,217,0.9033080009632872
6,217,218,0.9143686369036552
6,218,219,0.914377053874063
6,219,220,0.9434191737896684
6,220,221,0.9658321147287217
6,221,222,0.9475565923981393
6,222,223,0.968732307959851
6,223,224,0.8973466636169413
6,224,225,0.867389123131973
6,225,226,0.8074171250811926
7,0,1,0.9132140102890578
7,1,2,0.9999999999691616
7,2,3,0.6757126111003584
7,3,4,0.5656562191252025
7,4,5,0.7080335440415136
7,5,6,0.9261659747384403
7,6,7,0.8665130032435054
7,7,8,0.904872187189006
7,8,9,0.8532792749126011
7,9,10,0.6647423808217343
7,10,11,0.9342526924338765
7,11,12,0.7921404362438998
7,12,13,0.9344687250731734
7,13,14,0.6401751622315837
7,14,15,0.6754114205553342
7,15,16,0.8339459980294082
7,16,17,0.7082877720426368
7,17,18,0.47263195308518224
7,18,19,0.6257270982540462
7,19,20,0.8756082228792462
7,20,21,0.8950962831466275
7,21,22,0.8072797739056558
7,22,23,0.9638054682550693
7,23,24,0.696744384714735
7,24,25,0.831847466181112
7,25,26,0.9044493863175115
7,26,27,0.9245365731843647
7,27,28,0.899562900846357
7,28,29,0.8780564981098771
7,29,30,0.8180365783263027
7,30,31,0.8954426136522854
7,31,32,0.7990342639950297
7,32,33,0.9196850477975095
7,33,34,0.9319122485793931
7,34,35,0.931920127689935
7,35,36,0.9434581943414768
7,36,37,0.8780975634352015
7,37,38,0.9170038770662899
7,38,39,0.9846805411028836
7,39,40,0.9645394916144588
7,40,41,0.9079318334017822
7,41,42,0.9781193794802225
7,42,43,0.8741675254225236
7,43,44,0.9615930424827154
7,44,45,0.9699676451467908
7,45,46,0.9639428499027634
7,46,47,0.99184011830481
7,47,48,0.9801841688585473
7,48,49,0.9516777989416769
7,49,50,0.9504528323296778
7,50,51,0.9574259559868604
7,51,52,0.9026660133041262
7,52,53,0.899818488527147
7,53,54,0.9762358530976138
7,54,55,0.9623873123464538
7,55,56,0.966503531595714
7,56,57,0.9782140171703781
7,57,58,0.877477726373897
7,58,59,0.9641964890867252
7,59,60,0.9089850184889373
7,60,61,0.9999999700603704
7,61,62,0.9914285795446577
7,62,63,0.9999999982543424
7,63,64,0.9791844368395793
7,64,65,0.9858729548393875
7,65,66,0.9913845347501502
7,66,67,0.9673856365050739
7,67,68,0.9861484632240747
7,68,69,0.992194544464149
7,69,70,0.9406762282070225
7,70,71,0.9590510990254911
7,71,72,0.8572414488603948
7,72,73,0.9999999990002708
7,73,74,0.8579909646631271
7,74,75,0.9272833269496964
7,75,76,0.9262964050267724
7,76,77,0.9852007036285452
7,77,78,0.8382309780035959
7,78,79,0.862551381737639
7,79,80,0.9600863781235649
7,80,81,0.5870594755584915
7,81,82,0.580612761860096
7,82,83,0.9429391355321807
7,83,84,0.9908851128515429
7,84,85,0.9285885958111463
7,85,86,0.9887609090185351
7,86,87,0.9205107787762086
7,87,88,0.9925599436258462
7,88,89,0.8229891859674513
7,89,90,0.9381554464115665
7,90,91,0.8721535144961868
7,91,92,0.9578004029163922
7,92,93,0.7042686958119317
7,93,94,0.9743619324399343
7,94,95,0.9742579373787192
7,95,96,0.7929365063212885
7,96,97,0.8242314870072127
7,97,98,0.9368957498913617
7,98,99,0.9670625915810724
7,99,100,0.9840657185250776
7,100,101,0.9922707342705317
7,101,102,0.9999999636535136
7,102,103,0.9999992342125607
7,103,104,0.9685239196956071
7,104,105,0.9721343515438341
7,105,106,0.9801957844660643
7,106,107,0.9607733704497232
7,107,108,0.9723927623004492
7,108,109,0.9816306712321595
7,109,110,0.9769364092527358
7,110,111,0.9778606225032958
7,111,112,0.9999999255221784
7,112,113,0.9840942461113724
7,113,114,0.9699090175794999
7,114,115,0.9873399914793826
7,115,116,0.9522992482689511
7,116,117,0.9448618926482731
7,117,118,0.9702135835289976
7,118,119,0.8954629222673692
7,119,120,0.8844312032415139
7,120,121,0.9862132612655724
7,121,122,0.7429415953786737
7,122,123,0.9808777424594349
7,123,124,0.7774632508193983
7,124,125,0.5958283797162615
7,125,126,0.8409626779162765
7,126,127,0.8099707935854071
7,127,128,0.9024042137721627
7,128,129,0.5125805750723511
7,129,130,0.5291975706618366
7,130,131,0.8278764662004137
7,131,132,0.9484923611698076
7,132,133,0.8603985974950361
7,133,134,0.8706044378931103
7,134,135,0.9774471013817445
7,135,136,0.873355805131935
7,136,137,0.8608386039529947
7,137,138,0.9839511911733952
7,138,139,0.7632645158428043
7,139,140,0.8205617933739526
7,140,141,0.8490590018794035
7,141,142,0.7807892983767787
7,142,143,0.9151326532615041
7,143,144,0.7189202640386236
7,144,145,0.658427192068449
7,145,146,0.7353227281440667
7,146,147,0.9639528074312828
7,147,148,0.8780434215649441
7,148,149,0.9748661288281056
7,149,150,0.9298472223733939
7,150,151,0.927326766462307
7,151,152,0.9828612470507391
7,152,153,0.7320989898342742
7,153,154,0.9235977769469055
7,154,155,0.8888800756546721
7,155,156,0.7949224694343847
7,156,157,0.874027489198218
7,157,158,0.7918692226787105
7,158,159,0.7733670041977099
7,159,160,0.6829633584729139
7,160,161,0.8640470975719979
7,161,162,0.9671755390897127
7,162,163,0.8533934757895074
7,163,164,0.8364701317363462
7,164,165,0.7531171390531461
7,165,166,0.9685984832032695
7,166,167,0.8748709587821458
7,167,168,0.9561888116531431
7,168,169,0.9101245529234191
7,169,170,0.8366163571011793
7,170,171,0.7103529940988488
7,171,172,0.8123263334799344
7,172,173,0.7000775000658719
7,173,174,0.8961243389415702
7,174,175,0.8639275286231702
7,175,176,0.8474264272733147
7,176,177,0.7952707314824294
7,177,178,0.9431944411582365
7,178,179,0.8333087030304264
7,179,180,0.7412401202561428
7,180,181,0.7508941047403311
7,181,182,0.5925587438726634
7,182,183,0.8120548980011303
7,183,184,0.8099917602255493
7,184,185,0.9639576996018768
7,185,186,0.9821522130514001
7,186,187,0.9054391612867226
7,187,188,0.7813349572507721
7,188,189,0.8205324443409248
7,189,190,0.8933540917301855
7,190,191,0.8783889327019403
7,191,192,0.8644110460289506
7,192,193,0.9066645254175204
7,193,194,0.8994365677278675
7,194,195,0.9558391711634323
7,195,196,0.9070654786213379
7,196,197,0.9508629812404893
7,197,198,0.967533460740871
7,198,199,0.8532158137549217
7,199,200,0.8202428545751307
7,200,201,0.9201520060085657
7,201,202,0.9861915853826948
7,202,203,0.903453314633977
7,203,204,0.9709049176020128
7,204,205,0.9104460469902408
7,205,206,0.8827427546596125
7,206,207,0.8655690210984918
7,207,208,0.9611041959400676
7,208,209,0.7289162633195051
7,209,210,0.8298462239781543
7,210,211,0.9007808694016578
7,211,212,0.878995730966833
7,212,213,0.8550469908255289
7,213,214,0.9635784725220564
7,214,215,0.9253414809620868
7,215,216,0.9144230003512896
7,216,217,0.9762479491207192
7,217,218,0.9371276062124114
7,218,219,0.9503640585812618
7,219,220,0.9247242569539788
7,220,221,0.9999999935335224
7,221,222,0.9427133461312561
7,222,223,0.9126084343986602
7,223,224,0.8932705262852695
7,224,225,0.911823053490425
7,225,226,0.9461410595785481
8,0,1,0.6679136682677363
8,1,2,0.8825762899680635
8,2,3,0.9662732903110587
8,3,4,0.9999999999566572
8,4,5,0.8087714105543453
8,5,6,0.693101425773938
8,6,7,0.8708198572109525
8,7,8,0.7750791847237588
8,8,9,0.7077656320514836
8,9,10,0.7266886655621777
8,10,11,0.8591926507731945
8,11,12,0.9261657430654021
8,12,13,0.9132106875240111
8,13,14,0.9132123214132576
8,14,15,0.9132113044071567
8,15,16,0.8457827756122535
8,16,17,0.935762327087499
8,17,18,0.7509731596623219
8,18,19,0.9048703808749283
8,19,20,0.9999999999715967
8,20,21,0.725093478271876
8,21,22,0.9760829480215187
8,22,23,0.5930433865872323
8,23,24,0.593038196561155
8,24,25,0.8072774917563933
8,25,26,0.9312495230536566
8,26,27,0.586677146158453
8,27,28,0.8374573417432148
8,28,29,0.7917805838298126
8,29,30,0.6747667704812985
8,30,31,0.7345973292185556
8,31,32,0.6754461168746091
8,32,33,0.795979203074589
8,33,34,0.8420434305775644
8,34,35,0.9805265767627899
8,35,36,0.9592479642849217
8,36,37,0.9661180949646054
8,37,38,0.8971246264284581
8,38,39,0.9550346400521224
8,39,40,0.9316823943866633
8,40,41,0.9487201422187964
8,41,42,0.8347266667055611
8,42,43,0.7957820057851607
8,43,44,0.991835662798952
8,44,45,0.9829479849602024
8,45,46,0.992123037939183
8,46,47,0.9909278690140493
8,47,48,0.9830944532918368
8,48,49,0.9649131194633068
8,49,50,0.9552934298313681
8,50,51,0.9725202537364614
8,51,52,0.9908650191074061
8,52,53,0.9663078874461484
8,53,54,0.9922774422932281
8,54,55,0.8044579403304766
8,55,56,0.8941053303870329
8,56,57,0.9776006147696619
8,57,58,0.8209731167092124
8,58,59,0.8082246416837673
8,59,60,0.9999995297260141
8,60,61,0.9918581532440756
8,61,62,0.9999999970918174
8,62,63,0.9913743068963383
8,63,64,0.9773846431631064
8,64,65,0.9922165168637584
8,65,66,0.9999998490793652
8,66,67,0.9999996339865597
8,67,68,0.9919357251979721
8,68,69,0.9784909510529518
8,69,70,0.7858986074352179
8,70,71,0.7681878201313324
8,71,72,0.7551924031276545
8,72,73,0.8311767002540823
8,73,74,0.8679862470505476
8,74,75,0.9928012831898565
8,75,76,0.9927732511542271
8,76,77,0.9839931521814301
8,77,78,0.9621956892668978
8,78,79,0.9553042761792582
8,79,80,0.8783723296500092
8,80,81,0.7990500737032388
8,81,82,0.7246979212740184
8,82,83,0.9607067728050466
8,83,84,0.9909380172116331
8,84,85,0.8710843802804414
8,85,86,0.867268834450308
8,86,87,0.9321228177685627
8,87,88,0.9407053818620466
8,88,89,0.8369800896159217
8,89,90,0.8070571179644868
8,90,91,0.7937542253623044
8,91,92,0.7106592804866815
8,92,93,0.8011860304960003
8,93,94,0.9217342450545855
8,94,95,0.9999985368963504
8,95,96,0.873321356925442
8,96,97,0.8813510203415424
8,97,98,0.9922102315421107
8,98,99,0.9830197990033712
8,99,100,0.9914172398250107
8,100,101,0.9914135980274439
8,101,102,0.9848022237628522
8,102,103,0.9803392084342406
8,103,104,0.9662837324874166
8,104,105,0.9767424666609175
8,105,106,0.9775225893076698
8,106,107,0.9877924458201408
8,107,108,0.9871445302965804
8,108,109,0.9444756909103215
8,109,110,0.9584461232042483
8,110,111,0.9759236482342126
8,111,112,0.977281058253857
8,112,113,0.9854630055851775
8,113,114,0.9529243622728598
8,114,115,0.9485198455444164
8,115,116,0.9443956555260323
8,116,117,0.978050816466443
8,117,118,0.9743679515727262
8,118,119,0.8666592328378426
8,119,120,0.8714122719799776
8,120,121,0.9694410471370016
8,121,122,0.7819135059486968
8,122,123,0.9999999995568137
8,123,124,0.8001205891318748
8,124,125,0.4797715611580451
8,125,126,0.767974551489344
8,126,127,0.8798776020841202
8,127,128,0.8423927347747461
8,128,129,0.7307970824176083
8,129,130,0.7135955930829835
8,130,131,0.9540437656221292
8,131,132,0.8296885466933714
8,132,133,0.8190449773780882
8,133,134,0.8836781193242343
8,134,135,0.9773947253883897
8,135,136,0.9773590948683265
8,136,137,0.9921949767347613
8,137,138,0.9838670211953394
8,138,139,0.780300499443672
8,139,140,0.8571547627443586
8,140,141,0.7183438488421356
8,141,142,0.873692629151556
8,142,143,0.8736918684859102
8,143,144,0.9999999997112013
8,144,145,0.7879696034114958
8,145,146,0.6956938890517875
8,146,147,0.8617898498457381
8,147,148,0.9330329347032295
8,148,149,0.9095818457012088
8,149,150,0.9515511714374701
8,150,151,0.941981224587711
8,151,152,0.8346203821111678
8,152,153,0.6045560577048386
8,153,154,0.9386962099365425
8,154,155,0.8859498007628205
8,155,156,0.8869788898480006
8,156,157,0.8413192581218273
8,157,158,0.7950136403562474
8,158,159,0.7522594349327878
8,159,160,0.7974338267152249
8,160,161,0.7247027995800663
8,161,162,0.9598450366998885
8,162,163,0.9226982673657864
8,163,164,0.9999999904999546
8,164,165,0.7655885957377877
8,165,166,0.8714049979113676
8,166,167,0.7759654061587468
8,167,168,0.8182201238627065
8,168,169,0.9451459917521934
8,169,170,0.9684520337685577
8,170,171,0.8899640045803416
8,171,172,0.6396002500523696
8,172,173,0.9006027074945232
8,173,174,0.9834200860342606
8,174,175,0.7421707400635493
8,175,176,0.8152652322063613
8,176,177,0.7603886599465028
8,177,178,0.9751637546346962
8,178,179,0.7092255284425428
8,179,180,0.830714826291988
8,180,181,0.6046088429353457
8,181,182,0.6187293821980545
8,182,183,0.8246084567125445
8,183,184,0.9331772064246631
8,184,185,0.9606474073372211
8,185,186,0.8717129753326599
8,186,187,0.8014042585381151
8,187,188,0.8514348952914562
8,188,189,0.8289238967975799
8,189,190,0.9177446093966984
8,190,191,0.930402826368323
8,191,192,0.8600431727567925
8,192,193,0.9639996999291173
8,193,194,0.9999999973270358
8,194,195,0.9410844802884021
8,195,196,0.9462219097780082
8,196,197,0.9264323475980232
8,197,198,0.8442674725400858
8,198,199,0.7821703018677145
8,199,200,0.9462209738663566
8,200,201,0.7405208861619964
8,201,202,0.9628460859431429
8,202,203,0.9519807424246034
8,203,204,0.8857607169142506
8,204,205,0.9882082352417269
8,205,206,0.9378770672348452
8,206,207,0.8264856655358995
8,207,208,0.9553260063412591
8,208,209,0.7585547420100761
8,209,210,0.9461496965372309
8,210,211,0.8145416742454192
8,211,212,0.9532094578702685
8,212,213,0.9146659675770676
8,213,214,0.9619324037518628
8,214,215,0.9331825490781512
8,215,216,0.8903156830759706
8,216,217,0.793570344339226
8,217,218,0.9507202972723091
8,218,219,0.9182199122441278
8,219,220,0.9364771326987338
8,220,221,0.9473288519754666
8,221,222,0.9320825991914115
8,222,223,0.9495544976536078
8,223,224,0.7689072736933931
8,224,225,0.9530568339855947
8,225,226,0.9849474818617223
9,0,1,0.8604808483583897
9,1,2,0.6317394944626354
9,2,3,0.6841507660839394
9,3,4,0.9738684318865305
9,4,5,0.9452008477793833
9,5,6,0.9662737792429549
9,6,7,0.8949293656742718
9,7,8,0.6743951625389096
9,8,9,0.8946302581627603
9,9,10,0.5143206657991841
9,10,11,0.8280911028744158
9,11,12,0.9638038068908922
9,12,13,0.9261653090711477
9,13,14,0.926164543598313
9,14,15,0.7814894960002544
9,15,16,0.7532010082481874
9,16,17,0.9638036077065377
9,17,18,0.9357156935641987
9,18,19,0.968381736445417
9,19,20,0.9312486398546028
9,20,21,0.8287535980079702
9,21,22,0.9312055387153546
9,22,23,0.6871482628187106
9,23,24,0.5565521511815793
9,24,25,0.7663959045523052
9,25,26,0.91815574636145
9,26,27,0.9808507990708004
9,27,28,0.8104914742911001
9,28,29,0.6961060347305768
9,29,30,0.6906786357138259
9,30,31,0.8991929943364578
9,31,32,0.8991974658991966
9,32,33,0.8659355604750513
9,33,34,0.9184365155063207
9,34,35,0.8990778381014471
9,35,36,0.9350544185712221
9,36,37,0.9007066075014101
9,37,38,0.8710750255069765
9,38,39,0.9533271568295772
9,39,40,0.8583042512694075
9,40,41,0.9756860013543536
9,41,42,0.8850288673455848
9,42,43,0.9449355265177289
9,43,44,0.9705195516683075
9,44,45,0.9847451755732065
9,45,46,0.9775203643115538
9,46,47,0.9669877176958982
9,47,48,0.9936718692589896
9,48,49,0.9378245325612171
9,49,50,0.8959299895387702
9,50,51,0.8871082749794879
9,51,52,0.9599253117746135
9,52,53,0.9467504621525296
9,53,54,0.9641316412275852
9,54,55,0.8799467441369699
9,55,56,0.874928470438612
9,56,57,0.9842222248884323
9,57,58,0.9396971248410406
9,58,59,0.9371221122157111
9,59,60,0.9927489443743381
9,60,61,0.9749399573943075
9,61,62,0.9725203081237496
9,62,63,0.9838734015627836
9,63,64,0.9922385729377909
9,64,65,0.9847245685162312
9,65,66,0.9800981265834638
9,66,67,0.9739950710028937
9,67,68,0.96700553400197
9,68,69,0.9860202326019829
9,69,70,0.9766007392523729
9,70,71,0.9362009494646694
9,71,72,0.8946953448340763
9,72,73,0.9756301920976799
9,73,74,0.8728797828767687
9,74,75,0.9391529062795457
9,75,76,0.9831268584249455
9,76,77,0.9728935186911346
9,77,78,0.9351178636748367
9,78,79,0.9523202355200406
9,79,80,0.9110749042474664
9,80,81,0.6276407594909251
9,81,82,0.6045430305302955
9,82,83,0.9999999152598531
9,83,84,0.9914061233251081
9,84,85,0.9819834265494369
9,85,86,0.9855609131559837
9,86,87,0.9546865372865607
9,87,88,0.9494725629167832
9,88,89,0.8943317687888183
9,89,90,0.656814243401534
9,90,91,0.9999999999622952
9,91,92,0.7437097646520144
9,92,93,0.7675436700272678
9,93,94,0.977653738604257
9,94,95,0.9848485342839394
9,95,96,0.867733274043505
9,96,97,0.8499699983676315
9,97,98,0.9914315183844478
9,98,99,0.991430216807412
9,99,100,0.9673632836492148
9,100,101,0.9796036022991039
9,101,102,0.9807736573646701
9,102,103,0.9933986241783866
9,103,104,0.9855224551911156
9,104,105,0.979413346450375
9,105,106,0.9793897615288
9,106,107,0.9918845332748863
9,107,108,0.9848457423034088
9,108,109,0.9926925967551964
9,109,110,0.9867792180104937
9,110,111,0.9559958250134338
9,111,112,0.9755534819324722
9,112,113,0.9390495337586359
9,113,114,0.9753206890462631
9,114,115,0.9595570474641324
9,115,116,0.9745250729883704
9,116,117,0.9792741129008864
9,117,118,0.9632486704881246
9,118,119,0.9553022071291886
9,119,120,0.937369047212427
9,120,121,0.9650333554036298
9,121,122,0.6822509115329342
9,122,123,0.9662780440341306
9,123,124,0.6443769812847157
9,124,125,0.6829218422118065
9,125,126,0.9431672148493248
9,126,127,0.7763437504139885
9,127,128,0.9685851193763307
9,128,129,0.7320964544261751
9,129,130,0.6868286703403466
9,130,131,0.9686117193005125
9,131,132,0.8711941158926789
9,132,133,0.969722365072075
9,133,134,0.8812963370586603
9,134,135,0.9909346243776994
9,135,136,0.9908969373705014
9,136,137,0.9524803972759567
9,137,138,0.9406341516396923
9,138,139,0.7655913847386815
9,139,140,0.9509242550259952
9,140,141,0.8082022077972412
9,141,142,0.8424844975424521
9,142,143,0.8355250953226497
9,143,144,0.9735144547312944
9,144,145,0.8895169044816605
9,145,146,0.8659579845691895
9,146,147,0.8592092597051415
9,147,148,0.7498780852864131
9,148,149,0.8989702214867692
9,149,150,0.9370599441272525
9,150,151,0.872785291131429
9,151,152,0.9172372032866776
9,152,153,0.8019490214249045
9,153,154,0.8768877778222374
9,154,155,0.8584096819197449
9,155,156,0.9253664570965802
9,156,157,0.7521280955073593
9,157,158,0.8775759738685068
9,158,159,0.9315687018211332
9,159,160,0.9999999986171849
9,160,161,0.6826702460654932
9,161,162,0.9364909934964459
9,162,163,0.9128799922076718
9,163,164,0.9643512123485286
9,164,165,0.6909930687934212
9,165,166,0.7804223945393232
9,166,167,0.9713815352596841
9,167,168,0.9249969416979236
9,168,169,0.8302551673669002
9,169,170,0.8110092103935614
9,170,171,0.7947863835596213
9,171,172,0.8178826086441122
9,172,173,0.7588938862174425
9,173,174,0.8961279350651923
9,174,175,0.8604786166884013
9,175,176,0.8604736375399318
9,176,177,0.9440833413133934
9,177,178,0.9033861550262093
9,178,179,0.9781784156831491
9,179,180,0.8946469168733459
9,180,181,0.5418061303963564
9,181,182,0.5656923281184953
9,182,183,0.7709097439747848
9,183,184,0.8513599924435076
9,184,185,0.9104603361399669
9,185,186,0.8214378909996335
9,186,187,0.8576748680665108
9,187,188,0.7700646184827338
9,188,189,0.7005348094886534
9,189,190,0.8943165629760141
9,190,191,0.9212451163558624
9,191,192,0.971239490944582
9,192,193,0.8546118408804515
9,193,194,0.9775833597998638
9,194,195,0.7773131958215478
9,195,196,0.8780773181551165
9,196,197,0.9225805925480796
9,197,198,0.6998455193154829
9,198,199,0.6968095739797647
9,199,200,0.970109456117704
9,200,201,0.8776697045743604
9,201,202,0.9649441281498605
9,202,203,0.9729366327520168
9,203,204,0.916421326119625
9,204,205,0.955384496962004
9,205,206,0.9210766569965728
9,206,207,0.8710324018799835
9,207,208,0.9476065840721943
9,208,209,0.7847237069696827
9,209,210,0.9553650679945703
9,210,211,0.8764164898548191
9,211,212,0.8295964287523588
9,212,213,0.9470265162748907
9,213,214,0.9705228793970089
9,214,215,0.985378706397811
9,215,216,0.9365445097136729
9,216,217,0.9146561670323177
9,217,218,0.9349742786833429
9,218,219,0.924022931721658
9,219,220,0.8680208709011225
9,220,221,0.9134182401343307
9,221,222,0.8886016009811158
9,222,223,0.9032232651470493
9,223,224,0.8540631083253317
9,224,225,0.9740165355412657
9,225,226,0.9434518758513436
10,0,1,0.8506327712953075
10,1,2,0.9202130517752454
10,2,3,0.7827588687034395
10,3,4,0.6679098759152431
10,4,5,0.7851987859730312
10,5,6,0.9312973753222759
10,6,7,0.8891865114943953
10,7,8,0.7957532956964772
10,8,9,0.5782082135882528
10,9,10,0.5743968101972934
10,10,11,0.9201400789711819
10,11,12,0.9261640692660849
10,12,13,0.8665105721764704
10,13,14,0.7656265273687164
10,14,15,0.6165209074428302
10,15,16,0.4580454922841876
10,16,17,0.7651785237437432
10,17,18,0.8869018719965387
10,18,19,0.8869011847137878
10,19,20,0.8591932329907779
10,20,21,0.9181756895692986
10,21,22,0.8666716872692758
10,22,23,0.8399316818569544
10,23,24,0.8969882923571412
10,24,25,0.8591956959839824
10,25,26,0.9298409458030394
10,26,27,0.9386125054628209
10,27,28,0.9267975301954472
10,28,29,0.7544026568050465
10,29,30,0.6393416583404297
10,30,31,0.8073547759476489
10,31,32,0.8954409620415517
10,32,33,0.777493022726378
10,33,34,0.9607059706200479
10,34,35,0.9399366862941847
10,35,36,0.979257990857012
10,36,37,0.919129430820686
10,37,38,0.9739541799386542
10,38,39,0.9749159940613364
10,39,40,0.887405485646708
10,40,41,0.9439339929673872
10,41,42,0.9459261650304341
10,42,43,0.9227349176424221
10,43,44,0.9853485291842086
10,44,45,0.9694007245296004
10,45,46,0.9762154442082688
10,46,47,0.9774954580131889
10,47,48,0.9718957553546167
10,48,49,0.9719002456815861
10,49,50,0.9026592168324075
10,50,51,0.9070736589581967
10,51,52,0.9638161770090574
10,52,53,0.9016739083914997
10,53,54,0.9030570635752291
10,54,55,0.9886803689492474
10,55,56,0.9688683278783216
10,56,57,0.9999997195514341
10,57,58,0.9673475147016398
10,58,59,0.8813893773804349
10,59,60,0.8738151465116182
10,60,61,0.9719843398255889
10,61,62,0.9773562358753257
10,62,63,0.9846270807115373
10,63,64,0.9999998195154043
10,64,65,0.9999998915521311
10,65,66,0.9786128607744323
10,66,67,0.9935114058074044
10,67,68,0.9860975876780567
10,68,69,0.9730920530467566
10,69,70,0.8264415939262789
10,70,71,0.8265172484535774
10,71,72,0.8710601028146734
10,72,73,0.8750885622556988
10,73,74,0.8163658208442399
10,74,75,0.980344101331201
10,75,76,0.9327290562403414
10,76,77,0.9909632577005802
10,77,78,0.9901412952815766
10,78,79,0.9814928437680648
10,79,80,0.8710370850484385
10,80,81,0.6310258305497817
10,81,82,0.5708406196247335
10,82,83,0.9815139801856476
10,83,84,0.9678297078949315
10,84,85,0.8460148699640535
10,85,86,0.8453883117492693
10,86,87,0.929560970773244
10,87,88,0.946502401980811
10,88,89,0.8167781430446163
10,89,90,0.7239062453644257
10,90,91,0.9278852996205471
10,91,92,0.8537851070110845
10,92,93,0.6769606876759602
10,93,94,0.9778414196373176
10,94,95,0.9999983763230654
10,95,96,0.8911454652785139
10,96,97,0.8698132711733558
10,97,98,0.9717975166173982
10,98,99,0.9784468177144705
10,99,100,0.9918982838778851
10,100,101,0.9692279886588027
10,101,102,0.9728574710564012
10,102,103,0.9707627333232038
10,103,104,0.9877646044650487
10,104,105,0.9581559198339061
10,105,106,0.9764534868231693
10,106,107,0.9698087792113771
10,107,108,0.9698475883170142
10,108,109,0.9923631329048721
10,109,110,0.9632286164714227
10,110,111,0.9518818011824188
10,111,112,0.9594606758440383
10,112,113,0.9872879180115866
10,113,114,0.9745272333446782
10,114,115,0.9851443931311578
10,115,116,0.9638241867330567
10,116,117,0.9626165812649436
10,117,118,0.9538762003758033
10,118,119,0.9721154204947087
10,119,120,0.9259624149122
10,120,121,0.9999999018082163
10,121,122,0.7736263137795616
10,122,123,0.9396525964263167
10,123,124,0.5897185944657173
10,124,125,0.5745149745965396
10,125,126,0.8560563474490774
10,126,127,0.8274542722804675
10,127,128,0.9508439941558452
10,128,129,0.7107871975687661
10,129,130,0.6453106544788842
10,130,131,0.8750590993542512
10,131,132,0.920267086468158
10,132,133,0.9160634840815516
10,133,134,0.897577277123822
10,134,135,0.9555108537187879
10,135,136,0.9908862350565101
10,136,137,0.9744189694124484
10,137,138,0.9916337404721045
10,138,139,0.7656039423041832
10,139,140,0.8469309945344619
10,140,141,0.833843056191239
10,141,142,0.6957089681582427
10,142,143,0.7628422733902133
10,143,144,0.9237441602997306
10,144,145,0.735447265655322
10,145,146,0.7245365832541037
10,146,147,0.8959685535134907
10,147,148,0.7628507653641223
10,148,149,0.9609541232572464
10,149,150,0.7087031224956037
10,150,151,0.9110307250399378
10,151,152,0.9423328592369142
10,152,153,0.7715645488263888
10,153,154,0.9132042712606288
10,154,155,0.8880938231214753
10,155,156,0.9653324973069441
10,156,157,0.6392627646799036
10,157,158,0.7808458367300313
10,158,159,0.9639986089232108
10,159,160,0.9474156219740819
10,160,161,0.7645808419068476
10,161,162,0.8776988592013938
10,162,163,0.9075935385765797
10,163,164,0.9761713821815137
10,164,165,0.761606986256407
10,165,166,0.8378900053645437
10,166,167,0.7747718163198234
10,167,168,0.9144017969949687
10,168,169,0.8532382663300033
10,169,170,0.9070203478553087
10,170,171,0.8157404773493764
10,171,172,0.9394812684613152
10,172,173,0.8713427985812332
10,173,174,0.7646561571376339
10,174,175,0.8843119875444394
10,175,176,0.7848532618391537
10,176,177,0.7588073947753022
10,177,178,0.7716374044708529
10,178,179,0.9291695944381928
10,179,180,0.9308344026249795
10,180,181,0.511089876643653
10,181,182,0.5944512180913653
10,182,183,0.9066659026517043
10,183,184,0.8446784554180276
10,184,185,0.7309486301155139
10,185,186,0.9744462321290177
10,186,187,0.8929671273833361
10,187,188,0.8906263325407953
10,188,189,0.8347685226167942
10,189,190,0.9096001895177871
10,190,191,0.9450577529653019
10,191,192,0.9595332110273632
10,192,193,0.8183818504473437
10,193,194,0.9647229480272695
10,194,195,0.9647222870603717
10,195,196,0.8405667254786715
10,196,197,0.9999999993272345
10,197,198,0.9021059119597291
10,198,199,0.9509340102499008
10,199,200,0.9695787247845001
10,200,201,0.8628828526345428
10,201,202,0.9094639375559375
10,202,203,0.8711104495706655
10,203,204,0.8375352457854046
10,204,205,0.9011643210816251
10,205,206,0.8187426086400256
10,206,207,0.9671075468758156
10,207,208,0.8930849664507904
10,208,209,0.7104951120764689
10,209,210,0.8953027215222625
10,210,211,0.7055288894039361
10,211,212,0.7739428475810837
10,212,213,0.823887518643279
10,213,214,0.9591628574764305
10,214,215,0.9062143481717007
10,215,216,0.9908035895813727
10,216,217,0.9158708743167936
10,217,218,0.8389405022747376
10,218,219,0.9032192005564971
10,219,220,0.9235596387130972
10,220,221,0.841472288226646
10,221,222,0.9527636296605256
10,222,223,0.8436769156590682
10,223,224,0.9690420803848901
10,224,225,0.8816967100901232
10,225,226,0.8634690382358629
11,0,1,0.9261691427356784
11,1,2,0.9638059298137366
11,2,3,0.9609504452092719
11,3,4,0.9576058040292319
11,4,5,0.7428645627975705
11,5,6,0.8375938872137358
11,6,7,0.9662714880644767
11,7,8,0.9662711610470429
11,8,9,0.8868978135392501
11,9,10,0.9202081405719522
11,10,11,0.8751209427084299
11,11,12,0.9720060488102216
11,12,13,0.97200615281892
11,13,14,0.8829683679316072
11,14,15,0.9420238115152432
11,15,16,0.8072742112419853
11,16,17,0.8072745172358697
11,17,18,0.7346154958392945
11,18,19,0.7346172405614224
11,19,20,0.9999999999816973
11,20,21,0.850624762009926
11,21,22,0.8669873398128006
11,22,23,0.9791273707323547
11,23,24,0.9236454446768088
11,24,25,0.7949678500352836
11,25,26,0.92247080009089
11,26,27,0.8318466528688159
11,27,28,0.8944043702749827
11,28,29,0.8839136123197995
11,29,30,0.7544365140541116
11,30,31,0.9505226586322962
11,31,32,0.8690222931115325
11,32,33,0.9243936572772434
11,33,34,0.982406623750958
11,34,35,0.8572438741363525
11,35,36,0.9479754361022199
11,36,37,0.8624752203725111
11,37,38,0.9056586392130682
11,38,39,0.9999999722314301
11,39,40,0.8082011938984293
11,40,41,0.8519894364155169
11,41,42,0.8284375713548924
11,42,43,0.7836458524187014
11,43,44,0.9918089207833625
11,44,45,0.9838580986535834
11,45,46,0.9757268389175221
11,46,47,0.9757131189872299
11,47,48,0.9627390851430511
11,48,49,0.9289291288455143
11,49,50,0.9817390381936384
11,50,51,0.9115669924726052
11,51,52,0.8975575708349016
11,52,53,0.9494713597235501
11,53,54,0.9922765370208034
11,54,55,0.9861587290658675
11,55,56,0.9591204910283996
11,56,57,0.9755380071294522
11,57,58,0.9284750111437244
11,58,59,0.9598725685991701
11,59,60,0.9364394006775489
11,60,61,0.9999997262336318
11,61,62,0.9914180228390211
11,62,63,0.9908894957121905
11,63,64,0.9512338491747971
11,64,65,0.9512545948233644
11,65,66,0.9617482906631357
11,66,67,0.9785483497760381
11,67,68,0.9866584312947724
11,68,69,0.9809466360499733
11,69,70,0.947883882699927
11,70,71,0.9700550061499333
11,71,72,0.9461358478472333
11,72,73,0.8882546882345214
11,73,74,0.7922481151214175
11,74,75,0.9128691620840662
11,75,76,0.9088270826209471
11,76,77,0.9799130513385443
11,77,78,0.9663128046591583
11,78,79,0.9825062913569693
11,79,80,0.8691782575721528
11,80,81,0.7658088024790711
11,81,82,0.7379567702081651
11,82,83,0.979167700970587
11,83,84,0.990892024130284
11,84,85,0.8402225263261259
11,85,86,0.9081445451021719
11,86,87,0.928427822844189
11,87,88,0.9819766656083452
11,88,89,0.999999945094414
11,89,90,0.5871898919461002
11,90,91,0.771408510495117
11,91,92,0.7994268170110249
11,92,93,0.6444998730353193
11,93,94,0.9848773783497347
11,94,95,0.9777824495506
11,95,96,0.8306592423715176
11,96,97,0.848212885688987
11,97,98,0.9913919901268566
11,98,99,0.9914331534797817
11,99,100,0.9849119211586234
11,100,101,0.9923284608947164
11,101,102,0.9999999540660017
11,102,103,0.9809508795254533
11,103,104,0.9934374463946868
11,104,105,0.9748469720777551
11,105,106,0.983925079135507
11,106,107,0.9762929490154709
11,107,108,0.9663356252309129
11,108,109,0.96136487275641
11,109,110,0.9872757035094735
11,110,111,0.9696347606947154
11,111,112,0.9865821577825794
11,112,113,0.9517454309795113
11,113,114,0.9663166073240717
11,114,115,0.9666150210535962
11,115,116,0.9798081261305635
11,116,117,0.9803614082348124
11,117,118,0.9702923399567899
11,118,119,0.9142835340256276
11,119,120,0.9150278245297048
11,120,121,0.9885053822614438
11,121,122,0.6920850731532407
11,122,123,0.8798963516673728
11,123,124,0.7631819967045325
11,124,125,0.5876425308326835
11,125,126,0.9156404114250116
11,126,127,0.7515509565765849
11,127,128,0.9685660812200559
11,128,129,0.9144452642489009
11,129,130,0.8362946055971033
11,130,131,0.9350927732122974
11,131,132,0.8741634304410164
11,132,133,0.8526014317917602
11,133,134,0.8275531738745525
11,134,135,0.9914135086635697
11,135,136,0.9913704244643694
11,136,137,0.9085352006079761
11,137,138,0.9085320327836984
11,138,139,0.6869706823922133
11,139,140,0.7534604175338819
11,140,141,0.9223863098136106
11,141,142,0.6170452013335814
11,142,143,0.8899525554931389
11,143,144,0.9420281147052482
11,144,145,0.8829778268376387
11,145,146,0.8798769489336976
11,146,147,0.8680219262162053
11,147,148,0.6652973966242763
11,148,149,0.861629097984284
11,149,150,0.8953870838054556
11,150,151,0.890603780124113
11,151,152,0.9578052428381586
11,152,153,0.728055048395797
11,153,154,0.9276229077192717
11,154,155,0.8884182399535717
11,155,156,0.7950336749837942
11,156,157,0.9675428376434768
11,157,158,0.9553550051706492
11,158,159,0.939975206167215
11,159,160,0.904714246623911
11,160,161,0.8437387905215062
11,161,162,0.8308709564929988
11,162,163,0.7917005516240245
11,163,164,0.9227276908823913
11,164,165,0.7183829035485122
11,165,166,0.9172278982840989
11,166,167,0.8027563913192288
11,167,168,0.820564199478599
11,168,169,0.8569503198105836
11,169,170,0.9756609530773691
11,170,171,0.9262757125675225
11,171,172,0.8305501356356878
11,172,173,0.9799868434291956
11,173,174,0.9807676752112662
11,174,175,0.7444269962052035
11,175,176,0.8187901884728543
11,176,177,0.8069679978923475
11,177,178,0.939622839412097
11,178,179,0.8862445116445835
11,179,180,0.8829217666680855
11,180,181,0.7879813286427181
11,181,182,0.683319792915621
11,182,183,0.8956172684305971
11,183,184,0.9729761612253311
11,184,185,0.7905227400391537
11,185,186,0.9368989852689302
11,186,187,0.9358734146444442
11,187,188,0.9529865307727595
11,188,189,0.7569710422418869
11,189,190,0.902271610999721
11,190,191,0.855182243276411
11,191,192,0.9087748146878298
11,192,193,0.8207787657489326
11,193,194,0.9359529510810329
11,194,195,0.8117931727277206
11,195,196,0.8307516048840319
11,196,197,0.8210372184675913
11,197,198,0.82104166774961
11,198,199,0.9097682265763941
11,199,200,0.833726225293741
11,200,201,0.8160189394003298
11,201,202,0.8379375731981452
11,202,203,0.8623991772680858
11,203,204,0.9284170002434681
11,204,205,0.9649573631784243
11,205,206,0.8461447794586374
11,206,207,0.9492995193032586
11,207,208,0.929122593696953
11,208,209,0.7426422507764542
11,209,210,0.8329304904534213
11,210,211,0.719504835298438
11,211,212,0.9035886087630134
11,212,213,0.8234463207850582
11,213,214,0.9381691722820136
11,214,215,0.8210553041694776
11,215,216,0.7311716865344807
11,216,217,0.9049335989477085
11,217,218,0.9179749692102386
11,218,219,0.9461941748227296
11,219,220,0.8621339499185042
11,220,221,0.9094500451994632
11,221,222,0.9120531702213354
11,222,223,0.7707991720093763
11,223,224,0.9681610082043427
11,224,225,0.9118202993004968
11,225,226,0.8838050898536749
12,0,1,0.968382084312432
12,1,2,0.8701462237713548
12,2,3,0.791456664396366
12,3,4,0.7914559212327754
12,4,5,0.7084200760071472
12,5,6,0.7757452209449974
12,6,7,0.9384705533943738
12,7,8,0.9049387558423946
12,8,9,0.9536398638654261
12,9,10,0.6471736783873833
12,10,11,0.6471733579615092
12,11,12,0.9488598945429052
12,12,13,0.6895241076174007
12,13,14,0.8891836964516133
12,14,15,0.73124560208496
12,15,16,0.7312450554856031
12,16,17,0.6335110955413152
12,17,18,0.6556280113753635
12,18,19,0.8869024051885139
12,19,20,0.9344723004132414
12,20,21,0.8149626794687603
12,21,22,0.9004034096351649
12,22,23,0.9263371163533891
12,23,24,0.9720072169254201
12,24,25,0.9108910196102746
12,25,26,0.8767130864395801
12,26,27,0.9701341298984877
12,27,28,0.9536205383112712
12,28,29,0.9577885617657155
12,29,30,0.7973864395835825
12,30,31,0.7638401664004172
12,31,32,0.7611738794131873
12,32,33,0.871114298046042
12,33,34,0.8795557867067626
12,34,35,0.8861134393316062
12,35,36,0.864872666817796
12,36,37,0.9463687628786739
12,37,38,0.9514710006357675
12,38,39,0.9576572498503231
12,39,40,0.9240070520982417
12,40,41,0.9417932632424127
12,41,42,0.9754337263772791
12,42,43,0.9929187110252274
12,43,44,0.9859658264557516
12,44,45,0.9830937752768446
12,45,46,0.9764237421748346
12,46,47,0.9839599235066626
12,47,48,0.9840305525327124
12,48,49,0.9240167479295136
12,49,50,0.9330593045435268
12,50,51,0.9838621728031212
12,51,52,0.9591241576146554
12,52,53,0.9540361022429773
12,53,54,0.9999979065247241
12,54,55,0.9753796938232986
12,55,56,0.9873001473574572
12,56,57,0.9689721070817341
12,57,58,0.9530295904629432
12,58,59,0.9999999979317975
12,59,60,0.9666033907788045
12,60,61,0.9673668602299862
12,61,62,0.9068904762723762
12,62,63,0.9188743571776721
12,63,64,0.9909360319079167
12,64,65,0.9999999945304844
12,65,66,0.9719558708539795
12,66,67,0.9926312452369566
12,67,68,0.9775611907264959
12,68,69,0.9914417525659882
12,69,70,0.9280907425685183
12,70,71,0.9330539860135665
12,71,72,0.791691886897789
12,72,73,0.8723620521925073
12,73,74,0.6907404296557064
12,74,75,0.8928008836109658
12,75,76,0.9036818240905677
12,76,77,0.9762868547848595
12,77,78,0.8971193139518074
12,78,79,0.9125504941414598
12,79,80,0.9426699539880595
12,80,81,0.7742298948660596
12,81,82,0.7352039067136943
12,82,83,0.9741428431328378
12,83,84,0.9741844343003075
12,84,85,0.878383158903972
12,85,86,0.9024562212054803
12,86,87,0.9629225596551177
12,87,88,0.9527729079811964
12,88,89,0.8895206888255357
12,89,90,0.8297048088740998
12,90,91,0.6811740801347599
12,91,92,0.6147156931512379
12,92,93,0.8040315423609062
12,93,94,0.967345182213851
12,94,95,0.9929942348515587
12,95,96,0.8720318465999637
12,96,97,0.8753958267660629
12,97,98,0.9808339157898309
12,98,99,0.9694527653344296
12,99,100,0.9999998210205017
12,100,101,0.9914703067549556
12,101,102,0.9832293236352927
12,102,103,0.9708791895116418
12,103,104,0.940636540814608
12,104,105,0.9469547543624387
12,105,106,0.9643918052259088
12,106,107,0.9686107388288522
12,107,108,0.9933084334078728
12,108,109,0.9830272149680644
12,109,110,0.9894723586289242
12,110,111,0.9444223584055758
12,111,112,0.95643858067278
12,112,113,0.974181822024968
12,113,114,0.9880549175322643
12,114,115,0.98620737828386
12,115,116,0.9589902218621097
12,116,117,0.9642686830093321
12,117,118,0.9773037828445725
12,118,119,0.8321840273335854
12,119,120,0.8476130389145734
12,120,121,0.9850964082484629
12,121,122,0.7060763940330637
12,122,123,0.9202253154031355
12,123,124,0.5805102841964472
12,124,125,0.5376093228445071
12,125,126,0.7265556819514795
12,126,127,0.7759350275971589
12,127,128,0.9544640079429808
12,128,129,0.7812730807919621
12,129,130,0.699958887274395
12,130,131,0.932448067271429
12,131,132,0.8861300859833868
12,132,133,0.9598259909933599
12,133,134,0.9717871573618401
12,134,135,0.9999999874278862
12,135,136,0.9914020475866426
12,136,137,0.9735389855955658
12,137,138,0.9668668700090451
12,138,139,0.7655991721185641
12,139,140,0.8832366578017677
12,140,141,0.8832270341132609
12,141,142,0.5148166464988961
12,142,143,0.6593313583759118
12,143,144,0.9462608900829644
12,144,145,0.7266914475843361
12,145,146,0.5996353259157104
12,146,147,0.6833090659861453
12,147,148,0.7879740969423903
12,148,149,0.8461125595819773
12,149,150,0.8622665511507904
12,150,151,0.8598655317601189
12,151,152,0.9289198618835466
12,152,153,0.9361277055947802
12,153,154,0.8987929251416293
12,154,155,0.846519121665268
12,155,156,0.8929370200805954
12,156,157,0.901516980470552
12,157,158,0.9317318954291782
12,158,159,0.9291917679910204
12,159,160,0.9346064414342046
12,160,161,0.7707810842264623
12,161,162,0.8792626802606679
12,162,163,0.8764455078038317
12,163,164,0.9846244945388243
12,164,165,0.7591148828274394
12,165,166,0.9047086674484388
12,166,167,0.956740503631988
12,167,168,0.958374711718301
12,168,169,0.8559165961312661
12,169,170,0.847110767625519
12,170,171,0.8562512983315438
12,171,172,0.6959091832841663
12,172,173,0.899575897963472
12,173,174,0.9440734388470714
12,174,175,0.7603682406327636
12,175,176,0.8523682271858177
12,176,177,0.7104843285862931
12,177,178,0.9134008192199992
12,178,179,0.8032931816030716
12,179,180,0.6287906797451208
12,180,181,0.8708345418977042
12,181,182,0.5680457741411299
12,182,183,0.9514875705449506
12,183,184,0.8815493548883646
12,184,185,0.8563764646717116
12,185,186,0.9044209137804872
12,186,187,0.999999998888055
12,187,188,0.7937865147955808
12,188,189,0.7121521481708931
12,189,190,0.8662100968275482
12,190,191,0.868102420144966
12,191,192,0.9635270139684959
12,192,193,0.8765440341194111
12,193,194,0.8247651051439701
12,194,195,0.7136696704722495
12,195,196,0.9024341345756566
12,196,197,0.8837713523304368
12,197,198,0.9143870461385665
12,198,199,0.964001867374953
12,199,200,0.9316773115773574
12,200,201,0.8390802466880687
12,201,202,0.957763138024034
12,202,203,0.9031351858825264
12,203,204,0.8734451509847503
12,204,205,0.8980998026127295
12,205,206,0.9774030690815737
12,206,207,0.9056428203309639
12,207,208,0.913639700691524
12,208,209,0.8962605000946122
12,209,210,0.806264293801954
12,210,211,0.8680704862174
12,211,212,0.9566812476379027
12,212,213,0.9999999992002713
12,213,214,0.930550323788783
12,214,215,0.8832665717080868
12,215,216,0.7514485696963585
12,216,217,0.9188466402770198
12,217,218,0.9892557332289481
12,218,219,0.9552062780216127
12,219,220,0.8996006426827002
12,220,221,0.8116542200338942
12,221,222,0.8524286209931404
12,222,223,0.9558917477563886
12,223,224,0.7855377176420496
12,224,225,0.866182920232233
12,225,226,0.9543915516777474
13,0,1,0.8890449329565472
13,1,2,0.8569876094569644
13,2,3,0.7827568685909505
13,3,4,0.8669908903225928
13,4,5,0.9359354336165285
13,5,6,0.6561138882209194
13,6,7,0.6017743439543625
13,7,8,0.6017725156360445
13,8,9,0.9999999999664148
13,9,10,0.7082857614544066
13,10,11,0.7827495461047517
13,11,12,0.7249747540921174
13,12,13,0.8509664749313466
13,13,14,0.8736780490225228
13,14,15,0.8736799259925944
13,15,16,0.9999999999858299
13,16,17,0.9703223998507068
13,17,18,0.8751230921196937
13,18,19,0.9018897261935548
13,19,20,0.9684273897308994
13,20,21,0.9133830748683585
13,21,22,0.9133837017292996
13,22,23,0.9662727481836897
13,23,24,0.8555202558064429
13,24,25,0.8713274223398209
13,25,26,0.9387474668067198
13,26,27,0.9529443364506547
13,27,28,0.805809851907322
13,28,29,0.8474597991520383
13,29,30,0.8262679673621833
13,30,31,0.7673801597587857
13,31,32,0.8084475742750552
13,32,33,0.9434497677503138
13,33,34,0.9908810397260898
13,34,35,0.9080403456329277
13,35,36,0.9227233282484513
13,36,37,0.9913717304578367
13,37,38,0.9913748031020222
13,38,39,0.9840174704451845
13,39,40,0.9576577583473442
13,40,41,0.9576111725398245
13,41,42,0.8856948131025555
13,42,43,0.888422038965488
13,43,44,0.9918528663966437
13,44,45,0.9918524709939426
13,45,46,0.9918552834261845
13,46,47,0.9854069464357005
13,47,48,0.971877959627667
13,48,49,0.9913645679655829
13,49,50,0.9913637433820592
13,50,51,0.9429664658835153
13,51,52,0.9447948072402789
13,52,53,0.960062194668192
13,53,54,0.9245952435709128
13,54,55,0.9815613567368412
13,55,56,0.9815156699563746
13,56,57,0.9941886548497243
13,57,58,0.9146314292538101
13,58,59,0.9460259520742383
13,59,60,0.907762862727778
13,60,61,0.9657513444348678
13,61,62,0.9999999958506741
13,62,63,0.9730474106211338
13,63,64,0.9638064228452435
13,64,65,0.9269694383767482
13,65,66,0.8810180001599873
13,66,67,0.9866442376757578
13,67,68,0.9855033347909631
13,68,69,0.9928617933513442
13,69,70,0.9035678970201193
13,70,71,0.9255830423717456
13,71,72,0.7181313594097487
13,72,73,0.8424204986073438
13,73,74,0.7790449279908639
13,74,75,0.9603850598688636
13,75,76,0.9756895243442169
13,76,77,0.97843194061211
13,77,78,0.8736883193380774
13,78,79,0.8896259094318604
13,79,80,0.8896242611784816
13,80,81,0.7520866525096696
13,81,82,0.6739461779933953
13,82,83,0.9373775995770505
13,83,84,0.937453527564734
13,84,85,0.9914112267132457
13,85,86,0.9999999977796855
13,86,87,0.991367109451458
13,87,88,0.9846884194520461
13,88,89,0.820568323124932
13,89,90,0.8717178401360038
13,90,91,0.8013720585330918
13,91,92,0.8951176331616558
13,92,93,0.6672777348870284
13,93,94,0.9485663385408858
13,94,95,0.9926684401291296
13,95,96,0.7864532290704088
13,96,97,0.7929003719405744
13,97,98,0.9694737912439877
13,98,99,0.9785891462517502
13,99,100,0.9919603148712559
13,100,101,0.9715571125257544
13,101,102,0.9667314118855511
13,102,103,0.9914470296983512
13,103,104,0.9694546593829368
13,104,105,0.9931448104712775
13,105,106,0.9741842462019825
13,106,107,0.9674342362676956
13,107,108,0.9733855034092986
13,108,109,0.9732506343451388
13,109,110,0.967311528934406
13,110,111,0.9999992027123616
13,111,112,0.9656599831652426
13,112,113,0.9880150503925151
13,113,114,0.9939737246935746
13,114,115,0.9844848847184033
13,115,116,0.9909966644238676
13,116,117,0.9519371571530209
13,117,118,0.9679340165678999
13,118,119,0.9627549519617555
13,119,120,0.9635287295444872
13,120,121,0.984911196623643
13,121,122,0.7650868581987759
13,122,123,0.896419354420049
13,123,124,0.6935887524228158
13,124,125,0.44299951911936514
13,125,126,0.5233089047152113
13,126,127,0.8780061937123217
13,127,128,0.7689737350099224
13,128,129,0.837604479732186
13,129,130,0.6398997882287681
13,130,131,0.9202924712832855
13,131,132,0.9721690142647501
13,132,133,0.8285635277310152
13,133,134,0.9838799519537915
13,134,135,0.9909428750505973
13,135,136,0.9763326996163534
13,136,137,0.9839100117260045
13,137,138,0.991386352346814
13,138,139,0.8167514319585775
13,139,140,0.8887888190311648
13,140,141,0.9410755168240552
13,141,142,0.6931160056678421
13,142,143,0.678650752277558
13,143,144,0.8905897010077883
13,144,145,0.7957620338256565
13,145,146,0.5646787290265689
13,146,147,0.7991410485975822
13,147,148,0.8248737990706811
13,148,149,0.8616269907780773
13,149,150,0.7399478947726338
13,150,151,0.854135416528764
13,151,152,0.634278923938677
13,152,153,0.5644354545251721
13,153,154,0.9060601923045876
13,154,155,0.8677572568523292
13,155,156,0.8185449346988747
13,156,157,0.8953134980173876
13,157,158,0.8816991243257334
13,158,159,0.8374956535054848
13,159,160,0.7834631524124795
13,160,161,0.8265092451639129
13,161,162,0.9524887452011115
13,162,163,0.954391597475881
13,163,164,0.916392093121909
13,164,165,0.7423638665231925
13,165,166,0.8796492831893049
13,166,167,0.928511494285023
13,167,168,0.9418747251798382
13,168,169,0.831952917074155
13,169,170,0.9770218492579688
13,170,171,0.8725262195368417
13,171,172,0.8161406167038738
13,172,173,0.9266029055083732
13,173,174,0.7364303926898864
13,174,175,0.9541850329499404
13,175,176,0.9160647244719432
13,176,177,0.834788147297576
13,177,178,0.8554596481627856
13,178,179,0.9675504148080364
13,179,180,0.8254766145369514
13,180,181,0.7957768911047209
13,181,182,0.6849050710233033
13,182,183,0.8832370012716153
13,183,184,0.8849891953454878
13,184,185,0.901591566096122
13,185,186,0.8995202386386334
13,186,187,0.9225883125511146
13,187,188,0.9205972187369024
13,188,189,0.8610839158305579
13,189,190,0.7998259448125362
13,190,191,0.721240053366401
13,191,192,0.9652803419175868
13,192,193,0.7826926429801848
13,193,194,0.9044738960274024
13,194,195,0.9792798559709581
13,195,196,0.8439644613237194
13,196,197,0.8948507079747136
13,197,198,0.7568423899745004
13,198,199,0.8033258861160171
13,199,200,0.9828006638779625
13,200,201,0.938171326060479
13,201,202,0.8156171780603727
13,202,203,0.9838629378051226
13,203,204,0.8167297118041217
13,204,205,0.9249042560446437
13,205,206,0.9676058513507378
13,206,207,0.9037272442368041
13,207,208,0.8923716219301357
13,208,209,0.8597004884136623
13,209,210,0.999999999048928
13,210,211,0.9839343707896635
13,211,212,0.8785885679026547
13,212,213,0.818538398562441
13,213,214,0.8837816672285671
13,214,215,0.9736496993697281
13,215,216,0.9604634213384405
13,216,217,0.9279629786933474
13,217,218,0.9436196519970186
13,218,219,0.9580210564864526
13,219,220,0.9589155338363695
13,220,221,0.9034474917260531
13,221,222,0.9037095573880802
13,222,223,0.9803199671808923
13,223,224,0.9125273840040047
13,224,225,0.9660429643035129
13,225,226,0.9288947603810175
14,0,1,0.9261657122324468
14,1,2,0.8457844167337416
14,2,3,0.9132113983188265
14,3,4,0.8171050006851399
14,4,5,0.7725262468002956
14,5,6,0.7341813565338249
14,6,7,0.9355896360856749
14,7,8,0.7910116768536395
14,8,9,0.9999999999925855
14,9,10,0.6210941198088213
14,10,11,0.9202075539084019
14,11,12,0.8780578759150309
14,12,13,0.8829713146855037
14,13,14,0.8409488034128909
14,14,15,0.8949257825263305
14,15,16,0.9999999999828691
14,16,17,0.8456742298514944
14,17,18,0.6033988783864442
14,18,19,0.5283215653177923
14,19,20,0.8825742527738658
14,20,21,0.837594621426552
14,21,22,0.9224715857811776
14,22,23,0.9151314409986454
14,23,24,0.8895117929928307
14,24,25,0.9490352703161623
14,25,26,0.8464100507168145
14,26,27,0.9821641132409283
14,27,28,0.8401297181215344
14,28,29,0.9735132712712719
14,29,30,0.8032891912433507
14,30,31,0.8783923492576184
14,31,32,0.8324596766351319
14,32,33,0.9654879270959926
14,33,34,0.8382347127207438
14,34,35,0.9913790711135513
14,35,36,0.9181873102970641
14,36,37,0.9140415307611218
14,37,38,0.9811357346581856
14,38,39,0.9466066256471776
14,39,40,0.9159258940864276
14,40,41,0.9279681347223055
14,41,42,0.9644658315832699
14,42,43,0.9582279893758326
14,43,44,0.9918368399895273
14,44,45,0.9784386311316338
14,45,46,0.9718155277636392
14,46,47,0.9852029895595418
14,47,48,0.9762096034132381
14,48,49,0.9847679088626052
14,49,50,0.9735783628635122
14,50,51,0.79524126284709
14,51,52,0.8708364557248481
14,52,53,0.905409569917318
14,53,54,0.9370523318021827
14,54,55,0.971704390914657
14,55,56,0.9532210354263532
14,56,57,0.9835639713850436
14,57,58,0.9040253316863515
14,58,59,0.9352350972448426
14,59,60,0.8569379026460435
14,60,61,0.9922548285130608
14,61,62,0.8563032994106797
14,62,63,0.8403054949196125
14,63,64,0.983141915496136
14,64,65,0.9999999931760966
14,65,66,0.9801485979502452
14,66,67,0.9854072091207109
14,67,68,0.9773432978502793
14,68,69,0.9858362434539497
14,69,70,0.9089075290998437
14,70,71,0.9583876514475117
14,71,72,0.9999999963744725
14,72,73,0.8800356487838636
14,73,74,0.8386425184350923
14,74,75,0.9591990211003866
14,75,76,0.9801748554163071
14,76,77,0.8971326260172934
14,77,78,0.9552564619210574
14,78,79,0.9330408474390315
14,79,80,0.8710529369143236
14,80,81,0.8153062066299743
14,81,82,0.7425541223856547
14,82,83,0.9921309100153992
14,83,84,0.9679407312253885
14,84,85,0.8301943485286568
14,85,86,0.8865880617093893
14,86,87,0.9459177655834874
14,87,88,0.8979334176600747
14,88,89,0.7948028568746602
14,89,90,0.8810506321811178
14,90,91,0.7087307411013013
14,91,92,0.6811856797461011
14,92,93,0.7243818927037136
14,93,94,0.9414108717250803
14,94,95,0.9729015803197248
14,95,96,0.7024102380065417
14,96,97,0.7098384270059831
14,97,98,0.9361612852182172
14,98,99,0.984758012685727
14,99,100,0.9786213906793414
14,100,101,0.9720590281802243
14,101,102,0.9914487059531885
14,102,103,0.9707049466861924
14,103,104,0.9816738425997596
14,104,105,0.9803863181653172
14,105,106,0.9586353168868336
14,106,107,0.9435778868292651
14,107,108,0.9778825666112837
14,108,109,0.9935830428337744
14,109,110,0.9603741694643086
14,110,111,0.9772473005944995
14,111,112,0.9786117120365938
14,112,113,0.9855217967080371
14,113,114,0.9593877921190133
14,114,115,0.999999275517186
14,115,116,0.9642310978753966
14,116,117,0.9542942591409918
14,117,118,0.9934521245807233
14,118,119,0.9331462325491761
14,119,120,0.92673739917708
14,120,121,0.990588063614623
14,121,122,0.7631670302768448
14,122,123,0.8136491250678654
14,123,124,0.8451260406653887
14,124,125,0.3848246769561739
14,125,126,0.6953471396609967
14,126,127,0.7352003833283075
14,127,128,0.950919473284081
14,128,129,0.8032817360431496
14,129,130,0.7297746659167503
14,130,131,0.9164876408419357
14,131,132,0.9377401067041963
14,132,133,0.9589768947585267
14,133,134,0.9226853767103961
14,134,135,0.9839742059209555
14,135,136,0.9839722746702172
14,136,137,0.9022470487732162
14,137,138,0.882369108444974
14,138,139,0.8146272611030806
14,139,140,0.8815718705313693
14,140,141,0.8342130493119716
14,141,142,0.7733170194060783
14,142,143,0.9431652871010435
14,143,144,0.8854841437248671
14,144,145,0.9999999998175747
14,145,146,0.8032537898927636
14,146,147,0.7708313049026114
14,147,148,0.9263514469920656
14,148,149,0.9550944023365924
14,149,150,0.955097537425084
14,150,151,0.7932780618763882
14,151,152,0.8680648592165462
14,152,153,0.7062662148725812
14,153,154,0.9438978340541948
14,154,155,0.8753347878649329
14,155,156,0.8933402896206275
14,156,157,0.8109803703358192
14,157,158,0.9637905238818266
14,158,159,0.856076417475643
14,159,160,0.6262149366821722
14,160,161,0.8485515579551353
14,161,162,0.9227250698076631
14,162,163,0.9327651829229374
14,163,164,0.9838538795142351
14,164,165,0.672676755716991
14,165,166,0.8446944570925645
14,166,167,0.8997484364395822
14,167,168,0.7426623560432064
14,168,169,0.9249816871236759
14,169,170,0.943818560371981
14,170,171,0.8402704576984491
14,171,172,0.763874400951194
14,172,173,0.9147547612461943
14,173,174,0.8816814750421206
14,174,175,0.8205516441189283
14,175,176,0.8836756510163353
14,176,177,0.7617510518922502
14,177,178,0.8258719750272533
14,178,179,0.9386229070610183
14,179,180,0.8847483538456403
14,180,181,0.6955026114652358
14,181,182,0.5102095564004274
14,182,183,0.9718261351823799
14,183,184,0.8802078593035304
14,184,185,0.89906687542515
14,185,186,0.8049227974617523
14,186,187,0.8953013874266476
14,187,188,0.9079049344370154
14,188,189,0.8330425284653141
14,189,190,0.9209759913601465
14,190,191,0.8658979213497751
14,191,192,0.8157841297124645
14,192,193,0.9194675222738625
14,193,194,0.8003714331974864
14,194,195,0.9182902115105327
14,195,196,0.8658822820705255
14,196,197,0.8209934718136024
14,197,198,0.9298655229854728
14,198,199,0.7975092735570314
14,199,200,0.9162462024479139
14,200,201,0.9519864493512106
14,201,202,0.8173563349155792
14,202,203,0.8918947204678023
14,203,204,0.848932257373438
14,204,205,0.8875438329806031
14,205,206,0.9608606597733816
14,206,207,0.9102782521112904
14,207,208,0.9773526440855755
14,208,209,0.7506032470482107
14,209,210,0.8250162953170601
14,210,211,0.6852056351858664
14,211,212,0.834066143537031
14,212,213,0.8451449886616949
14,213,214,0.8374501707795821
14,214,215,0.8944204277780747
14,215,216,0.9655051587300968
14,216,217,0.926681138035494
14,217,218,0.806735594221386
14,218,219,0.928981167318594
14,219,220,0.9258377436613101
14,220,221,0.9628096595769937
14,221,222,0.9629020149616312
14,222,223,0.9293071103390647
14,223,224,0.9161356168443987
14,224,225,0.8278061492949486
14,225,226,0.9999999950270834
15,0,1,0.5123794820736399
15,1,2,0.7751813829749207
15,2,3,0.6914832966396286
15,3,4,0.7879699420591606
15,4,5,0.9312972451096592
15,5,6,0.8569871506463543
15,6,7,0.7905166794686049
15,7,8,0.7905138590499964
15,8,9,0.8532762287307691
15,9,10,0.5914088958172902
15,10,11,0.7532028454768956
15,11,12,0.9018894392480673
15,12,13,0.7914498419737473
15,13,14,0.7427467185799622
15,14,15,0.8287550945763684
15,15,16,0.9609484460787786
15,16,17,0.8409488756475981
15,17,18,0.5953027092745353
15,18,19,0.793121083429215
15,19,20,0.8467344385277435
15,20,21,0.960949929667524
15,21,22,0.7757501618716952
15,22,23,0.5930410642638769
15,23,24,0.5788527757168123
15,24,25,0.817564514275721
15,25,26,0.9079934926729896
15,26,27,0.7807971872473031
15,27,28,0.9454482124169007
15,28,29,0.9595297018565577
15,29,30,0.7879402671848412
15,30,31,0.7879452785902832
15,31,32,0.8364144067118471
15,32,33,0.8155786146670746
15,33,34,0.9913610587598567
15,34,35,0.9272602704225297
15,35,36,0.9452380558253721
15,36,37,0.9999999992529548
15,37,38,0.8759628979279368
15,38,39,0.9669784595560932
15,39,40,0.8927779770275541
15,40,41,0.9794227569528443
15,41,42,0.9092336936203365
15,42,43,0.9736062610189173
15,43,44,0.999999758074599
15,44,45,0.9999999920820875
15,45,46,0.9999999979240308
15,46,47,0.9831342029510759
15,47,48,0.924948899047639
15,48,49,0.9174701023537253
15,49,50,0.9901417065129303
15,50,51,0.9999999989298696
15,51,52,0.918864344223386
15,52,53,0.9189481671595338
15,53,54,0.9999986768055845
15,54,55,0.9574605320598361
15,55,56,0.9763068401087014
15,56,57,0.98363435924351
15,57,58,0.9231626472892259
15,58,59,0.9488974179341003
15,59,60,0.9838700557048172
15,60,61,0.9999999181238024
15,61,62,0.9909196191219741
15,62,63,0.9831270216162268
15,63,64,0.9847153735981158
15,64,65,0.9922435016681027
15,65,66,0.9999998690243302
15,66,67,0.9810070221526187
15,67,68,0.9809899968291123
15,68,69,0.9999999599407985
15,69,70,0.9310998829205182
15,70,71,0.9310775862443468
15,71,72,0.7434340946083564
15,72,73,0.849537247161863
15,73,74,0.8734541190308059
15,74,75,0.9725026892361538
15,75,76,0.9914332707783974
15,76,77,0.9914325245606065
15,77,78,0.933038426818732
15,78,79,0.9279554585529186
15,79,80,0.8979664416709243
15,80,81,0.7357142002515473
15,81,82,0.6484122124833993
15,82,83,0.9999999829441627
15,83,84,0.9999999817598434
15,84,85,0.9026255135973429
15,85,86,0.902624976947121
15,86,87,0.9851219323781194
15,87,88,0.9851004023082233
15,88,89,0.8922515508907349
15,89,90,0.883441831946462
15,90,91,0.863932749016612
15,91,92,0.9105911689207589
15,92,93,0.7645880977093517
15,93,94,0.9456081795491433
15,94,95,0.9818153334451067
15,95,96,0.8766604395064594
15,96,97,0.8817279078478417
15,97,98,0.991423127303414
15,98,99,0.9681562569392578
15,99,100,0.9801660123444971
15,100,101,0.9724055218916091
15,101,102,0.963256205666954
15,102,103,0.9608941952457645
15,103,104,0.9802217254171145
15,104,105,0.9867458932094052
15,105,106,0.9721057961131324
15,106,107,0.9536537123135432
15,107,108,0.9781110404139821
15,108,109,0.9680529497023866
15,109,110,0.972760934677677
15,110,111,0.9681378256734483
15,111,112,0.9920598095078964
15,112,113,0.9776323302877227
15,113,114,0.9629020484686317
15,114,115,0.9612165390103878
15,115,116,0.9611818231254863
15,116,117,0.9611661503977517
15,117,118,0.9776696510118056
15,118,119,0.8701108142324706
15,119,120,0.8700444252718221
15,120,121,0.981394179927393
15,121,122,0.698176711922895
15,122,123,0.7774998323262456
15,123,124,0.7848910749532789
15,124,125,0.5932638495589413
15,125,126,0.8668406561458935
15,126,127,0.8180236967435878
15,127,128,0.9340090262037501
15,128,129,0.7335915578055578
15,129,130,0.6997869807516114
15,130,131,0.9713334288577908
15,131,132,0.9571385573979391
15,132,133,0.8710196355091708
15,133,134,0.9429415302461382
15,134,135,0.9914291432838725
15,135,136,0.9185254587943823
15,136,137,0.9285786684896631
15,137,138,0.9908934156774967
15,138,139,0.7675227738340218
15,139,140,0.8816440999005879
15,140,141,0.7122219128015629
15,141,142,0.850007171161729
15,142,143,0.8751343246395203
15,143,144,0.8427274834809056
15,144,145,0.7374912391953907
15,145,146,0.8481262119394882
15,146,147,0.852006051244252
15,147,148,0.8315940308560931
15,148,149,0.8969972129091941
15,149,150,0.9201439620963942
15,150,151,0.8725823436824531
15,151,152,0.9394815900151056
15,152,153,0.7470943648776165
15,153,154,0.9285377679253357
15,154,155,0.9285452939914878
15,155,156,0.900582754311363
15,156,157,0.7287265956450767
15,157,158,0.7664428110980178
15,158,159,0.7875729138512076
15,159,160,0.773220694588789
15,160,161,0.8481574711008218
15,161,162,0.8366038321243303
15,162,163,0.865423941086415
15,163,164,0.9395237644105693
15,164,165,0.7243739926716967
15,165,166,0.9160868343938835
15,166,167,0.8901645069845753
15,167,168,0.9722054744222093
15,168,169,0.8269979485539244
15,169,170,0.9026239481600489
15,170,171,0.9168730123510033
15,171,172,0.8207456346100378
15,172,173,0.964716100306233
15,173,174,0.8980721626615766
15,174,175,0.8109550227738739
15,175,176,0.7848914033731617
15,176,177,0.7985193214321562
15,177,178,0.7424756374598923
15,178,179,0.763853938343188
15,179,180,0.8333062486294794
15,180,181,0.6522839320507405
15,181,182,0.6402223963847494
15,182,183,0.8653702660332558
15,183,184,0.8415037497954843
15,184,185,0.9243191511886109
15,185,186,0.9162467481310296
15,186,187,0.8679187989391928
15,187,188,0.9322617705277013
15,188,189,0.8580339518424885
15,189,190,0.9206533397104861
15,190,191,0.8249207070273951
15,191,192,0.9999999993945516
15,192,193,0.9626278104771311
15,193,194,0.9172219476570201
15,194,195,0.8995811401294211
15,195,196,0.9814976683776616
15,196,197,0.8992196453590598
15,197,198,0.8992256527714
15,198,199,0.8653932522933706
15,199,200,0.9104713434498579
15,200,201,0.901530221552085
15,201,202,0.834857005246027
15,202,203,0.9474991564982276
15,203,204,0.8760267912910046
15,204,205,0.965001170694831
15,205,206,0.9467413444639694
15,206,207,0.982120593998404
15,207,208,0.9510763498373493
15,208,209,0.7419498844321782
15,209,210,0.9266360589928369
15,210,211,0.780388209505602
15,211,212,0.8557945731102322
15,212,213,0.8802044317451658
15,213,214,0.8103415344763756
15,214,215,0.9219005252129463
15,215,216,0.8681511910769107
15,216,217,0.9343126231228222
15,217,218,0.8904962035880085
15,218,219,0.8989462628390721
15,219,220,0.9447031792816574
15,220,221,0.8732230634389516
15,221,222,0.8063319567151938
15,222,223,0.87672558830912
15,223,224,0.8707981276082115
15,224,225,0.877899342850491
15,225,226,0.752542047048337
16,0,1,0.8672732050029871
16,1,2,0.775468379116633
16,2,3,0.9429859391316212
16,3,4,0.8663494549571428
16,4,5,0.5845926837600729
16,5,6,0.8442272239500929
16,6,7,0.9133792045544291
16,7,8,0.5786363321179937
16,8,9,0.866347816775006
16,9,10,0.6508377635422941
16,10,11,0.6780731645216996
16,11,12,0.6408643504969457
16,12,13,0.7827505203598323
16,13,14,0.9576059270709196
16,14,15,0.894925501022137
16,15,16,0.8172558503396774
16,16,17,0.8985408416882594
16,17,18,0.8672662536773543
16,18,19,0.9312967714121817
16,19,20,0.8775498198254036
16,20,21,0.7988723444088607
16,21,22,0.7664013929313721
16,22,23,0.6001831885339328
16,23,24,0.6835516681440766
16,24,25,0.7757553917822857
16,25,26,0.6944968488329465
16,26,27,0.9137228694314798
16,27,28,0.8213899721623931
16,28,29,0.9432563642606553
16,29,30,0.9814656334719083
16,30,31,0.8751502906288698
16,31,32,0.8715449752070422
16,32,33,0.8813253471138155
16,33,34,0.962925819914855
16,34,35,0.9033211419947922
16,35,36,0.9661235036357717
16,36,37,0.9889995283890612
16,37,38,0.9227070965765644
16,38,39,0.9914574689855817
16,39,40,0.9914576568548188
16,40,41,0.9999999863492456
16,41,42,0.9257856047291504
16,42,43,0.9249264269887666
16,43,44,0.9557198616749278
16,44,45,0.9914268397777641
16,45,46,0.9914236455578161
16,46,47,0.9999999719548845
16,47,48,0.9909586889855654
16,48,49,0.9391772213599296
16,49,50,0.9658777702612429
16,50,51,0.9552704452082584
16,51,52,0.9374464252627334
16,52,53,0.9999999728305757
16,53,54,0.9684141424607629
16,54,55,0.9776779010065021
16,55,56,0.9675581780400089
16,56,57,0.975687301669827
16,57,58,0.8551307936577748
16,58,59,0.9306924847021698
16,59,60,0.9081212575400157
16,60,61,0.9735745643993095
16,61,62,0.9735335435992322
16,62,63,0.9830417897488672
16,63,64,0.9662225047003039
16,64,65,0.9662600420680115
16,65,66,0.9648576510561012
16,66,67,0.994893309130896
16,67,68,0.9549371327649856
16,68,69,0.9918665699601347
16,69,70,0.9227859746460753
16,70,71,0.9452405358985039
16,71,72,0.9085849070020471
16,72,73,0.9721757674948327
16,73,74,0.8270104074928147
16,74,75,0.8270080380152317
16,75,76,0.8286086526974467
16,76,77,0.9999999953544764
16,77,78,0.9310650835389144
16,78,79,0.955239751355729
16,79,80,0.8665653694819258
16,80,81,0.6892171770451131
16,81,82,0.6030787083760488
16,82,83,0.983852072411929
16,83,84,0.9917963762075281
16,84,85,0.9550555889423584
16,85,86,0.9635731465483739
16,86,87,0.983377180393016
16,87,88,0.9838373461337305
16,88,89,0.8522354098764442
16,89,90,0.9378887290663426
16,90,91,0.7424937220452582
16,91,92,0.8427528264303943
16,92,93,0.7123936383954828
16,93,94,0.9732715468326063
16,94,95,0.9861837885441969
16,95,96,0.7864244695188674
16,96,97,0.80322498067365
16,97,98,0.9602805560127828
16,98,99,0.9775307878337638
16,99,100,0.9720566411118122
16,100,101,0.9926453071389476
16,101,102,0.9775051501876919
16,102,103,0.9537589749046067
16,103,104,0.9421934494618205
16,104,105,0.9510092944144717
16,105,106,0.958598900739822
16,106,107,0.9588097735668001
16,107,108,0.9868358626987932
16,108,109,0.9762746705956619
16,109,110,0.9999999139562268
16,110,111,0.939635062161974
16,111,112,0.9720933391063084
16,112,113,0.9840953615591429
16,113,114,0.9594108305563827
16,114,115,0.966763743996732
16,115,116,0.9722653672988412
16,116,117,0.9901474296866029
16,117,118,0.9619336470365416
16,118,119,0.9840063158786228
16,119,120,0.944954131581609
16,120,121,0.9333501372723354
16,121,122,0.7215289429240643
16,122,123,0.7558883906580426
16,123,124,0.9190112877651935
16,124,125,0.7846569112004236
16,125,126,0.9515517479342688
16,126,127,0.8117623411472467
16,127,128,0.919420140002822
16,128,129,0.7713844274150117
16,129,130,0.6490792690581949
16,130,131,0.9050665960312341
16,131,132,0.9436225719459734
16,132,133,0.9456075202640478
16,133,134,0.86739146462297
16,134,135,0.970489078420103
16,135,136,0.9809358720460907
16,136,137,0.9907054568966304
16,137,138,0.9437554568345532
16,138,139,0.8222220221508078
16,139,140,0.7320352242440147
16,140,141,0.7901823020542453
16,141,142,0.5979046835129864
16,142,143,0.853462787795426
16,143,144,0.7022281952783306
16,144,145,0.5591645970658922
16,145,146,0.57364424934918
16,146,147,0.8248620215529897
16,147,148,0.935941979588266
16,148,149,0.73750507197816
16,149,150,0.9313045741643778
16,150,151,0.8273270699304233
16,151,152,0.918293021014389
16,152,153,0.6262364873553028
16,153,154,0.8595838491679326
16,154,155,0.8642515825573951
16,155,156,0.8183949578902293
16,156,157,0.9080694426882017
16,157,158,0.8737237499128189
16,158,159,0.9751504332831779
16,159,160,0.7843136785822672
16,160,161,0.7844352127891231
16,161,162,0.8986119084977562
16,162,163,0.8822933106577361
16,163,164,0.9813101604042346
16,164,165,0.8762638406801061
16,165,166,0.8789769521479682
16,166,167,0.9085332947489423
16,167,168,0.9722069002914927
16,168,169,0.8493268982939044
16,169,170,0.8382385050648834
16,170,171,0.9363074574550305
16,171,172,0.6152380850205708
16,172,173,0.7470456007655032
16,173,174,0.9626222091907489
16,174,175,0.777590300708225
16,175,176,0.7775872561513048
16,176,177,0.7760663630357958
16,177,178,0.7869694933640139
16,178,179,0.9586939540796483
16,179,180,0.9273309903894819
16,180,181,0.6757251635214087
16,181,182,0.6830385163946923
16,182,183,0.9681139817534242
16,183,184,0.8795670488677579
16,184,185,0.9540079980995092
16,185,186,0.8542739349477523
16,186,187,0.8177682801960728
16,187,188,0.8737306929653874
16,188,189,0.8156948476846275
16,189,190,0.9161985181181916
16,190,191,0.97364973322413
16,191,192,0.9287561100428864
16,192,193,0.9839089961701253
16,193,194,0.8190383081507833
16,194,195,0.9134029732931731
16,195,196,0.796383276252137
16,196,197,0.8944272952920206
16,197,198,0.810990191517379
16,198,199,0.9999999997976822
16,199,200,0.7608478562475742
16,200,201,0.8877936534077924
16,201,202,0.9080078967731783
16,202,203,0.8370564714046871
16,203,204,0.9663156150221712
16,204,205,0.9426251713270476
16,205,206,0.9092310066750852
16,206,207,0.8084521055511792
16,207,208,0.8725007635489045
16,208,209,0.7960287491215471
16,209,210,0.9479819156877772
16,210,211,0.8901682507793369
16,211,212,0.9345952249359688
16,212,213,0.9113207163283481
16,213,214,0.9729776534320448
16,214,215,0.8558851901102608
16,215,216,0.9118187791180196
16,216,217,0.9566810528313882
16,217,218,0.8743474506077876
16,218,219,0.8822834476723328
16,219,220,0.9319562930820711
16,220,221,0.9055142010196511
16,221,222,0.9344548490305926
16,222,223,0.9713648098170446
16,223,224,0.9504998969152645
16,224,225,0.8233119013422583
16,225,226,0.8865182395263547
17,0,1,0.7567739563099518
17,1,2,0.8457838519486255
17,2,3,0.7084238069341512
17,3,4,0.8668338012988569
17,4,5,0.8891841088605458
17,5,6,0.8355170432713008
17,6,7,0.9105989411585519
17,7,8,0.9609475525914595
17,8,9,0.8013318990304126
17,9,10,0.7462785686292962
17,10,11,0.9312955469091869
17,11,12,0.9638035197744884
17,12,13,0.6556236434101432
17,13,14,0.7751720985037739
17,14,15,0.7464587676792551
17,15,16,0.8582475506635482
17,16,17,0.9420228805141799
17,17,18,0.734616141690985
17,18,19,0.8371277347527486
17,19,20,0.8457832743607113
17,20,21,0.999999999957405
17,21,22,0.8175564488116528
17,22,23,0.6561133621352375
17,23,24,0.6271737101358038
17,24,25,0.923641369535526
17,25,26,0.8674772307821185
17,26,27,0.7287927214424532
17,27,28,0.9748628618383577
17,28,29,0.9748643817185108
17,29,30,0.8003414572486408
17,30,31,0.985405343305913
17,31,32,0.9400475015137025
17,32,33,0.826990906187815
17,33,34,0.9909093641985669
17,34,35,0.918821769597312
17,35,36,0.8905860451467604
17,36,37,0.8306722121260274
17,37,38,0.9908832431622469
17,38,39,0.9479311238150632
17,39,40,0.9029576061780402
17,40,41,0.965864756540364
17,41,42,0.9879217568527626
17,42,43,0.8855246923639767
17,43,44,0.9761166180673455
17,44,45,0.9924394247459752
17,45,46,0.9914208260023079
17,46,47,0.9999999942305822
17,47,48,0.9839916205195516
17,48,49,0.9918528716399093
17,49,50,0.9733350327949801
17,50,51,0.952690098794462
17,51,52,0.9338486619454142
17,52,53,0.8710953769946361
17,53,54,0.9841065938334301
17,54,55,0.9614943983272625
17,55,56,0.9840455474754475
17,56,57,0.9840924524990142
17,57,58,0.9378938632521346
17,58,59,0.9762659251816408
17,59,60,0.9838656681130957
17,60,61,0.9773588523590898
17,61,62,0.9773557534941186
17,62,63,0.9914099305305849
17,63,64,0.9747215368962275
17,64,65,0.993380127311125
17,65,66,0.9822144596214502
17,66,67,0.9871116719334272
17,67,68,0.9472911941130975
17,68,69,0.9639843858884327
17,69,70,0.8168626434903661
17,70,71,0.8470350060435763
17,71,72,0.8007831966471461
17,72,73,0.851353181778355
17,73,74,0.9999999936772572
17,74,75,0.9289578541324606
17,75,76,0.8390163739529513
17,76,77,0.9999999977098587
17,77,78,0.8283831917496229
17,78,79,0.8536777127064572
17,79,80,0.8344812012610668
17,80,81,0.9721772899485667
17,81,82,0.8301335322671235
17,82,83,0.9846631962618283
17,83,84,0.9918763438161389
17,84,85,0.7977832718684272
17,85,86,0.8321773182421938
17,86,87,0.9373892706259334
17,87,88,0.9913684020901018
17,88,89,0.9717956278309833
17,89,90,0.710778671844579
17,90,91,0.9595377852021966
17,91,92,0.8850613138466642
17,92,93,0.8058652602209375
17,93,94,0.9646651519033024
17,94,95,0.9647291901230567
17,95,96,0.8155911143390354
17,96,97,0.8156297338885364
17,97,98,0.9847011299287973
17,98,99,0.9706006845601818
17,99,100,0.9910444403175683
17,100,101,0.9851446113032127
17,101,102,0.9838599156952726
17,102,103,0.9738550140424086
17,103,104,0.993844531357012
17,104,105,0.9806227075073595
17,105,106,0.9732311522851362
17,106,107,0.9698155895636048
17,107,108,0.9787998581383521
17,108,109,0.9871998740836311
17,109,110,0.9753180937228211
17,110,111,0.9832935924795969
17,111,112,0.9516359198463704
17,112,113,0.9999990706220953
17,113,114,0.9670174255229663
17,114,115,0.9745566048844739
17,115,116,0.9700211815271906
17,116,117,0.9868664604410385
17,117,118,0.9926495690533147
17,118,119,0.9015842957956172
17,119,120,0.9021157671448183
17,120,121,0.9804901919862888
17,121,122,0.6708447394975664
17,122,123,0.6758795364392746
17,123,124,0.8606981782488602
17,124,125,0.6584091624678354
17,125,126,0.9431671652959082
17,126,127,0.9147407586592147
17,127,128,0.8989583923917543
17,128,129,0.7760476357196021
17,129,130,0.697689784236451
17,130,131,0.8810401562747809
17,131,132,0.7246596804848986
17,132,133,0.9072660491703178
17,133,134,0.8633538582002954
17,134,135,0.9925376611507485
17,135,136,0.991366055133762
17,136,137,0.9532351464755682
17,137,138,0.9519187011690959
17,138,139,0.8083204002311053
17,139,140,0.934478285777672
17,140,141,0.8637193841362583
17,141,142,0.832860238411421
17,142,143,0.8670022786867422
17,143,144,0.9791313096509414
17,144,145,0.7238030040590099
17,145,146,0.550583484773762
17,146,147,0.779191907048013
17,147,148,0.8029811325082664
17,148,149,0.9156441508523023
17,149,150,0.8072951871764167
17,150,151,0.8315190157028212
17,151,152,0.6883303281457656
17,152,153,0.5590016129789298
17,153,154,0.8389924655274797
17,154,155,0.8241293501618278
17,155,156,0.9246837135367195
17,156,157,0.9137555365847283
17,157,158,0.940615010564623
17,158,159,0.8917038104194281
17,159,160,0.8438669252882565
17,160,161,0.8347956822727305
17,161,162,0.9039162972001589
17,162,163,0.8848097096813038
17,163,164,0.9910386038262676
17,164,165,0.7311897504799993
17,165,166,0.8563700149624923
17,166,167,0.9733586768156173
17,167,168,0.9484243062839474
17,168,169,0.9351994621811967
17,169,170,0.8526520576548854
17,170,171,0.9105307370962925
17,171,172,0.6441051291162723
17,172,173,0.8029661643272563
17,173,174,0.8277131404458278
17,174,175,0.8780092674903774
17,175,176,0.8642264207486277
17,176,177,0.7953361899445693
17,177,178,0.9103205623181145
17,178,179,0.9141765901168811
17,179,180,0.8584936806508175
17,180,181,0.6103532971654813
17,181,182,0.6005113200406139
17,182,183,0.8817866856636508
17,183,184,0.8962039917478327
17,184,185,0.9266066383897561
17,185,186,0.812213111214501
17,186,187,0.9094740641794011
17,187,188,0.8557945618819629
17,188,189,0.837540272818329
17,189,190,0.911979961240427
17,190,191,0.8116265201150209
17,191,192,0.9419063877376869
17,192,193,0.9105501395119922
17,193,194,0.8126566935651844
17,194,195,0.8681508604066881
17,195,196,0.9664170575910253
17,196,197,0.9498174451151195
17,197,198,0.9474168751953438
17,198,199,0.9807727667712747
17,199,200,0.9213207888033051
17,200,201,0.8833685362632112
17,201,202,0.8366344536068848
17,202,203,0.9922170223354165
17,203,204,0.8563061414115813
17,204,205,0.925587487881399
17,205,206,0.9220835052738089
17,206,207,0.9041959343477581
17,207,208,0.9072781848830753
17,208,209,0.8409571417356189
17,209,210,0.9206155100697723
17,210,211,0.8654454566782575
17,211,212,0.9702732275276518
17,212,213,0.8854322399452083
17,213,214,0.8681582930611221
17,214,215,0.9418548545942815
17,215,216,0.9187241399187804
17,216,217,0.8853845029557815
17,217,218,0.8692835146210098
17,218,219,0.9109398580789253
17,219,220,0.9035838241413339
17,220,221,0.9152814118784763
17,221,222,0.9816446187978564
17,222,223,0.8459099856902839
17,223,224,0.9184263197318348
17,224,225,0.8931164283939925
17,225,226,0.8737382502819756
18,0,1,0.6721969792746052
18,1,2,0.8169556428992945
18,2,3,0.6335214414159834
18,3,4,0.8288072357694122
18,4,5,0.6703159774982336
18,5,6,0.7237909912521044
18,6,7,0.9576060876584804
18,7,8,0.9048726118952661
18,8,9,0.8326692992931768
18,9,10,0.7699919154269651
18,10,11,0.7085512795470447
18,11,12,0.8532805509241825
18,12,13,0.9355892288664002
18,13,14,0.608330445897719
18,14,15,0.9181761181276181
18,15,16,0.7914506863253254
18,16,17,0.7084172787342036
18,17,18,0.6721883407070287
18,18,19,0.7284768501478124
18,19,20,0.9529629271707017
18,20,21,0.9999999999699317
18,21,22,0.8409513228839208
18,22,23,0.8399312945641588
18,23,24,0.9006369293763297
18,24,25,0.9224705912833112
18,25,26,0.8099612672835275
18,26,27,0.963956481264515
18,27,28,0.8830543040880184
18,28,29,0.7844805342558115
18,29,30,0.8213935596897443
18,30,31,0.8984099428651774
18,31,32,0.8222777591943042
18,32,33,0.802692476066035
18,33,34,0.9908855918087517
18,34,35,0.9532425211506187
18,35,36,0.8894569378219229
18,36,37,0.8994006246788149
18,37,38,0.9227088044553732
18,38,39,0.9865769270585006
18,39,40,0.8713333948298985
18,40,41,0.9334720781067446
18,41,42,0.932751778617995
18,42,43,0.971841408934404
18,43,44,0.9784706889732138
18,44,45,0.98465811754816
18,45,46,0.9704715372394914
18,46,47,0.9705575065335207
18,47,48,0.9922289610032582
18,48,49,0.9999994278927068
18,49,50,0.8679910751319599
18,50,51,0.8710901776496619
18,51,52,0.8270472292597884
18,52,53,0.827172755869797
18,53,54,0.944979973283167
18,54,55,0.9936881499243243
18,55,56,0.9890011991239601
18,56,57,0.9795359542241372
18,57,58,0.9217076130236008
18,58,59,0.9317360412641875
18,59,60,0.9854367647589559
18,60,61,0.9785336750289272
18,61,62,0.9913859921621191
18,62,63,0.9839037700964444
18,63,64,0.9918290963293224
18,64,65,0.9846656142548336
18,65,66,0.9774240411629299
18,66,67,0.9840890785004499
18,67,68,0.9919006992779417
18,68,69,0.9641316953375411
18,69,70,0.8844361206453218
18,70,71,0.9635732654820809
18,71,72,0.8634618856468197
18,72,73,0.8737469151771877
18,73,74,0.8737548804645401
18,74,75,0.8748418714308441
18,75,76,0.8918480839586751
18,76,77,0.9999999902466153
18,77,78,0.9725001488781317
18,78,79,0.9542378528297635
18,79,80,0.9999999986630467
18,80,81,0.6529873038319842
18,81,82,0.6336936406772633
18,82,83,0.9851506381928017
18,83,84,0.9858081703171904
18,84,85,0.9041757703331503
18,85,86,0.9361023219882825
18,86,87,0.9361031211317028
18,87,88,0.9061719472871779
18,88,89,0.9229412192032767
18,89,90,0.7684992650680698
18,90,91,0.9634127917360403
18,91,92,0.8915899129827636
18,92,93,0.7682032301767789
18,93,94,0.9841862351874492
18,94,95,0.9923153934614571
18,95,96,0.7395766780329945
18,96,97,0.7175448701524445
18,97,98,0.9840540489135239
18,98,99,0.9765464081001317
18,99,100,0.9547863281019322
18,100,101,0.9871708256021058
18,101,102,0.9671059127203729
18,102,103,0.9778711696235802
18,103,104,0.968192689382076
18,104,105,0.9577132685215335
18,105,106,0.9684447419741941
18,106,107,0.9733875221322272
18,107,108,0.9861325249705447
18,108,109,0.9861220616020229
18,109,110,0.999999585313543
18,110,111,0.9731807565635584
18,111,112,0.9913910541296377
18,112,113,0.9672731175106972
18,113,114,0.9831050573368706
18,114,115,0.9674314524112858
18,115,116,0.9615492387215807
18,116,117,0.9927762588114788
18,117,118,0.9931576343503741
18,118,119,0.8111333964705723
18,119,120,0.8441028592533345
18,120,121,0.9591863448587158
18,121,122,0.667028559948922
18,122,123,0.9170975893438736
18,123,124,0.7924677266660708
18,124,125,0.636343026510064
18,125,126,0.7460160664084574
18,126,127,0.9299096671214511
18,127,128,0.8470349768988006
18,128,129,0.8771777901964635
18,129,130,0.824021052284188
18,130,131,0.9497288501794163
18,131,132,0.8616489411614688
18,132,133,0.959884358458086
18,133,134,0.9831090028372443
18,134,135,0.9999999464745374
18,135,136,0.9269765450099258
18,136,137,0.9269914033460902
18,137,138,0.999999822303093
18,138,139,0.783556883998888
18,139,140,0.8539962706441616
18,140,141,0.8031498529947881
18,141,142,0.8099697144005801
18,142,143,0.9108958781368562
18,143,144,0.8767109933280737
18,144,145,0.8538859491186965
18,145,146,0.7557199066191156
18,146,147,0.7956114581470028
18,147,148,0.8683844965821955
18,148,149,0.9703260059675801
18,149,150,0.9224793367275645
18,150,151,0.8780604646316771
18,151,152,0.761163247840564
18,152,153,0.5897203411423559
18,153,154,0.9426912554352754
18,154,155,0.8743765783427458
18,155,156,0.9289198609283148
18,156,157,0.9410922609764255
18,157,158,0.8857482867928191
18,158,159,0.811498412525902
18,159,160,0.9054365708700772
18,160,161,0.6958143743974617
18,161,162,0.8836787759085328
18,162,163,0.951853833450609
18,163,164,0.8476061261114192
18,164,165,0.8046207119839923
18,165,166,0.9465604678502633
18,166,167,0.947016271541423
18,167,168,0.9435241962898069
18,168,169,0.8770091764595742
18,169,170,0.8661500524370567
18,170,171,0.9616538017216402
18,171,172,0.6715059515201405
18,172,173,0.999999999931266
18,173,174,0.6689557322899677
18,174,175,0.8296876839093614
18,175,176,0.8785451285124928
18,176,177,0.8358875460540703
18,177,178,0.898892653521469
18,178,179,0.8964213864127877
18,179,180,0.7894698644285607
18,180,181,0.6453290876805032
18,181,182,0.6864160359243373
18,182,183,0.8864217797679766
18,183,184,0.7560687084959431
18,184,185,0.7717460097103654
18,185,186,0.8954630103037958
18,186,187,0.6346628947089312
18,187,188,0.7400000937321429
18,188,189,0.8472180147713174
18,189,190,0.9121779632482362
18,190,191,0.8905944276059505
18,191,192,0.8732133092025678
18,192,193,0.7717227313495819
18,193,194,0.9999999991555836
18,194,195,0.8063469028898126
18,195,196,0.7274828426190287
18,196,197,0.8287961434104306
18,197,198,0.9999999995077906
18,198,199,0.8751731981856923
18,199,200,0.9423121253004948
18,200,201,0.9747061206077687
18,201,202,0.9616066982491863
18,202,203,0.8543187249252638
18,203,204,0.9040570566314957
18,204,205,0.9206520573123269
18,205,206,0.8377530372707934
18,206,207,0.9557802140065813
18,207,208,0.9167975809143197
18,208,209,0.9187926525011686
18,209,210,0.9197631975782852
18,210,211,0.82779530291768
18,211,212,0.8399055819338829
18,212,213,0.898365096463723
18,213,214,0.8848011736676852
18,214,215,0.8404251527204375
18,215,216,0.9363227838196733
18,216,217,0.8633877875745545
18,217,218,0.859728317498017
18,218,219,0.8833688938353017
18,219,220,0.8615005397741502
18,220,221,0.8084224025108929
18,221,222,0.9015431179305969
18,222,223,0.9552130027286486
18,223,224,0.8161035869309117
18,224,225,0.8929139961899646
18,225,226,0.8424580201215095
19,0,1,0.7346220400351763
19,1,2,0.7983210242002381
19,2,3,0.7620195617672423
19,3,4,0.9181751856236392
19,4,5,0.7509732067098845
19,5,6,0.904871259327138
19,6,7,0.7428547613137422
19,7,8,0.42386325033908623
19,8,9,0.6687028714502095
19,9,10,0.7125420103464609
19,10,11,0.9763301648717766
19,11,12,0.8409494327092641
19,12,13,0.9576050679115381
19,13,14,0.8299258802600328
19,14,15,0.8666670280805308
19,15,16,0.8171060580128462
19,16,17,0.78519255829219
19,17,18,0.5556285069022188
19,18,19,0.4736417880586535
19,19,20,0.8474422574280379
19,20,21,0.9147363654520819
19,21,22,0.9801091360807047
19,22,23,0.9263371295137122
19,23,24,0.9197307312308003
19,24,25,0.9197320845554473
19,25,26,0.88547412157802
19,26,27,0.6931089949009198
19,27,28,0.6377766485818716
19,28,29,0.8316026902537611
19,29,30,0.7823728325384074
19,30,31,0.8792882158537915
19,31,32,0.7965234718885419
19,32,33,0.963676085671956
19,33,34,0.9630473337307319
19,34,35,0.9107611284673566
19,35,36,0.9790614315600337
19,36,37,0.8890197184704881
19,37,38,0.824727472570158
19,38,39,0.9924922536122808
19,39,40,0.9364407239189381
19,40,41,0.9805021493262893
19,41,42,0.9182049737711614
19,42,43,0.9999998000410131
19,43,44,0.9914346601532995
19,44,45,0.9839301799131416
19,45,46,0.9999998545591087
19,46,47,0.9840019877717708
19,47,48,0.979078599212682
19,48,49,0.9845751252750398
19,49,50,0.9846190502639016
19,50,51,0.9553218147322909
19,51,52,0.9590138517821414
19,52,53,0.9314323887004939
19,53,54,0.9694724187389414
19,54,55,0.9926552097857504
19,55,56,0.9926565574226489
19,56,57,0.986224328226347
19,57,58,0.8599476661185899
19,58,59,0.9182668517779533
19,59,60,0.9331147532324268
19,60,61,0.9999999847904144
19,61,62,0.9909095595363955
19,62,63,0.9655983118463088
19,63,64,0.9925823968447207
19,64,65,0.9846936444964007
19,65,66,0.9918769261739055
19,66,67,0.999999926770489
19,67,68,0.9808438392574219
19,68,69,0.9870391742363168
19,69,70,0.9275823837736984
19,70,71,0.931697097403137
19,71,72,0.7977186040630232
19,72,73,0.8810608921424784
19,73,74,0.7319147302084961
19,74,75,0.963039976376589
19,75,76,0.9147428227672146
19,76,77,0.9791702950924882
19,77,78,0.9812946571193543
19,78,79,0.9812963760626249
19,79,80,0.9227045632200681
19,80,81,0.7017244512655761
19,81,82,0.6795805932784251
19,82,83,0.9704754206260107
19,83,84,0.9614605870433709
19,84,85,0.8678319899155059
19,85,86,0.9375215307687207
19,86,87,0.8189467203255496
19,87,88,0.7633026444600557
19,88,89,0.940659390606537
19,89,90,0.7803704084415413
19,90,91,0.8618167189650877
19,91,92,0.9999999989301525
19,92,93,0.6878849229108963
19,93,94,0.9202180165896633
19,94,95,0.9829503004658259
19,95,96,0.9467510735450776
19,96,97,0.9492609976436536
19,97,98,0.9839746795226479
19,98,99,0.9926229361057994
19,99,100,0.9633515841434029
19,100,101,0.9708162480450601
19,101,102,0.984718581106697
19,102,103,0.9859216602266577
19,103,104,0.9684577606546345
19,104,105,0.9684635274660802
19,105,106,0.9857997270516036
19,106,107,0.9710182387087013
19,107,108,0.9796407885966307
19,108,109,0.9672337288364206
19,109,110,0.983938046100873
19,110,111,0.9552593538792825
19,111,112,0.9484384678533466
19,112,113,0.959362103257711
19,113,114,0.9543500073242647
19,114,115,0.9582126788551766
19,115,116,0.9624699159488075
19,116,117,0.9575540257349053
19,117,118,0.991969641878103
19,118,119,0.7935114646866033
19,119,120,0.8279560034805822
19,120,121,0.9784113723341996
19,121,122,0.7828045283294628
19,122,123,0.9577959148224633
19,123,124,0.71464312004787
19,124,125,0.603005410811054
19,125,126,0.9999999999472856
19,126,127,0.8087870180126805
19,127,128,0.8032501296838196
19,128,129,0.5817191505037155
19,129,130,0.5892415321123667
19,130,131,0.9750104524719346
19,131,132,0.8890286242825621
19,132,133,0.9458515858303359
19,133,134,0.9830940230244719
19,134,135,0.9783245596982099
19,135,136,0.9783140250728439
19,136,137,0.8792381730599533
19,137,138,0.837917834376208
19,138,139,0.696638288283729
19,139,140,0.961134629997146
19,140,141,0.9999999999217531
19,141,142,0.7354500199016318
19,142,143,0.735442654620762
19,143,144,0.9999999999699748
19,144,145,0.7611096839908397
19,145,146,0.9396893037554863
19,146,147,0.8412803897281745
19,147,148,0.8628655395094723
19,148,149,0.8496464894569927
19,149,150,0.9799844888834092
19,150,151,0.9577996389557614
19,151,152,0.7989608085509294
19,152,153,0.5540357212282516
19,153,154,0.9279354141334527
19,154,155,0.8793771998870186
19,155,156,0.9872746384204866
19,156,157,0.7974233689423914
19,157,158,0.8316448139353395
19,158,159,0.7833508254733399
19,159,160,0.7975036149698238
19,160,161,0.7871665870800735
19,161,162,0.8369869822629509
19,162,163,0.84405800273409
19,163,164,0.9495378484378123
19,164,165,0.6626195398213608
19,165,166,0.7690028862745202
19,166,167,0.9382650128499402
19,167,168,0.9382598775449063
19,168,169,0.8423984386393351
19,169,170,0.8628726000736452
19,170,171,0.9518355062392194
19,171,172,0.7259913655607694
19,172,173,0.7130373303870415
19,173,174,0.8822438680087303
19,174,175,0.8587551972775992
19,175,176,0.83532590876181
19,176,177,0.9530762348027826
19,177,178,0.8618068691262857
19,178,179,0.8618081449440368
19,179,180,0.8829239748491661
19,180,181,0.765023928939917
19,181,182,0.66339894963992
19,182,183,0.9405562119973272
19,183,184,0.9104059066410125
19,184,185,0.9550219530368749
19,185,186,0.9999999994860116
19,186,187,0.8952994809259528
19,187,188,0.9141896888634413
19,188,189,0.8713946798063313
19,189,190,0.8580512281852318
19,190,191,0.8330176457023823
19,191,192,0.820501551248119
19,192,193,0.9193235266933256
19,193,194,0.9652276638258557
19,194,195,0.7686983948229593
19,195,196,0.7559059293512302
19,196,197,0.9190109636256023
19,197,198,0.9339776141708052
19,198,199,0.923675185700687
19,199,200,0.9999999985900353
19,200,201,0.7793612905249998
19,201,202,0.9892348722051071
19,202,203,0.9076123705526835
19,203,204,0.8986596185569357
19,204,205,0.9435678653633308
19,205,206,0.9761922347952334
19,206,207,0.8729051326484829
19,207,208,0.9361367739280253
19,208,209,0.8706627627537664
19,209,210,0.8391898606377941
19,210,211,0.7949426479002626
19,211,212,0.9153801623725415
19,212,213,0.9157041074024387
19,213,214,0.934509614381951
19,214,215,0.9376646343517044
19,215,216,0.7631885090898535
19,216,217,0.8835916404609725
19,217,218,0.8972041504660125
19,218,219,0.8740102449918603
19,219,220,0.8746943964068145
19,220,221,0.9212036531989921
19,221,222,0.9212106963944364
19,222,223,0.9999999987170642
19,223,224,0.8331441692040402
19,224,225,0.86540992668429
19,225,226,0.7967177560432963
20,0,1,0.7754679992996949
20,1,2,0.8569892531900041
20,2,3,0.7398158763471506
20,3,4,0.7937304784338716
20,4,5,0.8280969489459922
20,5,6,0.8591953192910506
20,6,7,0.8869022076760995
20,7,8,0.6749518346887788
20,8,9,0.8454692196012588
20,9,10,0.6248821589241466
20,10,11,0.6679027079994186
20,11,12,0.8947609600209824
20,12,13,0.8947606194495848
20,13,14,0.7081537384992493
20,14,15,0.9357623406160174
20,15,16,0.8175583199976649
20,16,17,0.8460971132023434
20,17,18,0.8949270919216682
20,18,19,0.7399212432703087
20,19,20,0.7399228827374723
20,20,21,0.7957554212476575
20,21,22,0.9298427718410238
20,22,23,0.739926867794548
20,23,24,0.7399210474363997
20,24,25,0.9771919670781173
20,25,26,0.8995534533833299
20,26,27,0.9440635596944064
20,27,28,0.9025636908719992
20,28,29,0.8194739088551563
20,29,30,0.7457626613965784
20,30,31,0.796816054913637
20,31,32,0.8417493766984198
20,32,33,0.9315464332377934
20,33,34,0.8081956320801768
20,34,35,0.8259393770614815
20,35,36,0.9359299273767945
20,36,37,0.9756266158075854
20,37,38,0.838873590530532
20,38,39,0.9914680555616329
20,39,40,0.8155869540345323
20,40,41,0.9180582550844835
20,41,42,0.8589579276611117
20,42,43,0.9913824492488749
20,43,44,0.9914035912006698
20,44,45,0.9999999515955549
20,45,46,0.9914175759609146
20,46,47,0.9999998981255501
20,47,48,0.9593685856916528
20,48,49,0.9695049303559098
20,49,50,0.9833878873205134
20,50,51,0.9765365661124593
20,51,52,0.9457588490223939
20,52,53,0.9820870963600602
20,53,54,0.9551793302590785
20,54,55,0.9508792811937025
20,55,56,0.9422382813669355
20,56,57,0.9743936417432025
20,57,58,0.8628440397234696
20,58,59,0.9999999858569838
20,59,60,0.8317041512691827
20,60,61,0.9909055733047121
20,61,62,0.9913853892176151
20,62,63,0.9913807071864442
20,63,64,0.9999999919895298
20,64,65,0.9999999798236594
20,65,66,0.9792048617404596
20,66,67,0.9602316826094651
20,67,68,0.9696397708187147
20,68,69,0.99999972509063
20,69,70,0.7088954096911935
20,70,71,0.6817088876635411
20,71,72,0.8850180405642922
20,72,73,0.9626318077562037
20,73,74,0.8706728425163783
20,74,75,0.9621921830896263
20,75,76,0.9504366523961447
20,76,77,0.9830883221614072
20,77,78,0.9642435863299131
20,78,79,0.94143382247684
20,79,80,0.9792588157773383
20,80,81,0.8061820916728285
20,81,82,0.7472556171439141
20,82,83,0.9913755463890402
20,83,84,0.9839439807056003
20,84,85,0.9488604364208149
20,85,86,0.9903072609019469
20,86,87,0.939999384583423
20,87,88,0.9853969988180356
20,88,89,0.9159465529041536
20,89,90,0.8493481958036119
20,90,91,0.7882193038740358
20,91,92,0.9594762604157252
20,92,93,0.7139841112015697
20,93,94,0.9999977342313324
20,94,95,0.9709223608190363
20,95,96,0.7760097070492762
20,96,97,0.8162550550048149
20,97,98,0.9918825911585966
20,98,99,0.9740156804898649
20,99,100,0.9815232395792413
20,100,101,0.930747486198222
20,101,102,0.9708741547383256
20,102,103,0.9923276859956648
20,103,104,0.9808392393251109
20,104,105,0.9934364306443114
20,105,106,0.9785772834223755
20,106,107,0.9774500197446164
20,107,108,0.9568172988341523
20,108,109,0.9627729437798255
20,109,110,0.9824885283348166
20,110,111,0.9660170782169547
20,111,112,0.9765976012248243
20,112,113,0.9646859822257048
20,113,114,0.9735920770058214
20,114,115,0.9579292597011724
20,115,116,0.9552740053852473
20,116,117,0.9555198945466644
20,117,118,0.9999997237006093
20,118,119,0.8799608233506863
20,119,120,0.9154360942869226
20,120,121,0.9936971123561972
20,121,122,0.6588600917371656
20,122,123,0.7437194378975966
20,123,124,0.8231997026985365
20,124,125,0.5852109884346606
20,125,126,0.650868977370829
20,126,127,0.8918701330330402
20,127,128,0.7697288762125173
20,128,129,0.6901302562344296
20,129,130,0.5091290253870231
20,130,131,0.9552466979662972
20,131,132,0.9776405127091128
20,132,133,0.9272437637193036
20,133,134,0.9366631080485158
20,134,135,0.9666860050049974
20,135,136,0.9624836208519312
20,136,137,0.9581575694314828
20,137,138,0.9426603756833851
20,138,139,0.7674861537208367
20,139,140,0.9675233029328569
20,140,141,0.9014997189538673
20,141,142,0.5410505299264746
20,142,143,0.7083049870648614
20,143,144,0.8506341817063151
20,144,145,0.8467393577044756
20,145,146,0.5721052999870619
20,146,147,0.6926708253788812
20,147,148,0.9221407581632622
20,148,149,0.8560645497319848
20,149,150,0.8376095912718078
20,150,151,0.8069607561109795
20,151,152,0.6456764637694186
20,152,153,0.5742247836237645
20,153,154,0.9049942048965356
20,154,155,0.8886967851542477
20,155,156,0.7335351480284763
20,156,157,0.9576239183928154
20,157,158,0.7948077300407267
20,158,159,0.7032083513385503
20,159,160,0.7875076056805801
20,160,161,0.8062942806745115
20,161,162,0.8680545967987456
20,162,163,0.9439748551888579
20,163,164,0.9342526287852952
20,164,165,0.7252355823520594
20,165,166,0.7805239730281848
20,166,167,0.7952079086567501
20,167,168,0.8850654909863166
20,168,169,0.9349569918351732
20,169,170,0.9121702717483356
20,170,171,0.93705699581656
20,171,172,0.7761029642582493
20,172,173,0.8683957933439903
20,173,174,0.7416829155224604
20,174,175,0.9544774028636615
20,175,176,0.8117620986031091
20,176,177,0.955893959603886
20,177,178,0.8654924711479384
20,178,179,0.9529710790992597
20,179,180,0.8720324643721165
20,180,181,0.7395103185730436
20,181,182,0.7679825543274239
20,182,183,0.7808255848012697
20,183,184,0.846449671525085
20,184,185,0.747630943665904
20,185,186,0.9139310181829465
20,186,187,0.838113663132085
20,187,188,0.9263757125565568
20,188,189,0.7198924817990707
20,189,190,0.8325043978800863
20,190,191,0.8444736748109213
20,191,192,0.8914641343983596
20,192,193,0.9721267134958419
20,193,194,0.8541536805829449
20,194,195,0.9441841056946628
20,195,196,0.8444513399452335
20,196,197,0.9480671314176782
20,197,198,0.7802071817774986
20,198,199,0.885515889874836
20,199,200,0.8329001260816499
20,200,201,0.8434329475653913
20,201,202,0.9562275757575356
20,202,203,0.9462977475678479
20,203,204,0.9360621793552754
20,204,205,0.9402497654552177
20,205,206,0.8905965527051553
20,206,207,0.9443772523317555
20,207,208,0.9197325318006678
20,208,209,0.7981484404295064
20,209,210,0.9509440302901749
20,210,211,0.8474773910382909
20,211,212,0.8882781577751897
20,212,213,0.9509354239775117
20,213,214,0.8789922489523242
20,214,215,0.961680701493575
20,215,216,0.9764700835025729
20,216,217,0.9750035163210656
20,217,218,0.8846771082209944
20,218,219,0.9816248889636544
20,219,220,0.9642785296587904
20,220,221,0.9735389251596984
20,221,222,0.9092711494801144
20,222,223,0.8922967356472395
20,223,224,0.8598856846835974
20,224,225,0.8790220482877942
20,225,226,0.9999999988546805
21,0,1,0.7644803177343978
21,1,2,0.8171101566678194
21,2,3,0.6338734338786373
21,3,4,0.9490389174331018
21,4,5,0.9773969915364656
21,5,6,0.8198187632853068
21,6,7,0.9576051407764302
21,7,8,0.9576065098007592
21,8,9,0.9576064583691113
21,9,10,0.8569873812512518
21,10,11,0.775461536577454
21,11,12,0.6561090496059435
21,12,13,0.8175554079352401
21,13,14,0.8591928277683721
21,14,15,0.8591939800087419
21,15,16,0.7567751466119864
21,16,17,0.633863160436337
21,17,18,0.8072740603535532
21,18,19,0.8072761196761821
21,19,20,0.6835513151958592
21,20,21,0.8160867608344192
21,21,22,0.6851603154963062
21,22,23,0.5591448548790232
21,23,24,0.637765622578907
21,24,25,0.9071785951317906
21,25,26,0.780804083689054
21,26,27,0.9720096034235908
21,27,28,0.7894675866659194
21,28,29,0.8554610022316328
21,29,30,0.7828540606509273
21,30,31,0.8444346704858623
21,31,32,0.9544621790121873
21,32,33,0.7824722425221289
21,33,34,0.9327555167997548
21,34,35,0.9022860600627296
21,35,36,0.9289634475626227
21,36,37,0.8922639877728968
21,37,38,0.9277322991420848
21,38,39,0.9706261684072776
21,39,40,0.9094269011657771
21,40,41,0.9374043952794622
21,41,42,0.9913823312299319
21,42,43,0.9839375762027502
21,43,44,0.9863809932599885
21,44,45,0.9738029748060468
21,45,46,0.9914202108743928
21,46,47,0.991419359570638
21,47,48,0.9669045590448146
21,48,49,0.9668823687173604
21,49,50,0.9527731850747146
21,50,51,0.968500922174725
21,51,52,0.9677663850413072
21,52,53,0.9773475502035612
21,53,54,0.9721240976928194
21,54,55,0.9676483743242962
21,55,56,0.9725537403396629
21,56,57,0.9786498703532598
21,57,58,0.8379479785295666
21,58,59,0.849387018033899
21,59,60,0.956214571272859
21,60,61,0.9705646867176337
21,61,62,0.9846620915806009
21,62,63,0.9913811784289585
21,63,64,0.9913895040067551
21,64,65,0.9830905349860377
21,65,66,0.9910167819254768
21,66,67,0.9671735667003996
21,67,68,0.9828086920854346
21,68,69,0.9562968710410275
21,69,70,0.8816979904969302
21,70,71,0.8835687031520175
21,71,72,0.8366333670619878
21,72,73,0.8903139132900607
21,73,74,0.7514320119985783
21,74,75,0.8270993166970033
21,75,76,0.8275560870996463
21,76,77,0.9999999512379517
21,77,78,0.9735385195960138
21,78,79,0.9812996426482242
21,79,80,0.9026043595038996
21,80,81,0.7985810470365562
21,81,82,0.7368808597765686
21,82,83,0.9437127190832147
21,83,84,0.9524603002721871
21,84,85,0.8922494090984938
21,85,86,0.8853971495550378
21,86,87,0.9601760719688541
21,87,88,0.9733132379367404
21,88,89,0.9184873578813593
21,89,90,0.6849510302648822
21,90,91,0.8145512141735354
21,91,92,0.7769293869697291
21,92,93,0.6769502642703437
21,93,94,0.9778965032953596
21,94,95,0.9870731872370134
21,95,96,0.7973347174477771
21,96,97,0.7948581853985228
21,97,98,0.9999999962578462
21,98,99,0.9784437183456625
21,99,100,0.9715377881697576
21,100,101,0.9546361336458248
21,101,102,0.9387717257924513
21,102,103,0.9742159235550354
21,103,104,0.9999999761260951
21,104,105,0.972382338991054
21,105,106,0.9631643704822473
21,106,107,0.9674786067853354
21,107,108,0.9999989729207729
21,108,109,0.9937510162847776
21,109,110,0.9937121320990936
21,110,111,0.956705654614142
21,111,112,0.974998496699974
21,112,113,0.9999999962063804
21,113,114,0.9682935192036276
21,114,115,0.9736789878202904
21,115,116,0.9737106119907516
21,116,117,0.9943330063807856
21,117,118,0.9644692100093164
21,118,119,0.8169037846586422
21,119,120,0.8510569186768472
21,120,121,0.9571679514743727
21,121,122,0.700313541900189
21,122,123,0.9515561440133762
21,123,124,0.7588886863043058
21,124,125,0.5931828437965424
21,125,126,0.7085686428641323
21,126,127,0.8680256389276196
21,127,128,0.9307512765287311
21,128,129,0.7198645409843718
21,129,130,0.6629351859450611
21,130,131,0.8984830804254982
21,131,132,0.9708746396410254
21,132,133,0.8390092603258145
21,133,134,0.8381439878577753
21,134,135,0.9918235664298618
21,135,136,0.9918266849466845
21,136,137,0.9367075283753252
21,137,138,0.936726393235752
21,138,139,0.7368672375804584
21,139,140,0.8096020620407325
21,140,141,0.8507481294421994
21,141,142,0.8634209869027705
21,142,143,0.8619229491596287
21,143,144,0.9260355168147159
21,144,145,0.9342555158492454
21,145,146,0.7894539983928887
21,146,147,0.9652676949534815
21,147,148,0.8862376400788902
21,148,149,0.9808743122698257
21,149,150,0.8268192481643746
21,150,151,0.710480080955512
21,151,152,0.8595902713141924
21,152,153,0.8284303662970919
21,153,154,0.8922653805115555
21,154,155,0.8872781729199501
21,155,156,0.8753093700111825
21,156,157,0.917361026559719
21,157,158,0.9433625258641799
21,158,159,0.9999999995061548
21,159,160,0.9626291186383148
21,160,161,0.7818050674882772
21,161,162,0.9134148281259463
21,162,163,0.9744260395069162
21,163,164,0.9212911017509806
21,164,165,0.7917118022621633
21,165,166,0.9815023460558071
21,166,167,0.8339463601516205
21,167,168,0.9318681469605888
21,168,169,0.9448224755924333
21,169,170,0.9876042679029123
21,170,171,0.9152861642210359
21,171,172,0.7757457199940164
21,172,173,0.9298263827477515
21,173,174,0.9558693603683042
21,174,175,0.6754590823190206
21,175,176,0.7437207351950316
21,176,177,0.964719084867445
21,177,178,0.8227934539687428
21,178,179,0.8066520345895873
21,179,180,0.8066524294397721
21,180,181,0.5171806305600436
21,181,182,0.38087416145545877
21,182,183,0.9168223668045085
21,183,184,0.9112226435515787
21,184,185,0.8960145973433178
21,185,186,0.9839800227057663
21,186,187,0.6957602346310401
21,187,188,0.8506646744578366
21,188,189,0.7873396919325617
21,189,190,0.902568111232789
21,190,191,0.8298321500106004
21,191,192,0.8673592754111741
21,192,193,0.9024268847627289
21,193,194,0.9807741170115297
21,194,195,0.9454656109109058
21,195,196,0.8975912274620595
21,196,197,0.8820716201677218
21,197,198,0.8914238267410353
21,198,199,0.8146600180904682
21,199,200,0.9828032531863852
21,200,201,0.9088985832609819
21,201,202,0.8769000335553516
21,202,203,0.9768570342670918
21,203,204,0.8820815649264472
21,204,205,0.9582205277376374
21,205,206,0.89552927802729
21,206,207,0.8983219359146125
21,207,208,0.9733322810572654
21,208,209,0.731970062486332
21,209,210,0.926549442568855
21,210,211,0.9143956555448136
21,211,212,0.9378612485915315
21,212,213,0.9506286373081593
21,213,214,0.9733653613762733
21,214,215,0.9300625708119686
21,215,216,0.9887549188183695
21,216,217,0.8961862558674075
21,217,218,0.839078722955478
21,218,219,0.9543985544154807
21,219,220,0.9687722129809272
21,220,221,0.9890038051518121
21,221,222,0.9661310681612321
21,222,223,0.9791082216936757
21,223,224,0.8768579065289402
21,224,225,0.8973548770297155
21,225,226,0.8737017167768921
22,0,1,0.9131524786275345
22,1,2,0.9188075790591871
22,2,3,0.6679138242744097
22,3,4,0.8895156999993762
22,4,5,0.9156333278111742
22,5,6,0.8899486501404484
22,6,7,0.8577340047568697
22,7,8,0.5355198671056295
22,8,9,0.7563517282784094
22,9,10,0.6248809159274322
22,10,11,0.8582477267866286
22,11,12,0.9105957663696002
22,12,13,0.999999999986299
22,13,14,0.8665056479993442
22,14,15,0.7754562909477328
22,15,16,0.9999999999636262
22,16,17,0.9133787793182044
22,17,18,0.5786325910821627
22,18,19,0.7078938735490774
22,19,20,0.9609475628042067
22,20,21,0.8106653425851414
22,21,22,0.8288642551613944
22,22,23,0.6080764231520185
22,23,24,0.7184302089973977
22,24,25,0.9748627353680088
22,25,26,0.7885968599875678
22,26,27,0.7505634019205463
22,27,28,0.8427302647800442
22,28,29,0.9135619895306943
22,29,30,0.9396148719996456
22,30,31,0.814825141913084
22,31,32,0.9435233967129327
22,32,33,0.9288430304829145
22,33,34,0.8044252359876836
22,34,35,0.8655113868376584
22,35,36,0.8683340012849967
22,36,37,0.9107646930755816
22,37,38,0.8951178781822415
22,38,39,0.9999998092317297
22,39,40,0.776516755266628
22,40,41,0.853265968706357
22,41,42,0.8922326807252643
22,42,43,0.9669793355902448
22,43,44,0.9614039910758998
22,44,45,0.9909243038575649
22,45,46,0.9773721236007151
22,46,47,0.9922098954847625
22,47,48,0.9918196578548019
22,48,49,0.9914408325934936
22,49,50,0.9999999985761988
22,50,51,0.9429672338103229
22,51,52,0.9081794496014898
22,52,53,0.8603189761918717
22,53,54,0.9628609311083889
22,54,55,0.924022857871792
22,55,56,0.9785422347751916
22,56,57,0.9695021332879796
22,57,58,0.9247509526554019
22,58,59,0.9458466743944913
22,59,60,0.9913763260355362
22,60,61,0.9999995920461584
22,61,62,0.9999999953731313
22,62,63,0.9999999986896178
22,63,64,0.999999939744326
22,64,65,0.9839345468162836
22,65,66,0.9864422119876611
22,66,67,0.985313102935126
22,67,68,0.9809894753892489
22,68,69,0.9693360524588291
22,69,70,0.9999997452480883
22,70,71,0.9762776659797626
22,71,72,0.9708811310720455
22,72,73,0.8081455583966554
22,73,74,0.7929933602520425
22,74,75,0.8817014336311623
22,75,76,0.8817168516298167
22,76,77,0.9839332926004908
22,77,78,0.9831965272058725
22,78,79,0.9739550885991809
22,79,80,0.8691841717778491
22,80,81,0.9466212172703855
22,81,82,0.8270991364853529
22,82,83,0.9511065195269367
22,83,84,0.9737121240594651
22,84,85,0.9022448205297526
22,85,86,0.9673480133692661
22,86,87,0.9676284691864496
22,87,88,0.9026002492121029
22,88,89,0.9426755945157272
22,89,90,0.6398147426936688
22,90,91,0.9080098890351188
22,91,92,0.7145317061479789
22,92,93,0.7880207125785793
22,93,94,0.9496464269305835
22,94,95,0.9644891062902251
22,95,96,0.7889113719205292
22,96,97,0.7666867372866835
22,97,98,0.992565221253806
22,98,99,0.9847573526302914
22,99,100,0.9919088160213971
22,100,101,0.9840869661123242
22,101,102,0.9914696304056734
22,102,103,0.9685817584105214
22,103,104,0.9737005442212483
22,104,105,0.9806956742237314
22,105,106,0.9622809416179026
22,106,107,0.9626292822807362
22,107,108,0.9769662736382869
22,108,109,0.9770097839053439
22,109,110,0.9706449594451125
22,110,111,0.9515305285726738
22,111,112,0.9740842730363479
22,112,113,0.978434166316127
22,113,114,0.9861750031493246
22,114,115,0.9863962444667703
22,115,116,0.9762222475416552
22,116,117,0.9451168556100561
22,117,118,0.9841185408887957
22,118,119,0.8939640338918693
22,119,120,0.8833075205335785
22,120,121,0.972813260118208
22,121,122,0.7619179357276048
22,122,123,0.9299269185930471
22,123,124,0.7949699619777559
22,124,125,0.5729741014297267
22,125,126,0.7227334026172025
22,126,127,0.8467330377123566
22,127,128,0.8796211344853748
22,128,129,0.886239957472013
22,129,130,0.7043542640735038
22,130,131,0.9383123507980616
22,131,132,0.9175695486182069
22,132,133,0.80684668818371
22,133,134,0.7916314959070806
22,134,135,0.9913757489114725
22,135,136,0.9846130269388254
22,136,137,0.7810127321074513
22,137,138,0.7858131982512188
22,138,139,0.8107461210131103
22,139,140,0.9163716142247864
22,140,141,0.7050348885318334
22,141,142,0.7679783479467897
22,142,143,0.7988795491002687
22,143,144,0.9999999999499329
22,144,145,0.8325542866840181
22,145,146,0.8304142676611038
22,146,147,0.9434701244692416
22,147,148,0.9304267964130392
22,148,149,0.8189567312784474
22,149,150,0.9577920301196107
22,150,151,0.9791356768599839
22,151,152,0.8915881769602805
22,152,153,0.790501289585666
22,153,154,0.9045776293821579
22,154,155,0.8916652302467621
22,155,156,0.8978002393351664
22,156,157,0.7589377043926986
22,157,158,0.8328863458320384
22,158,159,0.7932967450322309
22,159,160,0.7763927053229402
22,160,161,0.783566601768615
22,161,162,0.804162568575727
22,162,163,0.8041748299279567
22,163,164,0.9913706003731867
22,164,165,0.8706468745204434
22,165,166,0.9649961088987168
22,166,167,0.8910429233391803
22,167,168,0.8810067332461132
22,168,169,0.941703269317461
22,169,170,0.9457317059391348
22,170,171,0.8712342383111442
22,171,172,0.6556781024292538
22,172,173,0.7104871108752163
22,173,174,0.9464776701202666
22,174,175,0.9330061438727589
22,175,176,0.9130504591546947
22,176,177,0.7459719902266275
22,177,178,0.8376218542573614
22,178,179,0.8951158546717463
22,179,180,0.7859516948561126
22,180,181,0.6522959270800246
22,181,182,0.7251169419934868
22,182,183,0.8240160996385623
22,183,184,0.6815108561418107
22,184,185,0.9349624295367391
22,185,186,0.8142030122605479
22,186,187,0.9052441259173489
22,187,188,0.9781867533363727
22,188,189,0.8468266647125644
22,189,190,0.8899473979424939
22,190,191,0.9541648687703393
22,191,192,0.7795514642755101
22,192,193,0.8279331069226963
22,193,194,0.895453292410167
22,194,195,0.8427595574241384
22,195,196,0.7425208771439009
22,196,197,0.8486758815661595
22,197,198,0.645649395518596
22,198,199,0.8346192221940282
22,199,200,0.916573720509576
22,200,201,0.8607319322772945
22,201,202,0.9139830495434317
22,202,203,0.8605261989177618
22,203,204,0.8607064080113648
22,204,205,0.861613805346581
22,205,206,0.9731006615234089
22,206,207,0.9399612679244307
22,207,208,0.9395772504532406
22,208,209,0.7383376927213041
22,209,210,0.9626360153241371
22,210,211,0.843364985365887
22,211,212,0.9253406225959677
22,212,213,0.8800643009573504
22,213,214,0.8800499061557688
22,214,215,0.9240567986032939
22,215,216,0.8908977562148999
22,216,217,0.9176472603673762
22,217,218,0.8570100840109461
22,218,219,0.9620212455748858
22,219,220,0.9359687629842567
22,220,221,0.878972290294552
22,221,222,0.9465429971212138
22,222,223,0.8949731717615729
22,223,224,0.9876348228129276
22,224,225,0.9775624508115095
22,225,226,0.8472539359470481
23,0,1,0.9999999999913434
23,1,2,0.8665133963393616
23,2,3,0.6411563549284353
23,3,4,0.675708265509089
23,4,5,0.845787155268293
23,5,6,0.6556308959866378
23,6,7,0.7392372489954778
23,7,8,0.8532797431524328
23,8,9,0.7076318664602029
23,9,10,0.4601134391023102
23,10,11,0.803959720165587
23,11,12,0.9049398127416967
23,12,13,0.9999999999842695
23,13,14,0.9576057191325416
23,14,15,0.9999999999789172
23,15,16,0.9999999999897324
23,16,17,0.8666726485695735
23,17,18,0.829930090888915
23,18,19,0.8869010163725017
23,19,20,0.963804592120157
23,20,21,0.735314930117409
23,21,22,0.963928808583151
23,22,23,0.9419776464906395
23,23,24,0.9515445581299976
23,24,25,0.9181763529069945
23,25,26,0.8950953944261569
23,26,27,0.9538182846537173
23,27,28,0.9999999996491935
23,28,29,0.99999999984736
23,29,30,0.9148143530574232
23,30,31,0.9342967194163939
23,31,32,0.8943922622880162
23,32,33,0.8541942506797543
23,33,34,0.888284267457839
23,34,35,0.9210199171429484
23,35,36,0.8242197519534074
23,36,37,0.8404258212313157
23,37,38,0.9395306890724576
23,38,39,0.9777323610960947
23,39,40,0.8993734791287868
23,40,41,0.9044060817677335
23,41,42,0.837011130787993
23,42,43,0.8370969424906676
23,43,44,0.9999997810271144
23,44,45,0.991392962382622
23,45,46,0.9914300868469132
23,46,47,0.99142764573203
23,47,48,0.9592856808685231
23,48,49,0.9592606411465554
23,49,50,0.9999999949530904
23,50,51,0.8040726422961553
23,51,52,0.9435565479663678
23,52,53,0.834194252349949
23,53,54,0.9679779065754119
23,54,55,0.9491966446610336
23,55,56,0.9492137867001995
23,56,57,0.9626880772163727
23,57,58,0.9370436146448634
23,58,59,0.9908973918407892
23,59,60,0.9999999730166432
23,60,61,0.971800471505292
23,61,62,0.9784099772006657
23,62,63,0.9830082852867608
23,63,64,0.9909315585917202
23,64,65,0.9839653531450642
23,65,66,0.9999999772195359
23,66,67,0.9865664432170923
23,67,68,0.9865755177105833
23,68,69,0.9714261638293361
23,69,70,0.9265184147192067
23,70,71,0.8889976039768673
23,71,72,0.9458643767570992
23,72,73,0.8904738867049623
23,73,74,0.8737544680361798
23,74,75,0.9070750437636569
23,75,76,0.8991505400373527
23,76,77,0.9999999604787795
23,77,78,0.8979414994071695
23,78,79,0.897954897992028
23,79,80,0.7835583463474421
23,80,81,0.913742883795894
23,81,82,0.7175070589878785
23,82,83,0.8706518246941494
23,83,84,0.868249628922153
23,84,85,0.7929281288063993
23,85,86,0.7441896107922459
23,86,87,0.9809354745458012
23,87,88,0.9906918950635021
23,88,89,0.902240063208466
23,89,90,0.7023322712701805
23,90,91,0.8892039182187333
23,91,92,0.7919232667648263
23,92,93,0.7124062631822894
23,93,94,0.9643558072799361
23,94,95,0.9696789446269308
23,95,96,0.7089044122015252
23,96,97,0.6907728065361137
23,97,98,0.9840252911093744
23,98,99,0.9918830482020141
23,99,100,0.9786124555638901
23,100,101,0.9934307420697954
23,101,102,0.9934592966088124
23,102,103,0.986726949573349
23,103,104,0.9774980459049637
23,104,105,0.9628107951055946
23,105,106,0.999999991261509
23,106,107,0.992744116552483
23,107,108,0.9823270204055864
23,108,109,0.9668614165432077
23,109,110,0.9787662777680257
23,110,111,0.9787142581576568
23,111,112,0.9784968315476934
23,112,113,0.9926271705679587
23,113,114,0.9729259606338119
23,114,115,0.9942983034811449
23,115,116,0.979930007506068
23,116,117,0.9629760067485647
23,117,118,0.9999990651188899
23,118,119,0.7396251235539706
23,119,120,0.8291086508971093
23,120,121,0.9674056435763232
23,121,122,0.7412304814474093
23,122,123,0.7908280835829937
23,123,124,0.7467009858925674
23,124,125,0.44072563079786375
23,125,126,0.7754752549098936
23,126,127,0.6571018994383779
23,127,128,0.8467321248337871
23,128,129,0.8013565758647229
23,129,130,0.7049476284785465
23,130,131,0.9518489554568189
23,131,132,0.8900692310512364
23,132,133,0.9162041325301373
23,133,134,0.9128931606830457
23,134,135,0.9748939273588733
23,135,136,0.9485868817566583
23,136,137,0.9720266621040204
23,137,138,0.9840056250312346
23,138,139,0.8455135355361905
23,139,140,0.8654705464953206
23,140,141,0.965941688833347
23,141,142,0.7206011626290177
23,142,143,0.6730420767668759
23,143,144,0.965936454813311
23,144,145,0.6985356107104638
23,145,146,0.6945137246394247
23,146,147,0.8639510013826758
23,147,148,0.816900971980648
23,148,149,0.7227368587491394
23,149,150,0.7498942690950551
23,150,151,0.8175936553887792
23,151,152,0.930995531342581
23,152,153,0.703043867511919
23,153,154,0.915993485774792
23,154,155,0.9054910506907655
23,155,156,0.9280301178203769
23,156,157,0.4983610219763449
23,157,158,0.6653579334856625
23,158,159,0.9691673538735699
23,159,160,0.883393620528904
23,160,161,0.8374082759870016
23,161,162,0.9317455019522166
23,162,163,0.94269060128758
23,163,164,0.9327631162603816
23,164,165,0.7692381296805374
23,165,166,0.913636521991495
23,166,167,0.9304411622901891
23,167,168,0.9999999995276687
23,168,169,0.9493300771944014
23,169,170,0.9887506184955446
23,170,171,0.9652662923034947
23,171,172,0.7807910477888813
23,172,173,0.9359546055505396
23,173,174,0.8810498170315868
23,174,175,0.8608968864472263
23,175,176,0.6929148378799564
23,176,177,0.9135645949713164
23,177,178,0.9999999996945856
23,178,179,0.7652068344734704
23,179,180,0.8175764468110926
23,180,181,0.6561372900916095
23,181,182,0.541058617984838
23,182,183,0.8990564136602778
23,183,184,0.8928901669704437
23,184,185,0.9465503611681607
23,185,186,0.9470208666293218
23,186,187,0.8148754017290308
23,187,188,0.939640182233555
23,188,189,0.7747174755692803
23,189,190,0.9179144465703936
23,190,191,0.936206962355349
23,191,192,0.8808956981671711
23,192,193,0.8817032207129848
23,193,194,0.7664606779958331
23,194,195,0.852977347529366
23,195,196,0.9224713730522216
23,196,197,0.8976778086985311
23,197,198,0.9807733709224916
23,198,199,0.8816951243250553
23,199,200,0.8835049355071226
23,200,201,0.8873034522322227
23,201,202,0.8277359524284389
23,202,203,0.9921057772593912
23,203,204,0.9829156534211039
23,204,205,0.7989994038110022
23,205,206,0.8762521543241145
23,206,207,0.8908181372962124
23,207,208,0.9853224572813881
23,208,209,0.7522391925044274
23,209,210,0.9299396388661626
23,210,211,0.8364606129430397
23,211,212,0.9733604126913424
23,212,213,0.9506208467515848
23,213,214,0.8983685342380995
23,214,215,0.9758800391735317
23,215,216,0.7817988683393922
23,216,217,0.8630155496229107
23,217,218,0.8982630344326816
23,218,219,0.855745377308187
23,219,220,0.8286889147874119
23,220,221,0.9274679028843407
23,221,222,0.9373348260770324
23,222,223,0.9792929831732651
23,223,224,0.8192775748896431
23,224,225,0.9740197243001416
23,225,226,0.9865558269336876
24,0,1,0.9261672715126881
24,1,2,0.8666758202146223
24,2,3,0.9357655500096517
24,3,4,0.8869040324569528
24,4,5,0.8534578733048839
24,5,6,0.9738672242224051
24,6,7,0.6335112086807013
24,7,8,0.7751708276561389
24,8,9,0.8371250394251684
24,9,10,0.7346192269563885
24,10,11,0.9708588737530718
24,11,12,0.8258380995052969
24,12,13,0.8506256525117457
24,13,14,0.9638031868890845
24,14,15,0.7989068823496666
24,15,16,0.8267940311886574
24,16,17,0.9999999999791612
24,17,18,0.633513690589848
24,18,19,0.5123671624921218
24,19,20,0.781492103017459
24,20,21,0.7989103601445972
24,21,22,0.909735953121669
24,22,23,0.9066859196283645
24,23,24,0.8736831386900824
24,24,25,0.9263399808214243
24,25,26,0.7638376181691827
24,26,27,0.8276969373566091
24,27,28,0.8148266446211416
24,28,29,0.6396502054255366
24,29,30,0.7106377712094885
24,30,31,0.9685681994384489
24,31,32,0.9524438472453813
24,32,33,0.7796787875075366
24,33,34,0.9630828242395927
24,34,35,0.9635747508322635
24,35,36,0.953558859783316
24,36,37,0.9581614455078202
24,37,38,0.9903225097581821
24,38,39,0.9400231544342674
24,39,40,0.8661625657478743
24,40,41,0.8190750983256264
24,41,42,0.8402495016255594
24,42,43,0.8580001860330175
24,43,44,0.991842120736764
24,44,45,0.98395081059892
24,45,46,0.9909286695209069
24,46,47,0.9999999997735621
24,47,48,0.9764871371385283
24,48,49,0.9918713227434202
24,49,50,0.8691998202143848
24,50,51,0.8825007558408317
24,51,52,0.8231815442462166
24,52,53,0.8184995148889759
24,53,54,0.9794985290005324
24,54,55,0.9742934980135763
24,55,56,0.9943691099826214
24,56,57,0.9999983730644972
24,57,58,0.9484055405061499
24,58,59,0.9628927770158008
24,59,60,0.9400601685553927
24,60,61,0.9999999555471848
24,61,62,0.949511019580046
24,62,63,0.9553671841492106
24,63,64,0.9914352689504888
24,64,65,0.9718567797667472
24,65,66,0.9775157415236397
24,66,67,0.9724260715939544
24,67,68,0.9999998282362343
24,68,69,0.9774751141175951
24,69,70,0.819423720942794
24,70,71,0.8271135992404368
24,71,72,0.8347613992274914
24,72,73,0.8865886384850789
24,73,74,0.9894839887682182
24,74,75,0.9349192022379756
24,75,76,0.9837588917402453
24,76,77,0.9839968445387051
24,77,78,0.8150810340678191
24,78,79,0.8155979029112145
24,79,80,0.9557528165687057
24,80,81,0.7214886497126198
24,81,82,0.6668236464576285
24,82,83,0.9909195313365546
24,83,84,0.9999999993047141
24,84,85,0.8813145399391846
24,85,86,0.9069327575261193
24,86,87,0.980904127252232
24,87,88,0.9375082087089578
24,88,89,0.8252080993566276
24,89,90,0.8364280477833785
24,90,91,0.8915757434536956
24,91,92,0.8522564086456044
24,92,93,0.6849284949633191
24,93,94,0.974320902812704
24,94,95,0.9804404363946243
24,95,96,0.8633443969638999
24,96,97,0.8364793155251863
24,97,98,0.9832081547360001
24,98,99,0.9918624274567129
24,99,100,0.9999998799013309
24,100,101,0.9854499209423657
24,101,102,0.9719491627978144
24,102,103,0.9722942166680958
24,103,104,0.9733236177829928
24,104,105,0.9642128910028929
24,105,106,0.9727249423248675
24,106,107,0.9612530292473439
24,107,108,0.9833365725493307
24,108,109,0.9583086419080766
24,109,110,0.9946353238767456
24,110,111,0.9666750683229861
24,111,112,0.999999234781515
24,112,113,0.970783699554351
24,113,114,0.9748225778667228
24,114,115,0.9748598743658434
24,115,116,0.9894143365783363
24,116,117,0.9785561495031937
24,117,118,0.9660191971307253
24,118,119,0.9622015354672627
24,119,120,0.9373681944238603
24,120,121,0.983048771523658
24,121,122,0.7243656224911714
24,122,123,0.8126408022877634
24,123,124,0.8271793059710825
24,124,125,0.5331537776264869
24,125,126,0.7437405215813424
24,126,127,0.9264077382307864
24,127,128,0.8382783312334372
24,128,129,0.6363364071220623
24,129,130,0.6177693932049201
24,130,131,0.9743907100490358
24,131,132,0.8945289718195766
24,132,133,0.9248683667310317
24,133,134,0.8835690932047248
24,134,135,0.9829729551170074
24,135,136,0.8370575649216168
24,136,137,0.837781113671938
24,137,138,0.9627201235788059
24,138,139,0.8546687378737061
24,139,140,0.9348519769711348
24,140,141,0.7764667070948651
24,141,142,0.8427264756658731
24,142,143,0.8427269962022919
24,143,144,0.7374937899203542
24,144,145,0.8281055620030844
24,145,146,0.8126073619443122
24,146,147,0.8933610381697521
24,147,148,0.8960978536510547
24,148,149,0.9224854999146413
24,149,150,0.9004246212663213
24,150,151,0.951562438472378
24,151,152,0.9515618839252724
24,152,153,0.6739737602179876
24,153,154,0.931477454080841
24,154,155,0.8528071635982346
24,155,156,0.8876812816997717
24,156,157,0.6497469832457309
24,157,158,0.7211302014310828
24,158,159,0.8751826813791665
24,159,160,0.9611150620457509
24,160,161,0.7795756999316653
24,161,162,0.9393769985032467
24,162,163,0.9643443635211008
24,163,164,0.9488624912240758
24,164,165,0.6474417865369921
24,165,166,0.821978271037446
24,166,167,0.8344514612544668
24,167,168,0.8190514720259661
24,168,169,0.7592157896147154
24,169,170,0.9589821047116714
24,170,171,0.9778619118917046
24,171,172,0.7655286284538981
24,172,173,0.8626620158815299
24,173,174,0.9695880129822283
24,174,175,0.9849225379662537
24,175,176,0.9435314623441196
24,176,177,0.6089593353577842
24,177,178,0.7804558348742275
24,178,179,0.9264171782604346
24,179,180,0.819392922996049
24,180,181,0.8975553638170052
24,181,182,0.7607463051922679
24,182,183,0.9237510782021517
24,183,184,0.8888145426789965
24,184,185,0.9401043421995464
24,185,186,0.9054297512404137
24,186,187,0.819182224458499
24,187,188,0.9684474039953397
24,188,189,0.7637688159351429
24,189,190,0.8947930360693094
24,190,191,0.9037902513224686
24,191,192,0.7998313123689286
24,192,193,0.9132768410550489
24,193,194,0.8318924969321169
24,194,195,0.9276051916893316
24,195,196,0.8520478758056809
24,196,197,0.9015145550087258
24,197,198,0.8438885944691839
24,198,199,0.9808742213143552
24,199,200,0.7736430909725341
24,200,201,0.9522286124390039
24,201,202,0.9449112457029539
24,202,203,0.9889932417143985
24,203,204,0.942585464315719
24,204,205,0.9170849563629879
24,205,206,0.990110872390458
24,206,207,0.9176391707602339
24,207,208,0.9292795314602336
24,208,209,0.7031751583204873
24,209,210,0.928445622635717
24,210,211,0.8010415615420486
24,211,212,0.9518757427148224
24,212,213,0.9449143750844413
24,213,214,0.8861719194456663
24,214,215,0.8861753173758854
24,215,216,0.9792814910139795
24,216,217,0.8438916594484986
24,217,218,0.7846191240197753
24,218,219,0.9467607023689937
24,219,220,0.8580360256947457
24,220,221,0.8947145709173248
24,221,222,0.9395722662119596
24,222,223,0.9096785835056512
24,223,224,0.807111805097481
24,224,225,0.9799907999011047
24,225,226,0.840595216087301
25,0,1,0.764481982091718
25,1,2,0.8409516190691568
25,2,3,0.9703260589400768
25,3,4,0.8666749568834161
25,4,5,0.8174089564904882
25,5,6,0.6248859494829837
25,6,7,0.7644759843485937
25,7,8,0.7644740493919746
25,8,9,0.8822472086208856
25,9,10,0.6411439943955386
25,10,11,0.604587869120684
25,11,12,0.8947607593229713
25,12,13,0.9999999999720613
25,13,14,0.6970734689555378
25,14,15,0.751845444001504
25,15,16,0.9132091683670965
25,16,17,0.9536396153279677
25,17,18,0.9576051884108244
25,18,19,0.8666684312244237
25,19,20,0.7509753440328739
25,20,21,0.6721891203152451
25,21,22,0.8448813093039793
25,22,23,0.7349811412013458
25,23,24,0.85919690657657
25,24,25,0.8804944111259927
25,25,26,0.9314486976580206
25,26,27,0.9003742342078787
25,27,28,0.9999999996648868
25,28,29,0.8854880895068109
25,29,30,0.7051621761234179
25,30,31,0.9438732233194576
25,31,32,0.9882036187357014
25,32,33,0.9406150592134846
25,33,34,0.98847773144132
25,34,35,0.9523770681194297
25,35,36,0.8354540486417914
25,36,37,0.9685842585140872
25,37,38,0.7835970085268629
25,38,39,0.9925782964394744
25,39,40,0.8541331066210439
25,40,41,0.9882136991663841
25,41,42,0.9407111110237897
25,42,43,0.9128960763980777
25,43,44,0.9999999980784365
25,44,45,0.9999999010947052
25,45,46,0.9668765779270805
25,46,47,0.9612672711957603
25,47,48,0.9706114133016017
25,48,49,0.9276242850296983
25,49,50,0.9571837089679762
25,50,51,0.9022931052462465
25,51,52,0.7803989777259822
25,52,53,0.8030190837729861
25,53,54,0.9583285438723634
25,54,55,0.9677114293737237
25,55,56,0.981752547440363
25,56,57,0.962941711898759
25,57,58,0.9484137342468258
25,58,59,0.9018057101846887
25,59,60,0.9218331219361156
25,60,61,0.9718427990644293
25,61,62,0.9914045515147524
25,62,63,0.9913979582329
25,63,64,0.9774478737543928
25,64,65,0.9602550732757549
25,65,66,0.9505024422910404
25,66,67,0.9937919728304945
25,67,68,0.9658287391818869
25,68,69,0.9909681256209262
25,69,70,0.7398376055978411
25,70,71,0.7808689271621896
25,71,72,0.8655213277019373
25,72,73,0.9078863642760878
25,73,74,0.8047341878869692
25,74,75,0.8269989187441661
25,75,76,0.8275394339398617
25,76,77,0.9830973102127275
25,77,78,0.8971157668701862
25,78,79,0.8971111139863326
25,79,80,0.8961126093227063
25,80,81,0.7441336517933886
25,81,82,0.6869977954944354
25,82,83,0.973315769867524
25,83,84,0.9662961956034213
25,84,85,0.8485544416592451
25,85,86,0.8486043924154549
25,86,87,0.9913663518487436
25,87,88,0.9914080909527194
25,88,89,0.9746207553382615
25,89,90,0.6726693091127202
25,90,91,0.9588335662848395
25,91,92,0.9369015676126168
25,92,93,0.6817040030693317
25,93,94,0.9661897870112706
25,94,95,0.9722981506408896
25,95,96,0.7559137121066197
25,96,97,0.7656732607487159
25,97,98,0.9763302272706192
25,98,99,0.9999999987402184
25,99,100,0.9910150645214136
25,100,101,0.9591783628736187
25,101,102,0.9640755005672932
25,102,103,0.9848869049744245
25,103,104,0.9413716462675523
25,104,105,0.9452049333247627
25,105,106,0.972055560822806
25,106,107,0.9597755687286968
25,107,108,0.9881713989022962
25,108,109,0.9999984719505549
25,109,110,0.9771100651134379
25,110,111,0.9732674767106616
25,111,112,0.9604584182056851
25,112,113,0.9705872446004327
25,113,114,0.977261337175572
25,114,115,0.969816221223247
25,115,116,0.974699548069667
25,116,117,0.9427412656750753
25,117,118,0.9697880812477111
25,118,119,0.9148819534389779
25,119,120,0.9062441355050642
25,120,121,0.9883177024556513
25,121,122,0.7136443080718979
25,122,123,0.9490517748691589
25,123,124,0.7054854422199022
25,124,125,0.5799476501177139
25,125,126,0.8949361565805479
25,126,127,0.7436443252997789
25,127,128,0.9270916722572513
25,128,129,0.5125818998728934
25,129,130,0.5372468268160688
25,130,131,0.929156539024453
25,131,132,0.9083968034089567
25,132,133,0.8382245218356805
25,133,134,0.9999999978810161
25,134,135,0.992130512318328
25,135,136,0.9742763806752692
25,136,137,0.9062416542583084
25,137,138,0.8951322999982259
25,138,139,0.7618280814703563
25,139,140,0.8741321043693077
25,140,141,0.9532596565814123
25,141,142,0.6605244159475809
25,142,143,0.7690057244277665
25,143,144,0.9206671912625773
25,144,145,0.9999999994285154
25,145,146,0.7584659435906763
25,146,147,0.5954028880304912
25,147,148,0.7700048655945283
25,148,149,0.708574554851193
25,149,150,0.8869124780450903
25,150,151,0.7815266408159801
25,151,152,0.8351867801737219
25,152,153,0.6229847850679636
25,153,154,0.9143054683001581
25,154,155,0.9036436746351351
25,155,156,0.9605275493754865
25,156,157,0.683528981137334
25,157,158,0.7441423304611017
25,158,159,0.8671380753457023
25,159,160,0.9610873161052469
25,160,161,0.7623145498693008
25,161,162,0.9079547802447833
25,162,163,0.9056012315112544
25,163,164,0.9838727145075937
25,164,165,0.6030945044277775
25,165,166,0.8424562220289632
25,166,167,0.8895460128763654
25,167,168,0.877437700309343
25,168,169,0.9773266907293712
25,169,170,0.930173829442874
25,170,171,0.9063779332553
25,171,172,0.7714046513552668
25,172,173,0.777492575483169
25,173,174,0.8783552368206322
25,174,175,0.8932996759770384
25,175,176,0.9558512560108873
25,176,177,0.8786090112481497
25,177,178,0.9782080646619996
25,178,179,0.9236585473426882
25,179,180,0.9461242078778022
25,180,181,0.6029476242944504
25,181,182,0.633899833826806
25,182,183,0.9760901437324022
25,183,184,0.9245502563065222
25,184,185,0.8944228707297821
25,185,186,0.855482780224939
25,186,187,0.9136261410709909
25,187,188,0.9581503957537193
25,188,189,0.8024078633836249
25,189,190,0.7811621497931787
25,190,191,0.7745048303775589
25,191,192,0.9522234253465552
25,192,193,0.8675151177131142
25,193,194,0.9035430688788055
25,194,195,0.9197062184530574
25,195,196,0.9172288684706764
25,196,197,0.984484817354945
25,197,198,0.9173506991438826
25,198,199,0.9999999997488274
25,199,200,0.9481226147729875
25,200,201,0.7426663516277261
25,201,202,0.867585234311464
25,202,203,0.8675896078910836
25,203,204,0.9443266985083275
25,204,205,0.9426382178240684
25,205,206,0.9624868015238939
25,206,207,0.9357690779965768
25,207,208,0.9534286600284119
25,208,209,0.6961148583706604
25,209,210,0.9113822094624161
25,210,211,0.8138695537382151
25,211,212,0.7855262006006276
25,212,213,0.862469388979324
25,213,214,0.9028642583409195
25,214,215,0.9402166102111346
25,215,216,0.9396092304743567
25,216,217,0.9162279505461339
25,217,218,0.8598873686962323
25,218,219,0.8047855977269242
25,219,220,0.8627226048189144
25,220,221,0.935750773228936
25,221,222,0.9009405052105321
25,222,223,0.9121022972210096
25,223,224,0.7591921378470995
25,224,225,0.8371049798802596
25,225,226,0.9497249860240194
26,0,1,0.9488652932677514
26,1,2,0.8326766379415617
26,2,3,0.7374904192242698
26,3,4,0.7918934013786929
26,4,5,0.8172660810918122
26,5,6,0.8206414960691296
26,6,7,0.820639795661659
26,7,8,0.8984721209425968
26,8,9,0.8984690524030642
26,9,10,0.9999999999676185
26,10,11,0.9999999999817274
26,11,12,0.9488593337777643
26,12,13,0.7754575541375577
26,13,14,0.8949230548412638
26,14,15,0.767233870840832
26,15,16,0.7672335025747731
26,16,17,0.8850815375109943
26,17,18,0.8171234667569961
26,18,19,0.9623667236287117
26,19,20,0.8326696349859045
26,20,21,0.9609491425319718
26,21,22,0.926164071911015
26,22,23,0.9121488785807293
26,23,24,0.8384063761878786
26,24,25,0.7571979534464526
26,25,26,0.7757569749094718
26,26,27,0.9760852466746458
26,27,28,0.7995169554493494
26,28,29,0.6536673984606789
26,29,30,0.6895516534156635
26,30,31,0.9243130759998885
26,31,32,0.8490668907323938
26,32,33,0.838223361178477
26,33,34,0.9330307485961615
26,34,35,0.9783732904698598
26,35,36,0.8865960041795843
26,36,37,0.9077532330440201
26,37,38,0.8848139519867722
26,38,39,0.9839809142515087
26,39,40,0.9406977902134279
26,40,41,0.9581039677381201
26,41,42,0.9211573183310042
26,42,43,0.9640544460064846
26,43,44,0.9718202137588132
26,44,45,0.97395567669974
26,45,46,0.9800271607534199
26,46,47,0.9785102526488733
26,47,48,0.992924711272044
26,48,49,0.9729999137561531
26,49,50,0.9830796019521285
26,50,51,0.9527260842342195
26,51,52,0.9527484674795604
26,52,53,0.9908943590626922
26,53,54,0.9914933504077866
26,54,55,0.9461822298951147
26,55,56,0.9667989766933285
26,56,57,0.9764144039520544
26,57,58,0.9611651058267083
26,58,59,0.9095589683276452
26,59,60,0.9286420483955827
26,60,61,0.9999999976286855
26,61,62,0.9763455322784429
26,62,63,0.9918253242118181
26,63,64,0.9914062612615997
26,64,65,0.9999999249093686
26,65,66,0.9477185897168044
26,66,67,0.9779690870640408
26,67,68,0.9932088288880254
26,68,69,0.9815430702389624
26,69,70,0.8868634813655456
26,70,71,0.9486552983537468
26,71,72,0.9388346500460665
26,72,73,0.8509689147274089
26,73,74,0.7822268544266952
26,74,75,0.9912009233940938
26,75,76,0.9743583178044379
26,76,77,0.9830146033768208
26,77,78,0.9830523620814425
26,78,79,0.9629226581445863
26,79,80,0.8424007237776676
26,80,81,0.8241910847949894
26,81,82,0.6997963662660133
26,82,83,0.9913873706949822
26,83,84,0.9914151381072863
26,84,85,0.8155726624939739
26,85,86,0.8756723659550879
26,86,87,0.8870612851223728
26,87,88,0.9830833270092669
26,88,89,0.8167628998776562
26,89,90,0.836432976385273
26,90,91,0.7815298251510773
26,91,92,0.7460414746532871
26,92,93,0.7472699367587614
26,93,94,0.9927587057890709
26,94,95,0.9721027081815153
26,95,96,0.7810101915264902
26,96,97,0.8164120010557527
26,97,98,0.9400452454567751
26,98,99,0.9918862578836863
26,99,100,0.9999997580133129
26,100,101,0.9799335703460826
26,101,102,0.9783081545630259
26,102,103,0.9929223206895955
26,103,104,0.977575264945647
26,104,105,0.9828912741344665
26,105,106,0.9732648625219065
26,106,107,0.9671799260660434
26,107,108,0.9940735147160786
26,108,109,0.9895540060021154
26,109,110,0.9835165233580555
26,110,111,0.910606887641451
26,111,112,0.9178355266002013
26,112,113,0.9685429338997097
26,113,114,0.9867719390913744
26,114,115,0.993778670831105
26,115,116,0.9939823984590446
26,116,117,0.9939154281708431
26,117,118,0.9768920023445491
26,118,119,0.8397292054665503
26,119,120,0.856962811813125
26,120,121,0.989993167410018
26,121,122,0.7400886926341247
26,122,123,0.7729272203949258
26,123,124,0.7167117186394835
26,124,125,0.5347744551298316
26,125,126,0.8672787771593179
26,126,127,0.6639112910676755
26,127,128,0.7698585515640443
26,128,129,0.9340559892161602
26,129,130,0.7837823507332926
26,130,131,0.8739365458237711
26,131,132,0.906920321914226
26,132,133,0.9768017629918311
26,133,134,0.8860308699327208
26,134,135,0.9830972332935073
26,135,136,0.9913977846217787
26,136,137,0.9717833893339202
26,137,138,0.9582308151863898
26,138,139,0.7656045375773508
26,139,140,0.8376497430331206
26,140,141,0.8919046907353783
26,141,142,0.6575594108593479
26,142,143,0.8198253242627769
26,143,144,0.9244237054019234
26,144,145,0.8668793381585009
26,145,146,0.8351508747277404
26,146,147,0.9999999998649739
26,147,148,0.7815137293020299
26,148,149,0.7989227722377317
26,149,150,0.7286918731700972
26,150,151,0.7221916626465775
26,151,152,0.832948991286973
26,152,153,0.660628503813384
26,153,154,0.8982424923397151
26,154,155,0.8854715289048667
26,155,156,0.9646152525897884
26,156,157,0.8069893628468549
26,157,158,0.8449766342923116
26,158,159,0.9709531506802546
26,159,160,0.839014599673881
26,160,161,0.647036822749209
26,161,162,0.838162353381836
26,162,163,0.9687394999425001
26,163,164,0.830688255745504
26,164,165,0.6484313403596534
26,165,166,0.9044808605688227
26,166,167,0.8390917795351653
26,167,168,0.9094445068870548
26,168,169,0.8750479925910382
26,169,170,0.9378332594452543
26,170,171,0.8776841491128122
26,171,172,0.5797491397015209
26,172,173,0.7620437301008445
26,173,174,0.7974796137026158
26,174,175,0.9267055262021014
26,175,176,0.8655482078185855
26,176,177,0.8952813481611559
26,177,178,0.8353026519793546
26,178,179,0.8109610454926891
26,179,180,0.9298565241440733
26,180,181,0.6046222072667597
26,181,182,0.579111464721774
26,182,183,0.8639314326520691
26,183,184,0.9571894557379311
26,184,185,0.9316716926279011
26,185,186,0.9410782451676816
26,186,187,0.8351980264991983
26,187,188,0.9431855499431595
26,188,189,0.7822913112809657
26,189,190,0.82329882069133
26,190,191,0.7699222974942693
26,191,192,0.87898182324088
26,192,193,0.8464538734467889
26,193,194,0.8073163111996329
26,194,195,0.8751492475123615
26,195,196,0.9462708221708725
26,196,197,0.7899941493566522
26,197,198,0.7437079090697181
26,198,199,0.7308542577687931
26,199,200,0.9405682671205072
26,200,201,0.9272032708426351
26,201,202,0.8471895087912886
26,202,203,0.949458090962647
26,203,204,0.8657971447634547
26,204,205,0.8961917995488661
26,205,206,0.9673297303780503
26,206,207,0.9451646496933545
26,207,208,0.9392718407148866
26,208,209,0.8065432748263979
26,209,210,0.949832422935499
26,210,211,0.9340392513567057
26,211,212,0.9026827256718571
26,212,213,0.9881844004179966
26,213,214,0.9265462157274982
26,214,215,0.9213077650193774
26,215,216,0.9204654733575616
26,216,217,0.980505030921858
26,217,218,0.8836441913906745
26,218,219,0.9382736815161148
26,219,220,0.999999996327962
26,220,221,0.9879050427711109
26,221,222,0.8969781245935138
26,222,223,0.9730208372299418
26,223,224,0.8147466160693989
26,224,225,0.9849099531092963
26,225,226,0.9685887450651398
27,0,1,0.8299291712306917
27,1,2,0.9431623028878122
27,2,3,0.999999999915612
27,3,4,0.7464655881693792
27,4,5,0.8775501463127905
27,5,6,0.9999999999733259
27,6,7,0.8506290559730811
27,7,8,0.8825736236529159
27,8,9,0.7567736681603809
27,9,10,0.7312450724886449
27,10,11,0.9662710124315209
27,11,12,0.7989025503967376
27,12,13,0.7170466225961357
27,13,14,0.8975412764475553
27,14,15,0.8457839667015988
27,15,16,0.8457801362732339
27,16,17,0.8868988383870798
27,17,18,0.7392359156690448
27,18,19,0.5953005817210749
27,19,20,0.7679623751034585
27,20,21,0.7679623055026565
27,21,22,0.9004048550248329
27,22,23,0.6187066678336843
27,23,24,0.625492883211556
27,24,25,0.9005882555632111
27,25,26,0.9095746601126817
27,26,27,0.9071744016548796
27,27,28,0.847413975680055
27,28,29,0.8037080195869639
27,29,30,0.7538956486638512
27,30,31,0.8429153447598186
27,31,32,0.8970214289159394
27,32,33,0.9276435343866155
27,33,34,0.9231609069468634
27,34,35,0.9486195681321009
27,35,36,0.9371729189514793
27,36,37,0.8990765144127065
27,37,38,0.8943752509477391
27,38,39,0.992644522573916
27,39,40,0.8292859816628868
27,40,41,0.8678001799909889
27,41,42,0.9793005308127005
27,42,43,0.9377067845889602
27,43,44,0.9362199045253292
27,44,45,0.9048844264140884
27,45,46,0.9703364457299956
27,46,47,0.9851714916700312
27,47,48,0.9853132846763059
27,48,49,0.9925922550499394
27,49,50,0.8892979306483443
27,50,51,0.9565214683990771
27,51,52,0.9338496732192039
27,52,53,0.8877102958797749
27,53,54,0.9670084275909254
27,54,55,0.9743813512907405
27,55,56,0.9556712634404582
27,56,57,0.9397045634617306
27,57,58,0.9812147069627396
27,58,59,0.9238369960232975
27,59,60,0.933149237642051
27,60,61,0.9819933954079487
27,61,62,0.9819952332204993
27,62,63,0.9999999925659655
27,63,64,0.9999999994120427
27,64,65,0.9909489901380983
27,65,66,0.9449462369206815
27,66,67,0.9758587660991785
27,67,68,0.9923308817896312
27,68,69,0.9802424341284209
27,69,70,0.8706763088712611
27,70,71,0.9412044717384029
27,71,72,0.9623237771815684
27,72,73,0.962326681575769
27,73,74,0.9280964042240356
27,74,75,0.940895315775502
27,75,76,0.8141276527986488
27,76,77,0.9869494885960701
27,77,78,0.9350538104984938
27,78,79,0.9379829023310613
27,79,80,0.8449545552095108
27,80,81,0.9033812907669208
27,81,82,0.8344879800487355
27,82,83,0.9906924883554109
27,83,84,0.9495727648965329
27,84,85,0.9044797096122823
27,85,86,0.9244002814761969
27,86,87,0.9824059743457487
27,87,88,0.9592043623297523
27,88,89,0.8653187174826553
27,89,90,0.8458441818136012
27,90,91,0.722761171112725
27,91,92,0.708865446957304
27,92,93,0.7369094276311815
27,93,94,0.9848746975473665
27,94,95,0.9847716819015184
27,95,96,0.9047182147031441
27,96,97,0.8928258008532339
27,97,98,0.9840635175902038
27,98,99,0.9919069593540144
27,99,100,0.9580072239295055
27,100,101,0.9579944975526602
27,101,102,0.973052913812633
27,102,103,0.992954974576195
27,103,104,0.9875347955671131
27,104,105,0.9866296356551314
27,105,106,0.9631318537141971
27,106,107,0.972353124007399
27,107,108,0.9933728957544543
27,108,109,0.9934069027800746
27,109,110,0.9856213669124381
27,110,111,0.9584128567435435
27,111,112,0.9448977732365499
27,112,113,0.9875482674033836
27,113,114,0.9999987220440348
27,114,115,0.9869318738047562
27,115,116,0.9798005967978579
27,116,117,0.986313619323831
27,117,118,0.9929776333039279
27,118,119,0.8824065856796642
27,119,120,0.8808705567895856
27,120,121,0.9892536052726872
27,121,122,0.8081333321177057
27,122,123,0.9844831904350146
27,123,124,0.8816547685643603
27,124,125,0.4538268987887006
27,125,126,0.5238045029126123
27,126,127,0.8541117077696767
27,127,128,0.9308910694154162
27,128,129,0.6685399608860176
27,129,130,0.6337310334669733
27,130,131,0.9705620709676795
27,131,132,0.9750229321630304
27,132,133,0.9141094053932612
27,133,134,0.9406297779035209
27,134,135,0.9918233640175432
27,135,136,0.9830355479635501
27,136,137,0.9908784026843483
27,137,138,0.9839638119551741
27,138,139,0.7434092787630635
27,139,140,0.7592061325962772
27,140,141,0.7310982197508489
27,141,142,0.8571606572103172
27,142,143,0.9529622376373468
27,143,144,0.9358473143510749
27,144,145,0.9147402770219835
27,145,146,0.7094686149421098
27,146,147,0.8037892323981141
27,147,148,0.8628634208956519
27,148,149,0.7464838876583245
27,149,150,0.7601325355941022
27,150,151,0.917090530952539
27,151,152,0.8989056154534562
27,152,153,0.8400542732164766
27,153,154,0.9226846151046657
27,154,155,0.8902470280790521
27,155,156,0.909879881056073
27,156,157,0.763906431730071
27,157,158,0.765651509827373
27,158,159,0.8920481168687722
27,159,160,0.968160233420068
27,160,161,0.7707602633032246
27,161,162,0.8041412038843783
27,162,163,0.7648908573165436
27,163,164,0.9679411548902843
27,164,165,0.732086870459897
27,165,166,0.8589613248540545
27,166,167,0.9400593795203762
27,167,168,0.855058934802966
27,168,169,0.9890040436697165
27,169,170,0.9428542741807154
27,170,171,0.793305200359028
27,171,172,0.7894699264776839
27,172,173,0.8854953872884561
27,173,174,0.9368832188186058
27,174,175,0.8099355083447122
27,175,176,0.7735530691950587
27,176,177,0.7879891043749506
27,177,178,0.737514197162664
27,178,179,0.8763914843250956
27,179,180,0.8238958345249459
27,180,181,0.7265681667367767
27,181,182,0.5996563080063974
27,182,183,0.9821738291378272
27,183,184,0.949230459395307
27,184,185,0.9609292474394164
27,185,186,0.9019653194060477
27,186,187,0.8263070229439761
27,187,188,0.8259095925592924
27,188,189,0.8655982979549264
27,189,190,0.9137025520815686
27,190,191,0.9322992426191717
27,191,192,0.9662017937382584
27,192,193,0.9651642656955096
27,193,194,0.8240892384496976
27,194,195,0.7086016555843249
27,195,196,0.6786883302573374
27,196,197,0.8542911883688683
27,197,198,0.7199628428643705
27,198,199,0.9999999996304464
27,199,200,0.7546685346125606
27,200,201,0.9439794269164673
27,201,202,0.9553154042120545
27,202,203,0.8377114013052203
27,203,204,0.828351981928944
27,204,205,0.8712732137745414
27,205,206,0.9449927771979109
27,206,207,0.9911885858655654
27,207,208,0.9734894645155449
27,208,209,0.7887422613895307
27,209,210,0.8593883996463048
27,210,211,0.7337131115710985
27,211,212,0.9285804800315726
27,212,213,0.9780275115250828
27,213,214,0.8723376814317031
27,214,215,0.8760404423448198
27,215,216,0.9865678765792741
27,216,217,0.8888071128677802
27,217,218,0.9349752963221645
27,218,219,0.872108679405796
27,219,220,0.9677557502666343
27,220,221,0.8286342203741441
27,221,222,0.8577437913105489
27,222,223,0.9661834798003294
27,223,224,0.933599863927853
27,224,225,0.7797848172030787
27,225,226,0.9030800175827735
28,0,1,0.8913572312528127
28,1,2,0.8775494974366823
28,2,3,0.7084223958621066
28,3,4,0.814510069103381
28,4,5,0.8582490220374215
28,5,6,0.6248847922352756
28,6,7,0.5930390930698303
28,7,8,0.7757467248307023
28,8,9,0.5008343187620656
28,9,10,0.37922925806546093
28,10,11,0.9515439409788968
28,11,12,0.9181739025274424
28,12,13,0.8666699841394062
28,13,14,0.8949265768672492
28,14,15,0.9133812414717777
28,15,16,0.9999999999684687
28,16,17,0.9263341458764569
28,17,18,0.7879587252200694
28,18,19,0.9312954908731819
28,19,20,0.8172567128976974
28,20,21,0.7084209031923571
28,21,22,0.9999999999095577
28,22,23,0.6338670804978092
28,23,24,0.6871421457265556
28,24,25,0.8606879145338335
28,25,26,0.8012393084329626
28,26,27,0.739975787987472
28,27,28,0.886157962078978
28,28,29,0.9386166275564968
28,29,30,0.9053583888241709
28,30,31,0.8974381000743464
28,31,32,0.9034032756110928
28,32,33,0.9331011921970852
28,33,34,0.942964611863663
28,34,35,0.8706487112096617
28,35,36,0.901969281844046
28,36,37,0.8321318079557359
28,37,38,0.8005730103795135
28,38,39,0.9911908368299428
28,39,40,0.991425304337797
28,40,41,0.9838710103671909
28,41,42,0.895103716830989
28,42,43,0.8951746787944515
28,43,44,0.9999998906750803
28,44,45,0.9922407146304612
28,45,46,0.9706371663048167
28,46,47,0.9909175665944854
28,47,48,0.9914240789663118
28,48,49,0.9999998778667047
28,49,50,0.9364740465234765
28,50,51,0.9364646773890613
28,51,52,0.9831306285187132
28,52,53,0.8271992467100762
28,53,54,0.8322396837859851
28,54,55,0.9309644671775215
28,55,56,0.9177485500861606
28,56,57,0.9732517540517475
28,57,58,0.8995282891203388
28,58,59,0.9890338545836858
28,59,60,0.9281139716478773
28,60,61,0.9999999495491813
28,61,62,0.9918104480202574
28,62,63,0.9838588575410581
28,63,64,0.9914611989001222
28,64,65,0.9847248500328993
28,65,66,0.9925695866469953
28,66,67,0.981045817228047
28,67,68,0.9734152515746242
28,68,69,0.9695321617441098
28,69,70,0.8603536087925007
28,70,71,0.9533737831107864
28,71,72,0.9592005478609459
28,72,73,0.6298137933007256
28,73,74,0.570842622723986
28,74,75,0.9717911148468514
28,75,76,0.9604829777267501
28,76,77,0.960574661038968
28,77,78,0.899778039278048
28,78,79,0.9269708552260121
28,79,80,0.9651099656742473
28,80,81,0.6954793748813421
28,81,82,0.6998088156252483
28,82,83,0.9913714067679784
28,83,84,0.9718881193888099
28,84,85,0.8499558255876284
28,85,86,0.8916733192265411
28,86,87,0.9321413813119943
28,87,88,0.9716721231992492
28,88,89,0.8488821004329415
28,89,90,0.9740647390502751
28,90,91,0.48747164655339786
28,91,92,0.6046457684691477
28,92,93,0.7069539052608211
28,93,94,0.9922552239835806
28,94,95,0.9919733720854306
28,95,96,0.8046382171692539
28,96,97,0.8063388935489517
28,97,98,0.9839118676723999
28,98,99,0.9999999387858775
28,99,100,0.9777185616709625
28,100,101,0.9848692159369629
28,101,102,0.9999999294229592
28,102,103,0.9785445990111071
28,103,104,0.8640384070491262
28,104,105,0.8625725901552416
28,105,106,0.9764047491321581
28,106,107,0.983932353942956
28,107,108,0.9922958128777319
28,108,109,0.9707284997788281
28,109,110,0.9706427926686632
28,110,111,0.977806192274397
28,111,112,0.9622383711977657
28,112,113,0.9822203129689743
28,113,114,0.9699670283683433
28,114,115,0.9858599176265491
28,115,116,0.968962769700793
28,116,117,0.9697843232977734
28,117,118,0.9521472831260214
28,118,119,0.8277175337742849
28,119,120,0.836159285840525
28,120,121,0.9854089234484429
28,121,122,0.7037410901183743
28,122,123,0.8409797592603363
28,123,124,0.7985306548768382
28,124,125,0.6368587412117107
28,125,126,0.7265517680687252
28,126,127,0.8698285438929794
28,127,128,0.9598045517023173
28,128,129,0.8120285234389324
28,129,130,0.6189981227506419
28,130,131,0.8475799203151722
28,131,132,0.9143376029049586
28,132,133,0.9999999992641402
28,133,134,0.9252485778394495
28,134,135,0.9851751640187791
28,135,136,0.9999999972494032
28,136,137,0.9906926387763241
28,137,138,0.9809350043008573
28,138,139,0.6540688877230474
28,139,140,0.8449192615468583
28,140,141,0.9749533344473216
28,141,142,0.7469416095752657
28,142,143,0.740179083550132
28,143,144,0.8003315588016896
28,144,145,0.9462633011855182
28,145,146,0.7505695104962534
28,146,147,0.7886139702919815
28,147,148,0.9999999999114078
28,148,149,0.8109406250821406
28,149,150,0.8109515624523714
28,150,151,0.8559892432664795
28,151,152,0.9160849333814735
28,152,153,0.8041953830372983
28,153,154,0.9307012454495837
28,154,155,0.9045112163793292
28,155,156,0.9158850566636434
28,156,157,0.7953164336965922
28,157,158,0.7562885197847508
28,158,159,0.7677261445764416
28,159,160,0.8220002077160811
28,160,161,0.7855140828492205
28,161,162,0.8915129000396629
28,162,163,0.9756818968072637
28,163,164,0.8776204755136545
28,164,165,0.6849285421018768
28,165,166,0.9419992319208255
28,166,167,0.9066638724606064
28,167,168,0.8446757830019814
28,168,169,0.9302320591775897
28,169,170,0.848179003632606
28,170,171,0.8892015191380551
28,171,172,0.6152458888525285
28,172,173,0.9397019984051912
28,173,174,0.7132774282000526
28,174,175,0.8499469806091345
28,175,176,0.7042250872938427
28,176,177,0.9822530709032831
28,177,178,0.748710936161004
28,178,179,0.6957208773425044
28,179,180,0.8178887576447216
28,180,181,0.8174259845693841
28,181,182,0.8011239589279384
28,182,183,0.9551042199331347
28,183,184,0.7638668667009371
28,184,185,0.8637425214778448
28,185,186,0.8588406929803792
28,186,187,0.6907245770403254
28,187,188,0.9313245752432715
28,188,189,0.7066469924083105
28,189,190,0.9011448657095719
28,190,191,0.9567357755449226
28,191,192,0.9705112022530014
28,192,193,0.8587561846893301
28,193,194,0.8277434098694254
28,194,195,0.7425157751250633
28,195,196,0.70146431815403
28,196,197,0.8190323350967341
28,197,198,0.9173429591580623
28,198,199,0.8684104854469611
28,199,200,0.8095606080509385
28,200,201,0.8416533183010773
28,201,202,0.9475559883551233
28,202,203,0.9087324311051485
28,203,204,0.8418704426856982
28,204,205,0.9066933053145533
28,205,206,0.8952870516430856
28,206,207,0.9813024111255817
28,207,208,0.9706670441654118
28,208,209,0.8563083103062981
28,209,210,0.7836864297894722
28,210,211,0.7310035684762186
28,211,212,0.8527812564226014
28,212,213,0.9293634689824086
28,213,214,0.9644342845013756
28,214,215,0.755277738646693
28,215,216,0.6883762078765794
28,216,217,0.8474297240905638
28,217,218,0.7958332719384613
28,218,219,0.8775656973740424
28,219,220,0.9255161589337944
28,220,221,0.8191076554347196
28,221,222,0.9553690929453915
28,222,223,0.953278970336927
28,223,224,0.9001334794584696
28,224,225,0.7560662245167326
28,225,226,0.660619336505107
29,0,1,0.6625529276301672
29,1,2,0.708037722095784
29,2,3,0.9079929206162151
29,3,4,0.8052982316660108
29,4,5,0.830823554198932
29,5,6,0.8308219219410717
29,6,7,0.9202099485271796
29,7,8,0.7346174959923092
29,8,9,0.8454713594231721
29,9,10,0.5784316296315694
29,10,11,0.9312986676050766
29,11,12,0.9999999999937722
29,12,13,0.8775463080836194
29,13,14,0.9132120407624394
29,14,15,0.8409430527490994
29,15,16,0.8052901749027878
29,16,17,0.8534511540971778
29,17,18,0.9156306886518516
29,18,19,0.8280873261435923
29,19,20,0.7957482834946903
29,20,21,0.795750848992959
29,21,22,0.9462562161044167
29,22,23,0.805298605033387
29,23,24,0.6931079075866104
29,24,25,0.9558932949658099
29,25,26,0.8995572771266994
29,26,27,0.839982896271348
29,27,28,0.8395335171505764
29,28,29,0.7048740289003355
29,29,30,0.6967646245361864
29,30,31,0.9380606192400923
29,31,32,0.8208585561383763
29,32,33,0.8691576258297986
29,33,34,0.9830450001928098
29,34,35,0.970881850126998
29,35,36,0.8876633219390059
29,36,37,0.9737036337232914
29,37,38,0.849335965781451
29,38,39,0.9909007281135396
29,39,40,0.7514802161041513
29,40,41,0.7814591553722459
29,41,42,0.9662852702088532
29,42,43,0.9917991772034777
29,43,44,0.9914309350142709
29,44,45,0.9791797910342748
29,45,46,0.9858433955551973
29,46,47,0.9784149135184164
29,47,48,0.9853905889553183
29,48,49,0.9407674195106377
29,49,50,0.9253561184102684
29,50,51,0.8813708506236652
29,51,52,0.9909097610163204
29,52,53,0.9764378480218199
29,53,54,0.9854834148212283
29,54,55,0.9198271504017953
29,55,56,0.9572833038154622
29,56,57,0.9884735466029219
29,57,58,0.8626489638158253
29,58,59,0.8793076388593073
29,59,60,0.9715201207776266
29,60,61,0.9558330919484485
29,61,62,0.9909112123325169
29,62,63,0.9839495231936354
29,63,64,0.9839544764986953
29,64,65,0.9813083816686109
29,65,66,0.9735909527694729
29,66,67,0.9918877260294039
29,67,68,0.985376757188066
29,68,69,0.957847961806516
29,69,70,0.8810925727918771
29,70,71,0.8919021531135843
29,71,72,0.8382449717548625
29,72,73,0.928499956982724
29,73,74,0.8034789960545362
29,74,75,0.9230202681382612
29,75,76,0.8952000624688915
29,76,77,0.9478956610199821
29,77,78,0.853750357131582
29,78,79,0.8864235366752488
29,79,80,0.7916797386578338
29,80,81,0.9400050054108778
29,81,82,0.7701020062853269
29,82,83,0.9831259577504926
29,83,84,0.9706177008812188
29,84,85,0.9103051242499424
29,85,86,0.9177013163549843
29,86,87,0.9913665632167197
29,87,88,0.9914356006986929
29,88,89,0.9550476954371764
29,89,90,0.7307335472480346
29,90,91,0.9417903937785448
29,91,92,0.8903419535642288
29,92,93,0.8188436139257581
29,93,94,0.8866064657360979
29,94,95,0.9655305499925233
29,95,96,0.783776067222117
29,96,97,0.6966587507638952
29,97,98,0.9909442278176973
29,98,99,0.9999999942285029
29,99,100,0.9562895446679829
29,100,101,0.9679373641883557
29,101,102,0.9869120822473462
29,102,103,0.9708901032344316
29,103,104,0.9708930898833852
29,104,105,0.9922739555709079
29,105,106,0.9840535098986046
29,106,107,0.9626854336346701
29,107,108,0.9876129956613936
29,108,109,0.9823300698391271
29,109,110,0.9700768423423201
29,110,111,0.960612979122511
29,111,112,0.9750621255846391
29,112,113,0.9808848817123309
29,113,114,0.9623498885392966
29,114,115,0.9580698141064546
29,115,116,0.9673687619312411
29,116,117,0.9814211198318283
29,117,118,0.9810624881199873
29,118,119,0.8548931369327112
29,119,120,0.8598621681859586
29,120,121,0.952114626588339
29,121,122,0.7181425952828631
29,122,123,0.9298544529432741
29,123,124,0.7846564644423178
29,124,125,0.6741651048036491
29,125,126,0.8368686082319694
29,126,127,0.686635553013098
29,127,128,0.7831881185162404
29,128,129,0.7292164566732436
29,129,130,0.7599759973801364
29,130,131,0.8356284095980044
29,131,132,0.8288679556864516
29,132,133,0.8648935052156169
29,133,134,0.8382425726813046
29,134,135,0.9999999906315875
29,135,136,0.9999999796011418
29,136,137,0.983891864309898
29,137,138,0.9763021473949403
29,138,139,0.6982571137538253
29,139,140,0.8954495411019217
29,140,141,0.9130408809043326
29,141,142,0.7051392589943162
29,142,143,0.6566186389216578
29,143,144,0.8873994455479448
29,144,145,0.9999999999169427
29,145,146,0.8307024261472079
29,146,147,0.8335819338032447
29,147,148,0.711020809420904
29,148,149,0.7085714558182085
29,149,150,0.957755711870214
29,150,151,0.8671355267012056
29,151,152,0.9685884693908939
29,152,153,0.8006088631304848
29,153,154,0.9354594694477356
29,154,155,0.8809567768256777
29,155,156,0.8960794819676003
29,156,157,0.7773038114382967
29,157,158,0.8706952326506519
29,158,159,0.7730871383342869
29,159,160,0.7542263569038958
29,160,161,0.7784339547660705
29,161,162,0.8874050059960802
29,162,163,0.9124364953420488
29,163,164,0.9733165382204844
29,164,165,0.8155877060929864
29,165,166,0.9713378122382378
29,166,167,0.8888102917540096
29,167,168,0.8589110085978693
29,168,169,0.9039436692968505
29,169,170,0.9263700534523158
29,170,171,0.8971036629105524
29,171,172,0.5796547547950772
29,172,173,0.8376165739688393
29,173,174,0.8989655945501794
29,174,175,0.7257360682539719
29,175,176,0.8268080860945983
29,176,177,0.8248754179035733
29,177,178,0.9559025069280631
29,178,179,0.9095801035368948
29,179,180,0.853184906491644
29,180,181,0.746033528205318
29,181,182,0.6636803624542787
29,182,183,0.8117770980589586
29,183,184,0.7505151849694415
29,184,185,0.83362099731569
29,185,186,0.9432792500549556
29,186,187,0.9147598951287788
29,187,188,0.9250334659640507
29,188,189,0.8293846910701831
29,189,190,0.905575736112057
29,190,191,0.9518550867557944
29,191,192,0.9023546120876317
29,192,193,0.9131383710244912
29,193,194,0.798275087484959
29,194,195,0.8114220877664792
29,195,196,0.6717476311641389
29,196,197,0.965262774259183
29,197,198,0.650575421889867
29,198,199,0.8113443450705774
29,199,200,0.7948088058808656
29,200,201,0.886139347683475
29,201,202,0.9810406270926035
29,202,203,0.9088900055417519
29,203,204,0.9067179218883978
29,204,205,0.9744148150627803
29,205,206,0.8751521333149971
29,206,207,0.9090925683826508
29,207,208,0.9202928730585884
29,208,209,0.8151896506624403
29,209,210,0.9609261158235175
29,210,211,0.8954794713333064
29,211,212,0.8407650631298068
29,212,213,0.8697799302485973
29,213,214,0.8777017380846263
29,214,215,0.8838855636922891
29,215,216,0.9892450666102115
29,216,217,0.8751901668008979
29,217,218,0.8570467464429373
29,218,219,0.969631480181619
29,219,220,0.9194760910976338
29,220,221,0.8309799526799975
29,221,222,0.9343780138350964
29,222,223,0.8396965624663497
29,223,224,0.8450858484293933
29,224,225,0.8306202461771263
29,225,226,0.8427858382260506
30,0,1,0.8665138955707595
30,1,2,0.9132146223490091
30,2,3,0.8775518106613313
30,3,4,0.8326740314820124
30,4,5,0.6721915377131295
30,5,6,0.8441730585667985
30,6,7,0.9738646041402955
30,7,8,0.5784244880160414
30,8,9,0.5601555811485469
30,9,10,0.8509642460430028
30,10,11,0.7778112254980281
30,11,12,0.8775459772638351
30,12,13,0.8371256834601449
30,13,14,0.642877172193531
30,14,15,0.9224660059946814
30,15,16,0.9275855380637009
30,16,17,0.8481188328245466
30,17,18,0.8775483009493263
30,18,19,0.8947615846283672
30,19,20,0.7567715010450298
30,20,21,0.856049719770226
30,21,22,0.8411484615110376
30,22,23,0.7227159451650026
30,23,24,0.7088079342436576
30,24,25,0.8099604096822948
30,25,26,0.7309003362347152
30,26,27,0.9185250892185305
30,27,28,0.8658405678133205
30,28,29,0.9097429029777058
30,29,30,0.7585775427046013
30,30,31,0.6258297708590073
30,31,32,0.5886159517385778
30,32,33,0.9767827423181487
30,33,34,0.9347724720134652
30,34,35,0.8547452062064502
30,35,36,0.9095023067201121
30,36,37,0.9230070355110155
30,37,38,0.8275599143116025
30,38,39,0.9999999957720545
30,39,40,0.9280629243563644
30,40,41,0.9658602545524494
30,41,42,0.9599903270386958
30,42,43,0.9310924442009163
30,43,44,0.999999963624319
30,44,45,0.98770028721165
30,45,46,0.9877347103293854
30,46,47,0.9839073469557366
30,47,48,0.9693131372000908
30,48,49,0.9476992595523503
30,49,50,0.9830264743315859
30,50,51,0.9913705986880589
30,51,52,0.8150963564815212
30,52,53,0.8337414387840584
30,53,54,0.9193522644601674
30,54,55,0.7946221295234511
30,55,56,0.9117617552295936
30,56,57,0.9701700896785607
30,57,58,0.9732720843533991
30,58,59,0.9913712534842891
30,59,60,0.971864435657739
30,60,61,0.9718661192830836
30,61,62,0.9914029624735212
30,62,63,0.999999987585556
30,63,64,0.9799921822197236
30,64,65,0.979985961288953
30,65,66,0.9847608700690625
30,66,67,0.9803014681801526
30,67,68,0.9741485562549203
30,68,69,0.9999999819419848
30,69,70,0.8370338925418198
30,70,71,0.8244778191928618
30,71,72,0.7836897834967902
30,72,73,0.9473880162010191
30,73,74,0.8443292872315478
30,74,75,0.957232928831592
30,75,76,0.9184941044522481
30,76,77,0.9914083870854405
30,77,78,0.8706587571120584
30,78,79,0.8706369525893256
30,79,80,0.9552820023447027
30,80,81,0.727314262635195
30,81,82,0.6907393550075936
30,82,83,0.9026291624308963
30,83,84,0.8964436595476517
30,84,85,0.9148559880449574
30,85,86,0.9147955932372258
30,86,87,0.9677909832823204
30,87,88,0.9815886337431593
30,88,89,0.8040402672554847
30,89,90,0.9361335474865562
30,90,91,0.6634037284540526
30,91,92,0.7199622684057266
30,92,93,0.7836878670603908
30,93,94,0.973713787495186
30,94,95,0.9919346064180977
30,95,96,0.7632713836954588
30,96,97,0.7698310337411064
30,97,98,0.9829307811922561
30,98,99,0.9784271031820047
30,99,100,0.9925904507920685
30,100,101,0.9922929962517436
30,101,102,0.9865757695523515
30,102,103,0.9854340530048988
30,103,104,0.9854996401315756
30,104,105,0.9759333065425241
30,105,106,0.9705922944625974
30,106,107,0.9734504042519779
30,107,108,0.9930357862493738
30,108,109,0.9999999929047578
30,109,110,0.97356827555505
30,110,111,0.9608153362995464
30,111,112,0.915429785284919
30,112,113,0.920655282537767
30,113,114,0.9710646184292689
30,114,115,0.9941283189975855
30,115,116,0.9883306497614369
30,116,117,0.9612150640428111
30,117,118,0.9915575468631198
30,118,119,0.7804804650218093
30,119,120,0.8091638252131539
30,120,121,0.9889687697741613
30,121,122,0.7039961946885627
30,122,123,0.8689516337827048
30,123,124,0.6681496221719208
30,124,125,0.6109104895818916
30,125,126,0.8399471597391001
30,126,127,0.6925602388719206
30,127,128,0.9857981474306782
30,128,129,0.6570967882962053
30,129,130,0.7470332677862319
30,130,131,0.8923100200771537
30,131,132,0.9169899714225194
30,132,133,0.892442493913013
30,133,134,0.8034353172740112
30,134,135,0.9909113980830395
30,135,136,0.9909074421649423
30,136,137,0.8675096112139727
30,137,138,0.8674920416518386
30,138,139,0.8264370393913145
30,139,140,0.9493233759416333
30,140,141,0.8529939845514445
30,141,142,0.8120329388401347
30,142,143,0.9312107187874448
30,143,144,0.930972340675575
30,144,145,0.8829074089554984
30,145,146,0.8333426403221786
30,146,147,0.5795395407221579
30,147,148,0.6852673125747335
30,148,149,0.9771971360300246
30,149,150,0.9172148858926036
30,150,151,0.9625916963099794
30,151,152,0.9245634543099567
30,152,153,0.7290428161527344
30,153,154,0.8797439946878509
30,154,155,0.7969888787507926
30,155,156,0.6541264578584187
30,156,157,0.9183080413318211
30,157,158,0.8727950206217728
30,158,159,0.7558117650328167
30,159,160,0.8030063977716053
30,160,161,0.7352484451055217
30,161,162,0.9460678936105075
30,162,163,0.967136065618553
30,163,164,0.9580210485415512
30,164,165,0.7294294065072864
30,165,166,0.9440967312919692
30,166,167,0.8688145106556273
30,167,168,0.8406182715833312
30,168,169,0.9461234312454672
30,169,170,0.8748129297209826
30,170,171,0.7380009276828275
30,171,172,0.7950000800927092
30,172,173,0.7949981047750557
30,173,174,0.9266049853368634
30,174,175,0.7541790244180723
30,175,176,0.8181235597518819
30,176,177,0.953941189728792
30,177,178,0.9664296703545001
30,178,179,0.8251513974787099
30,179,180,0.9783777924519242
30,180,181,0.7118577682672362
30,181,182,0.6817643097716624
30,182,183,0.9104521789223645
30,183,184,0.8595968825396197
30,184,185,0.8597711610422628
30,185,186,0.9048468588515368
30,186,187,0.7287510208757
30,187,188,0.8329073254330673
30,188,189,0.8811257979504103
30,189,190,0.8886271543537332
30,190,191,0.9625686891342637
30,191,192,0.8834245227469772
30,192,193,0.8713399366648936
30,193,194,0.9999999985538448
30,194,195,0.8492595348865439
30,195,196,0.9095946810726283
30,196,197,0.8003685151803577
30,197,198,0.8540427143658534
30,198,199,0.7672999051982082
30,199,200,0.6759151735374795
30,200,201,0.8485787024977377
30,201,202,0.9143662985513316
30,202,203,0.97658899767773
30,203,204,0.8948817451866546
30,204,205,0.9436708403530396
30,205,206,0.8683074799129755
30,206,207,0.8617559112748681
30,207,208,0.8759812309624038
30,208,209,0.6611463829866912
30,209,210,0.768642761917405
30,210,211,0.9709898124539726
30,211,212,0.9026918217086101
30,212,213,0.9423211877294727
30,213,214,0.840517026054791
30,214,215,0.9827998075717357
30,215,216,0.8163997235777294
30,216,217,0.8520048224464652
30,217,218,0.8876637333596076
30,218,219,0.9077771649775981
30,219,220,0.9553375559122892
30,220,221,0.957578346079476
30,221,222,0.9157416477971769
30,222,223,0.9999999923602896
30,223,224,0.910032731571044
30,224,225,0.9469589253115354
30,225,226,0.9240729336485068
31,0,1,0.9999999999584313
31,1,2,0.9132150077353699
31,2,3,0.675709279882097
31,3,4,0.7989126523407888
31,4,5,0.8591943953033164
31,5,6,0.8591944235721094
31,6,7,0.9638046211203023
31,7,8,0.9638042694592299
31,8,9,0.6556253215469993
31,9,10,0.5016676604616953
31,10,11,0.7918862870294461
31,11,12,0.8172553098667816
31,12,13,0.964886178719223
31,13,14,0.8811440862504911
31,14,15,0.8666688696339068
31,15,16,0.8666692137482357
31,16,17,0.8665095508526239
31,17,18,0.9048719081459602
31,18,19,0.8569877541748095
31,19,20,0.9999999999340291
31,20,21,0.8273105804614074
31,21,22,0.9808760367231871
31,22,23,0.7989117663163474
31,23,24,0.8368570428847029
31,24,25,0.8946221951976524
31,25,26,0.7919014947132385
31,26,27,0.7760445242230988
31,27,28,0.8680082066812934
31,28,29,0.7844817646794818
31,29,30,0.8189498283342789
31,30,31,0.9545193155686397
31,31,32,0.8713906264131691
31,32,33,0.9533603410088914
31,33,34,0.9165092003575872
31,34,35,0.9616342974184569
31,35,36,0.9756078391796785
31,36,37,0.8549036359722262
31,37,38,0.9735140585318962
31,38,39,0.9919074980154056
31,39,40,0.856889989534744
31,40,41,0.8402470164231565
31,41,42,0.8163453610376368
31,42,43,0.8370885154632697
31,43,44,0.9918384376045616
31,44,45,0.9864055550388214
31,45,46,0.9799780903849307
31,46,47,0.9999999972527929
31,47,48,0.9784611910558758
31,48,49,0.965632472058981
31,49,50,0.7573745262368587
31,50,51,0.8676133741696895
31,51,52,0.9689962401384179
31,52,53,0.9062990579739815
31,53,54,0.976702273647584
31,54,55,0.9224853382654598
31,55,56,0.9263155340033251
31,56,57,0.9880175657558474
31,57,58,0.9232035425830469
31,58,59,0.9901583438309814
31,59,60,0.983162097723492
31,60,61,0.9831557260079328
31,61,62,0.999999997588459
31,62,63,0.9909575954839475
31,63,64,0.9909621793725599
31,64,65,0.9909658765541242
31,65,66,0.971959615812982
31,66,67,0.9854062050246093
31,67,68,0.9865846369492102
31,68,69,0.9693520584640456
31,69,70,0.9243630882352597
31,70,71,0.9801537535098588
31,71,72,0.8509970874870096
31,72,73,0.9999999995654013
31,73,74,0.8733778691036712
31,74,75,0.8184705699737026
31,75,76,0.7682150611157026
31,76,77,0.9909517127310266
31,77,78,0.9909010641570453
31,78,79,0.9999999950411934
31,79,80,0.9335500359991632
31,80,81,0.6392169352174155
31,81,82,0.5693043724478964
31,82,83,0.9705062582577871
31,83,84,0.9774121012027129
31,84,85,0.9230704941618316
31,85,86,0.914755799342071
31,86,87,0.9126303615397595
31,87,88,0.8987529194554588
31,88,89,0.8892623536934795
31,89,90,0.6735990890585942
31,90,91,0.9490490498342916
31,91,92,0.9135695654773693
31,92,93,0.7042605758117749
31,93,94,0.9722388835749994
31,94,95,0.9722622563941445
31,95,96,0.70333005001726
31,96,97,0.7105542359142051
31,97,98,0.9999997353586741
31,98,99,0.9799451531505309
31,99,100,0.9858163607072514
31,100,101,0.978004393851227
31,101,102,0.9559002315845632
31,102,103,0.9696212239192185
31,103,104,0.983263837358332
31,104,105,0.9840946419813245
31,105,106,0.9860797554731787
31,106,107,0.9709970108277224
31,107,108,0.9569951141605951
31,108,109,0.9723107586115118
31,109,110,0.9999999486635301
31,110,111,0.9660764606556754
31,111,112,0.9765451914902519
31,112,113,0.9825280179785199
31,113,114,0.9551585115161126
31,114,115,0.9763376365671925
31,115,116,0.9567575359243317
31,116,117,0.960995487654877
31,117,118,0.9999995660353818
31,118,119,0.860885740314845
31,119,120,0.8645373297505577
31,120,121,0.9660584204646011
31,121,122,0.607467717578793
31,122,123,0.8088106078595148
31,123,124,0.9071893351900079
31,124,125,0.4800353588010539
31,125,126,0.5671304627925946
31,126,127,0.8730057755479469
31,127,128,0.9675226841660823
31,128,129,0.8817633789852417
31,129,130,0.7100104977907954
31,130,131,0.9999999988843071
31,131,132,0.9029725706053718
31,132,133,0.9349040751482438
31,133,134,0.9026255377891264
31,134,135,0.9999999712571908
31,135,136,0.9583258329891403
31,136,137,0.9666786921688754
31,137,138,0.9999997964430033
31,138,139,0.7835643369113574
31,139,140,0.9328358772403054
31,140,141,0.9034345373001693
31,141,142,0.7968790479043449
31,142,143,0.8044987388477014
31,143,144,0.8872279457019426
31,144,145,0.8011052139543369
31,145,146,0.7399283521482022
31,146,147,0.9097410162928811
31,147,148,0.7118492023636144
31,148,149,0.7656397891989293
31,149,150,0.9094503886009654
31,150,151,0.7321125892724006
31,151,152,0.7659425787056028
31,152,153,0.6938823485117278
31,153,154,0.8107984225714391
31,154,155,0.8443283127373782
31,155,156,0.9583862213944453
31,156,157,0.7796230722590608
31,157,158,0.9206884885900355
31,158,159,0.8063378788570655
31,159,160,0.6844194485374901
31,160,161,0.9022647991078036
31,161,162,0.8102252173383111
31,162,163,0.859617525165079
31,163,164,0.9367353225146852
31,164,165,0.8155775782634745
31,165,166,0.9566768761638335
31,166,167,0.8975946551277002
31,167,168,0.9480583793101003
31,168,169,0.9072907981731178
31,169,170,0.9444863870907313
31,170,171,0.9425508400382392
31,171,172,0.8397513915520136
31,172,173,0.9418675808619348
31,173,174,0.8990504365850386
31,174,175,0.9695690099096993
31,175,176,0.9364550937755849
31,176,177,0.9508020598500754
31,177,178,0.904634779322432
31,178,179,0.9340205821346951
31,179,180,0.8378275508101681
31,180,181,0.6955053245582091
31,181,182,0.7081910435415625
31,182,183,0.8280433423502369
31,183,184,0.854598853605452
31,184,185,0.8696421686399438
31,185,186,0.8167153169270185
31,186,187,0.8872200681193518
31,187,188,0.950586396845647
31,188,189,0.8629393764744306
31,189,190,0.9083585200342513
31,190,191,0.8156032362425726
31,191,192,0.8932597694295412
31,192,193,0.9872856872099391
31,193,194,0.9063872371615234
31,194,195,0.8179048630796066
31,195,196,0.7567837990135811
31,196,197,0.9441451292029046
31,197,198,0.8492623729342732
31,198,199,0.9559053034332232
31,199,200,0.9022705600401446
31,200,201,0.8605202121875442
31,201,202,0.8811554341092508
31,202,203,0.9572788960847443
31,203,204,0.8767980098210743
31,204,205,0.8804596985238733
31,205,206,0.9511016630659805
31,206,207,0.940539664716357
31,207,208,0.943537080566702
31,208,209,0.7930371296280992
31,209,210,0.9497564390384599
31,210,211,0.8280139399404783
31,211,212,0.9207730900688991
31,212,213,0.8663551019860631
31,213,214,0.9882001891321137
31,214,215,0.8309314792055509
31,215,216,0.7688081316287856
31,216,217,0.9066932720840577
31,217,218,0.93391169498498
31,218,219,0.9342486038711343
31,219,220,0.8622466394991566
31,220,221,0.9727033914780141
31,221,222,0.9514461327126075
31,222,223,0.8982188113109649
31,223,224,0.96625863856728
31,224,225,0.9287614787325525
31,225,226,0.9844279556067211
32,0,1,0.7827592905058416
32,1,2,0.9202102018982521
32,2,3,0.8751255122439126
32,3,4,0.9462579974178258
32,4,5,0.9515457085407903
32,5,6,0.8736828806587205
32,6,7,0.7914561337157723
32,7,8,0.5983270306911044
32,8,9,0.8453804950495897
32,9,10,0.4035459585465755
32,10,11,0.5978856676057516
32,11,12,0.9048703984780896
32,12,13,0.8025257200051676
32,13,14,0.8591914866935754
32,14,15,0.8838958963278513
32,15,16,0.6978198344875304
32,16,17,0.8868988589206747
32,17,18,0.9261642991304303
32,18,19,0.7078947166678545
32,19,20,0.6802532295982101
32,20,21,0.6832811313149764
32,21,22,0.9071688390086893
32,22,23,0.6609707860719126
32,23,24,0.675702055457248
32,24,25,0.9097382263033411
32,25,26,0.7676598279418458
32,26,27,0.8276878981311306
32,27,28,0.9594725803490829
32,28,29,0.9558635597786806
32,29,30,0.8496247377262389
32,30,31,0.8660548146349852
32,31,32,0.8307246024647645
32,32,33,0.9233559340277256
32,33,34,0.878854112255828
32,34,35,0.981136273198994
32,35,36,0.8328406245494338
32,36,37,0.9321748910643013
32,37,38,0.9124300770175495
32,38,39,0.9430166619056607
32,39,40,0.8813118071403439
32,40,41,0.9999999983657071
32,41,42,0.9999999988599525
32,42,43,0.879330607118092
32,43,44,0.9859835927867457
32,44,45,0.9729218339430797
32,45,46,0.9847633932936779
32,46,47,0.9775567995673073
32,47,48,0.9718711816461342
32,48,49,0.9656527019000329
32,49,50,0.9762966877621531
32,50,51,0.991812185210088
32,51,52,0.9642654141440419
32,52,53,0.9423933670678953
32,53,54,0.976450813883014
32,54,55,0.9620121482915439
32,55,56,0.9421732046011821
32,56,57,0.9553066183927212
32,57,58,0.9275409677124712
32,58,59,0.9467674291858379
32,59,60,0.99188450717191
32,60,61,0.9840202173625234
32,61,62,0.999999993797435
32,62,63,0.9914493615601384
32,63,64,0.9831762819136288
32,64,65,0.9830636237473998
32,65,66,0.9846923822132185
32,66,67,0.9816660639439954
32,67,68,0.9452355224184226
32,68,69,0.9479403921067281
32,69,70,0.9255135647422628
32,70,71,0.9623849466237941
32,71,72,0.9033295557666957
32,72,73,0.9743996148275883
32,73,74,0.9394867472346469
32,74,75,0.9302532366579956
32,75,76,0.9452678071651416
32,76,77,0.986795728774741
32,77,78,0.9853140046018197
32,78,79,0.9134012991774837
32,79,80,0.939925954994994
32,80,81,0.6708155497023843
32,81,82,0.5916145756312637
32,82,83,0.990888912865917
32,83,84,0.9839180164582868
32,84,85,0.9129001739103483
32,85,86,0.9339739587967364
32,86,87,0.9683978024866056
32,87,88,0.9703973323680845
32,88,89,0.8196518709257344
32,89,90,0.801266727593045
32,90,91,0.933041280115962
32,91,92,0.9490525737144164
32,92,93,0.6512313895597669
32,93,94,0.96948643588882
32,94,95,0.9754136583294531
32,95,96,0.7167497894770044
32,96,97,0.6870304945331845
32,97,98,0.9999999808230525
32,98,99,0.9918672298474518
32,99,100,0.9999997296530045
32,100,101,0.98393371916675
32,101,102,0.985321388624427
32,102,103,0.9719806217794613
32,103,104,0.9663496884558176
32,104,105,0.958974274616108
32,105,106,0.983996360353407
32,106,107,0.9675378272495833
32,107,108,0.9734842045289755
32,108,109,0.9709471814292032
32,109,110,0.9877002738948127
32,110,111,0.9721354717564412
32,111,112,0.9501357118137443
32,112,113,0.9835038438657807
32,113,114,0.9878190433757861
32,114,115,0.9749000055194718
32,115,116,0.9847801577761789
32,116,117,0.9666181659362373
32,117,118,0.9667108724368643
32,118,119,0.8927752360989297
32,119,120,0.8928388048579019
32,120,121,0.984224792879972
32,121,122,0.7932812908284146
32,122,123,0.8946483429506501
32,123,124,0.8767353358520843
32,124,125,0.7760586472204148
32,125,126,0.8442404927563426
32,126,127,0.8892386848243456
32,127,128,0.9544777768155871
32,128,129,0.5996162535725597
32,129,130,0.561321118716758
32,130,131,0.9308558056312808
32,131,132,0.9865838729242326
32,132,133,0.8987182442808875
32,133,134,0.7904574910458303
32,134,135,0.971793602685312
32,135,136,0.9429433887044292
32,136,137,0.9429296996006831
32,137,138,0.9775103125615779
32,138,139,0.8205751109076259
32,139,140,0.9408826309188852
32,140,141,0.8062488709322297
32,141,142,0.6271847054766067
32,142,143,0.86651754939265
32,143,144,0.7571976586497782
32,144,145,0.976084551698203
32,145,146,0.9044546407008307
32,146,147,0.8519353965954126
32,147,148,0.7724337473793284
32,148,149,0.9515525758634348
32,149,150,0.9760901586532401
32,150,151,0.9044645718501485
32,151,152,0.9245585684219657
32,152,153,0.6516210814758099
32,153,154,0.8831007215664258
32,154,155,0.9014110238900734
32,155,156,0.9646846159140403
32,156,157,0.7497135118057108
32,157,158,0.7455809938218478
32,158,159,0.8207428781954981
32,159,160,0.9481236379624243
32,160,161,0.7824661264616856
32,161,162,0.9405137506477232
32,162,163,0.8860454097747962
32,163,164,0.962911953683089
32,164,165,0.7742752896145
32,165,166,0.9204524381652762
32,166,167,0.895738328245504
32,167,168,0.9078713054984582
32,168,169,0.9182263828833153
32,169,170,0.8855656370535521
32,170,171,0.8187626423761258
32,171,172,0.8346033224303306
32,172,173,0.7714035718009916
32,173,174,0.8674913162013359
32,174,175,0.9288370128862502
32,175,176,0.8467852533910064
32,176,177,0.9440028276090487
32,177,178,0.9265093608209957
32,178,179,0.9625909275997915
32,179,180,0.9268104419416026
32,180,181,0.5614496444257585
32,181,182,0.5846157908413808
32,182,183,0.9999999998510082
32,183,184,0.8292989107415257
32,184,185,0.8285338600947985
32,185,186,0.8316778546174725
32,186,187,0.7950186008929714
32,187,188,0.8410083345898025
32,188,189,0.6588527804111322
32,189,190,0.9615457629134609
32,190,191,0.9306721857324365
32,191,192,0.9139247191100096
32,192,193,0.8795730403111395
32,193,194,0.9338804720504013
32,194,195,0.9681586267737832
32,195,196,0.9026698181434201
32,196,197,0.8378511318267624
32,197,198,0.79684179443667
32,198,199,0.8112632091831086
32,199,200,0.839148925031774
32,200,201,0.8206113159548011
32,201,202,0.9313188100976028
32,202,203,0.9816410149775124
32,203,204,0.8845224429650108
32,204,205,0.9477462425372396
32,205,206,0.8603027417735996
32,206,207,0.9590585253825039
32,207,208,0.9720381833790378
32,208,209,0.7305689250210945
32,209,210,0.8390255819666846
32,210,211,0.9493469401142438
32,211,212,0.9612769810243801
32,212,213,0.8944079364029731
32,213,214,0.9417655412651748
32,214,215,0.9455435766941018
32,215,216,0.9179452619080604
32,216,217,0.8523621759817548
32,217,218,0.957184545176014
32,218,219,0.9897140001570065
32,219,220,0.9523860538489145
32,220,221,0.9244256009987977
32,221,222,0.941193222986497
32,222,223,0.9696550224875461
32,223,224,0.844152792861785
32,224,225,0.8876870876697861
32,225,226,0.8742063984050423
33,0,1,0.8026400905498456
33,1,2,0.8899516934603312
33,2,3,0.9156358336642609
33,3,4,0.7864951108168586
33,4,5,0.7754612840478504
33,5,6,0.93129502460894
33,6,7,0.9609491371132439
33,7,8,0.7644754330998548
33,8,9,0.7983180274458795
33,9,10,0.739806466176127
33,10,11,0.8193659420763706
33,11,12,0.8869006756896085
33,12,13,0.8532789276182372
33,13,14,0.6679032450024225
33,14,15,0.9133802440872493
33,15,16,0.684141162399251
33,16,17,0.6248835374316872
33,17,18,0.8582467181414891
33,18,19,0.9396379008571777
33,19,20,0.9662709118511581
33,20,21,0.7814942994486707
33,21,22,0.9367418110129014
33,22,23,0.705446206709578
33,23,24,0.9576062599193277
33,24,25,0.7237957301274275
33,25,26,0.8136025992054983
33,26,27,0.8902817078117032
33,27,28,0.9821681881333186
33,28,29,0.8401344334547707
33,29,30,0.7496413429694923
33,30,31,0.8241765656816329
33,31,32,0.7905038836382469
33,32,33,0.8396315070589557
33,33,34,0.9535175243642465
33,34,35,0.9504343672150262
33,35,36,0.9599010436780756
33,36,37,0.989495571218614
33,37,38,0.9700901547776817
33,38,39,0.9615817867776404
33,39,40,0.9002198699995869
33,40,41,0.9666520273666838
33,41,42,0.9562763204903705
33,42,43,0.9104142071977451
33,43,44,0.9799414360534757
33,44,45,0.9851909869239645
33,45,46,0.9999999957955934
33,46,47,0.9840275726105192
33,47,48,0.969431399314328
33,48,49,0.9591755105369654
33,49,50,0.9725220815569102
33,50,51,0.9725232177997857
33,51,52,0.9327778216009273
33,52,53,0.9471956794208204
33,53,54,0.9423960715439742
33,54,55,0.9632174710563958
33,55,56,0.9864323889558292
33,56,57,0.9761670390297782
33,57,58,0.9262908850249094
33,58,59,0.9709034540824066
33,59,60,0.9813112997528624
33,60,61,0.9914037493133985
33,61,62,0.9829341406399599
33,62,63,0.9829234746401526
33,63,64,0.9918244282645305
33,64,65,0.9999999854689378
33,65,66,0.9777692098230923
33,66,67,0.9828942936938911
33,67,68,0.9708697532243759
33,68,69,0.9478423238825476
33,69,70,0.894943732365669
33,70,71,0.8982977330767379
33,71,72,0.9364637832127931
33,72,73,0.969622756781957
33,73,74,0.9485085553820191
33,74,75,0.9378452222140029
33,75,76,0.9185489539454657
33,76,77,0.9831738018428346
33,77,78,0.8664272721698574
33,78,79,0.901899352591755
33,79,80,0.7808596364313964
33,80,81,0.8988975269248691
33,81,82,0.6898497912962407
33,82,83,0.9838714880428526
33,83,84,0.9853322777283416
33,84,85,0.8409960130261216
33,85,86,0.8382486032485468
33,86,87,0.9999999941478532
33,87,88,0.9440149640410106
33,88,89,0.9440208558225727
33,89,90,0.792256376533097
33,90,91,0.7204688908511505
33,91,92,0.8951116991661573
33,92,93,0.6606275763072288
33,93,94,0.975189406153943
33,94,95,0.9697004815754126
33,95,96,0.8162577020785329
33,96,97,0.83667009354752
33,97,98,0.9846720525968607
33,98,99,0.9705433687403682
33,99,100,0.9657468087283986
33,100,101,0.9854467044116137
33,101,102,0.991871999025207
33,102,103,0.999999792543431
33,103,104,0.9458193072869301
33,104,105,0.8964345870206837
33,105,106,0.9654927714298809
33,106,107,0.968067932929042
33,107,108,0.9637109849240754
33,108,109,0.9849162738227555
33,109,110,0.98174515580869
33,110,111,0.9761504544506693
33,111,112,0.982457962258612
33,112,113,0.9769750536145568
33,113,114,0.9580627762512167
33,114,115,0.9896404031494741
33,115,116,0.9946138691989721
33,116,117,0.9744395887024827
33,117,118,0.9861426544443247
33,118,119,0.8656107700597347
33,119,120,0.8662667729579093
33,120,121,0.9823996321470744
33,121,122,0.7631218181488698
33,122,123,0.9782061026318606
33,123,124,0.7193123182778497
33,124,125,0.5686027444723305
33,125,126,0.9261725998005631
33,126,127,0.74601454108734
33,127,128,0.9558259567510092
33,128,129,0.694796265483063
33,129,130,0.6243750985898032
33,130,131,0.9113866629723902
33,131,132,0.87485124996773
33,132,133,0.9724693643004665
33,133,134,0.946490732530895
33,134,135,0.9831377806117797
33,135,136,0.9999999996289421
33,136,137,0.9999999998237997
33,137,138,0.9764678096379995
33,138,139,0.6848529923732476
33,139,140,0.7766344393657459
33,140,141,0.9330898650548657
33,141,142,0.6956472208965706
33,142,143,0.7989195679942701
33,143,144,0.978203495138646
33,144,145,0.660981714628229
33,145,146,0.6265904849571057
33,146,147,0.8817655493198476
33,147,148,0.7921421523538777
33,148,149,0.9278168769003469
33,149,150,0.895109156089941
33,150,151,0.895278465051201
33,151,152,0.895296546947056
33,152,153,0.6626327342215488
33,153,154,0.8665602797134319
33,154,155,0.894639915501647
33,155,156,0.9248937749582473
33,156,157,0.8131804637091721
33,157,158,0.8496532529158065
33,158,159,0.8158054582888606
33,159,160,0.9748740996879011
33,160,161,0.7201503272805015
33,161,162,0.9348720157127863
33,162,163,0.855942777493607
33,163,164,0.9918295191874803
33,164,165,0.7247436604615382
33,165,166,0.856375766256719
33,166,167,0.9743472968586324
33,167,168,0.904734998812418
33,168,169,0.9228911639761181
33,169,170,0.8279112969499344
33,170,171,0.8673369816061806
33,171,172,0.9359550667503421
33,172,173,0.9419310476336379
33,173,174,0.8168241980933564
33,174,175,0.7963232589232109
33,175,176,0.7193019231571198
33,176,177,0.8537746471238358
33,177,178,0.873704022408211
33,178,179,0.9078881498398504
33,179,180,0.8497322586398253
33,180,181,0.5790974084185705
33,181,182,0.6805596951929663
33,182,183,0.7869017673091202
33,183,184,0.9626055367573094
33,184,185,0.9625828278766649
33,185,186,0.8024417309564366
33,186,187,0.9029673822009349
33,187,188,0.7908492891087078
33,188,189,0.8023905722947939
33,189,190,0.8813754627795419
33,190,191,0.9533208734109737
33,191,192,0.9300616259388347
33,192,193,0.9853814058781654
33,193,194,0.9085284059895518
33,194,195,0.9072051584766191
33,195,196,0.8949119250394992
33,196,197,0.926154724364713
33,197,198,0.7617707071769088
33,198,199,0.8571983841264927
33,199,200,0.9159733280183964
33,200,201,0.7928716542133224
33,201,202,0.9376745300122642
33,202,203,0.8757417032150956
33,203,204,0.8559985347690768
33,204,205,0.8813907065983468
33,205,206,0.9565541199105907
33,206,207,0.9166459375948374
33,207,208,0.9542645059500863
33,208,209,0.8288489056558781
33,209,210,0.9634779433857333
33,210,211,0.9280643981254353
33,211,212,0.9139603401768343
33,212,213,0.8608981891939004
33,213,214,0.8276946498143468
33,214,215,0.9434552116903128
33,215,216,0.9267770423610863
33,216,217,0.9644892031576792
33,217,218,0.9506374813301436
33,218,219,0.9646805250321645
33,219,220,0.8270775725992289
33,220,221,0.9629547225683247
33,221,222,0.9717823116697522
33,222,223,0.9071825767480276
33,223,224,0.8790146547191429
33,224,225,0.8562636842230008
33,225,226,0.9488413685590117
34,0,1,0.7518591616144572
34,1,2,0.9576063450554982
34,2,3,0.9999999999862778
34,3,4,0.9999999999893703
34,4,5,0.725097316695049
34,5,6,0.656117603876103
34,6,7,0.7754588373741076
34,7,8,0.7754579612528585
34,8,9,0.8822459690289698
34,9,10,0.6248812443393753
34,10,11,0.7082871639707976
34,11,12,0.8025305911129248
34,12,13,0.9638059892641729
34,13,14,0.9312960640445976
34,14,15,0.9133810066119531
34,15,16,0.9720066775888156
34,16,17,0.875126578385001
34,17,18,0.6802530148799913
34,18,19,0.8169543262598282
34,19,20,0.7509769540053233
34,20,21,0.9357648051823925
34,21,22,0.8825749249428444
34,22,23,0.9431611414841347
34,23,24,0.9357655043805164
34,24,25,0.7815001229541281
34,25,26,0.936879731967686
34,26,27,0.9173283228208698
34,27,28,0.9610984689705053
34,28,29,0.9005948206861539
34,29,30,0.7833203040843243
34,30,31,0.9189901142918367
34,31,32,0.8896955725983479
34,32,33,0.8766791504693677
34,33,34,0.9637185395872709
34,34,35,0.8817145122496638
34,35,36,0.9205574191043427
34,36,37,0.8551496561015667
34,37,38,0.8167732392241698
34,38,39,0.9831269450300043
34,39,40,0.9217320754145608
34,40,41,0.9552586510559744
34,41,42,0.9038768129116721
34,42,43,0.9790249169567943
34,43,44,0.986466034094691
34,44,45,0.9918155165387013
34,45,46,0.9918363873516016
34,46,47,0.9918215819283577
34,47,48,0.9748748471219453
34,48,49,0.9693831257269732
34,49,50,0.9335809966039367
34,50,51,0.9335838247289134
34,51,52,0.9527688327567189
34,52,53,0.9374121617740203
34,53,54,0.9159304151414785
34,54,55,0.9709940932511519
34,55,56,0.9684885273490397
34,56,57,0.9876747462078265
34,57,58,0.8612108625448536
34,58,59,0.8389459858293583
34,59,60,0.9914215682425953
34,60,61,0.9831416080250968
34,61,62,0.9909282376487352
34,62,63,0.9851786764906953
34,63,64,0.9350838140615018
34,64,65,0.962470523521068
34,65,66,0.9670450422961555
34,66,67,0.9929432655464685
34,67,68,0.98544217304461
34,68,69,0.9839622596808413
34,69,70,0.8918678383155125
34,70,71,0.8925491499782664
34,71,72,0.8240003243730357
34,72,73,0.9496775304729733
34,73,74,0.8118106536455351
34,74,75,0.8756308428271553
34,75,76,0.8656603194661375
34,76,77,0.9834383536102618
34,77,78,0.9730281652288916
34,78,79,0.9763218384095712
34,79,80,0.9662858484147457
34,80,81,0.7189990379115516
34,81,82,0.6997929849150204
34,82,83,0.9460746013615267
34,83,84,0.9360871091418939
34,84,85,0.9085208959878764
34,85,86,0.9328651814636196
34,86,87,0.9508010281440062
34,87,88,0.9518415018754867
34,88,89,0.7907981864796605
34,89,90,0.8721482173746948
34,90,91,0.8537767303674496
34,91,92,0.8346146911913371
34,92,93,0.7034268656897752
34,93,94,0.9570593380997037
34,94,95,0.982781757917652
34,95,96,0.8943481787993213
34,96,97,0.8979906699039114
34,97,98,0.980084801860658
34,98,99,0.9800444459070122
34,99,100,0.964258249811456
34,100,101,0.987205801446531
34,101,102,0.9730273992505099
34,102,103,0.9786821594537232
34,103,104,0.9408271333820002
34,104,105,0.949120634416784
34,105,106,0.9922903540970928
34,106,107,0.9554505189105728
34,107,108,0.9580977623650071
34,108,109,0.9999997430194837
34,109,110,0.980485776653358
34,110,111,0.9632083119168106
34,111,112,0.9720933993952973
34,112,113,0.9786919778200001
34,113,114,0.9639463162479174
34,114,115,0.983159014913037
34,115,116,0.9657404286756266
34,116,117,0.9475867694931067
34,117,118,0.9723912347291571
34,118,119,0.9320032990129733
34,119,120,0.9275097946036207
34,120,121,0.9901104037813733
34,121,122,0.7491007061186996
34,122,123,0.8847791538800189
34,123,124,0.6869790027135558
34,124,125,0.5589429516219303
34,125,126,0.8506432500181748
34,126,127,0.7194172683359117
34,127,128,0.8816953982479139
34,128,129,0.7436889520168875
34,129,130,0.647734857500535
34,130,131,0.7372614064900999
34,131,132,0.7530976201965718
34,132,133,0.932768788716768
34,133,134,0.8691565625260863
34,134,135,0.9999998610439206
34,135,136,0.9914193888659686
34,136,137,0.999999994308875
34,137,138,0.9999999990063272
34,138,139,0.7034028351905889
34,139,140,0.7462544285760413
34,140,141,0.7326977756530642
34,141,142,0.7815029370342607
34,142,143,0.8591977389166249
34,143,144,0.9298426725382474
34,144,145,0.6993300344637937
34,145,146,0.6205836080455903
34,146,147,0.9725745672295047
34,147,148,0.6738970474506558
34,148,149,0.6978483409088633
34,149,150,0.7946677027423892
34,150,151,0.7420653650010575
34,151,152,0.9384987843602606
34,152,153,0.7731375264325907
34,153,154,0.8743005083033746
34,154,155,0.8520717209976302
34,155,156,0.9287631132668224
34,156,157,0.7845269159838748
34,157,158,0.7447753143750248
34,158,159,0.7278367388268995
34,159,160,0.810980739578377
34,160,161,0.7681856803188281
34,161,162,0.9070327021216327
34,162,163,0.9243981056207343
34,163,164,0.9668563695946445
34,164,165,0.7743028445658307
34,165,166,0.8816565265356971
34,166,167,0.9750188255615251
34,167,168,0.9326835396423224
34,168,169,0.8545607785334358
34,169,170,0.9347321448637397
34,170,171,0.8427412428844854
34,171,172,0.7496541759796547
34,172,173,0.9735185306946876
34,173,174,0.6855910039285096
34,174,175,0.9653041235840074
34,175,176,0.7962059798385754
34,176,177,0.9404680365211687
34,177,178,0.9264163375768212
34,178,179,0.919202639524089
34,179,180,0.8582720038277009
34,180,181,0.5930690552965671
34,181,182,0.45607051406510524
34,182,183,0.9072678925523234
34,183,184,0.9088169263571443
34,184,185,0.9292542049889188
34,185,186,0.9647190790712481
34,186,187,0.935959656246837
34,187,188,0.9245555861101311
34,188,189,0.8789640036138201
34,189,190,0.9012883652827198
34,190,191,0.9591611505909955
34,191,192,0.8866832516158907
34,192,193,0.8554927165071141
34,193,194,0.89891858939651
34,194,195,0.9839066814087182
34,195,196,0.7873223804198609
34,196,197,0.822993186138145
34,197,198,0.7417170031468919
34,198,199,0.9703338338107742
34,199,200,0.7989843634314758
34,200,201,0.8688828080192263
34,201,202,0.9272984436924128
34,202,203,0.8611686001398265
34,203,204,0.9582544640757239
34,204,205,0.9620744030400269
34,205,206,0.8621991787615465
34,206,207,0.9706789251746343
34,207,208,0.9793164945597053
34,208,209,0.7689153864944236
34,209,210,0.7523165043355244
34,210,211,0.6939199987508726
34,211,212,0.8970026815062982
34,212,213,0.7276390441914952
34,213,214,0.8933455979928876
34,214,215,0.9061733598492796
34,215,216,0.8344342397516371
34,216,217,0.8983718871374534
34,217,218,0.9350669163690931
34,218,219,0.8648797844370344
34,219,220,0.9281725241420876
34,220,221,0.9462257102977507
34,221,222,0.8517368022000794
34,222,223,0.9828014547684485
34,223,224,0.9890120522681513
34,224,225,0.8153198299414749
34,225,226,0.7598612166542497
35,0,1,0.9132153470018142
35,1,2,0.9132148092688859
35,2,3,0.7464700412740529
35,3,4,0.8825755533061158
35,4,5,0.8969881246803831
35,5,6,0.9763307217441706
35,6,7,0.9396866867894461
35,7,8,0.9312953423551378
35,8,9,0.7346179724944064
35,9,10,0.5788525010461107
35,10,11,0.7250909237468592
35,11,12,0.7983183431464635
35,12,13,0.9355888473769063
35,13,14,0.708154637788062
35,14,15,0.9181742675256693
35,15,16,0.9181747323087032
35,16,17,0.93576432732071
35,17,18,0.9999999999786761
35,18,19,0.9261676142112577
35,19,20,0.9261680901936606
35,20,21,0.9079938359064611
35,21,22,0.9312065077428083
35,22,23,0.8555246792172234
35,23,24,0.7651794022724445
35,24,25,0.9135525679599035
35,25,26,0.9135547955386428
35,26,27,0.9822480065962977
35,27,28,0.9681025883105926
35,28,29,0.8663239703686528
35,29,30,0.7463008839704043
35,30,31,0.8012906683447865
35,31,32,0.7702514623783334
35,32,33,0.8817061349578635
35,33,34,0.9624380267480667
35,34,35,0.9293931092151744
35,35,36,0.9578054773962389
35,36,37,0.9708435636438296
35,37,38,0.9188394025970005
35,38,39,0.9480020426070449
35,39,40,0.7927808146496725
35,40,41,0.7894837478018933
35,41,42,0.968351374042603
35,42,43,0.8911892680326414
35,43,44,0.9839161110935303
35,44,45,0.9863999586901395
35,45,46,0.9799257494110628
35,46,47,0.9639796999397742
35,47,48,0.9749936529739704
35,48,49,0.9774291151315462
35,49,50,0.8922528599943493
35,50,51,0.9135960109647272
35,51,52,0.935648287473323
35,52,53,0.9302948651095415
35,53,54,0.961386001239561
35,54,55,0.9462533949402118
35,55,56,0.9965097398229839
35,56,57,0.9446433084953674
35,57,58,0.9631530414270763
35,58,59,0.9532822874627412
35,59,60,0.9519896281480608
35,60,61,0.9922560809318101
35,61,62,0.9763748385053328
35,62,63,0.9909066715216763
35,63,64,0.9914548567780996
35,64,65,0.9914623166793961
35,65,66,0.9232580004287887
35,66,67,0.9231563107855023
35,67,68,0.9738772843886443
35,68,69,0.9838589261705611
35,69,70,0.8371946836221162
35,70,71,0.954478269520888
35,71,72,0.9306694509781855
35,72,73,0.8675018901581275
35,73,74,0.7729032254021944
35,74,75,0.8412912704671128
35,75,76,0.8263800380906651
35,76,77,0.9999998059379048
35,77,78,0.9999999886155321
35,78,79,0.9913649705907502
35,79,80,0.8276508111131321
35,80,81,0.8696355242543774
35,81,82,0.74342141597638
35,82,83,0.9918327121768469
35,83,84,0.9999998819012818
35,84,85,0.8779774182000992
35,85,86,0.8608816552348268
35,86,87,0.9908788665659887
35,87,88,0.9999999997815273
35,88,89,0.9285848701692191
35,89,90,0.7650744194258032
35,90,91,0.7760713737508703
35,91,92,0.7312809887657085
35,92,93,0.41136469843976675
35,93,94,0.906743104954601
35,94,95,0.9620772242182963
35,95,96,0.8185909336753113
35,96,97,0.8156166836847363
35,97,98,0.9913997621356021
35,98,99,0.9729539135176055
35,99,100,0.9793752825585013
35,100,101,0.9841234388494794
35,101,102,0.9776826866862706
35,102,103,0.9932456102215401
35,103,104,0.9931653542625097
35,104,105,0.9860548781585301
35,105,106,0.9730785119451603
35,106,107,0.968814849073329
35,107,108,0.9635014379801092
35,108,109,0.9634457838893299
35,109,110,0.9885065688094117
35,110,111,0.9636672396400214
35,111,112,0.9641262922995277
35,112,113,0.9748993708844551
35,113,114,0.9670357690617274
35,114,115,0.9858345708062208
35,115,116,0.9496709848734768
35,116,117,0.9691428362486897
35,117,118,0.983331180712138
35,118,119,0.9391939696671032
35,119,120,0.8913735388059489
35,120,121,0.9596023344352037
35,121,122,0.819602612136981
35,122,123,0.9827733912557347
35,123,124,0.7123708626666746
35,124,125,0.5180427655671215
35,125,126,0.922363800758883
35,126,127,0.6392177253411357
35,127,128,0.8385247060649437
35,128,129,0.7337057177529202
35,129,130,0.6813844415832458
35,130,131,0.9597018695470152
35,131,132,0.9238024178166685
35,132,133,0.9052435483994321
35,133,134,0.9494615266426591
35,134,135,0.9763521283838571
35,135,136,0.9144249065770194
35,136,137,0.9719393347436601
35,137,138,0.9360385505518769
35,138,139,0.8733596084530917
35,139,140,0.9404095062987115
35,140,141,0.8200695697873827
35,141,142,0.6623386972437154
35,142,143,0.6931198495712231
35,143,144,0.9558922065580453
35,144,145,0.8245858863717652
35,145,146,0.9858217639554452
35,146,147,0.9083684158527349
35,147,148,0.9462126839123458
35,148,149,0.759982975882938
35,149,150,0.7950470886909632
35,150,151,0.7911458532523713
35,151,152,0.7901944699081966
35,152,153,0.7336945365811324
35,153,154,0.8983488761392574
35,154,155,0.8889926298135457
35,155,156,0.9999999992851558
35,156,157,0.7541363038109236
35,157,158,0.8464635196340851
35,158,159,0.9071981443629935
35,159,160,0.8492487469636117
35,160,161,0.8018538773797773
35,161,162,0.8545437647564779
35,162,163,0.9303925961768528
35,163,164,0.9352546761417809
35,164,165,0.9069731060100672
35,165,166,0.9037319655537932
35,166,167,0.8657366167242643
35,167,168,0.9352922816216941
35,168,169,0.9426713117395601
35,169,170,0.9717882513562929
35,170,171,0.8852078744910478
35,171,172,0.6177970948798065
35,172,173,0.8193914031827841
35,173,174,0.8671330025593601
35,174,175,0.8104910726420218
35,175,176,0.7069519481166932
35,176,177,0.9999999999304015
35,177,178,0.9035314722293613
35,178,179,0.7218471246812905
35,179,180,0.9999999994335314
35,180,181,0.5986398958122346
35,181,182,0.5026167843320863
35,182,183,0.9483477698167835
35,183,184,0.9056504044660881
35,184,185,0.8447576251293947
35,185,186,0.9521548847142001
35,186,187,0.723854450166151
35,187,188,0.6945498593647432
35,188,189,0.8794578116684479
35,189,190,0.8901781050560673
35,190,191,0.9606070701496299
35,191,192,0.919016089629726
35,192,193,0.8723313752277609
35,193,194,0.7827345750537043
35,194,195,0.9080559579711703
35,195,196,0.9461289127691556
35,196,197,0.9339757485693193
35,197,198,0.742520839561955
35,198,199,0.8263154378273518
35,199,200,0.9360501459425765
35,200,201,0.9013088637813893
35,201,202,0.900947650582447
35,202,203,0.9642092090622252
35,203,204,0.7967365846656644
35,204,205,0.969569226250738
35,205,206,0.791771472864503
35,206,207,0.9335942062113158
35,207,208,0.9505237191654065
35,208,209,0.8827497135146379
35,209,210,0.7969813760232556
35,210,211,0.8626961285064052
35,211,212,0.9044279165111762
35,212,213,0.8619336745883895
35,213,214,0.9469404560021372
35,214,215,0.8409273147170511
35,215,216,0.8848205911431593
35,216,217,0.8769032211849733
35,217,218,0.9131814443828188
35,218,219,0.8396047889956471
35,219,220,0.9931049991497357
35,220,221,0.9089636461059931
35,221,222,0.9388498191024254
35,222,223,0.9484340306051879
35,223,224,0.826461852360025
35,224,225,0.9174937357585099
35,225,226,0.9322765362446351
36,0,1,0.8663503972796406
36,1,2,0.731255094189264
36,2,3,0.9662725299754374
36,3,4,0.9261654707278741
36,4,5,0.9999999999780125
36,5,6,0.9609504697069579
36,6,7,0.999999999920145
36,7,8,0.9202112471645387
36,8,9,0.6038090821422001
36,9,10,0.5782113629635199
36,10,11,0.9576066416630198
36,11,12,0.8569832312746415
36,12,13,0.8949233505306613
36,13,14,0.999999999989735
36,14,15,0.7571881741596052
36,15,16,0.8460931839076571
36,16,17,0.8273029103713707
36,17,18,0.7518509870087423
36,18,19,0.8666710350332067
36,19,20,0.9703239829161533
36,20,21,0.9396878604957732
36,21,22,0.826796313891158
36,22,23,0.7085522338307969
36,23,24,0.7085614369325032
36,24,25,0.9340588879196957
36,25,26,0.923538912604119
36,26,27,0.8390676902894235
36,27,28,0.871685085176911
36,28,29,0.9807661443863009
36,29,30,0.916063210928643
36,30,31,0.8856385025559566
36,31,32,0.8295466890161122
36,32,33,0.8283548016543055
36,33,34,0.888791938862834
36,34,35,0.9315866132115186
36,35,36,0.9035399906096057
36,36,37,0.9270426756482075
36,37,38,0.9456459332068943
36,38,39,0.9926131776618653
36,39,40,0.839774920205328
36,40,41,0.9332389391786305
36,41,42,0.8850130745608941
36,42,43,0.801135680010735
36,43,44,0.999999963711751
36,44,45,0.9775331071871325
36,45,46,0.9669603796878006
36,46,47,0.9669523891694195
36,47,48,0.9909072483106114
36,48,49,0.9830312281357436
36,49,50,0.9364924062589685
36,50,51,0.9290775277991122
36,51,52,0.9591355776186119
36,52,53,0.9838112901505809
36,53,54,0.9537978826295461
36,54,55,0.9705900240726704
36,55,56,0.9583867003122756
36,56,57,0.9778766718101981
36,57,58,0.9412760255545024
36,58,59,0.9319616685201851
36,59,60,0.9435068887358037
36,60,61,0.9839607867605835
36,61,62,0.9918389867201844
36,62,63,0.9831002427892093
36,63,64,0.9909389867353567
36,64,65,0.9914242558508369
36,65,66,0.9682446647300751
36,66,67,0.9682601429479972
36,67,68,0.9999997642011399
36,68,69,0.9667100089167985
36,69,70,0.8581615772662122
36,70,71,0.8489060354689361
36,71,72,0.9815096941591464
36,72,73,0.731587691964724
36,73,74,0.7467159511875496
36,74,75,0.9583960020240254
36,75,76,0.9744293353179116
36,76,77,0.9031420095320079
36,77,78,0.9682955102169042
36,78,79,0.8836606763384182
36,79,80,0.864170901158039
36,80,81,0.7765021005538829
36,81,82,0.6739256495941205
36,82,83,0.9830413870192662
36,83,84,0.976489347117779
36,84,85,0.8951588660170225
36,85,86,0.9689711764036516
36,86,87,0.9275367261837476
36,87,88,0.9624459498576752
36,88,89,0.8150594847741248
36,89,90,0.7576700197335534
36,90,91,0.8403481310960156
36,91,92,0.979133288572581
36,92,93,0.7205779578336683
36,93,94,0.9655844690741755
36,94,95,0.950112724025781
36,95,96,0.8513703395132595
36,96,97,0.8306882812517833
36,97,98,0.977503651794441
36,98,99,0.9847412256517545
36,99,100,0.9859321079511448
36,100,101,0.9928807165455055
36,101,102,0.9999998547120348
36,102,103,0.97432098752199
36,103,104,0.9660446963047713
36,104,105,0.9798989743070797
36,105,106,0.9999993862140475
36,106,107,0.9779482994987211
36,107,108,0.9999958380789112
36,108,109,0.9941721004278022
36,109,110,0.9645874922925358
36,110,111,0.9682677000912211
36,111,112,0.9406486351512128
36,112,113,0.9934538146106605
36,113,114,0.9742405576194789
36,114,115,0.9896696454308642
36,115,116,0.9891309235456832
36,116,117,0.9738812979002294
36,117,118,0.9803677682179656
36,118,119,0.872602690949498
36,119,120,0.8741968387339584
36,120,121,0.9937871644388994
36,121,122,0.7071289547112781
36,122,123,0.8618096112343234
36,123,124,0.9249413706433087
36,124,125,0.6895397103078807
36,125,126,0.7460189071267392
36,126,127,0.9481011620058152
36,127,128,0.9611299230858108
36,128,129,0.9611303267562794
36,129,130,0.8297762445913195
36,130,131,0.9040384283156492
36,131,132,0.902610869591278
36,132,133,0.9375562269359412
36,133,134,0.8654901674547701
36,134,135,0.9705735689050263
36,135,136,0.9598838094836128
36,136,137,0.9598842606861774
36,137,138,0.9654520050380748
36,138,139,0.7666201997096229
36,139,140,0.802907411393357
36,140,141,0.7119509035236321
36,141,142,0.8011122982485992
36,142,143,0.7672472967987627
36,143,144,0.9368796047929425
36,144,145,0.9782053021938062
36,145,146,0.8576255982221325
36,146,147,0.8213966975087056
36,147,148,0.9999999998133704
36,148,149,0.819389849731443
36,149,150,0.75871726386062
36,150,151,0.959762347148211
36,151,152,0.9652433260892628
36,152,153,0.8334025180055948
36,153,154,0.8906108875141238
36,154,155,0.9146812312814524
36,155,156,0.9304712302080149
36,156,157,0.8356813250712103
36,157,158,0.847380620717245
36,158,159,0.8794861270989344
36,159,160,0.9652319774164628
36,160,161,0.7472826425165671
36,161,162,0.8691811456784907
36,162,163,0.8691978255645724
36,163,164,0.982504400649964
36,164,165,0.7242514110952447
36,165,166,0.8467734582446931
36,166,167,0.8655604526047247
36,167,168,0.9498026899358548
36,168,169,0.8163290496101887
36,169,170,0.9271240379087985
36,170,171,0.8981164728257367
36,171,172,0.8253271032942523
36,172,173,0.9799841258489974
36,173,174,0.8980655160061148
36,174,175,0.7441893724226849
36,175,176,0.9391328620296768
36,176,177,0.7858407854112296
36,177,178,0.9575753053313787
36,178,179,0.7918150234788411
36,179,180,0.946266476315244
36,180,181,0.650242244947046
36,181,182,0.5185401697737322
36,182,183,0.9016499077133442
36,183,184,0.8421657584407767
36,184,185,0.914462852488749
36,185,186,0.9559141099160637
36,186,187,0.9604798637117671
36,187,188,0.9385515528589585
36,188,189,0.8038326239043798
36,189,190,0.9206502146679715
36,190,191,0.9289887184862137
36,191,192,0.951022268400457
36,192,193,0.9675962135004056
36,193,194,0.7128773283975086
36,194,195,0.974868614226851
36,195,196,0.9044707495529509
36,196,197,0.8990630146401598
36,197,198,0.8835962417196257
36,198,199,0.9006168361378256
36,199,200,0.7724925244379254
36,200,201,0.810756133314951
36,201,202,0.9740956369016802
36,202,203,0.9918109942000348
36,203,204,0.9668384341856764
36,204,205,0.8873271414989802
36,205,206,0.9366432789193608
36,206,207,0.9270221481729161
36,207,208,0.9404130119187051
36,208,209,0.7682959700944281
36,209,210,0.9420097220946151
36,210,211,0.752112533133277
36,211,212,0.9768183828879426
36,212,213,0.9289835282696465
36,213,214,0.9602781296210422
36,214,215,0.9737089242227174
36,215,216,0.9412575403851877
36,216,217,0.9894892744350298
36,217,218,0.9999999993928722
36,218,219,0.8378483548458305
36,219,220,0.7778232010167376
36,220,221,0.9423304559248067
36,221,222,0.9398144039550363
36,222,223,0.8941322713275172
36,223,224,0.9463479220491361
36,224,225,0.827679611006463
36,225,226,0.9498347026721378
37,0,1,0.7654684730376806
37,1,2,0.9048738139252928
37,2,3,0.7085560144772958
37,3,4,0.7399220603707545
37,4,5,0.7957542955868023
37,5,6,0.8280928392131054
37,6,7,0.7346221979794125
37,7,8,0.9355893596450862
37,8,9,0.8663496647816298
37,9,10,0.6939435582893406
37,10,11,0.8091695944757761
37,11,12,0.8326684264408352
37,12,13,0.7851913565919804
37,13,14,0.6795803874624653
37,14,15,0.8287511800444463
37,15,16,0.9609475491838376
37,16,17,0.9261652645373765
37,17,18,0.8457852609396109
37,18,19,0.8457830390918678
37,19,20,0.9357619184539949
37,20,21,0.6784977285260364
37,21,22,0.8955835472261467
37,22,23,0.7576059721855766
37,23,24,0.9999999999733986
37,24,25,0.8736853430210227
37,25,26,0.9515478896827667
37,26,27,0.9735125489315825
37,27,28,0.8496457382027566
37,28,29,0.9626134024427488
37,29,30,0.9055538110115272
37,30,31,0.9558517068926953
37,31,32,0.970489682769561
37,32,33,0.8713147795335239
37,33,34,0.9589798993996548
37,34,35,0.7170084908487002
37,35,36,0.7828751152881418
37,36,37,0.9879036837682498
37,37,38,0.8655247205518641
37,38,39,0.9706287829037615
37,39,40,0.9423837485562461
37,40,41,0.9616320692800868
37,41,42,0.9786373319963808
37,42,43,0.9031370666647238
37,43,44,0.9704686255984318
37,44,45,0.9400219443298135
37,45,46,0.9575979286784407
37,46,47,0.9914181741395294
37,47,48,0.9717611951626176
37,48,49,0.978396129103054
37,49,50,0.9913752850038411
37,50,51,0.9913745955520215
37,51,52,0.955100714790566
37,52,53,0.9319515807385385
37,53,54,0.9910261488999893
37,54,55,0.9721562961036969
37,55,56,0.9999993527987504
37,56,57,0.9877471704479202
37,57,58,0.9093734694383439
37,58,59,0.92590508387473
37,59,60,0.9912027287147726
37,60,61,0.9999999338247728
37,61,62,0.9918421456841444
37,62,63,0.9853561977329419
37,63,64,0.9999998965418169
37,64,65,0.9718634758535233
37,65,66,0.9628191846031922
37,66,67,0.968245298378705
37,67,68,0.9729756867534017
37,68,69,0.9473297086888491
37,69,70,0.840010512932675
37,70,71,0.86290349265273
37,71,72,0.9342376805771482
37,72,73,0.8962266737967599
37,73,74,0.8710327400871262
37,74,75,0.9702818672929842
37,75,76,0.9717795854880175
37,76,77,0.9839660756183471
37,77,78,0.8964160315757648
37,78,79,0.9026006596832861
37,79,80,0.9426763933127189
37,80,81,0.7318754044319813
37,81,82,0.697850655615302
37,82,83,0.982488278138069
37,83,84,0.9825506136353525
37,84,85,0.8575166215681337
37,85,86,0.8559270427810044
37,86,87,0.9763169277426146
37,87,88,0.9763651864290791
37,88,89,0.8857092185007356
37,89,90,0.7590026769415321
37,90,91,0.8537835040723116
37,91,92,0.8537857451660017
37,92,93,0.676971547352309
37,93,94,0.9673085643778411
37,94,95,0.9861670580198565
37,95,96,0.8374769329989207
37,96,97,0.8681649715016024
37,97,98,0.9519798586293602
37,98,99,0.9847517631959035
37,99,100,0.9731903800563533
37,100,101,0.9672418102361104
37,101,102,0.9776046180109386
37,102,103,0.9848078187767684
37,103,104,0.9848954848866124
37,104,105,0.9862258391721839
37,105,106,0.967413712731899
37,106,107,0.9659710459111983
37,107,108,0.9761561601931106
37,108,109,0.954006294232565
37,109,110,0.956946543461691
37,110,111,0.9590790518156739
37,111,112,0.9525793642463208
37,112,113,0.9811830340440719
37,113,114,0.9788650886961506
37,114,115,0.9554668892129372
37,115,116,0.9833181290019826
37,116,117,0.9647776374408635
37,117,118,0.9786039392934167
37,118,119,0.7470693347581822
37,119,120,0.7921630890919769
37,120,121,0.9887027683268318
37,121,122,0.7240709602392855
37,122,123,0.819400208293888
37,123,124,0.7097909677906785
37,124,125,0.5251003612764812
37,125,126,0.8569981578259663
37,126,127,0.6477110809841703
37,127,128,0.9121692912056536
37,128,129,0.764616166431966
37,129,130,0.6609505533806251
37,130,131,0.9421041085975601
37,131,132,0.9892448711181683
37,132,133,0.9778448661650935
37,133,134,0.8982613430157028
37,134,135,0.9553015198964956
37,135,136,0.9621875367639467
37,136,137,0.9230154618953852
37,137,138,0.9230570904468525
37,138,139,0.7558303501153041
37,139,140,0.8713868753780448
37,140,141,0.809724484313713
37,141,142,0.6590014153077911
37,142,143,0.6471877537535901
37,143,144,0.9359423556210535
37,144,145,0.9771930012029884
37,145,146,0.9577858832655319
37,146,147,0.7974027357319416
37,147,148,0.9197334786661571
37,148,149,0.7921574096136648
37,149,150,0.8149775311917069
37,150,151,0.825875360368693
37,151,152,0.8952960915065565
37,152,153,0.6851672206682426
37,153,154,0.913343480432258
37,154,155,0.891559080568039
37,155,156,0.8741759758178579
37,156,157,0.7574625958879643
37,157,158,0.7460551894334053
37,158,159,0.7686845157875496
37,159,160,0.8273363674368139
37,160,161,0.8024502400235872
37,161,162,0.9319071285784518
37,162,163,0.9899137355509463
37,163,164,0.9219984984065405
37,164,165,0.7747869280832473
37,165,166,0.8880869188692337
37,166,167,0.9012829284085058
37,167,168,0.874324159018062
37,168,169,0.93152753232067
37,169,170,0.9887600588972657
37,170,171,0.8776896007099118
37,171,172,0.7607948286993869
37,172,173,0.8003518994600336
37,173,174,0.9142716741814763
37,174,175,0.9460507669620775
37,175,176,0.839627401651474
37,176,177,0.8399321498744395
37,177,178,0.9095850616421767
37,178,179,0.9462197058088697
37,179,180,0.8262759569676357
37,180,181,0.8751496534996196
37,181,182,0.7375216838252145
37,182,183,0.8639291916722799
37,183,184,0.9139535302866335
37,184,185,0.9139518442887535
37,185,186,0.8304581232787149
37,186,187,0.9052477785208884
37,187,188,0.9735264411680511
37,188,189,0.8056157585982959
37,189,190,0.8434807050410174
37,190,191,0.9675888339010094
37,191,192,0.9559094720645551
37,192,193,0.9262403852360515
37,193,194,0.8036338039274626
37,194,195,0.8100011967014557
37,195,196,0.9367162211957394
37,196,197,0.7932963762532802
37,197,198,0.9490576556952881
37,198,199,0.9748730915025327
37,199,200,0.8251956820146434
37,200,201,0.8564076433799548
37,201,202,0.9785296091971736
37,202,203,0.8887657356968276
37,203,204,0.8752471190510791
37,204,205,0.8979564581320923
37,205,206,0.9696328052206149
37,206,207,0.9106764344013559
37,207,208,0.9512457659669515
37,208,209,0.7644696081706499
37,209,210,0.927102871854879
37,210,211,0.9376144992601536
37,211,212,0.9264071212270293
37,212,213,0.9105362000103033
37,213,214,0.9704790635675604
37,214,215,0.911741227287455
37,215,216,0.9297571294040978
37,216,217,0.9228865035383775
37,217,218,0.8657453786054546
37,218,219,0.8568696645136332
37,219,220,0.8568900177578364
37,220,221,0.9129605384094025
37,221,222,0.9340248156257875
37,222,223,0.9141990835220942
37,223,224,0.8598689871340648
37,224,225,0.8110051301155378
37,225,226,0.8399834780522792
38,0,1,0.8854741170605693
38,1,2,0.7464668959977893
38,2,3,0.7679641321507038
38,3,4,0.7286889615503258
38,4,5,0.6895321644740754
38,5,6,0.9735109035198435
38,6,7,0.8895117632348265
38,7,8,0.7508663282303966
38,8,9,0.791011032528661
38,9,10,0.5143232330410223
38,10,11,0.8355146173949669
38,11,12,0.7599550525859807
38,12,13,0.5914084748872414
38,13,14,0.6502085076973163
38,14,15,0.9748599912132505
38,15,16,0.8668270252123261
38,16,17,0.8891842988922924
38,17,18,0.7957545818872681
38,18,19,0.9609483303634978
38,19,20,0.6210967763149604
38,20,21,0.48939889395732383
38,21,22,0.9771923120584393
38,22,23,0.5656537082875107
38,23,24,0.6458480265593218
38,24,25,0.9783794201127065
38,25,26,0.9298416563200352
38,26,27,0.9196868693813276
38,27,28,0.8214427372232593
38,28,29,0.6992850860741368
38,29,30,0.7673768757932969
38,30,31,0.952508797480227
38,31,32,0.8437017210852797
38,32,33,0.9087447747235503
38,33,34,0.8678506485805172
38,34,35,0.9272610990573265
38,35,36,0.9218837203299893
38,36,37,0.9743701420661399
38,37,38,0.9184368218965226
38,38,39,0.9106304205995607
38,39,40,0.8580117550631138
38,40,41,0.9451624364063446
38,41,42,0.8864485842481836
38,42,43,0.9680219783412904
38,43,44,0.9840523422904267
38,44,45,0.991437783550192
38,45,46,0.9784497961819192
38,46,47,0.965597830170316
38,47,48,0.983223065451849
38,48,49,0.9914647839219964
38,49,50,0.9813037114351342
38,50,51,0.9195188219886498
38,51,52,0.898313005837926
38,52,53,0.9918301373309504
38,53,54,0.9677305440603544
38,54,55,0.9817492083104327
38,55,56,0.9881070045671548
38,56,57,0.9761166400110328
38,57,58,0.9037126687658753
38,58,59,0.9505669527797158
38,59,60,0.9735979491860347
38,60,61,0.9831618665297981
38,61,62,0.9909095530894437
38,62,63,0.983926750052862
38,63,64,0.991832889488697
38,64,65,0.9914256157880956
38,65,66,0.9441622754826026
38,66,67,0.9750437633937944
38,67,68,0.9870223626782896
38,68,69,0.993112194716177
38,69,70,0.9707663433649095
38,70,71,0.9504399063240597
38,71,72,0.9049139160137605
38,72,73,0.9879233562393928
38,73,74,0.8743572297365302
38,74,75,0.9051603792684282
38,75,76,0.8598124950546897
38,76,77,0.9824321209005026
38,77,78,0.9999998788399888
38,78,79,0.983885370362173
38,79,80,0.9026055704419924
38,80,81,0.8136548414962649
38,81,82,0.7453756643731806
38,82,83,0.8794139964826401
38,83,84,0.8707506971410499
38,84,85,0.9607182222020296
38,85,86,0.8848403331027804
38,86,87,0.8402450613701472
38,87,88,0.9657188042632161
38,88,89,0.7918708756991779
38,89,90,0.9367116668712656
38,90,91,0.9205697324077663
38,91,92,0.911354799431856
38,92,93,0.7426021309504613
38,93,94,0.9564132671536794
38,94,95,0.9707442923739401
38,95,96,0.7709497601433101
38,96,97,0.7606477466403293
38,97,98,0.9847297127401433
38,98,99,0.9999999545556958
38,99,100,0.9722986223027422
38,100,101,0.9591438229715756
38,101,102,0.9718718412171485
38,102,103,0.9926070662422758
38,103,104,0.9815523251465298
38,104,105,0.9865574759008081
38,105,106,0.9866830363877587
38,106,107,0.9754541024805765
38,107,108,0.9286205233918934
38,108,109,0.9619746778369541
38,109,110,0.9930156561646238
38,110,111,0.9926489307841841
38,111,112,0.9999996438115037
38,112,113,0.9724850334892661
38,113,114,0.975305248750873
38,114,115,0.9824450779214122
38,115,116,0.9581641665874885
38,116,117,0.989440739075049
38,117,118,0.9517076814582253
38,118,119,0.8475578354555294
38,119,120,0.8674019594340937
38,120,121,0.979452402693633
38,121,122,0.7242307055538626
38,122,123,0.7336200076297763
38,123,124,0.7732583625049368
38,124,125,0.5030886825013541
38,125,126,0.7428734243860613
38,126,127,0.8730031930432718
38,127,128,0.9675203291286253
38,128,129,0.8113488276344908
38,129,130,0.9235375528751083
38,130,131,0.7755966925455943
38,131,132,0.9218257466246753
38,132,133,0.9425272013692473
38,133,134,0.8630165456043658
38,134,135,0.9863865441486774
38,135,136,0.991834547373714
38,136,137,0.8691351395341268
38,137,138,0.8710733586443242
38,138,139,0.7550960614188926
38,139,140,0.9398858506564481
38,140,141,0.8330731090657532
38,141,142,0.907997114734889
38,142,143,0.7651930255595375
38,143,144,0.9135565835379037
38,144,145,0.9760839362673389
38,145,146,0.9080301865364934
38,146,147,0.8461878241920635
38,147,148,0.9006451084751662
38,148,149,0.8951107499257033
38,149,150,0.9431685323269301
38,150,151,0.8496675071245361
38,151,152,0.7227841731047463
38,152,153,0.5366511946226987
38,153,154,0.9095809876645696
38,154,155,0.8888910697582129
38,155,156,0.768115193910285
38,156,157,0.9772051991590142
38,157,158,0.9559162736041678
38,158,159,0.9595164174381731
38,159,160,0.8989106047955612
38,160,161,0.789887626247604
38,161,162,0.8220414850850496
38,162,163,0.8611217896943785
38,163,164,0.9693727692310612
38,164,165,0.7854794473369163
38,165,166,0.8867066252477739
38,166,167,0.844949140267959
38,167,168,0.9291924424283443
38,168,169,0.8002785228910647
38,169,170,0.9837449809886325
38,170,171,0.807098200714955
38,171,172,0.7856692728531787
38,172,173,0.7617514283322419
38,173,174,0.9713367471024955
38,174,175,0.9139479114604754
38,175,176,0.7810588499503058
38,176,177,0.8890968092380532
38,177,178,0.8651705372553374
38,178,179,0.861589885062445
38,179,180,0.8951212696057029
38,180,181,0.6939948199647304
38,181,182,0.5638496438145755
38,182,183,0.8451783212205887
38,183,184,0.8140916359494725
38,184,185,0.8575747838641067
38,185,186,0.9360398682824332
38,186,187,0.8528470641555239
38,187,188,0.974877131004742
38,188,189,0.8558854486179974
38,189,190,0.8664729348107854
38,190,191,0.9606279218290841
38,191,192,0.9326873760914571
38,192,193,0.9054409343749734
38,193,194,0.9235613051626876
38,194,195,0.886932972304599
38,195,196,0.7416842563886452
38,196,197,0.9223041174091927
38,197,198,0.8046863692477965
38,198,199,0.9479660812626195
38,199,200,0.9273489655966154
38,200,201,0.7418538718550898
38,201,202,0.9058081978969714
38,202,203,0.8356399038106577
38,203,204,0.9712287018443093
38,204,205,0.9712504989166184
38,205,206,0.9740580222161902
38,206,207,0.9824743846587255
38,207,208,0.9428127546132905
38,208,209,0.7589181114223914
38,209,210,0.867000375936871
38,210,211,0.7761896770484858
38,211,212,0.9775272697965417
38,212,213,0.9521609904031282
38,213,214,0.9530263968315026
38,214,215,0.9885005750711089
38,215,216,0.9626455329039445
38,216,217,0.933490555872908
38,217,218,0.8488758148827055
38,218,219,0.9713519372518326
38,219,220,0.8454809943951757
38,220,221,0.982904954130659
38,221,222,0.9275840750286175
38,222,223,0.8841625750408674
38,223,224,0.8024244821497352
38,224,225,0.9849672130270164
38,225,226,0.967551652639447
39,0,1,0.9999999999951266
39,1,2,0.9132117496777139
39,2,3,0.647179584601781
39,3,4,0.7374844127169415
39,4,5,0.8751241910773977
39,5,6,0.7286843808060989
39,6,7,0.9429846591932448
39,7,8,0.8171026148712265
39,8,9,0.9576053396789658
39,9,10,0.7428606256287184
39,10,11,0.8668297855505201
39,11,12,0.8569844642153696
39,12,13,0.9999999999880513
39,13,14,0.7428556617557656
39,14,15,0.9224667342516417
39,15,16,0.9396856112046628
39,16,17,0.9396423124671968
39,17,18,0.8780604536246391
39,18,19,0.6786279707556258
39,19,20,0.8427139147573696
39,20,21,0.9462570918415671
39,21,22,0.8591931162918172
39,22,23,0.9638044783923984
39,23,24,0.7532096357881334
39,24,25,0.9071703825317037
39,25,26,0.966455860177944
39,26,27,0.9162202345472191
39,27,28,0.9162245117833179
39,28,29,0.876749660688871
39,29,30,0.9462103297774058
39,30,31,0.9827692173351376
39,31,32,0.8322201011444339
39,32,33,0.9330369500992606
39,33,34,0.9147860481036574
39,34,35,0.9576144603658439
39,35,36,0.941700378647498
39,36,37,0.9560898495020268
39,37,38,0.9090369537093618
39,38,39,0.984051807904923
39,39,40,0.9044931897697307
39,40,41,0.9999999993323538
39,41,42,0.989002263635691
39,42,43,0.9177396960583545
39,43,44,0.984651437718526
39,44,45,0.9931382106722138
39,45,46,0.9861876776434019
39,46,47,0.9679593051757892
39,47,48,0.9999999949287273
39,48,49,0.9914247246715814
39,49,50,0.9344452189562643
39,50,51,0.9344077165828256
39,51,52,0.962940212595107
39,52,53,0.9733252254792506
39,53,54,0.9919262780958974
39,54,55,0.9717823457978376
39,55,56,0.9718056970017839
39,56,57,0.9645997589681221
39,57,58,0.8910324782795807
39,58,59,0.9668736271050905
39,59,60,0.9125679779545851
39,60,61,0.9913814999781402
39,61,62,0.9913797487918047
39,62,63,0.9913781118606017
39,63,64,0.985950066399987
39,64,65,0.9859521390557856
39,65,66,0.9919028109206721
39,66,67,0.9999999836742659
39,67,68,0.9922588337305792
39,68,69,0.9922657303694863
39,69,70,0.8940204453593272
39,70,71,0.8480630457468963
39,71,72,0.7537529449969802
39,72,73,0.9161695538671614
39,73,74,0.8188146870340252
39,74,75,0.960907397403756
39,75,76,0.9611826473378504
39,76,77,0.9775015258455655
39,77,78,0.9744223192271819
39,78,79,0.9662137482253668
39,79,80,0.917769476306764
39,80,81,0.7896242002321406
39,81,82,0.7123643340709471
39,82,83,0.985773041984549
39,83,84,0.9857460504501206
39,84,85,0.8382125999439162
39,85,86,0.8390128569905332
39,86,87,0.999999999643622
39,87,88,0.9831757223726671
39,88,89,0.9560587834580688
39,89,90,0.7746024961717728
39,90,91,0.8464419218303201
39,91,92,0.8951189267017758
39,92,93,0.6042734483073586
39,93,94,0.9334754272872788
39,94,95,0.9678814944036737
39,95,96,0.8454073740761926
39,96,97,0.8460499681571455
39,97,98,0.9854521685147688
39,98,99,0.9719756252371784
39,99,100,0.9719631382219643
39,100,101,0.9719731117694127
39,101,102,0.947504519798165
39,102,103,0.974209661233263
39,103,104,0.9705833829714586
39,104,105,0.9653337939599678
39,105,106,0.9999997985337675
39,106,107,0.9763284204628644
39,107,108,0.9804762146848404
39,108,109,0.9872999775516385
39,109,110,0.9734664517578614
39,110,111,0.9826601957566505
39,111,112,0.9557567765312981
39,112,113,0.9629683641218655
39,113,114,0.956932371920108
39,114,115,0.9731681288683024
39,115,116,0.9765968641387545
39,116,117,0.978633475210981
39,117,118,0.9929736883966744
39,118,119,0.888189836167031
39,119,120,0.8878779222813362
39,120,121,0.9822468465281029
39,121,122,0.740246394846026
39,122,123,0.6610153130418104
39,123,124,0.502837890172023
39,124,125,0.5028192975159819
39,125,126,0.7787810130827766
39,126,127,0.8951111831040357
39,127,128,0.870438604414176
39,128,129,0.6287899563207291
39,129,130,0.5745047120206661
39,130,131,0.8603823455987176
39,131,132,0.9050252905188216
39,132,133,0.9229917996365344
39,133,134,0.8286595148947196
39,134,135,0.9838741784212401
39,135,136,0.9762206666356181
39,136,137,0.9693046902486133
39,137,138,0.9665265386903119
39,138,139,0.7553711235257324
39,139,140,0.7947868978506302
39,140,141,0.7870301823602169
39,141,142,0.6947931847579839
39,142,143,0.6811460392023875
39,143,144,0.9999999998901122
39,144,145,0.8099665477296567
39,145,146,0.8258551582101761
39,146,147,0.8727628120717356
39,147,148,0.9515508910126813
39,148,149,0.7251129990762983
39,149,150,0.7556191180791161
39,150,151,0.8121781578532048
39,151,152,0.7774358302083317
39,152,153,0.6336855801651375
39,153,154,0.8516017999681157
39,154,155,0.8201510971669896
39,155,156,0.9718062013423061
39,156,157,0.7848751806410376
39,157,158,0.6435138216496155
39,158,159,0.7862678890009822
39,159,160,0.8654882939138973
39,160,161,0.8270369749256579
39,161,162,0.9830562375238159
39,162,163,0.8997788521302595
39,163,164,0.9134249850463656
39,164,165,0.7916862457905374
39,165,166,0.938072995222531
39,166,167,0.8242547914370875
39,167,168,0.949405325203088
39,168,169,0.909125093667988
39,169,170,0.8486940168835044
39,170,171,0.9770252804438955
39,171,172,0.7857872521050298
39,172,173,0.9245500824052112
39,173,174,0.9054136722289624
39,174,175,0.8657212289983414
39,175,176,0.7215303633663139
39,176,177,0.9021227229764811
39,177,178,0.7466132567181966
39,178,179,0.7676962618991097
39,179,180,0.9312192286964253
39,180,181,0.7679846173497076
39,181,182,0.6610020459869883
39,182,183,0.8854954506739324
39,183,184,0.7698555681087775
39,184,185,0.9709862207933654
39,185,186,0.9514742679094159
39,186,187,0.9839070415011546
39,187,188,0.7559309349730987
39,188,189,0.7463755978772666
39,189,190,0.9033115754316066
39,190,191,0.9362759153474425
39,191,192,0.8767797028322477
39,192,193,0.9410894143763583
39,193,194,0.9205749821290158
39,194,195,0.842443832706754
39,195,196,0.9418791675130392
39,196,197,0.907290366839535
39,197,198,0.8400563402530681
39,198,199,0.7950756941622176
39,199,200,0.6454515113953527
39,200,201,0.9082362115685451
39,201,202,0.8941824853929546
39,202,203,0.9702448741478875
39,203,204,0.7473596825135416
39,204,205,0.85143228703426
39,205,206,0.8591887690174446
39,206,207,0.9227579271090549
39,207,208,0.9136469016613847
39,208,209,0.6815598466730787
39,209,210,0.843986904945936
39,210,211,0.867535749530631
39,211,212,0.8675299982838779
39,212,213,0.9194547809783692
39,213,214,0.9435381649305725
39,214,215,0.9553545077292853
39,215,216,0.9425255355665152
39,216,217,0.9574112078732585
39,217,218,0.9571240547401905
39,218,219,0.9887360462294251
39,219,220,0.9314055564975104
39,220,221,0.9130027151499626
39,221,222,0.9087748349095552
39,222,223,0.9608122600288322
39,223,224,0.8707865952093428
39,224,225,0.8719261861165674
39,225,226,0.8288823928965162
40,0,1,0.8174103326804492
40,1,2,0.7827546709991123
40,2,3,0.7428606362758658
40,3,4,0.7757466349862994
40,4,5,0.7757459139721848
40,5,6,0.9224691417875658
40,6,7,0.8496223393346216
40,7,8,0.8339443832198888
40,8,9,0.882248178318131
40,9,10,0.6625434571678842
40,10,11,0.8299269260814618
40,11,12,0.9202103436707659
40,12,13,0.8775499803104084
40,13,14,0.7084194719973287
40,14,15,0.9999999999767843
40,15,16,0.8072743225011715
40,16,17,0.9202076620926279
40,17,18,0.9536414070484946
40,18,19,0.8172563238453011
40,19,20,0.9684276501834681
40,20,21,0.9431218967687528
40,21,22,0.8239876083801604
40,22,23,0.7879672180134364
40,23,24,0.8013347567269713
40,24,25,0.6314280983467346
40,25,26,0.7807557919132523
40,26,27,0.8902790448369056
40,27,28,0.8583333425512738
40,28,29,0.948904700862881
40,29,30,0.8380775016287317
40,30,31,0.9483515002300145
40,31,32,0.9189888817247656
40,32,33,0.7771207760229382
40,33,34,0.9607087863714923
40,34,35,0.8271036960908844
40,35,36,0.9169914890146426
40,36,37,0.9688920333764798
40,37,38,0.8832365906236546
40,38,39,0.9628455084427127
40,39,40,0.899310668857943
40,40,41,0.9140940361300389
40,41,42,0.8836041529841373
40,42,43,0.9124348914465724
40,43,44,0.9858154925388773
40,44,45,0.9838186372372429
40,45,46,0.9840170880063523
40,46,47,0.9909199257161017
40,47,48,0.9278594394562985
40,48,49,0.9278653894748264
40,49,50,0.9295207279346858
40,50,51,0.9515594686286747
40,51,52,0.9753737079036542
40,52,53,0.9918187381156088
40,53,54,0.9919046861721792
40,54,55,0.9507688494718145
40,55,56,0.9531478840542056
40,56,57,0.9492829563970434
40,57,58,0.9521362100119567
40,58,59,0.9532714809115059
40,59,60,0.991463559237846
40,60,61,0.9368044562439424
40,61,62,0.9807376455548465
40,62,63,0.9550833412838524
40,63,64,0.9914299880537836
40,64,65,0.983894659305594
40,65,66,0.9586320981074052
40,66,67,0.958552023732109
40,67,68,0.976450688739863
40,68,69,0.9657899442875222
40,69,70,0.9542103654988418
40,70,71,0.9557628380408082
40,71,72,0.8691844537313673
40,72,73,0.8290523872854277
40,73,74,0.7368892765460819
40,74,75,0.8370810892871805
40,75,76,0.8370667696416979
40,76,77,0.9914240183222823
40,77,78,0.9257594698585296
40,78,79,0.9371714403086986
40,79,80,0.8589477154063319
40,80,81,0.7732876225984399
40,81,82,0.6856933233077567
40,82,83,0.9604907245204019
40,83,84,0.9655658267089169
40,84,85,0.899255180932694
40,85,86,0.9119929754886875
40,86,87,0.9749359168597307
40,87,88,0.9735431036415927
40,88,89,0.8982712520558019
40,89,90,0.7502395554836576
40,90,91,0.6757321696036978
40,91,92,0.5795533250983649
40,92,93,0.7803110893611505
40,93,94,0.967428567218812
40,94,95,0.9782368125511118
40,95,96,0.8023633680053378
40,96,97,0.7810659469441726
40,97,98,0.9922166499502225
40,98,99,0.9999994159504518
40,99,100,0.991863396221214
40,100,101,0.9999993603371476
40,101,102,0.9705902696349406
40,102,103,0.9758789388520444
40,103,104,0.9695046810373318
40,104,105,0.969500858642749
40,105,106,0.9999993854617937
40,106,107,0.9744505345558669
40,107,108,0.99330865723154
40,108,109,0.9929683368269664
40,109,110,0.9999999109405844
40,110,111,0.9721977446433578
40,111,112,0.9999992101325569
40,112,113,0.9999998952937298
40,113,114,0.9504687269741373
40,114,115,0.973866861774741
40,115,116,0.9717117629977913
40,116,117,0.9661972416369347
40,117,118,0.9483170892804436
40,118,119,0.8738121217935647
40,119,120,0.8682374565756489
40,120,121,0.9655193987756682
40,121,122,0.774681609438554
40,122,123,0.9133914654050314
40,123,124,0.7210969646575988
40,124,125,0.5591751772522212
40,125,126,0.7754726648058369
40,126,127,0.6393372624723521
40,127,128,0.7479341023386593
40,128,129,0.694205381895202
40,129,130,0.6271881550103815
40,130,131,0.8595638692826822
40,131,132,0.8708160036493466
40,132,133,0.9474856312052429
40,133,134,0.9218865205834558
40,134,135,0.9576034611759328
40,135,136,0.9838738174645293
40,136,137,0.9235349450359206
40,137,138,0.9364234590140909
40,138,139,0.8381588694278537
40,139,140,0.8986232855588874
40,140,141,0.848801731760437
40,141,142,0.8189489511155115
40,142,143,0.999999999826593
40,143,144,0.9760855115448616
40,144,145,0.9515473242649156
40,145,146,0.8401274305166212
40,146,147,0.8401350599174131
40,147,148,0.7267084561649854
40,148,149,0.8701577859507341
40,149,150,0.8949559370976758
40,150,151,0.8045827900993154
40,151,152,0.9508716346381643
40,152,153,0.7585080169066798
40,153,154,0.9257034768021122
40,154,155,0.8450111121547245
40,155,156,0.9331984405599174
40,156,157,0.7204957170507023
40,157,158,0.8014085117831813
40,158,159,0.9498878062488187
40,159,160,0.8655647031240056
40,160,161,0.8603655218506431
40,161,162,0.9099882600715687
40,162,163,0.884429131474747
40,163,164,0.9853170116302579
40,164,165,0.8062803329658296
40,165,166,0.9262353007516929
40,166,167,0.9076409891841984
40,167,168,0.8402738650581867
40,168,169,0.9702471898294387
40,169,170,0.9562590555164728
40,170,171,0.779037730547596
40,171,172,0.9681531344723833
40,172,173,0.8439578055708337
40,173,174,0.819015496675979
40,174,175,0.8546589645602358
40,175,176,0.8571591872583094
40,176,177,0.7974679578055309
40,177,178,0.8681330497301833
40,178,179,0.8681322544892507
40,179,180,0.9999999999383379
40,180,181,0.5633362407008488
40,181,182,0.456843963656986
40,182,183,0.8927112204061282
40,183,184,0.9709090976203671
40,184,185,0.9143204666763242
40,185,186,0.9652754162415995
40,186,187,0.8027951808998632
40,187,188,0.9639081514133709
40,188,189,0.8246015554047164
40,189,190,0.9350744982234698
40,190,191,0.9853544831716227
40,191,192,0.8768910340926359
40,192,193,0.8619398169097804
40,193,194,0.7932983022735184
40,194,195,0.8179095320670876
40,195,196,0.905363426791416
40,196,197,0.9405134556710296
40,197,198,0.9799868681967949
40,198,199,0.9173475036984642
40,199,200,0.7956644626749367
40,200,201,0.8081724643571747
40,201,202,0.9315329595868646
40,202,203,0.9211787738874443
40,203,204,0.8806976432429333
40,204,205,0.9680292129921239
40,205,206,0.8831521679859429
40,206,207,0.8416488531743487
40,207,208,0.9739857740989508
40,208,209,0.7124514800869096
40,209,210,0.9647362540646669
40,210,211,0.7353911386782978
40,211,212,0.9124526491891087
40,212,213,0.8578724515581458
40,213,214,0.8548834632874607
40,214,215,0.9567424719693597
40,215,216,0.9470128874643905
40,216,217,0.9606123780169203
40,217,218,0.8590088205306569
40,218,219,0.9644925467782
40,219,220,0.8852592842618536
40,220,221,0.8369215965686082
40,221,222,0.760031714451286
40,222,223,0.9093411842220891
40,223,224,0.8433756396929876
40,224,225,0.8871682042238804
40,225,226,0.9162910558249585
41,0,1,0.9638054047383303
41,1,2,0.9609486046145105
41,2,3,0.8409512369944625
41,3,4,0.9999999999765391
41,4,5,0.7949646319214343
41,5,6,0.33482211915451393
41,6,7,0.4638559303747352
41,7,8,0.37880728038709344
41,8,9,0.5777809885664557
41,9,10,0.5016732311526582
41,10,11,0.7086803288530612
41,11,12,0.8949244775253675
41,12,13,0.7754577751256804
41,13,14,0.92475563630192
41,14,15,0.6519723228495027
41,15,16,0.8537502633994339
41,16,17,0.7774625077836986
41,17,18,0.7558407310750195
41,18,19,0.7312480942613013
41,19,20,0.9429844880554934
41,20,21,0.75097796333211
41,21,22,0.9999999999727467
41,22,23,0.791455494858586
41,23,24,0.791451771339473
41,24,25,0.8666714508567683
41,25,26,0.6566041595557919
41,26,27,0.757623904078381
41,27,28,0.73221100748001
41,28,29,0.8380815385652842
41,29,30,0.8054260924075496
41,30,31,0.8931434324974072
41,31,32,0.8138302561293558
41,32,33,0.9244000462852003
41,33,34,0.9629151241026566
41,34,35,0.9458565811374738
41,35,36,0.9649997806650795
41,36,37,0.8819849501699367
41,37,38,0.8398974677389728
41,38,39,0.9739843251889646
41,39,40,0.8963628938605952
41,40,41,0.9285994939111788
41,41,42,0.8390579736500775
41,42,43,0.8381954960815323
41,43,44,0.9725095319085365
41,44,45,0.9774485105294146
41,45,46,0.9918653269346872
41,46,47,0.9847027907737375
41,47,48,0.9925745959606955
41,48,49,0.8845339735205066
41,49,50,0.8961351322435308
41,50,51,0.9762342471947918
41,51,52,0.974885715965165
41,52,53,0.9629288700996177
41,53,54,0.9617270592207922
41,54,55,0.985328767858882
41,55,56,0.9825761340929683
41,56,57,0.9875080845053278
41,57,58,0.9485862972648739
41,58,59,0.9188977829047864
41,59,60,0.9136827727260254
41,60,61,0.9616403791117946
41,61,62,0.9909709480086795
41,62,63,0.9914118028188085
41,63,64,0.9918111956819339
41,64,65,0.9999999953761407
41,65,66,0.9864717825296074
41,66,67,0.9534333975384647
41,67,68,0.9587343683388119
41,68,69,0.9749972163850719
41,69,70,0.9120742133289189
41,70,71,0.9080712622297775
41,71,72,0.8883992960437962
41,72,73,0.9644642253061932
41,73,74,0.9152446761690788
41,74,75,0.7846699334577522
41,75,76,0.7397698357670832
41,76,77,0.9704553663473552
41,77,78,0.9684110829486852
41,78,79,0.9761466850073311
41,79,80,0.7531498975620042
41,80,81,0.9827967399256914
41,81,82,0.7764786737172763
41,82,83,0.9922067840874337
41,83,84,0.9922119643700286
41,84,85,0.9752403191897827
41,85,86,0.950213495099815
41,86,87,0.9607889152516306
41,87,88,0.9129103909513361
41,88,89,0.9720726671746781
41,89,90,0.7267904269833226
41,90,91,0.7226906732463244
41,91,92,0.7375257908439639
41,92,93,0.6962310948608941
41,93,94,0.948753110278416
41,94,95,0.975435419397265
41,95,96,0.6977563970052112
41,96,97,0.6898761720285994
41,97,98,0.99999997586362
41,98,99,0.9839794257612904
41,99,100,0.999999748413765
41,100,101,0.9922772435358262
41,101,102,0.9847784990813571
41,102,103,0.9802582403621225
41,103,104,0.9560891153192229
41,104,105,0.9347072242542463
41,105,106,0.9918989011846678
41,106,107,0.9616694324443293
41,107,108,0.9582214503718736
41,108,109,0.9420056795595151
41,109,110,0.9605675912496385
41,110,111,0.9705466894679547
41,111,112,0.9855211494474306
41,112,113,0.9867510731409528
41,113,114,0.9767184323153629
41,114,115,0.9810292476326335
41,115,116,0.9804717145591341
41,116,117,0.9754664589177121
41,117,118,0.9723333363588441
41,118,119,0.8086359502214482
41,119,120,0.8209738078550214
41,120,121,0.9792690776525108
41,121,122,0.6254825252187001
41,122,123,0.6946967748752766
41,123,124,0.6523323541456056
41,124,125,0.6186783813458698
41,125,126,0.866841035616839
41,126,127,0.8180270738070656
41,127,128,0.8980676544476371
41,128,129,0.8045078017076843
41,129,130,0.7713902641961697
41,130,131,0.8338379908386272
41,131,132,0.9341290142727376
41,132,133,0.8758426821025825
41,133,134,0.8891786305016198
41,134,135,0.9426616641015649
41,135,136,0.9429632308237926
41,136,137,0.9327786711560788
41,137,138,0.9999999606673184
41,138,139,0.8939951731977879
41,139,140,0.9605344547007086
41,140,141,0.8680903261135
41,141,142,0.5613136349624303
41,142,143,0.6757169054395774
41,143,144,0.9052133228615514
41,144,145,0.8825775114770782
41,145,146,0.6997859093546667
41,146,147,0.8003349333131841
41,147,148,0.8592042806937894
41,148,149,0.7952909919015134
41,149,150,0.9480518114694043
41,150,151,0.8099722338505544
41,151,152,0.8945003451390251
41,152,153,0.6386792599047929
41,153,154,0.8438325733812846
41,154,155,0.868489014925359
41,155,156,0.7257895057590006
41,156,157,0.9782160791378743
41,157,158,0.9236830421502386
41,158,159,0.8179108072905755
41,159,160,0.8328865090690365
41,160,161,0.786940399386028
41,161,162,0.8170224239603094
41,162,163,0.8135433190026637
41,163,164,0.9308367238927338
41,164,165,0.7123800218044835
41,165,166,0.9480436375422684
41,166,167,0.825169783084712
41,167,168,0.6755068452368542
41,168,169,0.9530899768655967
41,169,170,0.9703391054208454
41,170,171,0.8739587451830866
41,171,172,0.767705737354103
41,172,173,0.9309830240371747
41,173,174,0.8995769651065239
41,174,175,0.8117216326957299
41,175,176,0.7965324756170842
41,176,177,0.9441815359457557
41,177,178,0.9620004788686973
41,178,179,0.7855974683110424
41,179,180,0.7710202314167766
41,180,181,0.6430571617327826
41,181,182,0.6271933549686108
41,182,183,0.908281121795737
41,183,184,0.9853925469837743
41,184,185,0.8765847659080688
41,185,186,0.8598777144998901
41,186,187,0.8560112343698669
41,187,188,0.8906352353236899
41,188,189,0.7807023610881407
41,189,190,0.8971259978057384
41,190,191,0.9084774444486521
41,191,192,0.9496878078301728
41,192,193,0.8210339575140021
41,193,194,0.9538360002598
41,194,195,0.9302157917094631
41,195,196,0.9131558609492983
41,196,197,0.8610728008285857
41,197,198,0.8895651477794502
41,198,199,0.9652795152301675
41,199,200,0.9387028914260898
41,200,201,0.8447178651667729
41,201,202,0.9323980023051689
41,202,203,0.9532789743835531
41,203,204,0.8389511695787429
41,204,205,0.9037702839130973
41,205,206,0.9318136099901383
41,206,207,0.886636838379478
41,207,208,0.9999999959194994
41,208,209,0.7346246412699519
41,209,210,0.9497633319084513
41,210,211,0.8610782872095362
41,211,212,0.98846652061588
41,212,213,0.9780456663656073
41,213,214,0.9402910706356072
41,214,215,0.8739969979027032
41,215,216,0.971828288665077
41,216,217,0.9769947289403982
41,217,218,0.950565137573135
41,218,219,0.8850768014844892
41,219,220,0.9497409191002154
41,220,221,0.9116911114541023
41,221,222,0.9101247910088183
41,222,223,0.9720309955588129
41,223,224,0.9536144778408959
41,224,225,0.88534732877673
41,225,226,0.9572023026893484
42,0,1,0.567475031234051
42,1,2,0.8947632949289241
42,2,3,0.5996124075656665
42,3,4,0.7336882575068938
42,4,5,0.8949272272782332
42,5,6,0.7644723381034897
42,6,7,0.9999999999965369
42,7,8,0.7983176705811165
42,8,9,0.7392335523235938
42,9,10,0.7751713463634664
42,10,11,0.9131522461703783
42,11,12,0.8013341449072572
42,12,13,0.8775471800542326
42,13,14,0.999999999992116
42,14,15,0.7427458678891868
42,15,16,0.6795801549080356
42,16,17,0.7312485025406191
42,17,18,0.9312952960916185
42,18,19,0.8506237669780188
42,19,20,0.7464619700494339
42,20,21,0.6914780595022084
42,21,22,0.9263373934092275
42,22,23,0.5786410553218104
42,23,24,0.6802535033667885
42,24,25,0.8775524882805271
42,25,26,0.6836572217364564
42,26,27,0.9419814938949779
42,27,28,0.8248676611846751
42,28,29,0.6225580220107827
42,29,30,0.54811965986024
42,30,31,0.8282330178701535
42,31,32,0.8490635793411605
42,32,33,0.8850027673752175
42,33,34,0.9294937265673501
42,34,35,0.9359517047318874
42,35,36,0.9318158795581599
42,36,37,0.8318671778176108
42,37,38,0.9668703571019024
42,38,39,0.9808651487356473
42,39,40,0.9182690440968281
42,40,41,0.9803699769913378
42,41,42,0.839285074660609
42,42,43,0.8185692017805667
42,43,44,0.9999995593823615
42,44,45,0.992224907637395
42,45,46,0.9774202779354206
42,46,47,0.9909577381435315
42,47,48,0.9765096132616257
42,48,49,0.9407529605965242
42,49,50,0.9583896952265303
42,50,51,0.9088291892600201
42,51,52,0.8983266811968996
42,52,53,0.8951551868178675
42,53,54,0.9760645228851926
42,54,55,0.9895595175543737
42,55,56,0.969514634963296
42,56,57,0.9553375807806647
42,57,58,0.9803497526359097
42,58,59,0.9540978012937462
42,59,60,0.9651911105104766
42,60,61,0.983161460669271
42,61,62,0.9909176334089589
42,62,63,0.9914031509712594
42,63,64,0.991398995950317
42,64,65,0.99999999662219
42,65,66,0.9853323455091791
42,66,67,0.958481891296643
42,67,68,0.9803024907248686
42,68,69,0.9847596191910415
42,69,70,0.9911985201785201
42,70,71,0.9168799920777836
42,71,72,0.9154186366518516
42,72,73,0.9875981605449806
42,73,74,0.8519363048546913
42,74,75,0.9607168979200926
42,75,76,0.9717971438699596
42,76,77,0.9909150086448106
42,77,78,0.990891879526455
42,78,79,0.9906959382367871
42,79,80,0.8568851873053316
42,80,81,0.8597894407959272
42,81,82,0.729734968773277
42,82,83,0.9913776500240634
42,83,84,0.9830520246517193
42,84,85,0.9080523593856858
42,85,86,0.988999822635004
42,86,87,0.9080387345474124
42,87,88,0.9918028718909178
42,88,89,0.8485102887730785
42,89,90,0.8183595973535295
42,90,91,0.8906076665681064
42,91,92,0.8531871748383942
42,92,93,0.7426076280282052
42,93,94,0.9481503084763491
42,94,95,0.9745769055035168
42,95,96,0.7984484748222678
42,96,97,0.8078827368833685
42,97,98,0.9822987094260132
42,98,99,0.9847058166142938
42,99,100,0.9817087807719056
42,100,101,0.9707361985522386
42,101,102,0.9999998751679631
42,102,103,0.9731704201346402
42,103,104,0.9724615746598452
42,104,105,0.9724397117492039
42,105,106,0.9732578688717031
42,106,107,0.9850329975058065
42,107,108,0.9850537933636372
42,108,109,0.9848915499805599
42,109,110,0.987132333585914
42,110,111,0.9698163580687473
42,111,112,0.9671350697568306
42,112,113,0.9999999942120067
42,113,114,0.9771011399785551
42,114,115,0.9758911434806382
42,115,116,0.9874174056092186
42,116,117,0.9936161644061592
42,117,118,0.9631421830632917
42,118,119,0.9027523242373537
42,119,120,0.8815891393024999
42,120,121,0.9910507257237188
42,121,122,0.7456185627319822
42,122,123,0.7664457686105353
42,123,124,0.8495311844791174
42,124,125,0.511706576910776
42,125,126,0.7312669017466921
42,126,127,0.8273210921882235
42,127,128,0.9549567519794874
42,128,129,0.736947529501314
42,129,130,0.61195643821782
42,130,131,0.8933830372891507
42,131,132,0.965853028155543
42,132,133,0.9632675161992162
42,133,134,0.8674774114542261
42,134,135,0.9847230150127819
42,135,136,0.9830859453823039
42,136,137,0.9999999992173673
42,137,138,0.9655972624601664
42,138,139,0.8230147368179336
42,139,140,0.8051012330695008
42,140,141,0.6850613042018321
42,141,142,0.8555334859305822
42,142,143,0.8592001277933866
42,143,144,0.9515084671273873
42,144,145,0.8755182598627204
42,145,146,0.8735755969324547
42,146,147,0.840048006498097
42,147,148,0.7043663907054203
42,148,149,0.7986013790911266
42,149,150,0.889920725729354
42,150,151,0.9791348608353023
42,151,152,0.935962749552398
42,152,153,0.696673032745938
42,153,154,0.9285148548605431
42,154,155,0.9077873505783839
42,155,156,0.9412425605843295
42,156,157,0.6843459233811134
42,157,158,0.778403858091203
42,158,159,0.9071190802125872
42,159,160,0.8871359312442245
42,160,161,0.8268955743746459
42,161,162,0.904428369216278
42,162,163,0.9014775555788646
42,163,164,0.9704221679641747
42,164,165,0.683877214423878
42,165,166,0.9100861579997522
42,166,167,0.9271903437387253
42,167,168,0.8727787655672598
42,168,169,0.902601265903058
42,169,170,0.8155699939337188
42,170,171,0.9558678063398384
42,171,172,0.730810957731746
42,172,173,0.771403033866532
42,173,174,0.8816904351289462
42,174,175,0.910348744823374
42,175,176,0.8724904570252284
42,176,177,0.7802363572337218
42,177,178,0.8713487167582348
42,178,179,0.957796728157322
42,179,180,0.9771974148509286
42,180,181,0.6672315025602135
42,181,182,0.6119957356483666
42,182,183,0.8563591485936819
42,183,184,0.9743417560336814
42,184,185,0.9875798082927043
42,185,186,0.8553347559112688
42,186,187,0.9172366528091668
42,187,188,0.8924251074620964
42,188,189,0.8384475954444048
42,189,190,0.919671011457347
42,190,191,0.9794305452617831
42,191,192,0.9389042650644713
42,192,193,0.8422931806205305
42,193,194,0.9317215967237454
42,194,195,0.9473386345104412
42,195,196,0.7658444148134955
42,196,197,0.9750311315688298
42,197,198,0.7775022102276723
42,198,199,0.8307602773901155
42,199,200,0.8519747691061254
42,200,201,0.8444868628873498
42,201,202,0.900577065142278
42,202,203,0.9427114340084806
42,203,204,0.8378450402988353
42,204,205,0.9343188972707241
42,205,206,0.9508752428605299
42,206,207,0.9695958427642118
42,207,208,0.9352471338772426
42,208,209,0.7180292279820875
42,209,210,0.8539343544704983
42,210,211,0.8563993872645488
42,211,212,0.9307807185548882
42,212,213,0.9367233697234174
42,213,214,0.9024323482275188
42,214,215,0.9470188095558979
42,215,216,0.9132661950707335
42,216,217,0.9632824988213148
42,217,218,0.9303998566866927
42,218,219,0.9182661747938052
42,219,220,0.8853177700564798
42,220,221,0.9526335875565586
42,221,222,0.9023358546863738
42,222,223,0.9510883338432421
42,223,224,0.8347461872291057
42,224,225,0.9595285228778541
42,225,226,0.8893797273025736
43,0,1,0.9999999999797506
43,1,2,0.960948893159434
43,2,3,0.93129839506883
43,3,4,0.8949296120428903
43,4,5,0.7571986455078302
43,5,6,0.7879673800436647
43,6,7,0.9609479641386066
43,7,8,0.9132100862938471
43,8,9,0.837128366442863
43,9,10,0.6428799551717309
43,10,11,0.9703233625530041
43,11,12,0.6794919493022658
43,12,13,0.7261313169842991
43,13,14,0.8969855030005183
43,14,15,0.8689237034859212
43,15,16,0.9312479179223551
43,16,17,0.897539899895127
43,17,18,0.8868991763669694
43,18,19,0.9999999999364388
43,19,20,0.9202088929205463
43,20,21,0.7227167026860728
43,21,22,0.694492474154352
43,22,23,0.8171049486340889
43,23,24,0.7851953005988992
43,24,25,0.9420245665752411
43,25,26,0.6662785299857309
43,26,27,0.9340051099431615
43,27,28,0.9571115657971508
43,28,29,0.7983637841305894
43,29,30,0.7638684349443179
43,30,31,0.8438629737875045
43,31,32,0.8424077016725754
43,32,33,0.8579482517706127
43,33,34,0.9422850022609889
43,34,35,0.9287852249286505
43,35,36,0.975677871214852
43,36,37,0.945234126640643
43,37,38,0.932754265512871
43,38,39,0.9670287875278822
43,39,40,0.959566172524561
43,40,41,0.8896411172296607
43,41,42,0.9349658948213426
43,42,43,0.9317922029524022
43,43,44,0.9418272297319019
43,44,45,0.9376579466191908
43,45,46,0.9847806569417688
43,46,47,0.9784599253481194
43,47,48,0.9784500119657874
43,48,49,0.9560644450139277
43,49,50,0.9701072569958729
43,50,51,0.9504499008593766
43,51,52,0.9160355308318067
43,52,53,0.8813792458664185
43,53,54,0.9777116019408183
43,54,55,0.9745916736956444
43,55,56,0.9822908608475229
43,56,57,0.9935631082679434
43,57,58,0.8846083175801371
43,58,59,0.9464813880318741
43,59,60,0.9311638710668787
43,60,61,0.9790972536193289
43,61,62,0.9815624867522558
43,62,63,0.9815351063094159
43,63,64,0.9999998997369173
43,64,65,0.9718797208585386
43,65,66,0.9926070822392201
43,66,67,0.9861952357363778
43,67,68,0.9859643596538632
43,68,69,0.9869590536017185
43,69,70,0.8927615706533455
43,70,71,0.8860655739414015
43,71,72,0.8507695564240355
43,72,73,0.8679831879108858
43,73,74,0.8925295087759053
43,74,75,0.9177749186958875
43,75,76,0.9717826227260663
43,76,77,0.9774444680971188
43,77,78,0.892650803190651
43,78,79,0.9022684765520577
43,79,80,0.7922436673198937
43,80,81,0.8810494424907078
43,81,82,0.7370445995566927
43,82,83,0.9783927722603035
43,83,84,0.9999999955826369
43,84,85,0.8682366750483341
43,85,86,0.9626205815139433
43,86,87,0.8817046322282766
43,87,88,0.9999999173898833
43,88,89,0.8270183009852241
43,89,90,0.7878404649589369
43,90,91,0.7879954505239748
43,91,92,0.6603994172669431
43,92,93,0.8221596928751993
43,93,94,0.957292413038951
43,94,95,0.9855454890075487
43,95,96,0.7989420224840108
43,96,97,0.744227862215757
43,97,98,0.9706849603117422
43,98,99,0.9925922550165893
43,99,100,0.9732499318507368
43,100,101,0.9732548872572607
43,101,102,0.9821793346687021
43,102,103,0.9821637654209695
43,103,104,0.9591651134356142
43,104,105,0.9742612282014544
43,105,106,0.9706182548154867
43,106,107,0.9671364052333313
43,107,108,0.9627861289430756
43,108,109,0.9915744904876356
43,109,110,0.9787744757115222
43,110,111,0.992662970193961
43,111,112,0.984674199572279
43,112,113,0.9848792257500264
43,113,114,0.9999993798326938
43,114,115,0.9669721830783627
43,115,116,0.9697559988556935
43,116,117,0.9742922089409354
43,117,118,0.9694376340681282
43,118,119,0.9478156144623098
43,119,120,0.9266889153515286
43,120,121,0.9950831662309543
43,121,122,0.758775210974497
43,122,123,0.8727826382997771
43,123,124,0.7383348889423498
43,124,125,0.5146562001732937
43,125,126,0.665061326101069
43,126,127,0.8850416934992894
43,127,128,0.9070031214296813
43,128,129,0.7005846886627922
43,129,130,0.784633354926368
43,130,131,0.8779994557581731
43,131,132,0.8948540071361569
43,132,133,0.8709166895782234
43,133,134,0.8582961109593533
43,134,135,0.977476182788829
43,135,136,0.9908797401514171
43,136,137,0.9400154168337006
43,137,138,0.9524656410804455
43,138,139,0.7674492783233594
43,139,140,0.8507470011500714
43,140,141,0.7655065357497071
43,141,142,0.59142641447792
43,142,143,0.7309569537066212
43,143,144,0.797402346348402
43,144,145,0.890588054981702
43,145,146,0.999999999945356
43,146,147,0.9999999999564734
43,147,148,0.7957686231192302
43,148,149,0.8174196653014975
43,149,150,0.8964209048379506
43,150,151,0.886259419948144
43,151,152,0.8179171937014781
43,152,153,0.7052245794603286
43,153,154,0.900291348722525
43,154,155,0.8722366310391076
43,155,156,0.8433808986032237
43,156,157,0.962635606331257
43,157,158,0.845196916788023
43,158,159,0.8451891464726845
43,159,160,0.8802077024225853
43,160,161,0.8227575035170512
43,161,162,0.8579477193527042
43,162,163,0.8573003497906834
43,163,164,0.9624287867315211
43,164,165,0.7432921102380888
43,165,166,0.9386997037695137
43,166,167,0.9061576911958186
43,167,168,0.8467567167287866
43,168,169,0.8381250525686575
43,169,170,0.8979546438254428
43,170,171,0.8960661039070669
43,171,172,0.8595774278975792
43,172,173,0.9095888872111824
43,173,174,0.7974787467668555
43,174,175,0.901641077447006
43,175,176,0.6841565596457739
43,176,177,0.9774072662826302
43,177,178,0.7932678802840961
43,178,179,0.8857203936866879
43,179,180,0.9221620028170853
43,180,181,0.672387798706382
43,181,182,0.7265610352504507
43,182,183,0.9340843819044737
43,183,184,0.8053783073804561
43,184,185,0.909390341847759
43,185,186,0.8767796005624313
43,186,187,0.8351935473206122
43,187,188,0.9751623736725419
43,188,189,0.7879574001722071
43,189,190,0.9095484785352669
43,190,191,0.9213354212103039
43,191,192,0.8622192690695457
43,192,193,0.9652838120073459
43,193,194,0.7895036176077328
43,194,195,0.9263578421142749
43,195,196,0.8248965570790106
43,196,197,0.9285013554703898
43,197,198,0.8956320681085476
43,198,199,0.9664679009395282
43,199,200,0.951475047847549
43,200,201,0.8710148815459451
43,201,202,0.9506410783814829
43,202,203,0.851319776854419
43,203,204,0.9106299286898815
43,204,205,0.9523755159153305
43,205,206,0.9908473462641018
43,206,207,0.9915780248649587
43,207,208,0.931120206861428
43,208,209,0.7177985414461954
43,209,210,0.921555755067501
43,210,211,0.8730458389318482
43,211,212,0.8491045563915529
43,212,213,0.9267234227699379
43,213,214,0.9191317875035481
43,214,215,0.9342041661651401
43,215,216,0.959504403695937
43,216,217,0.9013103198626038
43,217,218,0.8664492044289791
43,218,219,0.9448258137571023
43,219,220,0.9348479806051223
43,220,221,0.9032017844163317
43,221,222,0.9291217378424989
43,222,223,0.9656182792888073
43,223,224,0.8719344579373193
43,224,225,0.8010414930330064
43,225,226,0.7418653244800758
44,0,1,0.6211017493291615
44,1,2,0.6749548693988885
44,2,3,0.9536411179297484
44,3,4,0.845784418418231
44,4,5,0.7814940872614826
44,5,6,0.7814927815794687
44,6,7,0.8591920182939579
44,7,8,0.46010762983738923
44,8,9,0.707633913641584
44,9,10,0.6338661003365034
44,10,11,0.7428593061602065
44,11,12,0.9999999999862982
44,12,13,0.870820131888119
44,13,14,0.7012612972299995
44,14,15,0.9999999999295298
44,15,16,0.9703230765840052
44,16,17,0.999999999962453
44,17,18,0.829928311516275
44,18,19,0.8869023901215043
44,19,20,0.9079941819665835
44,20,21,0.8739813162103106
44,21,22,0.850965991232018
44,22,23,0.9999999999655937
44,23,24,0.9703257338016732
44,24,25,0.9410112576506974
44,25,26,0.8177673935152039
44,26,27,0.9454413370966858
44,27,28,0.8499144349377502
44,28,29,0.8918732956984499
44,29,30,0.7505832039659488
44,30,31,0.9558890781815192
44,31,32,0.832492049503261
44,32,33,0.9176992235613992
44,33,34,0.9391124757484195
44,34,35,0.9290691378485211
44,35,36,0.9227163042168159
44,36,37,0.9799317041006138
44,37,38,0.9265160059527223
44,38,39,0.9744979731183465
44,39,40,0.8559386406661287
44,40,41,0.8751809859509307
44,41,42,0.92728173238785
44,42,43,0.999999992857875
44,43,44,0.991399783128334
44,44,45,0.9791729076210685
44,45,46,0.9858401521591955
44,46,47,0.9846897415235397
44,47,48,0.9706040807006082
44,48,49,0.8850532786083051
44,49,50,0.9876159891567551
44,50,51,0.9542112520133471
44,51,52,0.9552708180924873
44,52,53,0.9080856476099624
44,53,54,0.9642303441525922
44,54,55,0.9653366084227889
44,55,56,0.9597301284900431
44,56,57,0.9937364535910757
44,57,58,0.9237889183850688
44,58,59,0.9367576787370129
44,59,60,0.9800652519446935
44,60,61,0.9436318406065504
44,61,62,0.955344830865567
44,62,63,0.9913845597972136
44,63,64,0.9914363515994437
44,64,65,0.9914328992728644
44,65,66,0.9774971948312532
44,66,67,0.9999993440632403
44,67,68,0.981374954607928
44,68,69,0.9702132492749971
44,69,70,0.7247743168135846
44,70,71,0.7321166315308073
44,71,72,0.7522196568985223
44,72,73,0.8713682389798969
44,73,74,0.8389057716357432
44,74,75,0.8389027903289041
44,75,76,0.8575589982460577
44,76,77,0.9999998729594922
44,77,78,0.8792532263448555
44,78,79,0.9613155554862551
44,79,80,0.9862030687989061
44,80,81,0.7390201486910343
44,81,82,0.660131749716292
44,82,83,0.999999987292394
44,83,84,0.9922757533883543
44,84,85,0.8824787933234292
44,85,86,0.9783289176463867
44,86,87,0.9573537450109789
44,87,88,0.8680651735809379
44,88,89,0.9764164287617418
44,89,90,0.6036123192025544
44,90,91,0.9052315869249676
44,91,92,0.9205767693428177
44,92,93,0.730529703854062
44,93,94,0.9722959239608051
44,94,95,0.9788274856676377
44,95,96,0.7369617124257849
44,96,97,0.7305533801359889
44,97,98,0.9909019878155594
44,98,99,0.9909226501747721
44,99,100,0.984127732969031
44,100,101,0.983902199801262
44,101,102,0.9924788271139814
44,102,103,0.9711895566458133
44,103,104,0.9818619918895843
44,104,105,0.9325315559557988
44,105,106,0.9774247501995379
44,106,107,0.9635561912432787
44,107,108,0.9554038684521908
44,108,109,0.9849573918568635
44,109,110,0.9574158105349411
44,110,111,0.9507940776590869
44,111,112,0.9785643618216603
44,112,113,0.9929731931281008
44,113,114,0.999998538812001
44,114,115,0.9745456523253319
44,115,116,0.9897367638636766
44,116,117,0.9605182021085628
44,117,118,0.9708651550466608
44,118,119,0.8738180058479089
44,119,120,0.8702528713430961
44,120,121,0.9999999318156699
44,121,122,0.7373506272074707
44,122,123,0.8461291590670462
44,123,124,0.6393659247238025
44,124,125,0.43742430787681513
44,125,126,0.6061246737552789
44,126,127,0.8799897597283389
44,127,128,0.9439422729359871
44,128,129,0.7470300970190714
44,129,130,0.7210852053270149
44,130,131,0.8064589966047393
44,131,132,0.8677672345806035
44,132,133,0.9085720819689085
44,133,134,0.8775959057568807
44,134,135,0.9763861408214742
44,135,136,0.95989048443167
44,136,137,0.9901297858417276
44,137,138,0.9552959147175267
44,138,139,0.7835260500105241
44,139,140,0.9016358409438125
44,140,141,0.7190085559941372
44,141,142,0.9181838308413962
44,142,143,0.9703275115072779
44,143,144,0.9703259189963285
44,144,145,0.9751553490211606
44,145,146,0.8325512980599842
44,146,147,0.9035171591122286
44,147,148,0.9814940475993271
44,148,149,0.8816749274619705
44,149,150,0.8816800983931952
44,150,151,0.9639972419425
44,151,152,0.9072088730691268
44,152,153,0.7039144109917645
44,153,154,0.8830634529388496
44,154,155,0.8793743975441916
44,155,156,0.8356219462896382
44,156,157,0.885083820603932
44,157,158,0.9010062515382607
44,158,159,0.8016284242718306
44,159,160,0.9358689332289897
44,160,161,0.6938278630905379
44,161,162,0.8568291622439361
44,162,163,0.8580093111358693
44,163,164,0.9918329804248185
44,164,165,0.6726389566704267
44,165,166,0.8618214042801207
44,166,167,0.9999999998761937
44,167,168,0.965276042415505
44,168,169,0.800772017883325
44,169,170,0.981112683118808
44,170,171,0.9687514862667431
44,171,172,0.7477191356960703
44,172,173,0.9396248564193774
44,173,174,0.73572048558085
44,174,175,0.876150555122112
44,175,176,0.7320658103827162
44,176,177,0.9386210996384188
44,177,178,0.9577963606199675
44,178,179,0.8810489486983526
44,179,180,0.8246110753746458
44,180,181,0.5788716637641749
44,181,182,0.5207595871928425
44,182,183,0.9355743443624891
44,183,184,0.8716481762794768
44,184,185,0.838103291155061
44,185,186,0.8499985838574167
44,186,187,0.7720951237466351
44,187,188,0.825235222844767
44,188,189,0.8757375811618988
44,189,190,0.9093071221046293
44,190,191,0.9849323923467819
44,191,192,0.9704938320321967
44,192,193,0.9090706018068146
44,193,194,0.8144904606112329
44,194,195,0.8474316300693802
44,195,196,0.8763991664633852
44,196,197,0.8293278836293271
44,197,198,0.7518069449627395
44,198,199,0.7108403020471614
44,199,200,0.8836717880819575
44,200,201,0.8487117368741169
44,201,202,0.9311014570417151
44,202,203,0.9999999636674819
44,203,204,0.7765504368787806
44,204,205,0.7682553218103831
44,205,206,0.9838748204610481
44,206,207,0.9574360177798951
44,207,208,0.9357559307390222
44,208,209,0.7176114890967903
44,209,210,0.8661053127802838
44,210,211,0.9493676358214647
44,211,212,0.9071726065924878
44,212,213,0.85152735076868
44,213,214,0.9625794595375957
44,214,215,0.8303383021488494
44,215,216,0.9244289224468337
44,216,217,0.8805494476195659
44,217,218,0.8063461457085513
44,218,219,0.9591222384589825
44,219,220,0.9153119400975177
44,220,221,0.9561217639605613
44,221,222,0.9057272370884183
44,222,223,0.9693261868189429
44,223,224,0.9736610834080863
44,224,225,0.9341320414745804
44,225,226,0.8753895191097785
45,0,1,0.9202124450166322
45,1,2,0.9708580958666443
45,2,3,0.8756085878954046
45,3,4,0.9684265665069959
45,4,5,0.8949268391791464
45,5,6,0.8665129267229174
45,6,7,0.8822464823619648
45,7,8,0.9355892936059097
45,8,9,0.9355882407597353
45,9,10,0.5309131074542799
45,10,11,0.5674637986907433
45,11,12,0.9999999999920093
45,12,13,0.8221686407895503
45,13,14,0.9690919026734285
45,14,15,0.7644719012293713
45,15,16,0.7346147476300432
45,16,17,0.9018887959016122
45,17,18,0.9684251116348995
45,18,19,0.8460945760546339
45,19,20,0.823988957148084
45,20,21,0.9431230127682301
45,21,22,0.8191160079067283
45,22,23,0.6709715987116016
45,23,24,0.9488604151626132
45,24,25,0.7284827563110067
45,25,26,0.8994033314748726
45,26,27,0.8716680296699838
45,27,28,0.8426262002067918
45,28,29,0.8590493257824224
45,29,30,0.7471727320734768
45,30,31,0.9292826890498994
45,31,32,0.924422427545225
45,32,33,0.8509779343670404
45,33,34,0.9581750652633607
45,34,35,0.8856891598400102
45,35,36,0.9892479512288012
45,36,37,0.966548805208578
45,37,38,0.8499458746099271
45,38,39,0.9999996290513136
45,39,40,0.9226782482530838
45,40,41,0.9322767351769328
45,41,42,0.9498632226858027
45,42,43,0.8942882416331365
45,43,44,0.9612460996682985
45,44,45,0.9611639282045955
45,45,46,0.9562137186811501
45,46,47,0.9828968288519953
45,47,48,0.9847506905218875
45,48,49,0.9775272494211105
45,49,50,0.9839168313963331
45,50,51,0.8857441666626839
45,51,52,0.8837052659462225
45,52,53,0.9118329328316481
45,53,54,0.884294527569678
45,54,55,0.9637858272262161
45,55,56,0.944168075358736
45,56,57,0.9658926857601677
45,57,58,0.8938501307350547
45,58,59,0.9063185670402427
45,59,60,0.9928217960831223
45,60,61,0.9763807243560202
45,61,62,0.9909045650390153
45,62,63,0.9913745452421531
45,63,64,0.9913824477309983
45,64,65,0.9999999979246904
45,65,66,0.9741174484711645
45,66,67,0.9853836965531051
45,67,68,0.9720064524094896
45,68,69,0.9775037707899888
45,69,70,0.8011023120250985
45,70,71,0.8232609062779904
45,71,72,0.9572360597067243
45,72,73,0.8365640960821644
45,73,74,0.8029735001269684
45,74,75,0.9072855031799192
45,75,76,0.8817207812473108
45,76,77,0.9667493957737586
45,77,78,0.8894777386337226
45,78,79,0.8950800492124562
45,79,80,0.9055680873573622
45,80,81,0.7026994207859292
45,81,82,0.7424514012029504
45,82,83,0.9171081107473944
45,83,84,0.9815312696559609
45,84,85,0.891858648290062
45,85,86,0.891862869995157
45,86,87,0.9624452291767861
45,87,88,0.945981595669733
45,88,89,0.8083378872559086
45,89,90,0.8069729593871188
45,90,91,0.9490521730837979
45,91,92,0.8762827797925906
45,92,93,0.733517363686372
45,93,94,0.9753252172069707
45,94,95,0.964538001047459
45,95,96,0.8052360068048091
45,96,97,0.7846252930730423
45,97,98,0.9914811180659997
45,98,99,0.9846900730861923
45,99,100,0.9846912543222506
45,100,101,0.9915074449580255
45,101,102,0.9914627888220968
45,102,103,0.9848462849642714
45,103,104,0.9568288546611294
45,104,105,0.9410330206419953
45,105,106,0.9918937654808494
45,106,107,0.9740779972218772
45,107,108,0.9696501341818767
45,108,109,0.9849436036617916
45,109,110,0.9927144673148003
45,110,111,0.9787260307781588
45,111,112,0.9751067983491742
45,112,113,0.9865025840884382
45,113,114,0.9810441153776664
45,114,115,0.9830960433979762
45,115,116,0.994430126456969
45,116,117,0.9619004175083732
45,117,118,0.9920060740317995
45,118,119,0.8591114483094511
45,119,120,0.8645419162937441
45,120,121,0.9902966401488027
45,121,122,0.7876284836175242
45,122,123,0.7805679471710699
45,123,124,0.7592456768476982
45,124,125,0.523834149264761
45,125,126,0.6957215289262357
45,126,127,0.981493237256065
45,127,128,0.931648402615683
45,128,129,0.7090900008903624
45,129,130,0.6764817115885032
45,130,131,0.9350159908231771
45,131,132,0.8417522712380274
45,132,133,0.8493013453684031
45,133,134,0.8485138566445262
45,134,135,0.9999999992671543
45,135,136,0.9918093008672983
45,136,137,0.9999999858640739
45,137,138,0.9830377149841969
45,138,139,0.724346372759111
45,139,140,0.9116089638870211
45,140,141,0.8836415520395313
45,141,142,0.7974068574474553
45,142,143,0.8251991687136313
45,143,144,0.9681022448163422
45,144,145,0.8412790716719191
45,145,146,0.9720087134998936
45,146,147,0.9773951851419084
45,147,148,0.8481319014422205
45,148,149,0.8287646699516841
45,149,150,0.8011191281055516
45,150,151,0.7836442760026753
45,151,152,0.9792835701070174
45,152,153,0.6484351109965877
45,153,154,0.8991588964691088
45,154,155,0.8875052610197558
45,155,156,0.8605253207616368
45,156,157,0.9807771655935458
45,157,158,0.9807774967281433
45,158,159,0.9640060284061824
45,159,160,0.9821781748604834
45,160,161,0.7488512916999984
45,161,162,0.8995770681277511
45,162,163,0.8537634004423448
45,163,164,0.9999999987481787
45,164,165,0.7514337805427252
45,165,166,0.8832653469930395
45,166,167,0.920423917937634
45,167,168,0.8324919453090599
45,168,169,0.7881653029512842
45,169,170,0.9123046566940581
45,170,171,0.7889945811292063
45,171,172,0.9264183132262857
45,172,173,0.9801109267369295
45,173,174,0.9604860035495805
45,174,175,0.8449312713940622
45,175,176,0.8746936203635671
45,176,177,0.9161083837958732
45,177,178,0.9685754985047279
45,178,179,0.8857113163630684
45,179,180,0.9137092065031904
45,180,181,0.631749903535561
45,181,182,0.5729840566984409
45,182,183,0.8954624766933842
45,183,184,0.9248809615418321
45,184,185,0.8709973661080281
45,185,186,0.9695602094992088
45,186,187,0.8715351468798158
45,187,188,0.6971414941150267
45,188,189,0.6573131551744847
45,189,190,0.9172313158658335
45,190,191,0.8982512835244024
45,191,192,0.8614842670968927
45,192,193,0.9709876976787893
45,193,194,0.8767672399852455
45,194,195,0.9368218318231879
45,195,196,0.8252930464580038
45,196,197,0.8088482559408103
45,197,198,0.8906161957692145
45,198,199,0.8109848899418527
45,199,200,0.9132779556586962
45,200,201,0.9019739600661638
45,201,202,0.8763193048617304
45,202,203,0.9308486746854435
45,203,204,0.8556191451799328
45,204,205,0.9193011536365816
45,205,206,0.8549929209384739
45,206,207,0.8476524664519497
45,207,208,0.9425785113719075
45,208,209,0.7880842028705731
45,209,210,0.8775725084595758
45,210,211,0.8924156447280736
45,211,212,0.898592939493019
45,212,213,0.9583751670862046
45,213,214,0.8542283483225142
45,214,215,0.8318823508617429
45,215,216,0.8945507089837226
45,216,217,0.9185284500131224
45,217,218,0.9377813136485205
45,218,219,0.9067006877946108
45,219,220,0.9253569656574243
45,220,221,0.8803228109617555
45,221,222,0.8960438825141872
45,222,223,0.8956933011739003
45,223,224,0.8901990713664714
45,224,225,0.8038718842493087
45,225,226,0.9491766820040433
46,0,1,0.8775538656415471
46,1,2,0.548440706845061
46,2,3,0.40939382062218316
46,3,4,0.6248884675607075
46,4,5,0.7983220433135007
46,5,6,0.8052978371333701
46,6,7,0.9610995309352302
46,7,8,0.7921347506333086
46,8,9,0.707762540997328
46,9,10,0.5378714280394162
46,10,11,0.6970730845410347
46,11,12,0.6757030716137897
46,12,13,0.7768910224535326
46,13,14,0.7440883837698593
46,14,15,0.8427164023172065
46,15,16,0.8751230456585407
46,16,17,0.8280873907646407
46,17,18,0.8891819370139448
46,18,19,0.8569844777787613
46,19,20,0.8532811344041588
46,20,21,0.6679037778196231
46,21,22,0.9342488151030948
46,22,23,0.9792733447618608
46,23,24,0.9330284424100642
46,24,25,0.731263187095343
46,25,26,0.7650154487042574
46,26,27,0.8380671896769218
46,27,28,0.9514648374070944
46,28,29,0.805824909290961
46,29,30,0.789462502269763
46,30,31,0.9473986298490444
46,31,32,0.9225622966462899
46,32,33,0.8013830664138236
46,33,34,0.9716708725267723
46,34,35,0.9913692363404549
46,35,36,0.9559256170884012
46,36,37,0.969010333295922
46,37,38,0.9690146024915347
46,38,39,0.8963420780202868
46,39,40,0.9155557570862625
46,40,41,0.9294629324035648
46,41,42,0.8852323352694691
46,42,43,0.8587949669043212
46,43,44,0.985439558213067
46,44,45,0.9853814975579596
46,45,46,0.999999983285224
46,46,47,0.9717804003592792
46,47,48,0.9999999617262821
46,48,49,0.9913973856052376
46,49,50,0.946083844291589
46,50,51,0.9899228990337041
46,51,52,0.9504464492519041
46,52,53,0.9909088835742965
46,53,54,0.9792313281455731
46,54,55,0.9864834629817767
46,55,56,0.9860556360769224
46,56,57,0.9861628806467295
46,57,58,0.9333919698614622
46,58,59,0.9999999965025296
46,59,60,0.9323314228290634
46,60,61,0.9656855973855063
46,61,62,0.9831215995970594
46,62,63,0.9914092510686928
46,63,64,0.9851794737391288
46,64,65,0.9925140632120244
46,65,66,0.9681895474908729
46,66,67,0.9738540390350857
46,67,68,0.9919007480371393
46,68,69,0.9859162475050061
46,69,70,0.9298232972411743
46,70,71,0.8825105302540271
46,71,72,0.8992093702763008
46,72,73,0.823780531552348
46,73,74,0.9230738415525057
46,74,75,0.957225484528482
46,75,76,0.9272885505565849
46,76,77,0.9918265005769038
46,77,78,0.9056434957592715
46,78,79,0.9168594243506306
46,79,80,0.8455510229001147
46,80,81,0.7230438941541829
46,81,82,0.6581148373593209
46,82,83,0.9822919234704945
46,83,84,0.9684238590411358
46,84,85,0.8108269698311726
46,85,86,0.8604782459611441
46,86,87,0.9503571700047391
46,87,88,0.9717858042750488
46,88,89,0.9235285492118434
46,89,90,0.7030220867859572
46,90,91,0.8555543572220278
46,91,92,0.7989452623966827
46,92,93,0.6870167568756758
46,93,94,0.9644533183453927
46,94,95,0.9697205318817351
46,95,96,0.7851477990762756
46,96,97,0.7797592594504581
46,97,98,0.9740513964136616
46,98,99,0.9858386066623601
46,99,100,0.9761928146962081
46,100,101,0.9805349874483988
46,101,102,0.9851964957454875
46,102,103,0.9568479366854773
46,103,104,0.9932389846193487
46,104,105,0.9628866744828437
46,105,106,0.9999998592657934
46,106,107,0.9909752829493892
46,107,108,0.9350880028484192
46,108,109,0.9880563808865714
46,109,110,0.9862081549602267
46,110,111,0.9732728236858367
46,111,112,0.9999996394798039
46,112,113,0.9786528352325349
46,113,114,0.970064360163407
46,114,115,0.9745905596680965
46,115,116,0.9621367629789297
46,116,117,0.9604291077552785
46,117,118,0.9861615334577409
46,118,119,0.9135963618551056
46,119,120,0.9095360086604521
46,120,121,0.9999998429941555
46,121,122,0.7335404698761328
46,122,123,0.8401543498317923
46,123,124,0.7607785681045363
46,124,125,0.6556155776897493
46,125,126,0.878044146431351
46,126,127,0.9474005058941586
46,127,128,0.9525083806066905
46,128,129,0.7309178364368161
46,129,130,0.7617399122909987
46,130,131,0.9400757340206588
46,131,132,0.893678705326234
46,132,133,0.9243900432276431
46,133,134,0.9724954647753986
46,134,135,0.9773841661593505
46,135,136,0.9429605813832425
46,136,137,0.9486238922847845
46,137,138,0.9999998880768584
46,138,139,0.7871581977283246
46,139,140,0.9073988894872789
46,140,141,0.9875911256619794
46,141,142,0.5721201693728407
46,142,143,0.7624563517744155
46,143,144,0.9204463552116593
46,144,145,0.9298438968034443
46,145,146,0.8531675057531808
46,146,147,0.9480217009778797
46,147,148,0.7576310085534472
46,148,149,0.9181847034306332
46,149,150,0.9735159043199783
46,150,151,0.90787555394528
46,151,152,0.9441342889491303
46,152,153,0.6966020150337057
46,153,154,0.9199129612888121
46,154,155,0.8715386414577021
46,155,156,0.9849313752607289
46,156,157,0.7923908825271339
46,157,158,0.8883512272222949
46,158,159,0.9508600970084087
46,159,160,0.8634361054516647
46,160,161,0.6690746261502087
46,161,162,0.9107619212527973
46,162,163,0.9330948856580795
46,163,164,0.9495946213645601
46,164,165,0.6516181001942514
46,165,166,0.8246155668386412
46,166,167,0.93317158746444
46,167,168,0.8822706065200245
46,168,169,0.9696650182247949
46,169,170,0.9391464492554119
46,170,171,0.737993536404687
46,171,172,0.8829290453668477
46,172,173,0.9359573604523671
46,173,174,0.9799883100628108
46,174,175,0.7383221303219087
46,175,176,0.7898513126928588
46,176,177,0.8997414062123471
46,177,178,0.9634167362477125
46,178,179,0.9338625909531543
46,179,180,0.9338694673386568
46,180,181,0.5514155804014907
46,181,182,0.5491907414765842
46,182,183,0.9097812164474312
46,183,184,0.7094900093650317
46,184,185,0.818365843747615
46,185,186,0.8810678563485466
46,186,187,0.8246514996105093
46,187,188,0.8634667848648552
46,188,189,0.895664060036306
46,189,190,0.8970422040605809
46,190,191,0.7797717002187083
46,191,192,0.7175382628451112
46,192,193,0.9200555689471259
46,193,194,0.9524557508964063
46,194,195,0.9290863587631064
46,195,196,0.9136180220068999
46,196,197,0.9539481884440852
46,197,198,0.8003856833625169
46,198,199,0.8805299357123386
46,199,200,0.9170441123006051
46,200,201,0.7517311683216239
46,201,202,0.9172297037145071
46,202,203,0.968417484562986
46,203,204,0.7360699180858431
46,204,205,0.8137747661696909
46,205,206,0.9240769388454968
46,206,207,0.978373044653977
46,207,208,0.948449470190262
46,208,209,0.8827208668270042
46,209,210,0.7931846484948839
46,210,211,0.8909276351345449
46,211,212,0.900589204044447
46,212,213,0.9862079289820725
46,213,214,0.9999999992728529
46,214,215,0.9035780338774418
46,215,216,0.8644857382155641
46,216,217,0.9070169913894554
46,217,218,0.9081769759462215
46,218,219,0.8623347267217394
46,219,220,0.9421592691808227
46,220,221,0.9433679934682934
46,221,222,0.933948187482606
46,222,223,0.9422620282873821
46,223,224,0.8706485988383823
46,224,225,0.8886692903328268
46,225,226,0.8918112230522642
47,0,1,0.802539542246217
47,1,2,0.7754693750733123
47,2,3,0.966273835203406
47,3,4,0.9357656571468586
47,4,5,0.9181802441109008
47,5,6,0.828099119407018
47,6,7,0.9609482051746777
47,7,8,0.7644757214290475
47,8,9,0.7983209825606634
47,9,10,0.7827499285737924
47,10,11,0.9999999999751525
47,11,12,0.97351191794033
47,12,13,0.650212908511721
47,13,14,0.7567706266026246
47,14,15,0.9261637388938121
47,15,16,0.8666659057101612
47,16,17,0.9018894769776032
47,17,18,0.9202093369892044
47,18,19,0.9202092526288492
47,19,20,0.7851960365097354
47,20,21,0.6679029466700998
47,21,22,0.8667482755952836
47,22,23,0.8007049927235994
47,23,24,0.6082084902962324
47,24,25,0.9538176737148294
47,25,26,0.9205536070961087
47,26,27,0.8489330757009631
47,27,28,0.7892558193927671
47,28,29,0.8952815710713217
47,29,30,0.9190008298174587
47,30,31,0.9190025023131538
47,31,32,0.8468228291300917
47,32,33,0.9177625136654786
47,33,34,0.9717953680469329
47,34,35,0.8598463449666651
47,35,36,0.8946930206771392
47,36,37,0.9088146210158747
47,37,38,0.9761295413754948
47,38,39,0.9774984396509243
47,39,40,0.9235395000095206
47,40,41,0.8949573784320557
47,41,42,0.8692007209905968
47,42,43,0.9642431860207471
47,43,44,0.983146878065323
47,44,45,0.9831492654433323
47,45,46,0.9914308119538692
47,46,47,0.9839052499738227
47,47,48,0.992237436865333
47,48,49,0.9922364670721553
47,49,50,0.8870318542874711
47,50,51,0.889248707317077
47,51,52,0.9367419019601789
47,52,53,0.9797478658922325
47,53,54,0.9496026069668109
47,54,55,0.9589555043235731
47,55,56,0.9663643197772646
47,56,57,0.9945405178014148
47,57,58,0.9658794207785679
47,58,59,0.9907112142394247
47,59,60,0.9771888190238449
47,60,61,0.9689241304011953
47,61,62,0.9735295916058105
47,62,63,0.9830382154053962
47,63,64,0.9612863971003369
47,64,65,0.9859892735144756
47,65,66,0.9922329852865805
47,66,67,0.9778971640504891
47,67,68,0.973027230156339
47,68,69,0.9847583784016293
47,69,70,0.9706543118909201
47,70,71,0.8197620529957117
47,71,72,0.8449677027729587
47,72,73,0.9345978417131247
47,73,74,0.7742975613990826
47,74,75,0.9918035167314057
47,75,76,0.9999998176502692
47,76,77,0.9999998062716076
47,77,78,0.9460609445323397
47,78,79,0.9735713149051162
47,79,80,0.9167479026393283
47,80,81,0.7744534504405101
47,81,82,0.6972174141578141
47,82,83,0.9639425821727745
47,83,84,0.9717228189114803
47,84,85,0.999999938356048
47,85,86,0.990906023900842
47,86,87,0.9037085448226783
47,87,88,0.9277168250138472
47,88,89,0.8692127085413701
47,89,90,0.9187094151034336
47,90,91,0.8519418806319595
47,91,92,0.8944304134380413
47,92,93,0.8109916943007905
47,93,94,0.946300961913258
47,94,95,0.9698077489824026
47,95,96,0.8522500861528036
47,96,97,0.8076972717513272
47,97,98,0.9909847941853926
47,98,99,0.9718779446829194
47,99,100,0.978492669286789
47,100,101,0.9999998648875396
47,101,102,0.992631380854888
47,102,103,0.9764393261699944
47,103,104,0.9922987606776978
47,104,105,0.9922796114994517
47,105,106,0.9922717487905685
47,106,107,0.9661375762140276
47,107,108,0.9759363753732669
47,108,109,0.9738648811766646
47,109,110,0.9540015944147763
47,110,111,0.9686329700863007
47,111,112,0.9642152365581526
47,112,113,0.981097093269539
47,113,114,0.9778868910995087
47,114,115,0.9886011927364052
47,115,116,0.9702978554264494
47,116,117,0.9651984230299376
47,117,118,0.9935980912185334
47,118,119,0.8632652705928039
47,119,120,0.8938761920207728
47,120,121,0.9833161928079823
47,121,122,0.6951459719213728
47,122,123,0.6520182747927129
47,123,124,0.7441421872374376
47,124,125,0.5506032287224775
47,125,126,0.7392643335989979
47,126,127,0.9347470405455628
47,127,128,0.8817595815142995
47,128,129,0.7199551425225178
47,129,130,0.6426074213233977
47,130,131,0.9239081467869512
47,131,132,0.8315864393746267
47,132,133,0.9090694102084499
47,133,134,0.8665694081036388
47,134,135,0.9839766850601463
47,135,136,0.9839346384239618
47,136,137,0.9918309782576745
47,137,138,0.9913655062134711
47,138,139,0.8149979359602684
47,139,140,0.9139416505211538
47,140,141,0.7888042305377118
47,141,142,0.8571647537881523
47,142,143,0.9462641302800884
47,143,144,0.9276927431565705
47,144,145,0.8239738060496833
47,145,146,0.6967514997407462
47,146,147,0.9675686066408203
47,147,148,0.5101867170463946
47,148,149,0.6502279751957526
47,149,150,0.9999999997505216
47,150,151,0.8727781765608176
47,151,152,0.9386350045355567
47,152,153,0.6769409231996728
47,153,154,0.8917443647722518
47,154,155,0.9030102514553017
47,155,156,0.9284809089502551
47,156,157,0.7937517289408339
47,157,158,0.7937402559015464
47,158,159,0.8716976484645285
47,159,160,0.8090516250185459
47,160,161,0.9019186451237771
47,161,162,0.9581210737972169
47,162,163,0.9310739792696818
47,163,164,0.9845329421168364
47,164,165,0.7708541578425486
47,165,166,0.9480354724173203
47,166,167,0.853199098129313
47,167,168,0.6602151141732016
47,168,169,0.981028662445059
47,169,170,0.9286848939602863
47,170,171,0.8140788047855112
47,171,172,0.9172155782747727
47,172,173,0.9999999991680235
47,173,174,0.9559052772757262
47,174,175,0.7801833738928051
47,175,176,0.9044053478689605
47,176,177,0.8246111893600621
47,177,178,0.7995368871617693
47,178,179,0.7406482743387645
47,179,180,0.9720146088199247
47,180,181,0.8053213306777904
47,181,182,0.628793124694792
47,182,183,0.8704389560869537
47,183,184,0.7318828740230026
47,184,185,0.774955294617946
47,185,186,0.9807777866172376
47,186,187,0.9206930997349113
47,187,188,0.9385504555664191
47,188,189,0.7999267386555589
47,189,190,0.9098881825795195
47,190,191,0.8960008590490319
47,191,192,0.8422678729478607
47,192,193,0.8373697662257017
47,193,194,0.9558359553605065
47,194,195,0.878621828685853
47,195,196,0.9340751556054885
47,196,197,0.922112620408128
47,197,198,0.9191934413389001
47,198,199,0.9265168351091442
47,199,200,0.9652262196909144
47,200,201,0.9245886656862646
47,201,202,0.8073283711399775
47,202,203,0.9476352565727457
47,203,204,0.8214505821383468
47,204,205,0.8654047141988562
47,205,206,0.9492884788699225
47,206,207,0.9698661743654033
47,207,208,0.9576113166744916
47,208,209,0.777935776871361
47,209,210,0.945475834174009
47,210,211,0.9216318737875161
47,211,212,0.9844466588099837
47,212,213,0.8438844608166401
47,213,214,0.9205844018111414
47,214,215,0.9316788627677705
47,215,216,0.9540214457579095
47,216,217,0.9401084326475971
47,217,218,0.9132108463177075
47,218,219,0.8949631310954104
47,219,220,0.9483804943739086
47,220,221,0.955221895267249
47,221,222,0.9087227498756456
47,222,223,0.8997946048098022
47,223,224,0.9107981271903288
47,224,225,0.7374266467784193
47,225,226,0.98077698896736
48,0,1,0.8949291085920129
48,1,2,0.957607298305762
48,2,3,0.886904189407421
48,3,4,0.882574819483455
48,4,5,0.9735096200766465
48,5,6,0.7957528491186918
48,6,7,0.9261647126959411
48,7,8,0.7080245110447737
48,8,9,0.8371263948148334
48,9,10,0.7679592913966358
48,10,11,0.8409461784241871
48,11,12,0.9999999999815947
48,12,13,0.81981879090014
48,13,14,0.9278688755456906
48,14,15,0.9703228320732243
48,15,16,0.7679630565976312
48,16,17,0.9536424788710557
48,17,18,0.8869000604338151
48,18,19,0.9999999999736793
48,19,20,0.9261661734535331
48,20,21,0.6452948130529325
48,21,22,0.8721179893644933
48,22,23,0.8537573782058332
48,23,24,0.8736851829159469
48,24,25,0.9999999999416077
48,25,26,0.9999999999118379
48,26,27,0.8522427863287977
48,27,28,0.938145581822182
48,28,29,0.7804124789730597
48,29,30,0.9760868536776589
48,30,31,0.9245434090133998
48,31,32,0.760383878091786
48,32,33,0.9426760722301674
48,33,34,0.9999999992699782
48,34,35,0.9908914921793363
48,35,36,0.8707559907458371
48,36,37,0.9169924749340159
48,37,38,0.9429782463438446
48,38,39,0.9719434181701034
48,39,40,0.9077294748242338
48,40,41,0.9319180122808906
48,41,42,0.9743781694300682
48,42,43,0.8603373481360722
48,43,44,0.9999998738904099
48,44,45,0.9999999534735686
48,45,46,0.9839419443477296
48,46,47,0.999999953148555
48,47,48,0.999999924334278
48,48,49,0.9763588947710443
48,49,50,0.9801830261935288
48,50,51,0.969684698939156
48,51,52,0.9725312344524402
48,52,53,0.9823210596188605
48,53,54,0.991896337732351
48,54,55,0.961524198278865
48,55,56,0.9782372129361379
48,56,57,0.9936544133373678
48,57,58,0.9392709648749121
48,58,59,0.9807861836494424
48,59,60,0.9736173177228278
48,60,61,0.9918223797089463
48,61,62,0.9838767779538263
48,62,63,0.9913918613033912
48,63,64,0.991863197934692
48,64,65,0.9839899437653609
48,65,66,0.9840055118069215
48,66,67,0.9759565654400582
48,67,68,0.9808031878398502
48,68,69,0.999999989866477
48,69,70,0.9215128735345756
48,70,71,0.9265121535959402
48,71,72,0.8602774108736434
48,72,73,0.860265703956745
48,73,74,0.8602636751123577
48,74,75,0.8034889497694278
48,75,76,0.8034454121267797
48,76,77,0.9738734145321493
48,77,78,0.9419643151725432
48,78,79,0.9411947860520976
48,79,80,0.8399439100567568
48,80,81,0.8895567913396708
48,81,82,0.7721597926731083
48,82,83,0.9553356762211536
48,83,84,0.9621864536770401
48,84,85,0.7305394949027118
48,85,86,0.7368846087987228
48,86,87,0.9460584714423194
48,87,88,0.9406316888942429
48,88,89,0.9839073392825177
48,89,90,0.633680535231275
48,90,91,0.9735193740934801
48,91,92,0.9999999996625745
48,92,93,0.6036440688966831
48,93,94,0.9662124650163176
48,94,95,0.9788195765967933
48,95,96,0.8276498301763585
48,96,97,0.8271410858560064
48,97,98,0.9655496899071162
48,98,99,0.9929144767575544
48,99,100,0.9932416334987814
48,100,101,0.9629490388228398
48,101,102,0.9839642661796859
48,102,103,0.9999998100831194
48,103,104,0.9854795976435455
48,104,105,0.9853974809888713
48,105,106,0.9865417419249844
48,106,107,0.9924077160207593
48,107,108,0.9930859721901665
48,108,109,0.9723849910677335
48,109,110,0.9777692677918004
48,110,111,0.9676797271786853
48,111,112,0.9398221740629231
48,112,113,0.9786241147110506
48,113,114,0.9582374164378614
48,114,115,0.9819672534637097
48,115,116,0.9784892612304145
48,116,117,0.9640427699249693
48,117,118,0.9869852357878922
48,118,119,0.8714383919163382
48,119,120,0.869343373254114
48,120,121,0.9949015095654352
48,121,122,0.7588289000304664
48,122,123,0.9172159595665201
48,123,124,0.8350701975262234
48,124,125,0.603529847158824
48,125,126,0.8017382621847428
48,126,127,0.7627605420957089
48,127,128,0.8382822502906183
48,128,129,0.8045036119194864
48,129,130,0.6951058314221621
48,130,131,0.958215790997936
48,131,132,0.9684510369151577
48,132,133,0.9504642856135156
48,133,134,0.9435486260677184
48,134,135,0.9528646903775013
48,135,136,0.9527473609302025
48,136,137,0.9203787698584754
48,137,138,0.9391349880096287
48,138,139,0.8040597655862959
48,139,140,0.8899982532910866
48,140,141,0.8262622942401502
48,141,142,0.8174214554604935
48,142,143,0.825832322959235
48,143,144,0.8915934165262299
48,144,145,0.7012589297010569
48,145,146,0.5163095495255121
48,146,147,0.6820304607684847
48,147,148,0.9197396827504994
48,148,149,0.9201504507067975
48,149,150,0.8969998791866616
48,150,151,0.817755164867146
48,151,152,0.8962173675350663
48,152,153,0.7062568606612765
48,153,154,0.9415910930597257
48,154,155,0.903441527675135
48,155,156,0.856899587118006
48,156,157,0.7105126485222218
48,157,158,0.7506248801366403
48,158,159,0.8059324354686271
48,159,160,0.9097679538845346
48,160,161,0.6870116678023859
48,161,162,0.8880689103601542
48,162,163,0.8969711355614699
48,163,164,0.9700425836952459
48,164,165,0.7611612721950589
48,165,166,0.9061526121656629
48,166,167,0.9400046220501627
48,167,168,0.797872994368903
48,168,169,0.9524284598495045
48,169,170,0.9407201430546908
48,170,171,0.8070200071831332
48,171,172,0.7808097462514682
48,172,173,0.9004267749663938
48,173,174,0.7742524065535035
48,174,175,0.9277870489763316
48,175,176,0.8486629689428706
48,176,177,0.8048889163362493
48,177,178,0.9760904801247822
48,178,179,0.9558969927844719
48,179,180,0.8351690627980716
48,180,181,0.5601845219602783
48,181,182,0.5303556765781203
48,182,183,0.958759850863143
48,183,184,0.9821780705130072
48,184,185,0.8837272402410327
48,185,186,0.8407663168791472
48,186,187,0.8670375430020819
48,187,188,0.9197654400237321
48,188,189,0.7932977488497567
48,189,190,0.8921217999943052
48,190,191,0.8431474528566462
48,191,192,0.7870766801502914
48,192,193,0.985336352478846
48,193,194,0.8916907182560997
48,194,195,0.9771983419956947
48,195,196,0.7827265272700872
48,196,197,0.8233928574957883
48,197,198,0.9611074321868898
48,198,199,0.9006220984752835
48,199,200,0.8390248392807392
48,200,201,0.8337809209107329
48,201,202,0.8996816709352091
48,202,203,0.8870499784722372
48,203,204,0.8978365894659679
48,204,205,0.8627893604802512
48,205,206,0.8348560654899793
48,206,207,0.976127110090788
48,207,208,0.9760996635905286
48,208,209,0.852948781788191
48,209,210,0.9626318804366419
48,210,211,0.9753489617781993
48,211,212,0.9721783351235405
48,212,213,0.9853786887254574
48,213,214,0.8985361709060788
48,214,215,0.9644708252784228
48,215,216,0.9394164540849425
48,216,217,0.9015196620779313
48,217,218,0.8123560752371493
48,218,219,0.9323081649786199
48,219,220,0.9069764243362899
48,220,221,0.9178133735396227
48,221,222,0.9802619384626923
48,222,223,0.9034572909502481
48,223,224,0.8568818050456822
48,224,225,0.9074586492073522
48,225,226,0.8373810283082064
49,0,1,0.913212900481401
49,1,2,0.9536417363805871
49,2,3,0.7905220049996684
49,3,4,0.8198205124473739
49,4,5,0.9261651529672261
49,5,6,0.9724406417430687
49,6,7,0.9105967946369486
49,7,8,0.9999999999840722
49,8,9,0.40900925081683265
49,9,10,0.40900986982047
49,10,11,0.9609487656486433
49,11,12,0.9638033617815912
49,12,13,0.8591916876076344
49,13,14,0.9783769760681095
49,14,15,0.9204305497330155
49,15,16,0.6551830840424202
49,16,17,0.9488608893423207
49,17,18,0.8457846049810243
49,18,19,0.6556283485876673
49,19,20,0.6939437973852333
49,20,21,0.7599567915374149
49,21,22,0.7814969542325052
49,22,23,0.8869023536474752
49,23,24,0.8569889680680611
49,24,25,0.9312993112811498
49,25,26,0.7532115550901087
49,26,27,0.889911747360869
49,27,28,0.7676569815222694
49,28,29,0.7676622885698823
49,29,30,0.8207219333763879
49,30,31,0.8836384167820083
49,31,32,0.8297951077123031
49,32,33,0.8382149057481844
49,33,34,0.9922122945572622
49,34,35,0.8838195328011555
49,35,36,0.9768178731753625
49,36,37,0.9894787294579245
49,37,38,0.9077522569951945
49,38,39,0.9641552699696233
49,39,40,0.9385620518409492
49,40,41,0.9072939528285204
49,41,42,0.8817183739808279
49,42,43,0.9694698671452976
49,43,44,0.9870214915384738
49,44,45,0.9999998372981467
49,45,46,0.9774929913466933
49,46,47,0.9914205930924207
49,47,48,0.9914328523723749
49,48,49,0.9774170680945979
49,49,50,0.9031447315126133
49,50,51,0.9128999308416067
49,51,52,0.9427011300140234
49,52,53,0.9317297574539978
49,53,54,0.9715262238107131
49,54,55,0.9880157435557131
49,55,56,0.9932445428452388
49,56,57,0.966315051363919
49,57,58,0.8776945955336612
49,58,59,0.9184853230428144
49,59,60,0.9913945816220335
49,60,61,0.9914089130799668
49,61,62,0.9999999812809613
49,62,63,0.9999999083281651
49,63,64,0.9999999918485172
49,64,65,0.9999999894912203
49,65,66,0.9999996502390235
49,66,67,0.9848028334148738
49,67,68,0.9776208011077354
49,68,69,0.991466225544147
49,69,70,0.8382478583659844
49,70,71,0.8461259990824155
49,71,72,0.8679544850937585
49,72,73,0.8933110142795113
49,73,74,0.85135465334279
49,74,75,0.9022749860063656
49,75,76,0.9914398759877561
49,76,77,0.9914448382685354
49,77,78,0.9125461145958162
49,78,79,0.906049393877499
49,79,80,0.7852507249931298
49,80,81,0.818050797857743
49,81,82,0.6484126563210718
49,82,83,0.9819826601453752
49,83,84,0.9766041707557048
49,84,85,0.8674394159791791
49,85,86,0.920276737495864
49,86,87,0.8265076204242311
49,87,88,0.9718782067745645
49,88,89,0.9381380123211372
49,89,90,0.7091240071817128
49,90,91,0.9748702867695016
49,91,92,0.8892113959759752
49,92,93,0.5896809363969507
49,93,94,0.9787356791570448
49,94,95,0.9856009509709711
49,95,96,0.8166749800213464
49,96,97,0.8247526610097924
49,97,98,0.9838371790775843
49,98,99,0.9999998964166101
49,99,100,0.9794503646295699
49,100,101,0.9929508022463577
49,101,102,0.9925927621926384
49,102,103,0.981735201928061
49,103,104,0.9454153086444022
49,104,105,0.9517527854367354
49,105,106,0.9741396340566856
49,106,107,0.9797098479795244
49,107,108,0.9849347236796622
49,108,109,0.9601629108014265
49,109,110,0.9601952556343668
49,110,111,0.9849110728261837
49,111,112,0.9848031709192514
49,112,113,0.9861410165229915
49,113,114,0.9873606796787712
49,114,115,0.987397283526863
49,115,116,0.9675829343024812
49,116,117,0.963738747647278
49,117,118,0.9855458736268612
49,118,119,0.866653600607082
49,119,120,0.867341903166242
49,120,121,0.9804773302247529
49,121,122,0.7250887958243047
49,122,123,0.6786779310831966
49,123,124,0.7205739881364843
49,124,125,0.508369542007443
49,125,126,0.6046069587503173
49,126,127,0.830706238609256
49,127,128,0.9349420578505115
49,128,129,0.6443363661641112
49,129,130,0.6895248912273072
49,130,131,0.9496616603048943
49,131,132,0.9637893403013643
49,132,133,0.8476044268946421
49,133,134,0.9444989704147752
49,134,135,0.9774429588839817
49,135,136,0.9327437894898785
49,136,137,0.9227017586935445
49,137,138,0.9838632215559256
49,138,139,0.9587575110864279
49,139,140,0.9371800120361995
49,140,141,0.8710956496657798
49,141,142,0.4758542962662481
49,142,143,0.517717497324561
49,143,144,0.8839016533925458
49,144,145,0.8280963440608053
49,145,146,0.6497441954738533
49,146,147,0.9839242390858124
49,147,148,0.8795411198610923
49,148,149,0.8839198435648957
49,149,150,0.9095869051733801
49,150,151,0.9791335030046765
49,151,152,0.8670327755112153
49,152,153,0.6446264645810318
49,153,154,0.9027057131911904
49,154,155,0.8968331572720989
49,155,156,0.7729374944200395
49,156,157,0.9537982853821814
49,157,158,0.898980938311305
49,158,159,0.9143436386381939
49,159,160,0.9410004026943743
49,160,161,0.7250717890602543
49,161,162,0.8108174466787712
49,162,163,0.8081485702466641
49,163,164,0.9921981120460373
49,164,165,0.7573885843663755
49,165,166,0.9111556829236537
49,166,167,0.8639261435338964
49,167,168,0.830517347761007
49,168,169,0.8703954526230155
49,169,170,0.9564838802664709
49,170,171,0.7721299930217269
49,171,172,0.7210904898603238
49,172,173,0.8570018816944057
49,173,174,0.6076975727140981
49,174,175,0.8821971834291679
49,175,176,0.8703445359744647
49,176,177,0.8976819799448682
49,177,178,0.9807731286647372
49,178,179,0.9639710063766909
49,179,180,0.9462165854680411
49,180,181,0.6609938697811217
49,181,182,0.6105348750761824
49,182,183,0.946129056034994
49,183,184,0.8787980798172909
49,184,185,0.9496941577630355
49,185,186,0.883667546985237
49,186,187,0.7821862345278291
49,187,188,0.8668757346018918
49,188,189,0.8479447637136006
49,189,190,0.8906878792097224
49,190,191,0.9873149370661753
49,191,192,0.9249911833060317
49,192,193,0.8571936492639016
49,193,194,0.8180703695328345
49,194,195,0.8618247309935488
49,195,196,0.9821727064419843
49,196,197,0.837832291254367
49,197,198,0.7278221885702872
49,198,199,0.8728931679343205
49,199,200,0.7560134487710681
49,200,201,0.8703357148998883
49,201,202,0.8764814763957449
49,202,203,0.9102757705623349
49,203,204,0.9555293475261866
49,204,205,0.9033790868369937
49,205,206,0.892697158586315
49,206,207,0.9326007372774465
49,207,208,0.9427961370673997
49,208,209,0.8457278223720781
49,209,210,0.916579708210314
49,210,211,0.8387684227154995
49,211,212,0.9649502183749586
49,212,213,0.8113050358608894
49,213,214,0.7532198541577783
49,214,215,0.8737911000636824
49,215,216,0.9726084117488152
49,216,217,0.9194534817525425
49,217,218,0.8334204598535491
49,218,219,0.9999999942983839
49,219,220,0.9296182846950134
49,220,221,0.9296304484708986
49,221,222,0.9424932266687445
49,222,223,0.8454920001371843
49,223,224,0.9037920711049104
49,224,225,0.9999999997610143
49,225,226,0.8190963466562498
