start_date,end_date,num_docs,cv,npmi,umass,diversity,tq,topics,topic_doc_counts
2024-09-26 00:00:01,2024-10-03 00:00:01,5653,0.6746159672058386,0.15757284949863232,-4.668853554591512,0.9619047619047619,0.646939888649707,"['cancer | passport | breast | ukraine | breastcancerawarenessmonth | vladimir | covid | test | travel | renew', 'kamala | community | help | helene | work | family | harris | federal | need | biden', 'israel | iran | attack | stand | hezbollah | must | missile | terrorist | defend | united', 'rosh | hashanah | year | new | wish | celebrate | jewish | shana | tovah | may', 'joe | biden | kamala | harris | iran | israel | administration | attack | world | weakness', 'jimmy | carter | birthday | president | happy | th | service | wish | we | thank', 'hate | haitian | racist | higgins | hindu | community | higgin | antisemitism | censure | place']","[193, 4451, 517, 159, 150, 118, 65]"
2024-09-29 00:00:01,2024-10-06 00:00:01,5526,0.7541881291307356,0.20784094137829254,-2.2391703805874643,0.9666666666666666,0.7301937793999146,"['work | kamala | act | american | make | joe | biden | job | house | family', 'community | great | work | service | help | thank | support | veteran | join | today', 'helene | hurricane | federal | emergency | disaster | help | county | agency | management | assistance', 'israel | iran | attack | stand | must | missile | ally | joe | biden | defend', 'kamala | border | harris | biden | joe | illegal | alien | management | agency | immigrant', 'rosh | hashanah | year | new | wish | celebrate | jewish | shana | tovah | may', 'care | abortion | medicare | donald | republicans | act | project | drug | health | trump', 'election | donald | trump | doj | vote | investigation | attempt | voter | secret | federal', 'jimmy | carter | birthday | president | happy | th | service | wish | legacy | compassion', 'strike | port | worker | economy | contract | union | joe | biden | ila | bargaining', 'star | gold | mother | family | sacrifice | honor | day | love | service | one', 'teacher | educator | worldteachersday | day | world | thank | happy | shape | student | inspire', 'cancer | breast | breastcancerawarenessmonth | awareness | detection | screening | early | month | survivor | woman', 'passport | lebanon | travel | citizen | state | statedept | renew | flight | embassy | online', 'violence | domestic | survivor | awareness | month | support | prevention | suicide | safe | help']","[1194, 1303, 732, 663, 435, 256, 216, 167, 115, 95, 86, 71, 69, 64, 60]"
2024-10-02 00:00:01,2024-10-09 00:00:01,5576,0.7517707022931598,0.19517243599653028,-2.9001391728072687,0.9823809523809524,0.7391940545759866,"['community | work | help | need | support | make | act | house | county | bill', 'israel | attack | hamas | hostage | terrorist | one | year | iran | stand | october', 'kamala | biden | joe | harris | illegal | border | management | agency | emergency | federal', 'veteran | service | housing | academy | community | honor | great | join | thank | help', 'helene | hurricane | federal | emergency | help | agency | management | assistance | disaster | county', 'rosh | hashanah | wish | new | year | celebrate | tovah | shana | may | jewish', 'milton | hurricane | evacuation | shelter | storm | county | florida | evacuate | please | mayor', 'election | donald | chinese | investigation | trump | security | communist | china | bureau | party', 'water | lead | pipe | environmental | clean | protection | replace | drinking | infrastructure | protect', 'manufacturing | economy | job | manufacture | manufacturingday | manufacturer | ohio | mfgday | business | work', 'medicare | care | donald | trump | cost | health | affordable | act | project | senior', 'child | care | family | childcareweekofaction | childcare | kid | cost | work | pay | affordable', 'teacher | worldteachersday | educator | day | world | happy | thank | shape | inspire | student', 'worker | port | strike | union | fair | contract | bargaining | ila | collective | economy', 'cancer | breast | breastcancerawarenessmonth | awareness | detection | screening | early | month | research | survivor', 'abortion | woman | reproductive | ban | supreme | court | care | freedom | donald | texas', 'farmer | farm | agriculture | bill | crop | producer | harvest | food | support | pass', 'game | wps | win | cumberland | night | football | player | cheer | congrat | go', 'vote | register | election | voter | registration | deadline | november | voice | voting | check', 'job | unemployment | economy | september | report | wage | growth | expectation | create | add', 'climate | energy | clean | reduction | act | emission | change | inflation | weather | rebate']","[1652, 899, 535, 464, 401, 250, 203, 194, 122, 112, 87, 77, 73, 70, 69, 68, 67, 67, 57, 55, 54]"
2024-10-05 00:00:01,2024-10-12 00:00:01,5518,0.8075400778511608,0.3107664525943856,-1.291923478137868,1.0,0.8075400778511608,"['kamala | hurricane | federal | help | community | need | milton | work | biden | joe', 'israel | hamas | attack | hostage | year | one | terrorist | october | people | stand', 'yom | kippur | wish | meaningful | fast | observe | mar | chatima | easy | tovah', 'daca | dreamer | court | homeishere | circuit | case | family | hear | th | argument']","[4521, 777, 153, 67]"
2024-10-08 00:00:01,2024-10-15 00:00:01,5059,0.7509113580745118,0.21923845080776166,-2.875812125362985,0.9818713450292396,0.7388215274512472,"['work | community | new | help | great | make | support | act | thank | woman', 'hurricane | milton | emergency | federal | management | helene | disaster | agency | county | florida', 'kamala | harris | biden | joe | border | illegal | election | administration | american | americans', 'yom | kippur | wish | meaningful | observe | fast | mar | chatima | easy | reflection', 'israel | hamas | iran | attack | hostage | october | jewish | must | terrorist | hold', 'birthday | navy | usnavy | happy | thank | sea | sailor | serve | brave | th', 'indigenous | people | indigenouspeoplesday | culture | day | native | contribution | community | history | honor', 'farmer | nationalfarmersday | farm | food | feed | work | day | thankafarmer | hard | agriculture', 'mental | health | worldmentalhealthday | crisis | help | text | care | call | ronald | one', 'child | care | childcareweekofaction | family | affordable | childcare | kid | accessible | democratic | party', 'veteran | honor | service | community | veterans | medical | join | serve | troop | hero', 'student | school | education | teacher | high | career | great | community | jimmy | civic', 'columbus | italian | day | happy | christopher | columbusday | celebrate | today | heritage | american', 'nationalcomingoutday | equalitycaucus | lgbtq | live | happy | come | openly | queer | authentic | lgbtqi', 'lead | pipe | water | drinking | replace | environmental | protection | clean | rule | infrastructure', 'daca | dreamer | court | homeishere | circuit | case | argument | hear | family | th', 'cybersecurity | chinese | fintech | security | legislation | china | national | cyber | act | communist', 'project | water | dam | lake | housing | river | infrastructure | million | improve | community', 'academy | nomination | application | service | military | apply | internship | interested | house | student']","[1803, 973, 526, 233, 206, 176, 139, 137, 129, 97, 94, 92, 73, 68, 68, 68, 61, 61, 55]"
2024-10-11 00:00:01,2024-10-18 00:00:01,4887,0.7720823721153756,0.23601531430501002,-2.513977454710026,0.9779411764705882,0.7567309813663572,"['work | community | make | service | act | support | house | great | help | join', 'kamala | harris | joe | biden | border | illegal | crime | administration | election | americans', 'hurricane | milton | helene | emergency | federal | management | disaster | agency | assistance | recovery', 'israel | hamas | sinwar | yahya | terrorist | hostage | attack | october | gaza | leader', 'community | project | business | water | million | infrastructure | proud | funding | great | federal', 'yom | kippur | wish | meaningful | observe | fast | mar | chatima | reflection | easy', 'indigenous | people | indigenouspeoplesday | day | culture | native | community | contribution | history | honor', 'medicare | enrollment | senior | drug | open | cost | prescription | plan | december | start', 'birthday | navy | usnavy | happy | sailor | serve | sea | thank | brave | th', 'farmer | nationalfarmersday | farm | feed | agriculture | producer | day | rancher | work | food', 'office | help | agency | hour | passport | federal | mobile | assistance | team | service', 'nationalcomingoutday | equalitycaucus | lgbtq | live | come | happy | lgbtqi | openly | queer | authentic', 'chinese | china | communist | military | vladimir | party | russia | john | taiwan | security', 'school | student | teacher | education | high | career | college | community | work | great', 'columbus | italian | day | happy | christopher | columbusday | today | celebrate | heritage | american', 'child | care | childcareweekofaction | childcare | family | affordable | head | kid | parent | tax', 'health | care | center | nursing | healthcare | access | medical | community | rural | discuss']","[2056, 551, 343, 331, 272, 247, 154, 153, 152, 119, 83, 83, 76, 75, 73, 64, 55]"
2024-10-14 00:00:01,2024-10-21 00:00:01,4486,0.7874434588342399,0.27757878695755267,-1.822466569676146,0.9800000000000001,0.772534936938928,"['kamala | community | harris | work | joe | biden | help | federal | make | need', 'israel | hamas | sinwar | yahya | terrorist | hostage | attack | october | leader | gaza', 'indigenous | people | day | indigenouspeoplesday | culture | community | native | history | contribution | honor', 'columbus | happy | day | italian | christopher | columbusday | celebrate | today | american | new', 'cancer | breast | breastcancerawarenessmonth | detection | early | awareness | month | screening | mammogram | nationalmammographyday']","[3763, 388, 157, 75, 54]"
2024-10-17 00:00:01,2024-10-24 00:00:01,4703,0.7998763193100363,0.2575454360368484,-2.411695772719114,0.9801470588235295,0.7851726065394172,"['kamala | joe | biden | harris | work | news | house | donald | administration | act', 'community | great | work | support | thank | help | water | family | new | proud', 'israel | sinwar | hamas | yahya | terrorist | hostage | attack | leader | october | death', 'kamala | border | harris | illegal | joe | biden | alien | country | immigrant | southern', 'hurricane | emergency | management | disaster | helene | agency | federal | assistance | recovery | milton', 'donald | trump | crime | report | investigation | secret | bureau | of | july | violent', 'kamala | joe | biden | harris | inflation | economy | debt | americans | administration | spending', 'abortion | woman | reproductive | access | control | birth | care | contraception | ban | health', 'app | academy | challenge | congressional | student | deadline | submit | nomination | application | apply', 'medicare | drug | cost | senior | enrollment | care | prescription | cap | open | insulin', 'lgbtq | hrc | scorecard | equality | proud | score | perfect | right | congressional | receive', 'vote | early | voting | election | ballot | mail | register | voter | day | location', 'office | federal | agency | help | assistance | need | team | hour | service | mobile', 'donald | tax | trump | stopproject | project | cut | taxis | class | would | cost', 'birthday | happy | vp | madam | wish | leadership | love | president | wonderful | vice', 'cancer | breast | breastcancerawarenessmonth | detection | early | screening | mammogram | month | nationalmammographyday | awareness', 'chinese | communist | china | party | dji | taiwan | drone | military | company | obama']","[1079, 1670, 348, 288, 169, 167, 151, 142, 108, 101, 100, 88, 72, 66, 53, 51, 50]"
2024-10-20 00:00:01,2024-10-27 00:00:01,4747,0.7912806132966537,0.2454073014189252,-2.38475811315642,0.9705128205128207,0.7701263801081315,"['donald | kamala | trump | joe | biden | house | harris | work | app | people', 'community | help | federal | thank | work | great | support | service | family | county', 'kamala | border | harris | illegal | joe | biden | migrant | open | immigrant | czar', 'israel | iran | stand | united | terrorist | ally | hamas | attack | nations | iranian', 'abortion | woman | access | reproductive | birth | control | contraception | ban | care | health', 'kamala | biden | joe | harris | inflation | energy | administration | economy | price | american', 'vote | election | early | voting | voter | ballot | register | mail | day | today', 'lgbtq | hrc | scorecard | equality | score | proud | perfect | congressional | receive | right', 'medicare | drug | cost | senior | enrollment | cap | price | prescription | low | care', 'secret | report | donald | trump | july | service | task | failure | interim | force', 'retail | crime | fightretailcrimeday | organize | combat | fighter | act | nrfnew | business | law', 'chinese | communist | china | drone | taiwan | party | dji | military | south | africa', 'tax | donald | trump | class | middle | cut | cost | corporation | republicans | project']","[1111, 2176, 353, 183, 162, 147, 139, 107, 88, 75, 75, 74, 57]"
2024-10-23 00:00:01,2024-10-30 00:00:01,4803,0.7431184031362709,0.2042352372224338,-3.281286956590141,0.967032967032967,0.7195948077350407,"['joe | biden | house | donald | kamala | trump | american | must | harris | academy', 'community | thank | help | work | federal | great | support | honor | first | new', 'kamala | border | harris | joe | biden | illegal | administration | czar | alien | migrant', 'israel | iran | united | terrorist | stand | nations | hamas | attack | ally | must', 'vote | election | ballot | early | voting | mail | voter | day | request | voice', 'kamala | joe | biden | harris | inflation | price | american | americans | administration | energy', 'abortion | reproductive | woman | access | ban | roe | care | birth | control | stopproject', 'crime | retail | fightretailcrimeday | organize | combat | fighter | act | business | gun | nrfnew', 'lgbtq | equality | hate | hrc | shepard | matthew | scorecard | lgbtqi | byrd | right', 'tax | pay | donald | class | corporation | republicans | middle | trump | cut | democrats', 'antisemitism | tree | synagogue | life | jewish | pittsburgh | hate | six | ago | year', 'chinese | communist | china | party | taiwan | military | dji | lynch | kamala | must', 'medicare | price | cost | drug | senior | cap | care | prescription | pharma | insulin', 'donald | trump | president | dictator | say | fascist | realdonaldtrump | hitler | rhetoric | election']","[902, 2430, 427, 176, 163, 113, 112, 97, 81, 71, 70, 57, 53, 51]"
2024-10-26 00:00:01,2024-11-02 00:00:01,5001,0.7699867084871823,0.21713802779410335,-2.479097062965734,0.9747368421052632,0.751490640032553,"['work | community | new | donald | make | help | family | house | kamala | great', 'vote | election | ballot | voter | early | voting | citizen | court | mail | day', 'million | infrastructure | port | water | clean | funding | energy | federal | rail | environmental', 'border | kamala | harris | illegal | joe | biden | alien | czar | migrant | open', 'halloween | happy | safe | fun | everyone | wish | treat | spooky | night | trick', 'israel | iran | stand | ally | terrorist | hamas | iranian | ukraine | must | unrwa', 'kamala | joe | biden | job | harris | economy | report | economic | inflation | americans', 'responder | first | nationalfirstrespondersday | day | thank | community | safe | keep | brave | firefighter', 'native | heritage | month | filipino | american | celebrate | culture | history | contribution | happy', 'diwali | light | celebrate | wish | festival | happy | may | prosperity | celebration | joy', 'biden | joe | donald | trump | garbage | investigation | of | bureau | call | president', 'medicare | care | health | enrollment | affordable | coverage | open | act | cost | plan', 'farm | farmer | agriculture | food | tour | ag | work | community | support | bill', 'veteran | honor | sacrifice | deploy | service | navy | family | military | medal | thank', 'antisemitism | hate | jewish | tree | synagogue | life | antisemitic | pittsburgh | ago | six', 'health | veteran | care | mental | center | healthcare | provide | support | senior | service', 'abortion | woman | ban | reproductive | care | freedom | access | roe | josseli | health', 'disaster | hurricane | emergency | management | agency | federal | helene | assistance | milton | recover', 'office | help | agency | federal | need | assistance | constituent | hour | reach | team', 'student | school | high | great | thank | talk | work | community | conversation | town']","[2047, 305, 290, 249, 208, 174, 173, 153, 147, 145, 142, 136, 134, 131, 127, 112, 111, 96, 65, 56]"
2024-10-29 00:00:01,2024-11-05 00:00:01,4860,0.8060358549810973,0.33877322077021926,-1.756778828501829,0.9666666666666667,0.7748557894392966,"['kamala | biden | joe | harris | community | make | work | vote | family | year', 'halloween | happy | safe | fun | everyone | wish | treat | night | spooky | trick', 'diwali | light | celebrate | wish | happy | festival | may | prosperity | celebration | joy', 'clock | daylight | back | time | hour | saving | end | set | tonight | sunshine']","[4465, 197, 145, 53]"
2024-11-01 00:00:01,2024-11-08 00:00:01,3703,0.7458908777364832,0.19256250468207786,-2.705490210344066,0.9708333333333333,0.7252704955336466,"['work | family | community | support | house | back | donald | new | act | trump', 'vote | election | day | voice | make | poll | today | polling | ballot | hear', 'kamala | harris | biden | joe | border | job | americans | administration | illegal | policy', 'donald | president | trump | america | congratulation | victory | elect | work | american | senate', 'veteran | honor | military | sacrifice | service | family | thank | hero | nation | community', 'water | project | million | infrastructure | grant | funding | new | community | port | federal', 'abortion | woman | ban | reproductive | freedom | right | care | roe | donald | protect', 'care | affordable | enrollment | health | coverage | open | act | daca | plan | healthcare', 'office | help | agency | federal | assistance | need | service | issue | constituent | passport', 'native | heritage | month | culture | american | nativeamericanheritagemonth | celebrate | contribution | history | tradition', 'emergency | management | disaster | hurricane | agency | helene | federal | damage | county | assistance', 'diwali | halloween | light | happy | celebrate | wish | festival | hope | everyone | celebration', 'los | de | muertos | love | memory | celebrate | we | honor | may | one', 'congress | district | serve | continue | honor | represent | constituent | term | thank | work', 'health | mental | support | nationalfamilycaregiversmonth | provide | care | disability | behavioral | caregiver | family', 'peace | iran | russia | vladimir | ukraine | azerbaijan | world | iranian | strength | war']","[1522, 499, 416, 288, 169, 132, 113, 85, 71, 70, 60, 60, 59, 57, 52, 50]"
2024-11-04 00:00:01,2024-11-11 00:00:01,3284,0.7156325887845076,0.16703741565013397,-2.5976571946632188,0.9651515151515152,0.6938317267270407,"['work | donald | support | trump | fight | family | house | americans | people | community', 'kamala | donald | president | trump | harris | biden | joe | border | america | american', 'veteran | community | honor | service | family | thank | help | county | local | support', 'vote | election | make | voice | day | poll | polling | today | hear | ballot', 'marine | birthday | happy | usmc | semper | thank | corps | nation | th | fi', 'congress | continue | district | work | serve | represent | honor | community | congressional | people', 'amsterdam | antisemitism | jewish | attack | antisemitic | must | violence | condemn | world | jews', 'office | agency | federal | help | assistance | need | service | constituent | issue | hour', 'smith | jack | federal | hold | trump | donald | accountable | court | investigation | must', 'care | affordable | health | enrollment | medicare | coverage | act | healthcare | open | plan', 'abortion | woman | reproductive | right | ban | protect | health | care | fight | roe', 'energy | american | gas | tax | clean | job | china | price | oil | cut']","[918, 726, 605, 423, 141, 87, 83, 66, 64, 61, 60, 50]"
2024-11-07 00:00:01,2024-11-14 00:00:01,3947,0.7380109198768174,0.23726759788280116,-1.6583090680844468,0.9666666666666667,0.7170209287239887,"['veteran | donald | day | trump | honor | work | thank | service | president | serve', 'marine | birthday | happy | usmc | semper | thank | corps | th | year | marines', 'amsterdam | antisemitism | antisemitic | jewish | attack | must | condemn | violence | world | jews']","[3668, 160, 95]"
2024-11-10 00:00:01,2024-11-17 00:00:01,4855,0.7449628578912616,0.20115518494880177,-2.898929878300229,0.973529411764706,0.7253462545070427,"['family | student | work | act | donald | community | support | trump | business | new', 'donald | trump | border | president | work | american | america | people | republican | agenda', 'veteran | honor | day | service | sacrifice | veteransday | thank | serve | nation | today', 'infrastructure | law | bipartisan | investment | road | three | year | water | bridge | project', 'woman | man | veteran | brave | nation | serve | day | sacrifice | honor | thank', 'health | care | healthcare | jr | rfk | medicare | open | enrollment | vaccine | coverage', 'marine | birthday | usmc | happy | corps | semper | th | marines | fi | corp', 'israel | ambassador | united | nations | hostage | hamas | antisemitism | jewish | repstefanik | must', 'social | security | benefit | socialsecurityfairnessact | public | servant | fairness | vote | earn | pass', 'emergency | management | agency | federal | disaster | political | avoid | trump | donald | answer', 'energy | climate | environmental | protection | gas | donald | trump | agency | cop | american', 'gaetz | matt | attorney | general | ethic | investigation | donald | committee | report | trump', 'office | hour | mobile | staff | federal | help | passport | agency | county | assist', 'pete | hegseth | defense | mike | johnson | security | national | secretary | michaelgwaltz | advisor', 'uapheare | uaphearing | uap | whistleblower | transparency | government | pentagon | truth | people | classification', 'farm | farmer | agriculture | bureau | producer | ag | rural | support | bill | organic', 'thxbirthcontrol | birth | control | abortion | right | reproductive | prochoicecaucus | accessible | freedom | fight']","[1494, 960, 701, 228, 194, 189, 186, 166, 128, 109, 106, 87, 71, 64, 62, 57, 53]"
2024-11-13 00:00:01,2024-11-20 00:00:01,5207,0.7399191857002331,0.16937364071628505,-3.14927732286247,0.9842857142857142,0.72851422123872,"['work | support | donald | community | family | business | make | house | trump | act', 'veteran | honor | service | family | serve | military | proud | va | sacrifice | nation', 'leadership | congratulation | work | leader | conference | republican | chair | thank | majority | forward', 'donald | trump | president | american | government | america | people | tax | agenda | elon', 'israel | woman | antisemitism | hostage | hamas | must | violence | gun | jewish | stand', 'infrastructure | law | bipartisan | investment | water | bridge | three | road | year | project', 'health | care | medicare | healthcare | coverage | affordable | enrollment | open | insurance | rfk', 'border | illegal | biden | joe | kamala | criminal | alien | harris | laken | riley', 'ukraine | vladimir | russia | war | putin | joe | biden | nuclear | cyber | russian', 'gaetz | matt | ethic | attorney | report | general | committee | investigation | release | justice', 'social | security | benefit | servant | socialsecurityfairnessact | fairness | public | vote | earn | pass', 'climate | energy | cop | oil | gas | environmental | clean | fossil | unleash | trump', 'management | emergency | agency | federal | answer | political | supporter | trump | donald | demand', 'education | student | teacher | americaneducationweek | school | educator | week | kid | future | opportunity', 'farm | farmer | agriculture | food | bill | rancher | producer | support | usda | stabenow', 'disaster | hurricane | helene | relief | help | emergency | assistance | rebuild | recovery | recover', 'office | hour | mobile | help | agency | federal | staff | county | assistance | passport', 'uaphearing | uapheare | pentagon | uap | audit | transparency | fail | people | deserve | whistleblower', 'pete | hegseth | defense | secretary | intelligence | donald | trump | military | president | pick', 'tune | live | newsmax | join | episode | et | iheart | show | cammack | rep', 'fafsa | student | deadline | aid | october | education | college | act | vote | delay']","[1825, 444, 371, 366, 312, 274, 207, 201, 158, 136, 121, 117, 111, 88, 76, 75, 75, 70, 68, 59, 53]"
2024-11-16 00:00:01,2024-11-23 00:00:01,5396,0.7217174520656596,0.16605949959658692,-3.225578541943281,0.9775384615384616,0.7056999879207481,"['work | make | family | house | act | today | community | year | donald | american', 'woman | violence | trans | transgender | hate | man | remembrance | lose | anti | day', 'donald | doge | trump | government | tax | musk | american | elon | president | people', 'israel | icc | hamas | benjamin | warrant | terrorist | antisemitism | sanction | netanyahu | arrest', 'ukraine | vladimir | russia | war | putin | china | joe | biden | hong | kong', 'border | biden | joe | illegal | kamala | alien | harris | trump | donald | secure', 'disaster | hurricane | fire | helene | emergency | relief | need | community | help | recover', 'infrastructure | water | bridge | land | law | million | investment | project | community | bipartisan', 'leadership | democratic | honor | congress | friend | work | forward | elect | chair | thank', 'veteran | va | benefit | care | dole | improvement | elizabeth | act | healthcare | century', 'gaetz | matt | ethic | report | release | committee | attorney | allegation | general | house', 'rural | health | care | hospital | access | healthcare | nationalruralhealthday | community | provider | quality', 'energy | climate | clean | production | oil | geothermal | cop | gas | fuel | fossil', 'honor | service | military | sacrifice | family | veteran | academy | hero | thank | serve', 'laken | riley | justice | illegal | murder | border | never | guilty | biden | joe', 'management | emergency | agency | federal | criswell | supporter | trump | donald | administrator | political', 'birthday | happy | potus | thank | wish | leadership | president | american | joe | biden', 'education | student | americaneducationweek | teacher | school | educator | week | department | support | public', 'office | hour | mobile | help | passport | federal | agency | county | constituent | team', 'nonprofit | vote | right | power | bill | organization | donald | hr | group | trump', 'tune | bsky | join | newsmax | pm | profile | app | bluesky | social | live', 'farm | farmer | agriculture | bill | producer | crop | rancher | houseaggop | stabenow | support', 'child | health | adoption | kid | vaccine | family | care | parent | brain | mental', 'medicaid | medicare | health | care | cut | affordable | oz | insurance | dr | cms', 'apprenticeship | career | nationalapprenticeshipweek | naw | ohio | opportunity | workforce | job | week | education', 'native | logo | month | heritage | history | nativeamericanheritagemonth | american | indigenous | tribe | celebrate']","[2013, 390, 352, 282, 209, 181, 171, 165, 146, 136, 116, 113, 109, 108, 103, 99, 99, 97, 76, 76, 75, 64, 59, 54, 52, 51]"
2024-11-19 00:00:01,2024-11-26 00:00:01,5401,0.7311345398949952,0.17510459896210717,-3.1238405472804707,0.9772307692307692,0.7141144284206754,"['work | donald | family | year | trump | president | make | new | american | service', 'woman | violence | trans | transgender | hate | man | remembrance | day | anti | bathroom', 'israel | icc | hamas | benjamin | warrant | terrorist | netanyahu | arrest | antisemitism | must', 'health | rural | care | medicare | healthcare | access | hospital | affordable | enrollment | medicaid', 'border | joe | biden | illegal | kamala | alien | harris | trump | donald | child', 'holiday | thanksgiving | season | food | community | thanksgive | thank | turkey | great | tree', 'doge | government | waste | musk | elon | vivekgramaswamy | caucus | spending | federal | taxpayer', 'energy | climate | clean | fuel | cop | oil | production | fossil | gas | business', 'ukraine | vladimir | russia | war | putin | joe | biden | russian | ukrainian | invasion', 'veteran | va | benefit | care | dole | improvement | bill | elizabeth | pass | healthcare', 'democratic | honor | elect | leadership | congress | work | chair | serve | forward | repjeffrie', 'water | land | bill | committee | federal | community | river | protect | pass | project', 'gaetz | report | ethic | matt | release | committee | attorney | general | house | allegation', 'laken | riley | justice | illegal | murder | border | never | guilty | biden | joe', 'nonprofit | tax | organization | vote | group | hostage | terrorist | power | bill | dei', 'birthday | happy | potus | thank | wish | leadership | president | american | biden | joe', 'management | emergency | agency | federal | disaster | criswell | supporter | trump | donald | administrator', 'donald | trump | president | realdonaldtrump | american | america | agenda | cabinet | mandate | tariff', 'disaster | hurricane | relief | helene | rebuild | emergency | funding | recover | need | help', 'championship | football | win | go | season | game | luck | team | state | cheer', 'office | hour | mobile | help | passport | federal | agency | county | staff | team', 'child | care | kid | parent | health | school | student | family | form | need', 'tune | newsmax | pm | join | tonight | foxbusiness | et | live | watch | youtube', 'farm | farmer | agriculture | bill | producer | crop | discuss | rice | rancher | industry', 'judge | confirm | judicial | district | nominee | senate | court | biden | joe | kamala', 'chinese | china | communist | iran | party | hong | kong | ronald | beijing | security']","[2246, 334, 277, 264, 199, 170, 155, 144, 143, 133, 119, 116, 110, 98, 96, 92, 91, 83, 78, 72, 70, 69, 64, 64, 59, 55]"
2024-11-22 00:00:01,2024-11-29 00:00:01,3852,0.5175964128950136,0.09319215252098259,-4.38789244354362,0.97,0.5088943330713975,"['piesofthank | year | fafsa | today | act | make | student | work | apprenticeship | thanksgiving', 'family | donald | work | trump | community | happy | thanksgiving | president | one | make', 'israel | ceasefire | hezbollah | hamas | hostage | gaza | lebanon | must | peace | agreement', 'win | championship | football | go | team | uni | state | game | congratulation | season', 'woman | holdtheline | violence | elimination | international | girl | noexcuse | day | man | right']","[388, 3111, 188, 89, 76]"
2024-11-25 00:00:01,2024-12-02 00:00:01,3245,0.6160792783477071,0.1818349984668125,-1.9010915687421426,0.9,0.5544713505129364,"['family | thanksgiving | happy | work | donald | trump | day | community | year | thanksgive', 'business | small | smallbusinesssaturday | local | support | shop | economy | community | saturday | shopsmall']","[2986, 259]"
2024-11-28 00:00:01,2024-12-05 00:00:01,3698,0.6778484909062461,0.18779755671407455,-2.3089891590949616,1.0,0.6778484909062461,"['joe | biden | family | work | donald | trump | happy | year | day | president', 'business | small | smallbusinesssaturday | local | support | shop | community | economy | saturday | shopsmall']","[3470, 228]"
2024-12-01 00:00:01,2024-12-08 00:00:01,4920,0.6826259252164012,0.18142117159950327,-3.463374141645451,0.984795321637427,0.6729798163807842,"['work | community | house | year | donald | act | trump | make | service | today', 'doge | government | musk | elon | work | cut | vivekgramaswamy | business | tax | spending', 'energy | disaster | water | relief | agency | federal | management | emergency | hurricane | climate', 'omer | hostage | hamas | israel | neutra | terrorist | iran | vladimir | hold | ukraine', 'joe | biden | pardon | hunter | son | president | lie | justice | crime | family', 'pearl | harbor | attack | sacrifice | lose | remember | day | honor | life | today', 'health | veteran | care | help | va | mental | need | access | benefit | service', 'border | illegal | donald | trump | alien | president | secure | criminal | immigration | city', 'holdtheline | child | care | woman | gender | protect | supreme | court | kid | tennessee', 'medicare | enrollment | open | drug | coverage | prescription | senior | plan | cost | pharmacy', 'chair | elect | congress | congratulation | leadership | caucus | work | colleague | forward | serve', 'student | community | school | intern | honor | thank | great | celebrate | internship | year', 'championship | football | win | luck | game | title | congratulation | season | good | coach', 'investigation | bureau | of | patel | kash | federal | director | donald | trump | nominee', 'christmas | tree | holiday | season | light | cheer | capitol | wonderful | ornament | student', 'pete | hegseth | defense | military | secretary | nomination | donald | department | trump | lethality', 'bus | rosa | movement | montgomery | boycott | parks | seat | civil | protest | spark', 'tune | live | newsmax | join | et | ct | pm | wake | news | episode', 'farm | farmer | bill | agriculture | producer | pass | rural | food | crop | dairy']","[1922, 443, 330, 284, 274, 250, 197, 193, 165, 133, 124, 106, 98, 89, 72, 72, 61, 54, 53]"
2024-12-04 00:00:01,2024-12-11 00:00:01,5183,0.6760362490165319,0.21726984654426898,-1.4911800404852094,1.0,0.6760362490165319,"['work | donald | trump | house | act | make | year | president | federal | people', 'pearl | harbor | attack | day | honor | sacrifice | remember | lose | life | today']","[4865, 275]"
2024-12-07 00:00:01,2024-12-14 00:00:01,5444,0.6974115616111842,0.18216590043623282,-3.257514672325547,0.9866666666666667,0.6885229497618431,"['work | act | bill | house | help | make | donald | need | trump | community', 'chairman | committee | work | congratulation | forward | look | friend | next | chair | congress', 'pearl | harbor | attack | remember | lose | sacrifice | day | honor | life | today', 'bureau | investigation | of | federal | joe | biden | kash | patel | wray | pardon', 'defense | authorization | national | act | military | fy | servicemember | pay | support | raise', 'syria | assad | syrian | iran | israel | regime | russia | hostage | hamas | vladimir', 'holiday | christmas | season | student | thank | great | academy | intern | office | team', 'border | biden | joe | kamala | illegal | harris | donald | immigration | trump | wall', 'water | resource | development | lake | infrastructure | wrda | project | river | pass | house', 'birthday | happy | guard | always | usnationalguard | thank | national | ready | nation | th', 'marriage | respect | right | law | sign | love | respectformarriageact | interracial | two | ago', 'doge | government | spending | musk | debt | elon | waste | work | vivekgramaswamy | taxpayer', 'president | donald | trump | realdonaldtrump | mandate | people | american | person | deliver | time', 'disaster | relief | hurricane | emergency | weather | helene | management | help | fire | farmer', 'family | prayer | loss | pray | michaelcburgess | difficult | burgess | christine | comfort | condolence', 'football | championship | win | army | game | navy | congratulation | beatarmy | go | luck', 'care | health | hospital | child | school | access | mental | rural | support | quality', 'child | online | protect | holdtheline | pass | kosa | kid | abuse | safety | elon', 'drone | jersey | new | threat | fly | federal | security | answer | sighting | activity', 'china | communist | chinese | party | threat | communism | national | security | act | must', 'medicare | health | drug | care | pharmacy | cost | price | affordable | healthcare | pbm', 'hall | town | office | telephone | join | mobile | host | question | december | pm', 'tune | pm | et | live | join | foxbusiness | podcast | come | morning | rep', 'penny | daniel | justice | alvin | mental | bragg | prevail | guilty | hero | health', 'pete | hegseth | secretary | defense | military | nominee | veteran | confirm | dod | support']","[1918, 325, 275, 264, 264, 252, 224, 213, 160, 158, 131, 125, 123, 103, 103, 102, 93, 90, 85, 84, 82, 75, 75, 66, 54]"
2024-12-10 00:00:01,2024-12-17 00:00:01,5477,0.717836858286467,0.18097636807017228,-3.1682581928128983,0.9830039525691702,0.7056206502640548,"['house | work | act | make | support | year | bill | pass | help | senate', 'chairman | committee | work | friend | congratulation | forward | look | serve | congress | next', 'defense | authorization | national | act | military | fy | servicemember | pay | support | raise', 'holiday | wreath | season | christmas | honor | thank | great | sacrifice | across | volunteer', 'gun | violence | school | sandy | hook | life | child | madison | family | community', 'tax | doge | donald | cut | government | trump | billionaire | billion | business | spending', 'bureau | investigation | of | federal | biden | joe | kash | wray | patel | pardon', 'syria | hamas | israel | ukraine | hostage | russia | terrorist | iran | vladimir | assad', 'border | joe | biden | kamala | illegal | immigration | wall | donald | trump | deportation', 'water | resource | infrastructure | development | lake | project | wrda | pass | house | act', 'birthday | guard | happy | always | usnationalguard | national | thank | ready | nation | th', 'navy | army | game | football | go | win | championship | beatarmy | beat | team', 'donald | president | trump | realdonaldtrump | person | american | america | mandate | people | time', 'drone | jersey | answer | new | threat | fly | federal | security | sighting | activity', 'health | care | hospital | access | rural | help | mental | discuss | support | program', 'disaster | relief | emergency | hurricane | management | weather | help | agency | federal | helene', 'drug | patient | care | health | pharmacy | medicare | pbm | price | cost | insurance', 'marriage | respect | law | sign | love | respectformarriageact | interracial | two | ago | sex', 'tune | et | pm | live | join | morning | come | foxbusiness | theanswer | tomorrow', 'hall | town | december | join | pm | telephone | constituent | help | question | agency', 'china | communist | chinese | party | threat | national | security | counter | act | military', 'child | holdtheline | abuse | online | kid | institutional | kosa | safety | protect | woman', 'right | freedom | constitution | ratify | amendment | billofrightsday | bill | first | ten | tea']","[2288, 312, 243, 236, 222, 218, 194, 187, 185, 180, 146, 129, 121, 119, 94, 91, 90, 87, 81, 75, 65, 57, 57]"
2024-12-13 00:00:01,2024-12-20 00:00:01,5670,0.7113103716450175,0.17689393075357607,-3.593905679345119,0.9870769230769232,0.7022726581144643,"['work | act | house | year | great | president | make | need | help | congress', 'government | musk | donald | trump | elon | republicans | people | shutdown | billionaire | spending', 'gun | school | violence | life | sandy | hook | madison | shooting | child | abundant', 'border | joe | biden | kamala | harris | wall | trump | donald | administration | secure', 'disaster | farmer | relief | emergency | farm | hurricane | management | need | assistance | help', 'water | drinking | infrastructure | clean | project | resource | development | safe | act | protect', 'veteran | health | care | va | robertkennedyjr | healthy | support | service | bill | make', 'birthday | guard | happy | always | usnationalguard | national | thank | ready | nation | service', 'israel | hamas | ukraine | hostage | vladimir | russia | gaza | day | terrorist | iran', 'defense | authorization | national | military | act | servicemember | senate | bill | pay | fy', 'navy | army | game | football | championship | beat | go | state | win | team', 'drone | answer | jersey | fly | authority | sighting | threat | new | activity | federal', 'committee | chairman | congratulation | work | forward | look | member | select | serve | chair', 'investigation | bureau | of | federal | kash | patel | donald | trump | report | doj', 'marriage | respect | law | love | sign | respectformarriageact | interracial | two | ago | sex', 'holiday | season | christmas | cheer | toy | joy | annual | great | spread | join', 'energy | climate | gas | export | lng | fuel | eeodayri | oil | year | cost', 'truth | gabby | guy | rustycanno | angel | randy | mludwig | chrisinohio | devilfrawg | americaninq', 'drug | pbm | patient | pharmacy | price | care | prescription | health | cost | reform', 'student | friend | community | thank | school | intern | work | education | career | office', 'tune | live | join | newsmax | foxbusiness | maria | pm | fox | foxnew | mornings', 'wreath | cemetery | honor | sacrifice | across | veteran | america | hero | volunteer | serve', 'china | chinese | communist | party | military | threat | tiktok | cyber | national | security', 'right | freedom | constitution | amendment | ratify | billofrightsday | bill | first | liberty | ten', 'child | abuse | institutional | parishilton | online | youth | act | kid | stop | residential', 'hall | town | telephone | join | pm | virtual | cryptocurrency | newsletter | wednesday | december']","[2093, 786, 240, 214, 201, 197, 180, 144, 137, 132, 122, 113, 109, 103, 103, 102, 99, 92, 88, 80, 63, 60, 57, 54, 51, 50]"
2024-12-16 00:00:01,2024-12-23 00:00:01,5757,0.698386763419239,0.17080615749182795,-3.6257640952076087,0.9820512820512819,0.6850032166724501,"['work | donald | bill | house | trump | congress | government | american | year | people', 'musk | elon | donald | trump | billionaire | government | republicans | shutdown | shut | republican', 'biden | joe | border | kamala | harris | trump | donald | illegal | president | administration', 'israel | hamas | hostage | vladimir | ukraine | gaza | russia | syria | day | iran', 'water | infrastructure | drinking | clean | act | safe | development | project | resource | senate', 'disaster | relief | hurricane | farmer | aid | need | helene | provide | assistance | bill', 'school | gun | madison | violence | life | abundant | shooting | christian | heart | tragedy', 'debt | spending | ceiling | trillion | president | trump | donald | limit | deficit | cr', 'shutdown | government | democrats | republicans | house | would | statement | keep | vote | avert', 'holiday | season | christmas | gift | cheer | celebrate | local | toy | time | community', 'energy | climate | gas | lng | export | biden | joe | cost | fuel | round', 'defense | national | authorization | military | act | senate | servicemember | fy | bill | raise', 'social | security | fairness | teacher | firefighter | benefit | servant | public | earn | officer', 'investigation | bureau | of | patel | kash | federal | justice | court | donald | cheney', 'truth | randy | gabby | chrisinohio | americaninq | devilfrawg | angel | rustycanno | guy | mludwig', 'championship | football | sport | state | win | team | coach | congratulation | ncaa | game', 'honor | hero | veteran | wreath | serve | sacrifice | cemetery | medal | vietnam | community', 'chairman | committee | chair | subcommittee | serve | work | vice | honor | th | thank', 'space | birthday | happy | spaceforcedod | force | guardian | sempersupra | th | thank | semper', 'drone | answer | threat | fly | concern | authority | federal | sighting | jersey | faa', 'tune | live | newsmax | join | foxbusiness | maria | mornings | with | pm | morning', 'veteran | va | care | service | benefit | dole | bill | pass | mental | provide', 'child | abuse | institutional | parishilton | act | youth | online | kid | stop | protect', 'amazon | worker | bureaucrat | strike | teamster | wage | condition | bargain | amazonteamster | union', 'china | chinese | communist | party | technology | tiktok | cyber | national | cybersecurity | must', 'mike | johnson | speaker | deal | government | musk | bipartisan | vote | bill | republicans', 'doge | caucus | waste | spending | meeting | government | efficient | cut | join | fraud']","[2868, 282, 238, 189, 185, 174, 147, 138, 126, 113, 110, 109, 106, 91, 90, 80, 77, 76, 72, 71, 66, 63, 62, 59, 56, 56, 53]"
2024-12-19 00:00:01,2024-12-26 00:00:01,4175,0.6600455170761267,0.15390370692524227,-5.053496892002146,1.0,0.6600455170761267,"['amazon | worker | strike | bureaucrat | teamster | corn | mexico | wage | condition | bargain', 'government | donald | trump | family | christmas | work | bill | year | president | house', 'hanukkah | light | happy | celebrate | wish | may | peace | sameach | festival | chag']","[60, 3936, 179]"
2024-12-22 00:00:01,2024-12-29 00:00:01,2541,0.6973298910015945,0.24404017226633143,-2.122423027474278,0.8666666666666667,0.5776413175643543,"['christmas | family | merry | year | work | holiday | biden | joe | one | help', 'hanukkah | light | happy | celebrate | wish | may | sameach | peace | festival | chag', 'kwanzaa | celebrate | unity | day | happy | wish | seven | reflection | joy | may']","[2175, 268, 98]"
2024-12-25 00:00:01,2025-01-01 00:00:01,2804,0.7960794632103896,0.2690014804158788,-1.550590845152151,0.9,0.7066542023652588,"['year | work | help | congress | federal | joe | biden | house | new | donald', 'christmas | merry | family | wish | love | holiday | joy | season | fill | celebrate', 'jimmy | carter | president | service | life | family | public | peace | pass | legacy', 'hanukkah | light | happy | celebrate | wish | may | sameach | festival | chag | jewish', 'kwanzaa | celebrate | unity | day | seven | wish | reflection | happy | joy | may']","[1610, 409, 406, 271, 97]"
2024-12-28 00:00:01,2025-01-04 00:00:01,3672,0.6989920856794438,0.12375852591739867,-1.6434214979565098,1.0,0.6989920856794438,"['new | year | work | congress | th | house | people | donald | get | trump', 'jimmy | carter | president | service | family | life | peace | public | pass | legacy']","[3266, 406]"
2024-12-31 00:00:01,2025-01-07 00:00:01,4465,0.7718264484564876,0.22999079160246735,-2.300352698405634,0.9508333333333334,0.7338525873104808,"['president | work | congress | donald | american | trump | house | people | america | get', 'congress | th | honor | work | swear | serve | district | represent | office | get', 'happy | year | new | wish | everyone | hope | happiness | health | fill | eve', 'democracy | capitol | election | ago | peaceful | four | power | today | january | transfer', 'orleans | attack | new | victim | family | pray | horrific | terrorist | prayer | enforcement', 'tune | go | join | season | live | game | thank | morning | show | good', 'donald | certify | president | trump | election | america | victory | today | realdonaldtrump | historic', 'speakerjohnson | speaker | work | congratulations | agenda | get | america | house | deliver | first', 'social | security | benefit | fairness | sign | act | public | law | servant | teacher', 'drug | medicare | prescription | cap | senior | cost | reduction | pocket | inflation | pay', 'mike | johnson | speaker | house | vote | trump | donald | agenda | president | speakerjohnson', 'energy | biden | joe | oil | offshore | american | ban | drilling | president | gas', 'border | secure | illegal | biden | joe | security | open | immigration | adversary | trump', 'snow | certify | dc | donald | president | election | stop | today | trump | snowy', 'stay | weather | winter | safe | warm | storm | please | road | emergency | travel', 'biden | joe | investigation | bureau | of | committee | deal | terrorist | plea | federal']","[1408, 722, 417, 342, 327, 206, 176, 157, 132, 109, 100, 90, 72, 72, 70, 65]"
2025-01-03 00:00:01,2025-01-10 00:00:01,6418,0.8027910725757799,0.23620233243909497,-2.409315898028935,0.9716931216931218,0.7814926377697029,"['work | donald | trump | new | american | america | congress | president | get | house', 'laken | riley | illegal | border | act | bill | alien | immigrant | vote | pass', 'congress | th | swear | honor | serve | district | work | represent | oath | term', 'fire | california | wildfire | responder | emergency | firefighter | impact | devastating | disaster | management', 'democracy | election | capitol | peaceful | ago | four | power | transfer | january | year', 'enforcement | law | day | appreciation | woman | man | thank | officer | community | brave', 'israel | icc | court | ally | hamas | hostage | sanction | illegitimate | international | counteraction', 'jimmy | carter | president | legacy | service | life | honor | pay | peace | respect', 'infrastructure | funding | water | project | million | grant | help | bridge | local | federal', 'speakerjohnson | speaker | congratulations | work | get | house | america | agenda | deliver | congratulation', 'social | security | fairness | benefit | public | teacher | sign | servant | earn | law', 'thank | repandybiggsaz | repnancymace | repclayhiggin | reptroynehls | rep | let | get | txrandy | repericburlison', 'certify | donald | trump | president | election | victory | america | historic | today | day', 'tax | cut | trump | donald | government | billionaire | congress | business | american | work', 'energy | joe | biden | ban | offshore | gas | drilling | american | oil | donald', 'stay | weather | winter | safe | storm | warm | please | road | update | local', 'mike | johnson | speaker | house | vote | agenda | trump | donald | speakerjohnson | president', 'office | agency | federal | assistance | hour | help | need | passport | mobile | team', 'tune | join | live | podcast | pm | et | morning | show | foxbusiness | tonight', 'investigation | bureau | justice | court | of | federal | alito | thomas | pipe | report', 'snow | certify | dc | election | donald | president | stop | snowy | trump | today', 'medicare | drug | prescription | cap | cost | senior | care | health | reduction | affordable', 'terrorist | orleans | attack | new | biden | joe | terrorism | threat | guantanamo | terror', 'maduro | venezuela | venezuelan | edmundogu | elect | mariacorinaya | people | freedom | regime | sosvenezuela', 'meta | fact | elon | speech | musk | zuckerberg | free | platform | check | censorship', 'vance | jd | vice | president | elect | certify | election | donald | trump | america', 'woman | sport | ix | girl | title | biological | man | holdtheline | compete | rewrite', 'debt | medical | credit | cfpb | report | score | ruin | loan | million | rule']","[2255, 520, 512, 393, 349, 213, 192, 171, 139, 136, 130, 127, 115, 112, 104, 90, 89, 89, 87, 85, 82, 79, 67, 61, 57, 57, 56, 51]"
2025-01-06 00:00:01,2025-01-13 00:00:01,6344,0.7905315079836489,0.22388557344194515,-2.731894856852745,0.9764550264550265,0.7724947917738598,"['donald | trump | work | new | president | get | great | america | make | american', 'fire | california | wildfire | emergency | responder | management | firefighter | disaster | impact | federal', 'laken | riley | border | illegal | act | bill | immigrant | alien | vote | pass', 'congress | serve | th | committee | work | district | honor | house | swear | member', 'democracy | election | capitol | ago | peaceful | four | january | year | transfer | power', 'enforcement | law | day | appreciation | officer | woman | thank | man | community | brave', 'icc | israel | court | ally | sanction | illegitimate | hostage | hamas | international | counteraction', 'jimmy | carter | president | legacy | service | honor | life | peace | pay | capitol', 'donald | certify | president | trump | america | election | victory | historic | great | realdonaldtrump', 'infrastructure | funding | million | project | announce | grant | improve | federal | help | investment', 'tax | cut | trump | donald | american | spending | government | work | republicans | congress', 'justice | donald | trump | political | judge | system | lawfare | witch | hunt | case', 'energy | joe | biden | ban | offshore | oil | american | gas | drilling | donald', 'social | security | benefit | fairness | teacher | public | servant | sign | earn | law', 'weather | stay | winter | safe | warm | please | storm | road | travel | update', 'maduro | venezuela | venezuelan | regime | edmundogu | elect | people | freedom | stand | mariacorinaya', 'office | agency | federal | assistance | help | hour | passport | need | team | service', 'care | affordable | health | medicare | coverage | drug | healthcare | prescription | cost | cap', 'snow | certify | dc | election | donald | stop | president | trump | snowy | today', 'tune | join | podcast | pm | live | episode | et | listen | radio | utm', 'conceal | carry | reciprocity | amendment | gun | constitutional | right | atf | state | reprichhudson', 'congratulation | weare | student | honor | school | mayor | service | sigma | pbs | dr', 'woman | sport | ix | title | girl | rewrite | strike | joe | biden | biological', 'vance | jd | vice | president | elect | certify | election | donald | america | trump', 'meta | fact | zuckerberg | speech | platform | facebook | check | free | censorship | elon', 'debt | medical | credit | cfpb | report | score | loan | ruin | financial | million', 'offshore | coast | oil | drilling | protect | drill | potus | coastal | ban | ocean', 'bless | thank | get | reallegendafg | gbo | let | beautiful | shawnryan | yes | god']","[2020, 631, 627, 337, 330, 231, 199, 190, 163, 163, 135, 114, 112, 107, 106, 99, 80, 76, 74, 70, 68, 67, 67, 62, 59, 55, 52, 50]"
2025-01-09 00:00:01,2025-01-16 00:00:01,6786,0.8192866597536891,0.2425234819764012,-2.126523069932856,0.9760869565217392,0.8017473786150654,"['work | congress | year | family | new | donald | great | trump | state | make', 'fire | california | wildfire | emergency | federal | agency | management | disaster | help | need', 'border | laken | riley | illegal | act | bill | immigrant | immigration | secure | joe', 'woman | sport | girl | sports | protection | vote | biological | compete | man | act', 'hostage | hamas | ceasefire | deal | israel | peace | gaza | agreement | release | return', 'joe | biden | china | cuba | communist | donald | chinese | taiwan | trump | terrorism', 'hegseth | pete | defense | military | secretary | pentagon | confirm | need | lethality | combat', 'committee | subcommittee | congress | serve | chairman | th | work | honor | chair | house', 'infrastructure | funding | million | project | announce | improve | grant | federal | bipartisan | help', 'enforcement | law | day | officer | appreciation | community | thank | man | brave | safe', 'president | donald | trump | cabinet | agenda | realdonaldtrump | nominee | america | senate | hearing', 'donald | justice | trump | system | political | judge | president | witch | hunt | lawfare', 'jimmy | carter | president | legacy | service | life | honor | rest | compassion | peace', 'tax | cut | business | trump | waysandmeansgop | donald | small | family | permanent | expire', 'energy | chris | wright | american | climate | oil | policy | unleash | gas | secretary', 'icc | court | illegitimate | ally | sanction | israel | counteraction | international | vote | criminal', 'healthcare | health | affordable | enrollment | coverage | care | plan | january | marketplace | enroll', 'thank | co | rephageman | sponsor | repandybiggsaz | rep | reptenney | txrandy | repericburlison | repmtg', 'maduro | venezuela | venezuelan | regime | dictator | people | democracy | edmundogu | freedom | mariacorinaya', 'conceal | carry | right | constitutional | amendment | reciprocity | atf | gun | state | second', 'white | donald | president | trump | america | days | house | day | back | week', 'weather | stay | winter | please | safe | storm | warm | county | road | local', 'korean | koreanamericanday | contribution | american | arrival | celebrate | americans | first | happy | immigrant', 'pam | bondi | general | attorney | pambondi | doj | justice | nominee | donald | atty']","[2530, 792, 400, 357, 334, 278, 264, 248, 217, 211, 119, 108, 107, 96, 92, 88, 87, 84, 75, 70, 61, 59, 56, 53]"
2025-01-12 00:00:01,2025-01-19 00:00:01,7234,0.7719310839458128,0.2210573103360981,-2.7977945780109303,0.9832183908045977,0.759288864230699,"['work | community | state | year | new | house | congress | honor | great | family', 'hostage | hamas | israel | ceasefire | deal | gaza | agreement | peace | release | return', 'wildfire | california | fire | disaster | emergency | management | federal | agency | help | aid', 'tax | cut | work | billionaire | donald | trump | small | business | republicans | federal', 'woman | sport | girl | sports | protection | vote | biological | compete | man | act', 'hegseth | pete | defense | military | secretary | pentagon | confirm | lethality | need | armed', 'chinese | china | tiktok | communist | taiwan | party | double | greenland | russia | ban', 'illegal | alien | violence | deport | woman | vote | domestic | bill | immigrant | crime', 'inauguration | ticket | ceremony | office | inaugural | capitol | donald | weather | commemorative | president', 'justice | bondi | pam | attorney | doj | general | smith | donald | jack | biden', 'biden | joe | president | farewell | kamala | year | america | failure | american | legacy', 'subcommittee | committee | serve | chairman | congress | honor | chair | house | th | work', 'infrastructure | million | grant | funding | project | federal | announce | news | community | investment', 'america | president | realdonaldtrump | donald | trump | great | day | days | white | agenda', 'energy | wright | chris | oil | american | clean | gas | unleash | dominance | climate', 'care | health | affordable | healthcare | coverage | enrollment | insurance | plan | marketplace | enroll', 'border | secure | cartel | trafficking | law | southern | human | president | fentanyl | enforcement', 'life | sbaprolife | abortion | scorecard | unborn | pro | rating | child | earn | proud', 'thank | repericburlison | reprussfulcher | txrandy | reptenney | let | rephageman | sponsor | repmcdowell | co', 'king | dr | birthday | luther | martin | jr | mlk | legacy | honor | equality', 'amendment | equal | era | constitution | right | law | land | ratify | equality | th', 'laken | riley | act | pass | senate | illegal | sarah | border | bill | immigrant', 'cuba | terrorism | sponsor | cuban | maduro | regime | joe | biden | designation | list', 'drug | medicare | prescription | senior | price | cost | negotiate | reduction | inflation | medication', 'cabinet | hearing | nominee | trump | donald | senate | confirmation | confirm | president | nomination', 'office | hour | help | passport | team | agency | federal | mobile | need | district', 'farmer | farm | agriculture | wheat | grower | usda | crop | bill | repair | agricultural', 'korean | koreanamericanday | contribution | american | arrival | celebrate | first | happy | day | community', 'gun | carry | conceal | atf | right | constitutional | amendment | firearm | reciprocity | second', 'tune | join | pm | newsmax | morning | watch | et | jordanklepper | come | comedycentral']","[2489, 438, 436, 413, 348, 283, 249, 229, 198, 190, 177, 174, 166, 143, 127, 114, 113, 97, 93, 89, 86, 82, 76, 74, 67, 66, 59, 54, 53, 51]"
2025-01-15 00:00:01,2025-01-22 00:00:01,8414,0.7590451850234712,0.2050603299534629,-2.7836251868922566,0.9788505747126437,0.7438753527672757,"['work | year | trump | donald | new | community | congress | make | biden | joe', 'president | inauguration | donald | trump | america | day | ticket | great | ceremony | th', 'hostage | hamas | israel | ceasefire | deal | gaza | agreement | peace | release | home', 'king | dr | jr | luther | martin | legacy | honor | justice | mlkday | equality', 'tax | cut | billionaire | government | doge | work | federal | donald | trump | spending', 'illegal | alien | violence | woman | vote | deport | domestic | bill | immigrant | commit', 'disaster | wildfire | fire | california | emergency | federal | aid | la | firefighter | management', 'border | cartel | secure | mexico | trump | donald | president | remain | terrorist | promise', 'tiktok | chinese | communist | china | taiwan | party | ban | double | security | bytedance', 'joe | biden | president | thank | pandemic | farewell | infrastructure | year | american | four', 'pardon | officer | police | assault | capitol | january | attack | donald | violent | trump', 'drug | medicare | prescription | senior | health | care | price | cost | act | reduction', 'committee | subcommittee | serve | veteran | chairman | honor | house | congress | work | member', 'marco | rubio | secretary | state | confirm | confirmation | congratulation | foreign | america | next', 'laken | riley | act | pass | senate | sarah | illegal | bill | immigrant | law', 'energy | american | wright | unleash | oil | chris | dominance | drill | trump | donald', 'woman | sport | girl | biological | compete | sports | man | female | protect | male', 'tune | join | pm | fox | foxnewssunday | discuss | episode | come | watch | talk', 'cecile | richard | reproductive | woman | right | parenthood | family | fight | champion | pass', 'amendment | equal | era | constitution | right | law | land | ratify | sex | joe', 'water | land | project | federal | groundwater | act | protect | forest | river | drought', 'pam | bondi | general | attorney | pambondi | doj | justice | ag | nominee | donald', 'sbaprolife | life | scorecard | unborn | pro | abortion | rating | earn | protect | proud', 'gobuck | football | onepride | championship | buckeye | go | win | lion | college | game', 'stay | winter | weather | warm | cold | warming | storm | snow | please | safe', 'vladimir | regime | putin | russia | iranian | ivanishvili | war | iran | georgia | georgian', 'pardon | joe | biden | fauci | preemptive | milley | anthony | president | crime | family', 'citizenship | birthright | constitution | order | amendment | unconstitutional | executive | th | bear | end', 'farmer | farm | agriculture | wheat | discuss | grower | repair | ag | bill | usda', 'pete | hegseth | defense | secretary | vote | senate | military | confirm | anonymous | unfit']","[2865, 1360, 509, 503, 287, 244, 230, 207, 199, 195, 140, 138, 129, 126, 119, 119, 101, 95, 91, 86, 85, 84, 69, 68, 68, 67, 61, 58, 57, 54]"
2025-01-18 00:00:01,2025-01-25 00:00:01,8588,0.7267778301059388,0.18630929533143906,-3.2269202123473293,0.9754621848739495,0.7094158331545085,"['work | donald | trump | make | america | president | new | thank | house | congress', 'inauguration | president | donald | america | trump | th | realdonaldtrump | great | day | today', 'king | dr | jr | martin | luther | legacy | honor | justice | mlkday | equality', 'pardon | officer | police | violent | attack | january | capitol | donald | biden | joe', 'forest | wildfire | fire | disaster | management | california | water | fix | federal | emergency', 'hostage | terrorist | israel | hamas | vladimir | houthis | home | iranian | putin | romi', 'border | secure | promise | biden | joe | trump | president | mexico | donald | southern', 'laken | riley | act | desk | illegal | pass | bill | law | sarah | head', 'ice | immigration | immigrant | deportation | illegal | raid | donald | mass | trump | criminal', 'energy | american | unleash | trump | donald | gas | dominance | wind | oil | production', 'life | march | unborn | pro | marchforlife | defend | sbaprolife | protect | every | today', 'drug | cost | prescription | medicare | price | low | cut | pharma | medicaid | senior', 'citizenship | birthright | constitution | amendment | unconstitutional | bear | order | executive | end | th', 'roe | wade | woman | right | reproductive | decision | anniversary | freedom | abortion | year', 'abortion | alive | bear | survivor | protection | baby | survive | life | care | medical', 'dei | federal | government | merit | base | doge | order | diversity | donald | trump', 'tiktok | china | chinese | communist | world | organization | security | party | ban | health', 'farmer | agriculture | farm | housing | rural | producer | subcommittee | committee | community | program', 'tune | seanhannity | pm | foxnew | join | tonight | watch | youtu | youtube | si', 'office | help | passport | hour | agency | mobile | service | team | rsvp | assistance', 'marco | rubio | secretary | state | confirm | congratulation | foreign | next | friend | america', 'tax | cut | business | small | taxis | family | axethedeathtax | job | waysandmeansgop | act', 'gun | violence | shoot | atf | survivor | community | school | antioch | shooting | pray', 'cecile | richard | woman | reproductive | right | parenthood | champion | fight | family | freedom', 'hegseth | pete | defense | secretary | confirm | nomination | senate | military | unqualified | floor', 'doctor | care | health | reproductive | republicans | woman | bill | abortion | criminalize | medical', 'stay | weather | winter | warm | cold | snow | road | safe | please | warming', 'vance | vice | jd | president | congratulation | realdonaldtrump | inauguration | donald | america | trump', 'joe | biden | president | four | thank | year | job | do | american | pandemic', 'tomorrow | day | almost | happen | good | damn | way | thisdayinhistory | today | exactly', 'woman | gender | sport | female | male | combat | girl | two | military | biological', 'cabinet | confirm | nominee | democrats | senate | trump | donald | get | president | vote', 'veteran | va | care | veterans | doug | repdougcollin | affairs | secretary | collins | deserve', 'intelligence | central | director | agency | ratcliffe | john | johnratcliffe | confirm | vote | national', 'endcitizensunite | citizen | money | unite | election | billionaire | democracy | musk | corporation | court']","[2876, 814, 483, 471, 317, 282, 264, 263, 198, 180, 164, 154, 152, 148, 145, 138, 123, 121, 111, 105, 92, 90, 89, 83, 82, 79, 78, 70, 69, 66, 64, 61, 54, 52, 50]"
2025-01-21 00:00:01,2025-01-28 00:00:01,8220,0.7443616889944474,0.20728310473827363,-3.055142141279736,0.9816399286987522,0.7305903393673773,"['donald | trump | work | president | make | america | american | congress | year | new', 'honor | king | office | great | inauguration | dr | community | team | service | jr', 'pardon | officer | police | violent | attack | capitol | donald | january | trump | assault', 'holocaust | million | remembrance | antisemitism | never | jewish | remember | day | international | six', 'terrorist | organization | vladimir | houthis | china | hostage | world | united | chinese | ally', 'forest | wildfire | management | disaster | california | fire | emergency | federal | fix | water', 'hegseth | pete | defense | secretary | military | confirm | woman | combat | pentagon | serve', 'tune | thank | youtube | si | morning | youtu | watch | join | pm | live', 'laken | riley | act | desk | illegal | law | pass | bill | head | sarah', 'border | secure | joe | biden | president | trump | southern | mexico | promise | donald', 'ice | immigrant | immigration | raid | deportation | donald | arrest | trump | illegal | criminal', 'president | america | white | trump | donald | first | house | potus | agenda | deliver', 'energy | unleash | american | donald | trump | environmental | oil | gas | industry | order', 'life | march | unborn | pro | marchforlife | defend | protect | sbaprolife | every | washington', 'citizenship | birthright | constitution | amendment | unconstitutional | bear | order | executive | end | th', 'roe | wade | woman | right | reproductive | decision | freedom | anniversary | abortion | year', 'abortion | alive | bear | survivor | protection | baby | survive | care | life | act', 'drug | cost | prescription | low | price | medicare | pharma | medicaid | cut | americans', 'tax | cut | business | salt | small | family | taxis | deduction | act | axethedeathtax', 'dei | federal | government | diversity | merit | order | discrimination | donald | trump | executive', 'bessent | scott | confirm | cabinet | treasury | nominee | senate | secretary | confirmation | get', 'veteran | va | care | freeze | health | doug | deserve | repdougcollin | veterans | hire', 'gun | violence | shoot | agent | survivor | community | shooting | antioch | family | pray', 'education | school | parent | child | choice | student | week | teacher | internationaldayofeducation | kid', 'colombia | colombian | petro | flight | maduro | president | regime | venezuela | cuba | cuban', 'farmer | agriculture | farm | rancher | producer | usda | food | rollin | rural | brookelrollin', 'doctor | care | health | reproductive | republicans | woman | bill | criminalize | republican | medical', 'marco | rubio | secretary | state | congratulation | confirm | america | foreign | interest | next', 'subcommittee | committee | chairman | house | congress | th | work | serve | member | honor', 'weather | winter | stay | cold | snow | warm | please | road | warming | county', 'homeland | kristinoem | noem | secretary | security | kristi | dhs | border | secure | confirm', 'inspector | general | independent | fire | purge | watchdog | corruption | fraud | waste | abuse', 'intelligence | central | director | agency | ratcliffe | johnratcliffe | john | confirm | vote | national', 'championship | flyeaglesfly | football | buckeye | bird | gobuck | go | super | bowl | chiefskingdom']","[2476, 497, 463, 369, 366, 360, 305, 250, 245, 236, 209, 200, 186, 173, 165, 151, 138, 136, 135, 112, 107, 98, 84, 83, 78, 78, 76, 73, 72, 65, 65, 62, 54, 53]"
2025-01-24 00:00:01,2025-01-31 00:00:01,8352,0.7343526848641381,0.19824023295090493,-3.3119998226902845,0.9715099715099716,0.7139851661058413,"['donald | trump | work | service | president | house | make | american | help | get', 'donald | federal | freeze | trump | funding | program | grant | administration | order | fund', 'responder | ronald | crash | pray | family | first | night | tragedy | dca | airport', 'community | great | work | honor | join | town | county | hall | birthday | happy', 'border | ice | criminal | immigration | illegal | donald | trump | immigrant | raid | alien', 'holocaust | million | remembrance | antisemitism | day | never | remember | jewish | international | six', 'tune | thank | appreciate | brother | live | join | youtube | pm | morning | week', 'disaster | wildfire | emergency | management | california | agency | fire | federal | hurricane | recovery', 'hegseth | pete | defense | secretary | military | confirm | pentagon | vote | woman | congratulation', 'laken | riley | law | act | sign | illegal | sarah | potus | president | bill', 'life | march | abortion | unborn | pro | protect | marchforlife | bear | proud | defend', 'america | president | first | trump | donald | agenda | back | realdonaldtrump | house | white', 'china | hostage | iran | terrorist | hamas | vladimir | ai | tariff | chinese | trade', 'kash | investigation | bureau | patel | of | intelligence | federal | director | gabbard | tulsi', 'energy | environmental | protection | agency | administrator | unleash | lee | leemzeldin | american | zeldin', 'rfk | jr | vaccine | health | robertkennedyjr | healthy | hhs | conspiracy | disease | make', 'year | lunar | new | happy | celebrate | snake | wish | prosperity | happiness | everyone', 'school | education | choice | parent | child | student | week | kid | educational | national', 'pardon | police | officer | donald | violent | capitol | trump | attack | assault | criminal', 'tax | business | small | taxis | cut | main | certainty | salt | act | street', 'colombia | colombian | petro | cuban | venezuelan | president | flight | donald | trump | tps', 'inspector | general | fire | independent | watchdog | corruption | purge | fraud | donald | trump', 'transportation | seanduffywi | duffy | sean | secretary | infrastructure | confirm | forward | congratulation | look', 'homeland | kristinoem | secretary | noem | security | kristi | border | dhs | secure | confirm', 'child | mutilation | gender | protect | kid | ideology | executive | order | surgical | procedure', 'israel | icc | trackaipac | lgrahamfangirl | sanction | court | democrats | senate | target | bill', 'cabinet | confirm | senate | democrats | nominee | president | delay | trump | donald | obstruct']","[2055, 1161, 626, 595, 437, 372, 287, 270, 227, 219, 218, 209, 204, 181, 165, 154, 140, 137, 135, 95, 81, 78, 74, 67, 58, 54, 53]"
2025-01-27 00:00:01,2025-02-03 00:00:01,8308,0.7830018233250807,0.23133128670622813,-2.6632494946340417,0.9829059829059829,0.7708658644612801,"['work | donald | trump | security | community | president | act | make | support | thank', 'donald | funding | federal | trump | freeze | program | administration | grant | fund | order', 'crash | responder | ronald | pray | tragedy | family | first | night | plane | dca', 'holocaust | million | remembrance | antisemitism | never | day | jewish | remember | international | six', 'border | biden | joe | illegal | criminal | ice | alien | deportation | trump | donald', 'tariff | price | canada | mexico | donald | cost | trump | fentanyl | trade | raise', 'town | hall | mayor | county | community | great | join | city | farmer | work', 'tune | live | join | pm | watch | win | sure | morning | karolineleavitt | foxbusiness', 'laken | riley | law | act | sign | illegal | potus | sarah | president | bill', 'secretary | transportation | confirm | bessent | scott | seanduffywi | duffy | sean | treasury | senate', 'rfk | jr | vaccine | health | robertkennedyjr | hhs | healthy | disease | conspiracy | make', 'year | lunar | happy | celebrate | new | snake | wish | prosperity | happiness | everyone', 'abortion | child | gender | protect | woman | care | life | transgender | ban | executive', 'black | history | month | blackhistorymonth | contribution | americans | celebrate | honor | achievement | story', 'america | president | realdonaldtrump | housegop | white | leadership | trump | donald | potus | house', 'school | choice | education | parent | child | student | week | educational | kid | national', 'china | communist | vladimir | iran | chinese | regime | iranian | putin | party | war', 'wildfire | disaster | emergency | management | fire | federal | agency | california | helene | recovery', 'pardon | officer | donald | police | trump | assault | capitol | law | investigation | violent', 'kash | patel | bureau | of | investigation | federal | director | confirm | need | hearing', 'student | young | community | academy | tour | school | mentor | service | visit | meet', 'energy | interior | secretary | dougburgum | unleash | burgum | dominance | doug | american | drill', 'hostage | keith | hamas | siegel | home | release | captivity | reunite | gaza | terrorist', 'musk | elon | government | system | billionaire | information | payment | treasury | access | security', 'birthday | happy | speakerjohnson | mike | johnson | friend | leadership | speaker | wish | sam', 'environmental | protection | agency | administrator | leemzeldin | lee | congratulation | zeldin | leezeldin | climate', 'file | revenue | internal | taxis | tax | free | service | directfile | direct | season']","[2180, 1264, 802, 431, 362, 311, 272, 214, 207, 204, 179, 169, 156, 155, 144, 142, 136, 132, 129, 127, 124, 108, 82, 80, 73, 66, 59]"
2025-01-30 00:00:01,2025-02-06 00:00:01,8702,0.7500507574741151,0.2063236680517862,-3.017389741553516,0.9794354838709678,0.7354823642176231,"['donald | trump | work | community | federal | act | year | new | make | house', 'musk | elon | usaid | government | billionaire | access | treasury | security | donald | payment', 'crash | responder | ronald | pray | tragedy | family | first | night | plane | tragic', 'tariff | price | canada | donald | cost | trump | trade | mexico | raise | grocery', 'black | history | month | blackhistorymonth | contribution | honor | celebrate | americans | rosa | achievement', 'woman | sport | girl | athlete | man | female | sports | biological | compete | day', 'border | biden | joe | ice | illegal | criminal | immigration | deportation | alien | secure', 'hall | town | county | sheriff | community | mayor | enforcement | meet | join | officer', 'energy | secretary | unleash | wright | interior | congratulation | dominance | american | chris | environmental', 'freeze | funding | federal | donald | trump | program | fund | impact | head | community', 'tune | live | foxbusiness | watch | pm | et | join | youtube | come | mhoffa', 'fentanyl | mexico | border | canada | drug | president | flow | halt | tariff | crisis', 'gaza | israel | east | benjamin | peace | middle | hamas | palestinians | netanyahu | donald', 'veteran | va | secretary | repdougcollin | care | doug | collins | serve | affair | veterans', 'education | school | kid | student | child | choice | parent | department | public | teacher', 'kash | patel | bureau | investigation | of | federal | director | confirm | hearing | epstein', 'wildfire | disaster | fire | emergency | management | county | firefighter | helene | federal | la', 'jr | rfk | vaccine | health | hhs | robertkennedyjr | healthy | vote | senate | conspiracy', 'water | farmer | farm | agriculture | ia | rural | producer | association | corn | meet', 'student | school | education | meet | young | program | great | high | mentor | opportunity', 'leadership | president | realdonaldtrump | america | strength | world | thank | donald | white | trump', 'attorney | general | bondi | pam | pambondi | justice | restore | ag | doj | law', 'investigation | bureau | of | donald | federal | pardon | trump | fire | agent | purge', 'cfpb | consumer | financial | chopra | director | bank | banking | protect | bessent | predatory', 'birthday | happy | speakerjohnson | wish | mike | johnson | friend | uso | thank | honor', 'abortion | reproductive | care | right | birth | contraception | health | freedom | doctor | travel', 'hostage | keith | siegel | hamas | home | release | captivity | reunite | terrorist | wife', 'cancer | worldcancerday | disease | research | cure | detection | early | treatment | screening | day', 'confirm | nominee | cabinet | senate | confirmation | donald | trump | president | get | senategop', 'intelligence | tulsi | gabbard | tulsigabbard | senate | national | director | nomination | committee | vote', 'iran | maximum | nuclear | iranian | pressure | regime | weapon | sanction | iraq | donald', 'democrats | house | republicans | election | voter | vote | poll | fight | democrat | people']","[2764, 974, 825, 382, 292, 286, 239, 212, 207, 201, 197, 163, 151, 151, 138, 137, 135, 113, 106, 104, 94, 93, 89, 84, 79, 79, 77, 76, 74, 72, 57, 51]"
2025-02-02 00:00:01,2025-02-09 00:00:01,9044,0.7592940227521567,0.19939583401604502,-3.1758639698179016,0.9871977240398292,0.7501876342377956,"['donald | trump | work | president | federal | make | government | musk | people | house', 'musk | elon | access | information | treasury | datum | billionaire | payment | social | personal', 'woman | sport | girl | man | female | athlete | biological | sports | compete | executive', 'tariff | price | canada | trade | donald | trump | cost | raise | mexico | grocery', 'usaid | aid | foreign | global | agency | world | shut | humanitarian | america | security', 'energy | production | american | unleash | dominance | wright | protect | fracke | chris | secretary', 'vought | senate | confirm | omb | floor | russ | nominee | russell | cabinet | director', 'fentanyl | halt | drug | act | enforcement | pass | crisis | law | substance | schedule', 'border | illegal | immigration | ice | criminal | alien | deportation | secure | joe | biden', 'black | history | blackhistorymonth | month | honor | rosa | celebrate | contribution | parks | legacy', 'veteran | va | secretary | repdougcollin | doug | collins | care | congratulation | serve | veterans', 'education | school | department | student | kid | child | teacher | public | parent | dismantle', 'federal | employee | worker | offer | donald | trump | buyout | court | resignation | workforce', 'sheriff | officer | enforcement | county | meet | law | community | safe | discuss | work', 'prayer | breakfast | antisemitism | god | morning | faith | national | bless | religious | campus', 'freeze | funding | federal | fund | donald | program | trump | health | head | start', 'cfpb | financial | consumer | bank | banking | financialcmte | business | regulator | bessent | regulatory', 'health | care | healthcare | rural | center | hospital | community | quality | primary | patient', 'disaster | wildfire | emergency | fire | management | hurricane | agency | california | firefighter | federal', 'win | happen | endwokeness | get | great | truth | thank | agree | good | guen', 'attorney | general | bondi | pam | pambondi | justice | restore | ag | doj | congratulations', 'gaza | palestinians | peace | donald | trump | proposal | hamas | east | would | middle', 'tune | live | et | pm | foxbusiness | watch | join | youtube | shortly | come', 'town | hall | telephone | pm | join | question | host | hear | february | rsvp', 'crash | plane | tragic | aviation | family | alaska | pray | tragedy | lose | victim', 'mexico | border | canada | fentanyl | flow | president | tariff | china | drug | trump', 'chinese | communist | china | party | deepseek | propaganda | influence | hamadeh | taiwan | committeeonccp', 'realdonaldtrump | president | leadership | win | white | another | america | trump | donald | thank', 'cancer | worldcancerday | disease | heart | research | cure | detection | early | day | lose', 'student | college | school | education | tribal | university | high | meet | washington | opportunity', 'dollar | waste | taxpayer | government | doge | spending | spend | abuse | american | corruption', 'iran | maximum | iranian | pressure | nuclear | regime | sanction | weapon | iraq | terrorism', 'israel | benjamin | netanyahu | prime | minister | ally | middle | east | meeting | states', 'farmer | farm | agriculture | ia | corn | iowa | biofuel | market | export | producer', 'jr | rfk | health | reject | nomination | vaccine | hhs | kennedy | robert | senate', 'vladimir | ukraine | putin | tunisia | sanction | russian | regime | russia | ukrainian | democracy', 'patel | investigation | bureau | kash | of | federal | director | agent | epstein | judiciary', 'water | rural | association | drinking | infrastructure | river | clean | meet | community | conservation']","[3675, 599, 344, 305, 263, 261, 254, 251, 248, 202, 166, 151, 142, 136, 133, 125, 118, 109, 100, 99, 98, 98, 97, 96, 88, 85, 82, 81, 80, 79, 69, 63, 61, 60, 59, 58, 55, 54]"
2025-02-05 00:00:01,2025-02-12 00:00:01,8595,0.7555219987179841,0.18744783813769902,-3.113268388956648,0.9869132290184921,0.7461061727597625,"['donald | trump | work | president | musk | federal | make | government | house | people', 'woman | sport | girl | man | female | athlete | biological | compete | sports | executive', 'vought | confirm | senate | director | omb | kash | patel | floor | russ | nomination', 'border | illegal | alien | criminal | secure | immigration | immigrant | sanctuary | ice | deport', 'musk | access | elon | information | personal | data | social | security | datum | treasury', 'fentanyl | halt | drug | act | enforcement | crisis | pass | law | substance | vote', 'energy | production | american | fracke | protect | unleash | dominance | biden | joe | act', 'musk | elon | government | donald | power | trump | takeover | billionaire | fight | people', 'town | hall | telephone | join | pm | question | host | hear | february | call', 'water | emergency | management | disaster | agency | wildfire | fire | hurricane | helene | federal', 'thank | nancymace | win | great | gunthereagleman | cspan | god | another | bless | get', 'gaza | israel | peace | benjamin | east | middle | palestinians | trump | donald | netanyahu', 'bowl | super | eagle | flyeaglesfly | superbowllix | superbowl | sblix | bird | win | go', 'education | department | student | school | child | kid | parent | public | teacher | dismantle', 'research | institutes | cancer | health | of | funding | national | cut | cure | medical', 'health | care | healthcare | center | rural | community | access | hospital | patient | provide', 'tariff | trade | canada | steel | price | trump | donald | cost | president | aluminum', 'usaid | foreign | aid | dollar | fund | abolish | million | agency | terrorist | taxpayer', 'cfpb | consumer | billion | financial | return | predatory | bank | agency | credit | big', 'black | history | blackhistorymonth | month | celebrate | honor | african | medal | contribution | first', 'waste | fraud | dollar | taxpayer | government | doge | abuse | spending | billion | dogecommittee', 'sheriff | officer | county | community | enforcement | law | meet | great | discuss | safe', 'federal | worker | employee | workforce | offer | resignation | servant | civil | labor | buyout', 'farmer | farm | corn | food | agriculture | producer | feed | usda | market | iowa', 'tune | live | pm | join | et | watch | listen | foxbusiness | shortly | talk', 'court | judge | supreme | law | donald | constitution | trump | judiciary | vance | check', 'chinese | china | communist | party | deepseek | hamadeh | influence | propaganda | adversary | ai', 'attorney | general | bondi | pambondi | pam | justice | restore | doj | ag | congratulation', 'funding | freeze | federal | program | head | start | donald | illegal | fund | impact', 'prayer | breakfast | morning | god | national | faith | pray | bless | rd | nation', 'college | student | education | university | high | tribal | school | dr | meet | community', 'crash | plane | tragic | alaska | aviation | victim | air | family | pray | tragedy', 'jr | rfk | abortion | reproductive | contraception | health | right | vaccine | birth | control', 'veteran | military | va | disabled | housing | family | spouse | benefit | introduce | bill', 'banking | bank | financial | digital | asset | regulator | crypto | financialcmte | industry | debanking', 'medicaid | cut | care | medicare | republicans | billionaire | tax | health | republican | family', 'vladimir | putin | ukraine | russia | war | russian | baltic | ukrainian | criminal | sanction', 'year | lunar | new | celebrate | honor | event | community | congratulation | attend | thank']","[3189, 338, 325, 299, 280, 270, 215, 208, 203, 199, 194, 188, 166, 154, 147, 145, 142, 136, 131, 130, 129, 120, 120, 104, 103, 99, 99, 93, 82, 81, 74, 70, 68, 68, 62, 59, 54, 51]"
2025-02-08 00:00:01,2025-02-15 00:00:01,8277,0.782930274466027,0.2107743289056841,-2.8160296070669997,0.9869095816464236,0.7729226540832674,"['donald | trump | work | president | federal | make | act | great | house | america', 'musk | elon | doge | government | waste | taxpayer | fraud | abuse | datum | access', 'hall | town | join | tune | pm | telephone | question | hear | live | february', 'republicans | cut | medicaid | budget | tax | republican | billionaire | care | trillion | pay', 'border | agent | illegal | officer | gonzalez | raul | law | criminal | enforcement | safety', 'jr | rfk | health | healthy | secretary | robertkennedyjr | john | kennedy | america | confirm', 'honor | service | air | thank | serve | family | community | military | great | year', 'cfpb | consumer | financial | bank | protection | billion | return | predatory | bureau | agency', 'research | institutes | of | health | cancer | national | cut | funding | cure | disease', 'farmer | agriculture | farm | brookelrollin | secretary | usda | producer | rollin | rancher | congratulation', 'bowl | super | eagle | flyeaglesfly | superbowllix | superbowl | win | bird | sblix | go', 'black | history | blackhistorymonth | naacp | month | civil | celebrate | right | douglass | slavery', 'court | judge | donald | constitutional | trump | law | executive | constitution | judicial | supreme', 'worker | federal | employee | veteran | labor | workforce | trump | donald | servant | afgenational', 'tariff | trade | canada | trump | donald | president | reciprocal | american | steel | aluminum', 'usaid | aid | foreign | fund | dollar | million | taxpayer | world | program | abroad', 'vladimir | ukraine | putin | russia | war | russian | sanction | ukrainian | nato | deal', 'care | health | rural | healthcare | center | access | patient | physician | community | hospital', 'valentine | happy | day | love | wife | forever | wish | beautiful | life | bride', 'intelligence | tulsi | gabbard | director | national | tulsigabbard | confirm | congratulation | confirmation | senate', 'weather | noaa | wildfire | disaster | stay | storm | winter | safe | emergency | forecast', 'kash | patel | investigation | bureau | confirm | of | senate | federal | vote | confirmation', 'college | student | education | community | workforce | meet | high | opportunity | discuss | university', 'business | small | regulation | rule | midnight | biden | joe | relief | act | paperwork', 'energy | production | dominance | american | fuel | clean | unleash | gas | oil | fossil', 'education | school | teacher | department | student | public | child | kid | dept | educator', 'price | inflation | cost | donald | egg | grocery | trump | promise | low | trumpflation', 'hostage | hamas | release | hama | terrorist | captivity | gaza | home | israeli | must', 'valentine | veteran | card | day | love | happy | elementary | student | appreciation | thank', 'water | lake | land | manatee | state | wilderness | mining | river | local | resource', 'chinese | china | communist | party | deepseek | espionage | influence | threat | hamadeh | ban', 'victim | woman | mace | rape | nancy | speech | predator | text | truth | man', 'veteran | va | housing | disabled | care | vet | act | congressman | access | bill', 'budget | resolution | agenda | deliver | president | reconciliation | spending | process | rein | trump', 'marc | fogel | home | russia | welcome | detain | release | wrongfully | finally | year', 'firefighter | fire | chief | safe | community | association | keep | responder | discuss | support', 'gun | stoneman | douglas | marjory | parkland | violence | school | seven | shooting | high', 'management | emergency | agency | hotel | luxury | federal | illegal | nyc | disaster | alien', 'fentanyl | drug | halt | xylazine | enforcement | deadly | law | opioid | crisis | trafficker']","[2655, 590, 418, 351, 338, 249, 224, 220, 180, 170, 167, 160, 144, 138, 136, 128, 123, 118, 116, 107, 107, 105, 103, 100, 98, 96, 96, 87, 83, 80, 78, 70, 70, 68, 65, 65, 64, 56, 54]"
2025-02-11 00:00:01,2025-02-18 00:00:01,7715,0.743869527090421,0.18742255772549202,-3.2659263171810355,0.9850202429149797,0.7331393093732943,"['donald | trump | federal | work | act | house | need | community | make | family', 'musk | elon | doge | waste | government | taxpayer | fraud | abuse | datum | access', 'hall | town | join | tune | pm | telephone | question | hear | live | host', 'cut | republicans | budget | medicaid | tax | republican | care | billionaire | trillion | pay', 'border | agent | officer | illegal | law | gonzalez | raul | enforcement | criminal | safety', 'rfk | jr | health | healthy | robertkennedyjr | secretary | john | america | kennedy | confirm', 'president | day | nation | happy | honor | today | presidentsday | lincoln | washington | great', 'vladimir | ukraine | putin | russia | war | nato | peace | sanction | russian | ally', 'worker | federal | veteran | employee | donald | trump | labor | fire | servant | va', 'tariff | trade | china | chinese | american | communist | reciprocal | canada | trump | donald', 'farmer | agriculture | farm | brookelrollin | secretary | rollin | rancher | producer | congratulation | usda', 'judge | court | donald | trump | constitution | constitutional | law | activist | judicial | order', 'research | institutes | of | health | national | cancer | cut | funding | alzheimer | medical', 'price | inflation | cost | donald | trump | egg | grocery | promise | low | housing', 'intelligence | tulsi | gabbard | director | tulsigabbard | national | confirm | congratulation | confirmation | senate', 'black | history | blackhistorymonth | naacp | civil | right | month | reparation | equality | legacy', 'valentine | happy | day | love | wife | forever | wish | beautiful | life | bride', 'hostage | hamas | sagui | gaza | home | release | israel | israeli | terrorist | captivity', 'energy | dominance | american | unleash | production | fuel | fossil | oil | clean | council', 'valentine | veteran | card | day | love | happy | student | elementary | thank | deliver', 'cfpb | consumer | financial | bank | protection | bureau | fee | predatory | protect | musk', 'thank | bless | scattygenoffice | god | nancymace | prayer | woman | lie | psalm | agalanwilson', 'college | student | education | community | workforce | meet | high | opportunity | career | discuss', 'usaid | foreign | aid | security | assistance | global | world | terrorist | national | taxpayer', 'gun | douglas | stoneman | marjory | school | violence | parkland | shooting | seven | high', 'rural | care | healthcare | health | physician | patient | access | doctor | community | medicare', 'weather | stay | flooding | noaa | safe | local | please | storm | rain | temperature', 'firefighter | fire | chief | safe | responder | community | keep | association | support | meet', 'water | lake | land | river | manatee | conservation | wilderness | protect | local | bipartisan', 'education | school | student | department | teacher | child | public | kid | dept | parent', 'rule | regulation | midnight | joe | biden | relief | congress | act | minute | last', 'veteran | va | care | housing | disabled | access | hamadeh | act | legislation | congressman', 'victim | woman | rape | mace | nancy | speech | sex | wilson | text | predator', 'bowl | super | winner | eagle | win | daytona | coach | championship | school | flyeaglesfly', 'marc | fogel | home | russia | welcome | detain | release | wrongfully | finally | year', 'air | cadet | service | meet | civil | patrol | great | force | chuck | honor', 'happy | day | president | presidentsday | potus | everyone | reminder | wish | great | elect', 'budget | resolution | agenda | deliver | process | spending | committee | president | house | housebudgetgop', 'kash | patel | bureau | investigation | of | federal | confirm | senate | director | vote']","[2448, 493, 377, 372, 313, 279, 257, 225, 179, 176, 155, 152, 125, 123, 118, 115, 113, 113, 98, 96, 93, 92, 91, 90, 82, 75, 73, 73, 72, 71, 71, 70, 68, 67, 67, 61, 61, 56, 55]"
2025-02-14 00:00:01,2025-02-21 00:00:01,6686,0.7064384758574807,0.20597460623919805,-2.854252005368444,0.923809523809524,0.6582305059223189,"['donald | trump | work | cut | community | make | federal | american | family | musk', 'vladimir | ukraine | putin | russia | war | donald | trump | volodymyr | europe | ally', 'president | day | nation | honor | happy | today | washington | great | america | presidentsday', 'hamas | hostage | israel | home | bibas | terrorist | day | murder | kfir | shiri', 'bureau | kash | investigation | patel | of | federal | director | confirm | vote | confirmation', 'happy | president | day | presidentsday | potus | white | everyone | donald | elect | reminder', 'secretary | commerce | lutnick | howard | howardlutnick | confirm | congratulation | marc | donald | vote']","[5412, 443, 244, 234, 206, 57, 51]"
2025-02-17 00:00:01,2025-02-24 00:00:01,6943,0.6858789462195307,0.18835254215896513,-3.4556309368454876,0.9476190476190476,0.6552404447993646,"['tax | axethedeathtax | death | japanese | repeal | postal | business | family | mail | speech', 'donald | trump | cut | work | make | community | people | federal | american | president', 'vladimir | ukraine | putin | russia | war | donald | trump | volodymyr | zelensky | dictator', 'bureau | investigation | kash | patel | of | federal | director | confirm | confirmation | vote', 'hamas | israel | hostage | bibas | murder | terrorist | shiri | kfir | ariel | must', 'president | day | nation | happy | today | honor | washington | great | america | presidentsday', 'happy | day | president | presidentsday | potus | white | everyone | donald | wish | elect']","[154, 5506, 384, 305, 297, 238, 59]"
2025-02-20 00:00:01,2025-02-27 00:00:01,8642,0.6836256228507368,0.15476929003498058,-3.4347345085502528,0.9778461538461538,0.6688093043453878,"['donald | trump | work | family | business | community | act | make | tax | american', 'medicaid | cut | republicans | budget | republican | billionaire | tax | vote | care | health', 'vladimir | ukraine | russia | putin | war | invasion | ukrainian | volodymyr | ally | stand', 'musk | elon | veteran | worker | federal | donald | trump | employee | fire | government', 'hall | town | pm | join | telephone | live | hear | tune | rsvp | host', 'budget | resolution | agenda | deliver | president | border | spending | first | america | american', 'bureau | investigation | kash | patel | of | federal | director | confirm | congratulation | confirmation', 'border | illegal | alien | criminal | cartel | immigration | crossing | trump | donald | joe', 'energy | joe | biden | gas | american | cost | natural | regulation | rule | oil', 'doge | waste | fraud | government | abuse | taxpayer | dollar | spending | federal | information', 'veteran | service | honor | member | guard | veterans | legion | support | thank | va', 'hamas | bibas | israel | shiri | hostage | kfir | ariel | murder | terrorist | evil', 'health | institutes | research | national | of | care | cancer | funding | cut | medical', 'student | school | education | teacher | college | program | high | great | public | visit', 'military | brown | secretary | general | driscoll | army | fire | dan | joint | chief', 'disaster | park | fire | wildfire | forest | emergency | water | management | federal | service', 'gunthereagleman | go | thank | good | win | nut | shawnryan | absolutely | get | shameful', 'china | chinese | communist | party | national | security | american | america | trade | taiwan', 'judge | court | atf | president | impeachment | donald | trump | law | constitution | order', 'black | history | blackhistorymonth | month | honor | celebration | african | essay | celebrate | blackhistory', 'farmer | farm | corn | ethanol | food | agricultural | price | agriculture | ag | crop', 'apple | trade | investment | greer | jamieson | job | innovation | manufacture | billion | america', 'mayor | community | city | local | together | week | work | meet | doug | leader', 'israel | aipac | antisemitism | jewish | ally | meet | great | support | relationship | syria', 'america | month | president | trump | donald | first | joe | biden | realdonaldtrump | golden', 'faa | safety | air | aviation | crash | traffic | safe | sky | plane | near']","[3395, 941, 501, 470, 270, 265, 230, 225, 219, 199, 198, 177, 177, 159, 155, 148, 128, 124, 122, 109, 102, 90, 62, 61, 58, 57]"
2025-02-23 00:00:01,2025-03-02 00:00:01,8968,0.6970815846318852,0.1556446814085519,-3.426035909170922,0.9756048387096774,0.6802845182676147,"['federal | donald | work | trump | act | make | doge | community | people | house', 'medicaid | cut | republicans | budget | republican | billionaire | tax | vote | care | house', 'vladimir | ukraine | putin | volodymyr | russia | zelensky | war | ally | president | donald', 'energy | joe | biden | gas | natural | american | heater | cost | water | regulation', 'border | illegal | alien | fentanyl | immigration | law | criminal | ice | cartel | immigrant', 'student | school | education | birthday | happy | great | teacher | state | high | university', 'resolution | budget | agenda | deliver | border | spending | first | house | secure | president', 'musk | elon | federal | email | worker | government | donald | trump | employee | servant', 'veteran | service | honor | legion | va | family | veterans | meet | member | hamadeh', 'hall | town | telephone | pm | join | question | rsvp | live | newsletter | hear', 'israel | hamas | iran | aipac | hostage | iraq | antisemitism | terrorist | jewish | terrorism', 'wildfire | water | fire | forest | noaa | park | disaster | weather | service | river', 'black | history | month | blackhistorymonth | honor | african | celebrate | legacy | celebration | contribution', 'president | america | maduro | thank | first | venezuela | trump | strength | leadership | donald', 'judge | court | investigation | bureau | donald | of | trump | impeach | federal | impeachment', 'military | secretary | driscoll | defense | army | dan | national | readiness | base | pentagon', 'ramadan | mubarak | wish | month | holy | reflection | observe | muslim | around | prayer', 'doge | waste | fraud | government | dollar | abuse | taxpayer | spending | federal | wasteful', 'tune | et | come | live | watch | si | youtu | news | ct | foxbusiness', 'price | flu | tariff | egg | bird | donald | trump | cost | outbreak | usda', 'veteran | va | fire | employee | musk | donald | trump | veterans | elon | serve', 'farmer | farm | agriculture | food | agricultural | corn | ag | ethanol | potato | crop', 'care | health | cancer | access | survivor | patient | rural | responder | funding | act', 'woman | history | month | womenshistorymonth | girl | sport | honor | celebrate | contribution | inspire', 'social | security | benefit | earn | senior | cut | half | office | musk | donald', 'communist | chinese | china | party | american | taiwan | bill | farmland | adversary | act', 'great | business | mayor | local | community | small | meeting | thank | meet | work', 'cfpb | consumer | financial | bank | protection | bureau | dismantle | donald | agency | trump', 'apple | investment | job | innovation | billion | manufacture | manufacturing | america | bullish | technology', 'measle | vaccine | rfk | child | jr | outbreak | die | texas | preventable | disease', 'dreamer | dream | homeishere | promise | repsylviagarcia | citizenship | act | neighbor | pathway | american', 'tax | hike | cut | taxis | family | expire | relief | small | extend | increase']","[2910, 956, 731, 380, 306, 303, 276, 255, 236, 206, 191, 168, 167, 162, 157, 153, 136, 129, 126, 116, 112, 100, 89, 82, 81, 78, 70, 70, 60, 58, 54, 50]"
2025-02-26 00:00:01,2025-03-05 00:00:01,9069,0.7586406661185262,0.18899437982050618,-3.1274686544449506,0.9801587301587303,0.7436895601319985,"['donald | trump | work | make | act | federal | community | today | year | president', 'vladimir | ukraine | volodymyr | putin | zelensky | russia | president | ally | donald | trump', 'medicaid | cut | republicans | budget | republican | vote | tax | billionaire | care | house', 'energy | biden | joe | gas | natural | american | heater | cost | water | rule', 'tariff | price | donald | cost | trump | canada | mexico | trade | economy | family', 'veteran | care | health | service | va | access | support | meet | cancer | discuss', 'farmer | farm | water | agriculture | food | river | support | community | agricultural | rural', 'veteran | fire | federal | worker | va | musk | employee | donald | trump | elon', 'budget | resolution | agenda | spending | deliver | border | step | first | house | tax', 'address | joint | tonight | president | congress | donald | trump | vision | hear | potus', 'hall | town | question | telephone | join | pm | rsvp | virtual | newsletter | march', 'musk | elon | doge | contract | government | faa | waste | taxpayer | abuse | fraud', 'border | illegal | biden | joe | crossing | secure | promise | president | immigration | trump', 'ramadan | mubarak | wish | holy | month | reflection | observe | muslim | around | prayer', 'social | security | benefit | earn | cut | musk | ponzi | elon | scheme | senior', 'america | president | first | vice | vance | thank | peace | strength | potus | trump', 'agalanwilson | thank | romcommystery | lie | correct | believe | good | disgrace | shawnryan | jaketapper', 'black | history | blackhistorymonth | month | african | honor | legacy | celebrate | civil | contribution', 'woman | sport | girl | athlete | man | compete | female | sports | biological | protection', 'judge | court | impeach | activist | judicial | supreme | donald | corrupt | trump | constitution', 'woman | history | month | womenshistorymonth | celebrate | honor | march | inspire | contribution | shape', 'israel | hamas | hostage | aipac | terrorist | jewish | barnard | israeli | home | gaza', 'student | school | great | enjoy | high | university | visit | teacher | bright | future', 'sanctuary | mayor | city | alien | illegal | ice | law | denver | criminal | immigration', 'education | school | student | department | teacher | public | child | protectourkid | educator | kid', 'cfpb | consumer | financial | dismantle | bank | bureau | protection | court | agency | amicus', 'dreamer | dream | citizenship | homeishere | promise | repsylviagarcia | act | pathway | american | proud', 'wildfire | fire | responder | firefighter | community | safe | emergency | first | carolina | support', 'birthday | happy | florida | state | ohio | sunshine | celebrate | strawberry | year | th', 'mcmahon | education | linda | secretary | confirm | department | congratulation | student | confirmation | vote', 'china | communist | chinese | party | deepseek | adversary | national | american | technology | threat', 'fentanyl | border | drug | china | flow | mexico | deadly | crisis | overdose | stop', 'tune | youtu | watch | si | live | full | et | remark | foxnew | join', 'lincoln | balart | friend | prayer | love | family | az | mia | diaz | entire', 'flu | bird | egg | price | outbreak | usda | avian | farmer | secrollin | producer', 'office | help | agency | federal | passport | team | casework | hour | assistance | need']","[3485, 672, 649, 332, 308, 271, 228, 222, 209, 190, 183, 176, 146, 139, 133, 129, 128, 120, 114, 112, 105, 100, 79, 75, 72, 71, 68, 68, 68, 63, 63, 62, 59, 59, 56, 55]"
2025-03-01 00:00:01,2025-03-08 00:00:01,10853,0.7373990771720007,0.18741873250421484,-3.6109103861983565,0.9867226890756303,0.7275419271118364,"['donald | trump | president | work | make | america | american | federal | house | congress', 'president | address | joint | donald | trump | tonight | congress | america | american | potus', 'tariff | price | cost | donald | trump | trade | canada | grocery | family | mexico', 'vladimir | ukraine | volodymyr | putin | zelensky | russia | ally | peace | war | donald', 'energy | joe | biden | regulation | american | rule | investment | america | business | unleash', 'musk | doge | elon | waste | government | fraud | abuse | taxpayer | money | billion', 'border | illegal | secure | biden | joe | crossing | president | promise | alien | trump', 'veteran | va | fire | employee | federal | worker | care | musk | donald | service', 'medicaid | cut | republicans | budget | care | health | billionaire | republican | tax | would', 'turner | sylvester | houston | pass | congressman | sadden | friend | family | love | prayer', 'social | security | benefit | musk | earn | cut | elon | senior | ponzi | pay', 'woman | sport | girl | man | female | athlete | compete | biological | male | common', 'farmer | community | farm | great | water | wildlife | discuss | credit | project | business', 'firefighter | wildfire | responder | fire | emergency | disaster | community | county | management | safe', 'hostage | hamas | israel | antisemitism | terrorist | columbia | campus | university | gaza | home', 'sanctuary | city | mayor | denver | mike | johnson | illegal | ice | law | boston', 'right | voting | lewis | john | advancement | bloody | selma | vote | sunday | march', 'education | mcmahon | linda | department | student | school | secretary | confirm | teacher | public', 'town | hall | question | pm | join | telephone | host | march | rsvp | newsletter', 'judge | court | law | order | judicial | pardon | impeach | donald | trump | january', 'woman | history | month | womenshistorymonth | celebrate | honor | shape | contribution | march | inspire', 'veteran | veterans | service | honor | benefit | war | support | vfw | member | nation', 'student | young | school | future | leader | youth | high | meet | program | education', 'fentanyl | drug | cartel | flow | mexico | border | crisis | china | overdose | deadly', 'chinese | communist | china | panama | party | canal | screenact | influence | oscar | threat', 'cancer | health | institutes | research | of | disease | dr | national | patient | medical', 'censure | green | al | rep | behavior | house | decorum | vote | resolution | address', 'lie | start | get | weird | enough | let | normalize | dumb | confirm | stuff', 'democrats | cancer | democrat | stand | clap | survivor | old | party | refuse | dem', 'tune | live | instagram | watch | youtu | si | et | cnn | kaitlancollin | full', 'agalanwilson | bennyjohnson | thank | correct | nancymace | gutfeldfox | jarvis | weare | eginne | wesleyhunttx', 'ramadan | mubarak | reflection | holy | wish | month | muslim | observe | around | prayer', 'proact | worker | union | right | pro | organize | labor | wage | condition | protect', 'happy | birthday | state | ohio | florida | sunshine | celebrate | th | year | day', 'ash | wednesday | season | wish | dust | bless | lent | ashwednesday | reflection | lenten']","[4101, 681, 614, 538, 378, 360, 337, 336, 318, 235, 224, 203, 201, 188, 186, 153, 147, 138, 137, 137, 126, 110, 107, 92, 92, 81, 80, 79, 74, 73, 71, 70, 67, 63, 56]"
2025-03-04 00:00:01,2025-03-11 00:00:01,10417,0.7388222546531383,0.18236429554942674,-3.329924568611408,0.9877777777777779,0.7301038102280785,"['donald | trump | president | work | make | federal | america | american | people | congress', 'president | address | joint | america | donald | trump | tonight | american | congress | potus', 'tariff | price | cost | donald | trump | trade | canada | grocery | family | low', 'medicaid | cut | republicans | tax | care | budget | health | republican | billionaire | medicare', 'vladimir | ukraine | putin | russia | ally | ukrainian | volodymyr | war | peace | zelensky', 'border | illegal | secure | joe | biden | crossing | president | immigration | alien | cbp', 'right | voting | lewis | john | bloody | selma | sunday | march | bridge | advancement', 'energy | joe | biden | american | production | regulation | unleash | nuclear | climate | rule', 'veteran | va | fire | care | employee | cut | donald | serve | musk | trump', 'woman | internationalwomensday | international | celebrate | day | history | happy | fight | world | girl', 'firefighter | fire | emergency | disaster | management | wildfire | responder | community | agency | weather', 'social | security | benefit | senior | musk | cut | earn | elon | lie | doge', 'doge | waste | fraud | musk | elon | abuse | government | taxpayer | dollar | federal', 'farmer | farm | community | credit | county | local | business | discuss | rural | support', 'hostage | hamas | antisemitism | university | columbia | campus | jewish | israel | terrorist | student', 'sport | woman | girl | man | female | compete | athlete | biological | male | common', 'turner | sylvester | houston | pass | congressman | sadden | texas | friend | love | deeply', 'sanctuary | city | mayor | denver | johnson | mike | illegal | ice | law | boston', 'town | hall | pm | question | join | telephone | host | facebook | live | rsvp', 'student | young | school | leader | youth | future | program | meet | read | bright', 'research | institutes | health | cancer | of | disease | national | funding | dr | medical', 'education | student | department | school | mcmahon | linda | teacher | dismantle | kid | secretary', 'china | chinese | communist | panama | canal | farmland | party | threat | security | national', 'veteran | veterans | vfw | service | support | benefit | nation | hero | meet | member', 'fentanyl | drug | cartel | halt | overdose | border | flow | mexico | canada | crisis', 'shutdown | government | cr | democrats | shut | spending | republicans | vote | keep | want', 'worker | proact | union | right | pro | organize | labor | wage | condition | protect', 'censure | green | al | rep | behavior | decorum | house | vote | resolution | address', 'iran | abbey | gate | terrorist | bombing | afghanistan | justice | iraq | iraqi | attack', 'get | start | weird | let | surprise | rapidresponse | really | thread | upgrade | fact', 'ash | wednesday | season | wish | faith | dust | reflection | bless | prayer | observe', 'democrats | cancer | democrat | stand | survivor | clap | old | refuse | party | dem', 'worker | federal | merit | wilcox | employee | hochul | back | nlrb | labor | firing', 'court | judge | law | order | judicial | constitution | must | rogue | donald | justice', 'investment | job | manufacturing | america | manufacture | invest | president | trillion | billion | company', 'tune | instagram | live | watch | youtu | si | pm | full | rephuffman | repmikelevin']","[4258, 639, 558, 442, 373, 322, 223, 211, 211, 203, 199, 198, 198, 192, 180, 167, 167, 152, 139, 128, 110, 110, 98, 92, 90, 86, 83, 78, 73, 70, 65, 64, 61, 60, 59, 58]"
2025-03-07 00:00:01,2025-03-14 00:00:01,7823,0.7787975217610316,0.20521820200449026,-2.687059311891703,0.9799999999999999,0.7639110570756611,"['donald | trump | work | bill | house | american | make | people | veteran | cut', 'tariff | price | donald | trump | trade | cost | economy | inflation | low | market', 'woman | internationalwomensday | day | international | celebrate | history | fight | girl | honor | happy', 'education | department | student | school | teacher | child | kid | public | donald | trump', 'vladimir | ukraine | putin | russia | peace | war | ukrainian | iran | russian | donald', 'border | illegal | joe | biden | alien | immigrant | cbp | secure | president | immigration', 'medicaid | care | health | cut | republicans | access | patient | budget | healthcare | republican', 'hall | town | tune | pm | join | question | live | rsvp | march | hear', 'energy | environmental | water | protection | agency | biden | joe | wotus | rule | epaleezeldin', 'right | bloody | lewis | selma | sunday | john | bridge | voting | march | edmund', 'hamas | terrorist | university | antisemitism | campus | israel | jewish | columbia | student | antisemitic', 'shutdown | government | democrats | senate | shut | house | republicans | vote | bill | cr', 'social | security | benefit | musk | earn | senior | elon | phone | doge | donald', 'grijalva | ra | sadden | friend | family | arizona | love | pass | congressman | deeply', 'mayor | great | city | community | discuss | business | county | local | economic | airport', 'musk | elon | blank | republicans | bill | check | republican | funding | donald | vote', 'thank | gunthereagleman | repmtg | elisestefanik | well | confirm | speakerjohnson | eginne | elbridgecolby | reptroycarter', 'federal | worker | employee | fire | judge | reinstate | probationary | servant | court | thousand', 'fire | firefighter | wildfire | emergency | disaster | management | responder | forest | agency | federal', 'spending | cr | government | president | agenda | continue | first | deliver | keep | america', 'student | young | scout | girl | great | leader | meet | youth | generation | program', 'secretary | labor | confirm | deremer | chavez | lchavezderemer | lori | congratulation | cabinet | friend', 'farmer | farm | agriculture | rural | producer | agricultural | secrollin | ag | corn | support', 'china | chinese | communist | national | party | security | farmland | threat | supply | chain', 'veteran | va | cut | employee | fire | donald | trump | care | firing | musk', 'extension | four | funding | ready | week | harmful | agreement | reach | friday | bipartisan', 'veteran | bill | republicans | vote | cut | housing | funding | benefit | house | healthcare', 'digital | stablecoin | bitcoin | financial | crypto | asset | innovation | cbdc | act | privacy', 'art | competition | congressional | submit | april | submission | artwork | artist | high | display', 'khalil | mahmoud | speech | amendment | free | legal | resident | first | arrest | right', 'tournament | congratulation | basketball | championship | ncaa | win | coach | luck | season | title', 'office | help | team | hour | agency | passport | mobile | federal | please | district', 'president | america | potus | first | realdonaldtrump | american | win | trump | donald | back', 'waste | fraud | abuse | doge | dollar | government | taxpayer | federal | billion | find', 'schumer | schumershutdown | shutdown | chuck | democrats | government | shut | senate | appropriation | senator', 'fentanyl | halt | act | drug | overdose | enforcement | senate | life | deadly | law']","[3042, 389, 299, 282, 264, 234, 232, 209, 197, 184, 175, 167, 154, 153, 138, 125, 122, 114, 108, 102, 94, 88, 83, 77, 76, 73, 72, 72, 69, 66, 66, 66, 60, 60, 59, 52]"
2025-03-10 00:00:01,2025-03-17 00:00:01,8106,0.7918557087907596,0.21631354290624386,-2.6552602341877014,0.982948717948718,0.7788536741044748,"['work | donald | trump | bill | house | vote | government | people | american | make', 'tariff | price | donald | trump | inflation | trade | economy | cost | market | stock', 'hall | town | pm | join | office | tune | march | host | question | rsvp', 'education | department | student | school | child | teacher | kid | public | donald | trump', 'energy | environmental | water | protection | agency | biden | joe | wotus | rule | climate', 'musk | elon | bill | blank | republicans | donald | check | trump | vote | republican', 'vladimir | ukraine | putin | russia | peace | war | ceasefire | russian | ukrainian | ronald', 'grijalva | ra | arizona | sadden | friend | congressman | pass | family | champion | love', 'social | security | benefit | musk | earn | elon | senior | donald | phone | doge', 'illegal | border | alien | joe | biden | immigrant | arrest | president | criminal | ice', 'thank | third | gunthereagleman | poll | multiple | agree | really | fact | true | well', 'medicaid | care | health | cut | medicare | republicans | hospital | tax | plan | americans', 'agenda | government | president | spending | cr | deliver | continue | keep | first | america', 'china | chinese | communist | party | national | threat | security | counter | farmland | adversary', 'hamas | israel | campus | jewish | terrorist | university | antisemitism | student | columbia | antisemitic', 'woman | nita | lowey | congresswoman | history | month | first | chair | committee | friend', 'federal | employee | fire | worker | probationary | reinstate | servant | court | judge | thousand', 'championship | congratulation | tournament | basketball | win | title | game | ncaa | team | coach', 'mayor | city | local | discuss | great | community | county | washington | meet | airport', 'secretary | labor | confirm | congratulation | lchavezderemer | lori | deremer | chavez | deputy | friend', 'shutdown | government | shut | democrats | want | senate | democrat | american | vote | would', 'bill | spending | vote | republican | partisan | funding | republicans | senate | house | statement', 'student | scout | girl | young | school | youth | leader | future | generation | meet', 'schumer | schumershutdown | shutdown | chuck | democrats | government | senate | senator | shut | appropriation', 'fentanyl | halt | act | drug | enforcement | law | deadly | pass | senate | tool', 'farmer | farm | agriculture | producer | rural | agricultural | industry | secrollin | ag | crop', 'fire | management | wildfire | emergency | firefighter | agency | disaster | federal | forest | community', 'khalil | mahmoud | speech | amendment | legal | free | resident | right | arrest | detain', 'holi | color | celebrate | festival | happy | joy | may | wish | hope | bring', 'weather | storm | severe | stay | tornado | please | local | safe | aware | pray', 'extension | four | ready | funding | week | agreement | harmful | reach | friday | bipartisan', 'veteran | bill | cut | benefit | republicans | housing | senior | care | funding | vote', 'waste | doge | musk | abuse | fraud | elon | corruption | dollar | government | taxpayer', 'art | competition | congressional | submit | submission | artwork | april | artist | high | display', 'food | bank | local | usda | school | farmer | hungry | program | kid | feed', 'veteran | va | cut | fire | care | vet | employee | trump | musk | donald', 'care | health | patient | access | medical | improve | healthcare | shortage | quality | provider', 'service | dog | veteran | veteransday | honor | nation | history | legion | military | veterans', 'iran | houthis | houthi | terrorist | isis | decisive | iranian | president | attack | sea', 'stablecoin | bitcoin | digital | asset | genius | financial | innovation | act | reserve | framework']","[3297, 345, 329, 281, 249, 192, 190, 183, 167, 166, 163, 155, 150, 127, 120, 116, 110, 106, 105, 95, 93, 90, 90, 88, 87, 85, 84, 81, 78, 71, 69, 68, 67, 65, 63, 61, 58, 57, 53, 52]"
2025-03-13 00:00:01,2025-03-20 00:00:01,7510,0.770216200666214,0.20485587944457107,-3.1945549267113615,0.9806818181818181,0.7560770300704347,"['donald | trump | work | federal | act | community | president | service | make | american', 'vote | government | democrats | bill | senate | shutdown | funding | house | republican | republicans', 'medicaid | care | health | cut | republicans | patient | healthcare | tax | billionaire | fight', 'farmer | agriculture | ag | producer | feed | day | national | rancher | nationalagday | farm', 'energy | gas | price | water | protection | environmental | joe | biden | agency | unleash', 'hall | town | join | tune | pm | facebook | rsvp | hear | person | host', 'border | illegal | alien | donald | criminal | trump | deport | president | gang | law', 'patrick | st | day | happy | irish | celebrate | wish | parade | ireland | everyone', 'office | mayor | discuss | great | business | city | community | local | help | meet', 'grijalva | ra | pass | arizona | friend | sadden | congressman | family | love | champion', 'weather | storm | emergency | fire | severe | stay | tornado | please | wildfire | damage', 'thank | third | poll | mute | multiple | nice | fact | good | say | agree', 'judge | activist | impeach | court | impeachment | donald | president | boasberg | trump | swat', 'vladimir | ukraine | putin | russia | peace | war | russian | ukrainian | ronald | ceasefire', 'federal | employee | worker | fire | musk | donald | trump | probationary | reinstate | court', 'social | security | benefit | musk | senior | earn | phone | elon | doge | cut', 'hamas | israel | hostage | gaza | terrorist | benjamin | ceasefire | jewish | anti | israeli', 'basketball | championship | congratulation | tournament | win | team | ncaa | bracket | madness | game', 'education | department | student | school | child | kid | public | donald | trump | teacher', 'tariff | trade | donald | trump | business | cost | canada | war | price | president', 'veteran | service | military | honor | dog | guard | serve | legion | veteransday | nation', 'holi | celebrate | color | festival | happy | purim | joy | wish | may | hope', 'student | school | future | education | young | stem | visit | bright | opportunity | high', 'chinese | communist | china | party | national | communism | counter | security | adversary | ai', 'iran | houthis | president | terrorist | houthi | trump | donald | iranian | attack | isis', 'astronaut | home | welcome | spacex | butch | suni | space | nasa | crew | earth', 'fentanyl | halt | act | drug | pass | senate | enforcement | law | deadly | tool', 'woman | history | month | honor | womenshistorymonth | islands | virgin | community | dedication | present', 'veteran | va | employee | care | fire | benefit | deserve | serve | service | put', 'competition | art | congressional | artwork | submit | high | student | artist | april | display', 'erase | history | hero | military | wwii | dei | website | black | code | navajo', 'food | school | bank | hungry | program | usda | local | farmer | child | meal', 'nita | lowey | congresswoman | woman | appropriations | committee | friend | york | chair | former']","[1893, 744, 553, 309, 308, 285, 244, 207, 197, 185, 177, 176, 171, 166, 157, 147, 141, 135, 131, 125, 114, 113, 105, 102, 86, 81, 72, 71, 70, 69, 64, 57, 55]"
2025-03-16 00:00:01,2025-03-23 00:00:01,7114,0.795452732873328,0.24154625019938658,-2.106086821308312,0.9702898550724638,0.7740160479056369,"['donald | trump | work | federal | american | act | community | protect | people | president', 'education | department | student | school | donald | trump | child | dismantle | kid | order', 'great | community | county | visit | thank | meet | work | honor | student | housing', 'medicaid | care | health | cut | republicans | republican | fight | healthcare | tax | rely', 'hall | town | join | pm | tune | question | office | tonight | night | rsvp', 'farmer | agriculture | food | feed | ag | day | national | producer | farm | rancher', 'social | security | musk | elon | benefit | doge | donald | senior | trump | earn', 'border | criminal | donald | alien | trump | deport | gang | illegal | president | de', 'marchmadness | basketball | madness | win | championship | tournament | congratulation | march | bracket | go', 'patrick | st | day | happy | irish | wish | celebrate | everyone | luck | parade', 'judge | activist | court | impeach | constitution | impeachment | president | donald | trump | power', 'emergency | fire | storm | wildfire | management | damage | firefighter | community | recovery | tornado', 'energy | gas | joe | biden | price | american | unleash | lng | president | production', 'donjbacon | danielle | beard | petericketts | vet | repadriansmith | senatorfischer | usrepmikeflood | tweeplebug | coclarifie', 'woman | nita | lowey | friend | history | congresswoman | month | chair | pass | committee', 'tariff | donald | trump | trade | canada | business | american | cost | president | price', 'home | welcome | astronaut | spacex | butch | suni | space | nasa | earth | crew', 'veteran | va | care | serve | deserve | fire | military | employee | donald | benefit', 'vladimir | ukraine | putin | russia | ukrainian | war | russian | peace | ceasefire | donald', 'israel | hamas | hostage | gaza | ceasefire | benjamin | must | war | netanyahu | release', 'democrats | house | republicans | people | government | party | work | agenda | money | american', 'art | competition | congressional | artwork | capitol | submit | display | submission | high | artist', 'erase | history | dei | military | hero | wwii | jackie | robinson | website | serve', 'china | chinese | communist | party | briefing | interest | national | adversary | security | must']","[2171, 558, 516, 491, 451, 373, 312, 237, 218, 192, 188, 175, 162, 145, 131, 113, 106, 105, 96, 92, 75, 75, 71, 61]"
2025-03-19 00:00:01,2025-03-26 00:00:01,7308,0.7687085847991781,0.21379635604703853,-2.735362985247514,0.9791397849462365,0.7538561316251424,"['donald | work | trump | community | thank | service | american | family | people | great', 'education | department | student | school | donald | trump | child | dismantle | teacher | order', 'social | security | musk | benefit | doge | elon | senior | donald | trump | cut', 'security | national | chat | plan | hegseth | war | administration | breach | incompetence | classified', 'hall | town | tune | join | pm | question | live | hear | tonight | night', 'border | illegal | criminal | alien | immigration | trump | donald | law | deport | biden', 'marchmadness | championship | madness | win | congratulation | go | basketball | luck | ncaa | march', 'health | veteran | care | research | va | hiv | institutes | medical | patient | mental', 'county | housing | business | community | mayor | development | meet | great | discuss | local', 'emergency | management | disaster | agency | water | federal | wildfire | fire | county | storm', 'medicaid | cut | care | health | republicans | would | republican | tax | fight | healthcare', 'judge | court | activist | impeachment | president | constitution | trump | donald | rogue | congress', 'tariff | donald | trump | economy | investment | business | president | price | small | trade', 'honor | medal | sacrifice | nation | courage | hero | recipient | day | duty | bravery', 'energy | gas | biden | joe | american | lng | price | unleash | climate | export', 'israel | hamas | hostage | gaza | ceasefire | benjamin | terrorist | netanyahu | war | release', 'beard | vet | danielle | donjbacon | petericketts | repadriansmith | senatorfischer | usrepmikeflood | tweeplebug | gragedustin', 'equal | pay | equalpayday | woman | gap | wage | fairness | paycheck | man | gender', 'farmer | farm | agriculture | producer | ag | rancher | feed | industry | beef | nationalagweek', 'vladimir | russia | ukraine | putin | ukrainian | nato | war | russian | donald | child', 'debt | government | budget | tax | spending | cut | bill | trump | donald | american', 'affordable | care | act | health | year | coverage | ago | million | healthcare | expand', 'art | competition | congressional | artwork | capitol | display | submit | artist | april | submission', 'student | university | school | cybersecurity | future | visit | great | college | bright | opportunity', 'fighter | space | air | defense | base | force | generation | jet | national | aerospace', 'china | chinese | communist | party | briefing | national | threat | adversary | security | must', 'nowruz | celebrate | happy | wish | year | parade | new | mubarak | day | ramadan', 'sport | woman | biological | girl | man | female | athlete | compete | space | college', 'woman | history | month | womenshistorymonth | community | honor | virgin | islands | barrier | first', 'mia | love | family | prayer | friend | pass | condolence | congresswoman | sadden | trailblazer', 'postal | service | usps | worker | carrier | mail | privatize | letter | nalc | rally']","[2379, 548, 382, 376, 320, 251, 227, 225, 216, 191, 187, 184, 152, 147, 140, 135, 132, 128, 123, 96, 92, 89, 79, 74, 69, 68, 63, 61, 61, 61, 52]"
2025-03-22 00:00:01,2025-03-29 00:00:01,7821,0.7175568484503435,0.18461267283334343,-3.6338859782628767,0.9866396761133606,0.7081292816011665,"['work | donald | trump | community | support | make | america | great | family | president', 'hegseth | chat | security | national | plan | signal | classified | resign | information | pete', 'social | security | musk | benefit | elon | senior | cut | phone | donald | doge', 'border | illegal | arrest | criminal | law | alien | enforcement | immigration | rumeysa | safe', 'energy | gas | joe | biden | american | price | freezer | nuclear | cost | regulation', 'championship | sport | congratulation | win | sweet | basketball | state | go | maryland | champion', 'emergency | management | agency | disaster | federal | weather | storm | wildfire | severe | hurricane', 'honor | medal | sacrifice | nation | courage | hero | day | bravery | recipient | duty', 'education | student | department | school | teacher | child | dismantle | kid | parent | donald', 'hall | town | telephone | pm | question | join | newsletter | tonight | subscribe | constituent', 'tax | government | spending | cut | waste | budget | money | debt | bill | congress', 'equal | pay | equalpayday | woman | gap | wage | paycheck | fairness | gender | man', 'judge | court | activist | injunction | president | impeachment | rogue | donald | trump | judicial', 'health | disease | rfk | hhs | cut | outbreak | jr | measle | vaccine | prevention', 'chinese | china | communist | foreign | university | deterrent | influence | party | act | adversary', 'union | worker | bargaining | collective | right | federal | labor | attack | bust | donald', 'student | great | bright | future | community | school | young | welcome | leader | meet', 'woman | history | month | womenshistorymonth | white | countdowntosrd | celebrate | slavery | honor | strong', 'beard | vet | danielle | donjbacon | petericketts | usrepmikeflood | repadriansmith | senatorfischer | tweeplebug | gragedustin', 'medicaid | cut | care | health | republicans | medicare | billionaire | tax | would | republican', 'tariff | trade | price | donald | trump | car | consumer | economy | raise | president', 'hamas | israel | hostage | gaza | antisemitism | benjamin | campus | jewish | college | ceasefire', 'npr | pbs | taxpayer | propaganda | fund | defund | dogecommittee | dollar | ceo | funding', 'farm | farmer | industry | producer | agriculture | beef | brisket | bill | crop | discuss', 'mia | love | family | prayer | friend | may | kitty | former | pass | pray', 'affordable | care | act | health | coverage | million | ago | healthcare | year | americans', 'food | snap | bank | family | usda | hungry | cut | farmer | program | assistance', 'election | vote | voter | executive | order | citizenship | citizen | integrity | save | donald', 'art | competition | congressional | artwork | submit | april | high | school | student | display', 'care | veteran | health | healthcare | rural | access | support | va | community | patient', 'russia | vladimir | ukraine | nato | putin | ukrainian | europe | russian | ally | peace', 'gun | ghost | carry | supreme | court | constitutional | amendment | untraceable | firearm | second', 'housing | home | community | development | business | small | trucker | affordable | discuss | county', 'postal | usps | carrier | service | mail | letter | worker | privatize | nalc | privatization', 'president | white | oval | potus | america | donald | trump | mr | house | thank', 'tune | watch | rumble | youtube | et | live | interview | pm | foxbusiness | seanhannity', 'abortion | parenthood | care | woman | baby | plan | unborn | pregnancy | reproductive | birth', 'tesla | crockett | jasmine | domestic | democrats | condemn | terrorism | democrat | dealership | violence', 'conservation | water | wildlife | wetland | preserve | beach | land | park | resource | ocmulgee']","[2719, 728, 339, 304, 180, 169, 168, 161, 160, 155, 148, 136, 134, 131, 127, 124, 120, 115, 114, 111, 102, 100, 89, 88, 88, 86, 83, 81, 78, 76, 75, 72, 71, 71, 68, 65, 64, 62, 59]"
2025-03-25 00:00:01,2025-04-01 00:00:01,7905,0.7251809658186437,0.18415845751755286,-3.7343147572980175,0.985885885885886,0.7149348154273966,"['work | community | service | donald | today | trump | support | family | great | help', 'hegseth | chat | signal | security | resign | national | classified | information | pete | plan', 'border | biden | joe | illegal | criminal | arrest | law | trump | donald | president', 'social | security | musk | elon | benefit | doge | phone | cut | senior | donald', 'health | disease | cut | rfk | hhs | jr | donald | outbreak | funding | research', 'tariff | trade | price | donald | trump | car | cost | economy | american | president', 'medicaid | food | cut | snap | care | medicare | program | health | republicans | family', 'union | worker | bargaining | federal | collective | right | order | donald | attack | trump', 'election | vote | citizen | save | voter | citizenship | act | american | require | proof', 'woman | history | womenshistorymonth | month | delta | celebrate | white | community | honor | sigma', 'emergency | management | agency | disaster | federal | weather | hurricane | storm | severe | helene', 'hall | town | pm | telephone | question | tonight | join | constituent | bacon | newsletter', 'season | opening | championship | congratulation | win | go | team | happy | basketball | baseball', 'care | patient | abortion | health | access | life | parenthood | cancer | healthcare | medical', 'equal | pay | equalpayday | woman | gap | wage | paycheck | fairness | man | gender', 'eid | mubarak | wish | ramadan | fitr | celebrate | al | muslim | peace | eidmubarak', 'medal | honor | sacrifice | nation | courage | duty | hero | bravery | day | recipient', 'vladimir | ukraine | russia | putin | russian | poll | ukrainian | europe | peace | war', 'judge | court | activist | injunction | president | rogue | donald | trump | impeachment | ruling', 'education | student | department | teacher | school | child | educator | dismantle | parent | donald', 'hamas | israel | antisemitism | campus | hostage | college | gaza | terrorist | jewish | benjamin', 'chinese | communist | china | foreign | university | deterrent | party | influence | act | adversary', 'thank | president | white | oval | beard | potus | mr | vet | great | catturd', 'vietnam | veteran | war | sacrifice | honor | veterans | serve | service | day | thank', 'npr | pbs | taxpayer | propaganda | fund | dollar | defund | dogecommittee | ceo | krmaher', 'farm | farmer | agriculture | bill | iowa | industry | producer | association | discuss | apple', 'energy | nuclear | power | unleash | american | grid | mining | gas | america | dominance', 'art | competition | congressional | artwork | high | school | submit | april | artist | student', 'trans | transdayofvisibility | transgender | visibility | stand | equalitycaucus | tran | tdov | live | right', 'gun | ghost | supreme | carry | court | amendment | firearm | constitutional | untraceable | second', 'student | bright | school | young | great | future | college | meet | university | visit', 'tune | rumble | et | watch | dj | pm | youtube | youtu | live | interview', 'biden | joe | freezer | regulation | energy | refrigerator | rule | business | cost | repeal', 'air | traffic | controller | aviation | natca | airport | sky | meet | safe | safety', 'tax | debt | spending | government | cut | trillion | waste | budget | americans | fiscal', 'say | agree | do | lgm | let | believe | nice | ne | shameful | exactly', 'conservation | wildlife | preserve | wetland | park | protect | land | beach | river | natural']","[2723, 631, 499, 286, 198, 193, 183, 156, 150, 147, 147, 142, 141, 136, 136, 125, 125, 123, 123, 119, 118, 117, 117, 109, 104, 96, 92, 81, 79, 71, 71, 67, 66, 63, 60, 57, 54]"
2025-03-28 00:00:01,2025-04-04 00:00:01,7830,0.7434899484638852,0.19342434848083156,-3.0639467348009397,0.9859180035650624,0.7331750610950142,"['work | service | donald | community | trump | make | support | act | great | today', 'tariff | donald | trump | trade | price | american | president | cost | tax | economy', 'border | illegal | deport | trump | donald | immigration | criminal | president | secure | law', 'health | disease | cut | hhs | rfk | care | research | public | jr | and', 'senbooker | floor | hour | senate | booker | senator | cory | record | speech | stand', 'energy | farm | farmer | water | iowa | producer | agriculture | support | land | bill', 'tune | live | podcast | watch | et | join | pm | come | listen | episode', 'signal | hegseth | chat | security | national | information | official | classified | waltz | resign', 'vote | election | save | citizen | voter | act | american | citizenship | require | non', 'judge | court | injunction | judicial | activist | nationwide | law | power | rogue | donald', 'emergency | weather | disaster | management | storm | severe | agency | flood | federal | please', 'union | worker | federal | bargaining | collective | right | order | executive | attack | bust', 'social | security | benefit | musk | elon | earn | senior | cut | hard | phone', 'vietnam | veteran | honor | sacrifice | war | service | serve | veterans | day | nation', 'education | student | school | child | department | kid | educator | parent | every | mcmahon', 'mike | johnson | vote | proxy | parent | new | speaker | mom | congress | house', 'eid | mubarak | wish | fitr | ramadan | al | celebrate | muslim | eidmubarak | peace', 'student | school | great | visit | community | capitol | meet | high | bright | leader', 'woman | womenshistorymonth | history | month | girl | female | honor | recognize | community | native', 'vladimir | ukraine | putin | russia | russian | ukrainian | war | aggression | sanction | peace', 'medicaid | cut | care | health | medicare | republicans | billionaire | would | republican | tax', 'trans | transdayofvisibility | visibility | transgender | tran | equalitycaucus | tdov | community | live | stand', 'hall | town | pm | newsletter | question | telephone | host | join | event | subscribe', 'debt | budget | spending | tax | republicans | trillion | cut | fiscal | senate | spend', 'art | competition | congressional | artwork | submit | school | high | artist | april | capitol', 'chinese | china | communist | party | taiwan | myanmar | foreign | threat | earthquake | national', 'win | congratulation | championship | basketball | ncaa | elite | title | team | luck | go', 'doge | waste | government | elon | musk | fraud | abuse | billion | taxpayer | federal', 'vez | ch | chavez | sar | cesar | right | legacy | worker | labor | honor', 'hamas | gaza | israel | terrorist | hostage | weapon | benjamin | group | block | oct', 'ambassador | nato | ally | israel | minister | alliance | united | foreign | meet | baltic', 'food | snap | healthy | meal | bank | hunger | cut | hungry | program | hot', 'parenthood | abortion | care | plan | woman | reproductive | ivf | health | screening | life', 'office | help | team | hour | mobile | casework | passport | need | agency | federal']","[2660, 913, 410, 266, 264, 231, 188, 185, 183, 176, 176, 160, 151, 142, 141, 140, 109, 104, 101, 99, 99, 97, 87, 85, 81, 78, 72, 70, 64, 63, 62, 61, 56, 56]"
2025-03-31 00:00:01,2025-04-07 00:00:01,7833,0.714290310372104,0.16398009433170632,-3.5512903866713983,0.9873563218390802,0.7053634411476085,"['work | service | act | today | community | right | support | federal | family | join', 'tariff | donald | trump | trade | price | president | american | economy | cost | tax', 'border | illegal | deport | trump | donald | president | criminal | immigration | fentanyl | secure', 'great | student | community | meet | farmer | farm | support | discuss | work | business', 'budget | medicaid | cut | republicans | tax | senate | billionaire | republican | resolution | debt', 'social | security | musk | elon | doge | benefit | cut | donald | earn | trump', 'senbooker | floor | hour | senate | booker | senator | cory | record | speech | stand', 'health | disease | hhs | public | drug | rfk | cut | and | research | administration', 'security | signal | national | investigation | chat | fire | hegseth | official | waltz | donald', 'judge | court | injunction | constitution | judicial | donald | nationwide | activist | law | trump', 'election | vote | save | citizen | voter | act | american | citizenship | require | integrity', 'johnson | mike | vote | proxy | parent | new | speaker | mom | congress | house', 'education | school | student | child | department | kid | mcmahon | choice | every | program', 'hall | town | office | pm | april | host | team | question | help | casework', 'weather | storm | severe | emergency | management | flood | stay | please | agency | local', 'honor | vietnam | veteran | service | medal | soldier | nation | sgt | guard | hero', 'trans | transdayofvisibility | transgender | visibility | tran | community | equalitycaucus | right | stand | tdov', 'championship | congratulation | game | final | team | win | luck | ncaa | season | four', 'art | competition | congressional | submit | artwork | capitol | submission | artist | april | high', 'spouse | gold | star | sacrifice | honor | love | strength | today | fall | service', 'woman | sport | history | womenshistorymonth | month | girl | athlete | female | honor | rankin', 'chinese | china | communist | party | taiwan | foreign | national | mineral | security | hong', 'vladimir | putin | ukraine | russia | russian | ukrainian | sanction | war | aggression | peace', 'nato | ambassador | alliance | ally | baltic | united | defense | meet | foreign | strengthen', 'iran | iraq | iranian | maximum | pressure | regime | houthis | terror | terrorist | threat', 'parenthood | abortion | care | plan | woman | health | reproductive | screening | life | defund', 'tune | et | live | join | cnn | pm | morning | foxnew | foxbusiness | ct', 'repmtg | realwilloxman | happen | thank | anyone | nice | follow | let | ne | good', 'hamas | gaza | israel | weapon | terrorist | benjamin | hostage | sale | offensive | netanyahu', 'energy | clean | climate | unleash | joe | biden | american | production | reliable | green']","[2303, 1324, 428, 382, 368, 346, 267, 211, 193, 189, 174, 164, 147, 144, 134, 108, 99, 98, 82, 74, 71, 69, 65, 64, 61, 59, 54, 53, 51, 51]"
2025-04-03 00:00:01,2025-04-10 00:00:01,7644,0.7367595489785622,0.17708115713387376,-3.2813067530039652,0.9850806451612903,0.7260392594444851,"['donald | work | trump | act | community | family | today | make | support | people', 'tariff | donald | trump | trade | price | economy | president | american | market | cost', 'medicaid | cut | republicans | billionaire | budget | tax | republican | vote | trillion | break', 'farmer | great | farm | discuss | support | industry | producer | business | meet | local', 'health | care | public | research | administration | mental | disease | cut | institutes | and', 'student | school | great | community | celebrate | proud | future | wonderful | visit | week', 'honor | sacrifice | spouse | gold | star | service | hero | nation | love | day', 'border | deport | criminal | illegal | gang | salvador | el | administration | trump | biden', 'energy | coal | american | executive | unleash | clean | order | potus | industry | power', 'judge | court | rogue | ruling | judicial | activist | injunction | nationwide | law | supreme', 'china | communist | chinese | party | american | national | adversary | foreign | security | biotech', 'emergency | storm | management | weather | agency | disaster | severe | federal | flood | hurricane', 'championship | basketball | gator | win | congratulation | game | team | national | coach | gatorsmbk', 'budget | senate | resolution | deliver | agenda | pass | reconciliation | border | cut | bill', 'hall | town | pm | telephone | april | join | live | host | question | rsvp', 'education | student | school | child | kid | department | parent | classroom | funding | public', 'social | security | musk | benefit | senior | elon | earn | office | phone | donald', 'whack | lauraloomer | thank | great | win | happen | bobmarley | repjohnmcguire | repfranklin | repbrandongill', 'election | vote | save | voter | act | citizen | integrity | hamadeh | require | citizenship', 'fire | security | haugh | national | nsa | signal | general | investigation | cyber | hegseth', 'tax | cut | extend | taxis | family | taxday | expire | business | job | hike', 'art | competition | congressional | submit | artwork | submission | april | capitol | artist | deadline', 'tune | live | podcast | et | pm | morning | youtube | join | watch | seanhannity', 'office | hour | mobile | help | agency | team | passport | federal | casework | constituent', 'worker | union | bargaining | collective | right | labor | federal | employee | strip | fair', 'benjamin | gaza | hostage | hamas | israel | netanyahu | weapon | terrorist | israeli | sale', 'veteran | va | care | deserve | act | serve | bill | service | benefit | dog', 'job | march | add | expectation | report | private | economy | growth | president | promise', 'musk | doge | elon | government | waste | billion | federal | contract | cut | dollar', 'speaker | proxy | johnson | mike | vote | resolution | congress | parent | mom | voting', 'ambassador | israel | govmikehuckabee | johnson | mike | east | huckabee | morocco | strengthen | relationship', 'vladimir | ukraine | putin | russia | ukrainian | russian | sanction | invasion | peace | freedom']","[2920, 1126, 252, 218, 215, 197, 194, 190, 156, 147, 143, 140, 133, 133, 125, 123, 119, 109, 99, 89, 84, 83, 73, 72, 71, 71, 68, 63, 63, 59, 56, 53]"
2025-04-06 00:00:01,2025-04-13 00:00:01,7808,0.6934639561366747,0.1708113646526338,-3.6227523622536797,0.9864532019704435,0.6842296098498416,"['work | make | donald | community | trump | help | support | family | thank | need', 'tariff | donald | trump | trade | president | economy | price | market | business | chaos', 'judge | court | law | rogue | trump | donald | ruling | criminal | supreme | biden', 'vote | election | save | act | voter | citizen | american | citizenship | register | proof', 'medicaid | cut | budget | republicans | billionaire | republican | tax | snap | care | break', 'budget | resolution | spending | agenda | senate | deliver | pass | house | cut | reconciliation', 'china | chinese | communist | party | threat | national | security | adversary | american | foreign', 'passover | chag | sameach | wish | celebrate | pesach | jewish | hostage | happy | meaningful', 'hall | town | pm | april | join | host | office | question | rsvp | telephone', 'water | agency | wildfire | management | disaster | emergency | forest | environmental | community | federal', 'energy | coal | clean | executive | american | order | power | potus | unleash | industry', 'championship | college | athlete | gator | athletic | win | basketball | national | sport | congratulation', 'lauraloomer | whack | generalmcnews | repbrianfitz | loomer | false | doodle | txrealtordalla | know | job', 'student | school | high | young | leader | bright | great | future | community | lily', 'farmer | farm | producer | agriculture | association | industry | iowa | discuss | great | support', 'honor | service | sacrifice | nation | veteran | hero | army | freedom | serve | thank', 'health | public | institutes | research | and | food | disease | administration | cancer | hiv', 'social | security | benefit | musk | senior | phone | elon | doge | earn | office', 'education | student | school | child | department | classroom | parent | kid | choice | gender', 'art | competition | submit | congressional | artwork | april | deadline | submission | artist | capitol', 'tax | cut | extend | taxis | business | family | taxday | small | hike | job', 'musk | elon | doge | government | datum | taxpayer | employee | federal | fire | law', 'vladimir | ukraine | russia | putin | ukrainian | ally | russian | sanction | nato | peace', 'veteran | va | veterans | act | bill | support | serve | vietnam | deserve | benefit', 'fee | overdraft | bank | cfpb | cap | rule | consumer | republicans | vote | big', 'dominican | helicopter | tragic | crash | republic | family | tragedy | lose | victim | prayer', 'tune | live | et | youtube | watch | pm | morning | foxbusiness | join | ct', 'worker | bargaining | federal | union | collective | right | labor | servant | employee | donald', 'student | antisemitism | university | history | book | visa | rabbi | kaploun | naval | campus']","[2630, 904, 624, 406, 350, 256, 200, 200, 173, 168, 166, 156, 146, 140, 135, 133, 131, 103, 93, 90, 88, 82, 74, 66, 64, 61, 60, 56, 53]"
2025-04-09 00:00:01,2025-04-16 00:00:01,7864,0.7288275953288623,0.19832560239654248,-3.3308367311997693,0.9835978835978835,0.71728719094244,"['work | community | donald | trump | great | make | health | support | help | thank', 'tariff | donald | trump | trade | president | business | economy | market | chaos | price', 'vote | election | save | act | voter | citizen | american | citizenship | register | proof', 'social | security | musk | benefit | elon | earn | doge | senior | donald | trump', 'medicaid | cut | budget | republicans | billionaire | care | republican | tax | health | snap', 'budget | resolution | spending | house | agenda | deliver | pass | bill | president | reconciliation', 'abrego | kilmar | garcia | court | deport | supreme | donald | trump | el | salvador', 'passover | chag | sameach | celebrate | wish | pesach | jewish | happy | meaningful | around', 'hall | town | pm | rsvp | join | tune | question | april | tonight | live', 'vladimir | ukraine | iran | ambassador | israel | russia | putin | ally | peace | russian', 'china | chinese | communist | party | adversary | national | american | america | security | military', 'tax | cut | extend | taxis | hike | taxday | family | day | earn | job', 'education | student | school | harvard | antisemitism | university | child | department | kid | donald', 'lauraloomer | whack | generalmcnews | repbrianfitz | loomer | false | thank | txrealtordalla | doodle | az', 'violence | governor | shapiro | family | political | governorshapiro | safe | attack | arson | grateful', 'farm | farmer | agriculture | rural | producer | ag | industry | pennsylvania | great | secrollin', 'judge | rogue | ruling | court | injunction | activist | judicial | nationwide | president | agenda', 'disaster | wildfire | emergency | management | agency | federal | recovery | community | forest | storm', 'palm | sunday | bless | holy | wish | lord | hosanna | week | jesus | palmsunday', 'file | internal | revenue | service | taxis | tax | deadline | free | extension | filing', 'energy | coal | fossil | power | fuel | solar | nuclear | order | executive | america', 'art | competition | congressional | artwork | submit | deadline | capitol | april | student | school', 'air | honor | reserve | force | birthday | serve | nation | thank | brave | service', 'championship | national | win | congratulation | ndsufootball | athlete | athletic | great | basketball | gobison', 'student | school | bright | young | lily | high | community | great | future | leader', 'overdraft | fee | bank | cap | cfpb | rule | consumer | financial | vote | big', 'veteran | va | veterans | survivor | act | vasp | care | bill | program | prioritize', 'dominican | helicopter | crash | republic | tragedy | victim | tragic | family | nightclub | heart']","[2818, 648, 419, 390, 387, 366, 298, 274, 214, 195, 183, 154, 148, 134, 128, 119, 113, 102, 101, 90, 87, 86, 80, 77, 72, 64, 62, 55]"
2025-04-12 00:00:01,2025-04-19 00:00:01,6534,0.7489803672660079,0.2057518833312907,-2.5918679784995673,0.9735507246376812,0.7308399357463536,"['community | work | support | help | great | federal | county | donald | make | trump', 'court | donald | garcia | abrego | illegal | trump | kilmar | el | salvador | deport', 'social | security | benefit | musk | elon | earn | senior | donald | trump | office', 'friday | bless | good | wish | palm | sunday | holy | jesus | sacrifice | chris', 'honor | thank | great | student | community | service | award | veteran | school | team', 'medicaid | cut | care | health | republicans | republican | rely | million | healthcare | fight', 'tariff | donald | trump | business | trade | cost | economy | small | president | war', 'passover | chag | sameach | celebrate | wish | pesach | happy | jewish | may | meaningful', 'tax | cut | taxis | extend | hike | family | file | americans | donald | trump', 'gun | fsu | violence | florida | pray | shooting | victim | family | tragedy | prayer', 'hall | town | join | pm | rsvp | tune | host | question | person | hear', 'farmer | farm | energy | agriculture | water | local | disaster | ag | work | community', 'head | child | start | kid | health | research | education | donald | trump | rfk', 'violence | governor | shapiro | family | political | attack | governorshapiro | safe | arson | grateful', 'harvard | student | university | education | trump | donald | institution | funding | visa | fund', 'china | chinese | communist | party | national | adversary | american | military | security | industrial', 'art | competition | congressional | artwork | submit | capitol | april | artist | submission | high', 'vladimir | ukraine | russia | putin | war | russian | peace | ukrainian | kill | sumy', 'day | first | congress | th | senate | mark | start | deliver | get | house', 'file | internal | revenue | service | taxis | tax | deadline | extension | free | direct', 'veteran | va | care | service | program | vasp | deserve | access | bill | bipartisan', 'day | good | uncertainty | time | let | thank | know | stop | morning | krmaher', 'black | maternal | blackmaternalhealthweek | mother | health | woman | pregnancy | die | likely | relate', 'vote | election | voter | save | act | citizen | american | roll | register | citizenship']","[1944, 873, 368, 310, 300, 300, 296, 292, 207, 196, 195, 178, 159, 134, 116, 109, 90, 86, 83, 72, 63, 55, 55, 53]"
2025-04-15 00:00:01,2025-04-22 00:00:01,6547,0.7407787139014923,0.20198191280286826,-2.660852810569802,0.9661904761904762,0.717004625481013,"['work | donald | community | trump | support | act | make | great | help | federal', 'easter | happy | wish | bless | celebrate | hope | friday | love | good | chris', 'social | security | musk | benefit | senior | earn | donald | elon | trump | doge', 'court | garcia | abrego | kilmar | donald | trump | supreme | deport | order | el', 'pope | francis | world | peace | rest | may | catholic | compassion | pass | mourning', 'medicaid | cut | care | health | republicans | republican | rely | would | fight | program', 'hall | town | pm | join | county | constituent | rsvp | tune | district | person', 'tariff | business | donald | trump | price | trade | economy | small | cost | war', 'gun | fsu | violence | shooting | florida | school | family | heart | pray | university', 'tax | cut | taxis | hike | extend | family | trump | donald | day | taxday', 'illegal | gang | ms | democrats | member | alien | el | salvador | morin | rachel', 'student | honor | thank | community | school | high | veteran | service | great | attend', 'head | start | child | health | kid | care | donald | trump | research | family', 'hegseth | pete | resign | secretary | signal | fire | chat | national | security | must', 'harvard | university | student | education | trump | donald | fund | school | endowment | institution', 'art | competition | congressional | artwork | submit | capitol | high | submission | school | student', 'ukraine | vladimir | russia | putin | russian | war | ukrainian | marco | invasion | peace', 'china | chinese | communist | mineral | party | trade | deepseek | american | adversary | national', 'farmer | agriculture | ag | producer | energy | farm | manufacturing | secrollin | policy | texas', 'disaster | protection | storm | agency | environmental | federal | iowa | weather | water | management', 'file | internal | revenue | service | taxis | tax | deadline | extension | today | free']","[2452, 694, 401, 370, 352, 288, 275, 217, 195, 179, 173, 137, 131, 118, 103, 100, 85, 83, 78, 63, 53]"
2025-04-18 00:00:01,2025-04-25 00:00:01,6291,0.7750946698816665,0.2290749889988635,-2.2904958211687907,0.9750988142292492,0.7570467485325693,"['work | donald | trump | community | make | federal | support | help | great | thank', 'illegal | donald | trump | border | court | garcia | law | alien | president | abrego', 'easter | happy | wish | celebrate | bless | hope | risen | family | love | rise', 'pope | francis | rest | world | peace | may | catholic | compassion | pass | mourning', 'earth | earthday | day | climate | clean | planet | protect | environmental | park | future', 'county | housing | great | local | community | farmer | countytour | support | work | farm', 'hall | town | join | pm | rsvp | thank | tune | hear | person | event', 'child | education | start | head | kid | school | parent | donald | trump | program', 'hegseth | pete | secretary | resign | security | signal | chat | national | fire | defense', 'tariff | business | donald | trump | price | trade | small | cost | economy | raise', 'friday | good | sacrifice | bless | wish | sin | love | chris | cross | jesus', 'medicaid | cut | care | health | republicans | republican | would | budget | tax | medicare', 'holocaust | hashoah | yom | million | antisemitism | never | jews | six | jewish | murder', 'gun | molly | family | mcgovern | violence | prayer | heart | love | life | shooting', 'student | school | academy | great | service | young | team | college | high | community', 'social | musk | security | elon | doge | donald | benefit | trump | government | earn', 'india | attack | kashmir | terrorist | victim | condemn | tourist | terrorism | pahalgam | stand', 'art | competition | congressional | artwork | submit | capitol | artist | high | submission | school', 'vladimir | ukraine | putin | russia | russian | peace | war | donald | trump | kyiv', 'tax | cut | extend | hike | family | act | worker | relief | job | business', 'birthday | army | usarmyreserve | reserve | nation | thank | th | happy | serve | woman', 'energy | american | dominance | unleash | clean | coal | future | potus | production | independence', 'armenian | genocide | million | honor | remembrance | never | remember | today | azerbaijan | armenians']","[1991, 651, 478, 365, 350, 263, 224, 208, 184, 183, 182, 168, 142, 137, 119, 118, 115, 84, 79, 76, 63, 57, 54]"
2025-04-21 00:00:01,2025-04-28 00:00:01,6319,0.8586111304066305,0.2950807755265418,-1.453198998831675,0.9500000000000002,0.8145810650780572,"['donald | trump | work | community | make | day | family | protect | cut | president', 'pope | francis | world | peace | may | rest | pass | catholic | compassion | mourning', 'holocaust | yom | hashoah | million | antisemitism | never | remember | murder | six | jewish', 'india | attack | kashmir | terrorist | victim | condemn | family | stand | violence | terrorism', 'armenian | genocide | million | remember | honor | today | never | remembrance | anniversary | stand']","[5560, 406, 153, 111, 72]"
2025-04-24 00:00:01,2025-05-01 00:00:01,7579,0.6925475261087127,0.17982756107409478,-3.164804001510763,0.96,0.6608105541956338,"['gerry | connolly | worker | india | kashmir | real | attack | family | prayer | terrorist', 'donald | trump | day | president | make | work | american | first | community | america', 'holocaust | antisemitism | jewish | yom | hashoah | million | never | remember | must | murder', 'vladimir | ukraine | putin | russia | donald | trump | peace | war | russian | ukrainian', 'fentanyl | drug | awareness | day | national | prescription | take | nationalfentanylawarenessday | deadly | crisis', 'armenian | genocide | million | remember | honor | today | never | remembrance | armenians | stand']","[203, 6906, 207, 102, 86, 75]"
2025-04-27 00:00:01,2025-05-04 00:00:01,8005,0.7318669639073936,0.1758495304585607,-2.785795528919114,0.9780788177339901,0.716968501490626,"['donald | trump | work | day | make | president | community | first | american | federal', 'border | promise | president | secure | day | illegal | trump | donald | first | american', 'tax | budget | cut | musk | government | donald | spending | trump | billion | doge', 'tariff | economy | donald | trump | price | business | cost | trade | recession | gdp', 'health | mental | research | cancer | care | funding | cut | child | kid | school', 'judge | deport | illegal | process | due | court | law | deportation | citizen | ice', 'china | hegseth | security | waltz | military | pete | national | defense | johnson | mike', 'honor | sacrifice | military | veteran | vietnam | service | month | serve | appreciation | vietnamese', 'medicaid | cut | care | health | republicans | million | republican | medicare | healthcare | budget', 'israel | jewish | antisemitism | hostage | hamas | must | iran | independence | terrorist | hold', 'prayer | god | pray | nation | national | bless | nationaldayofprayer | faith | day | may', 'worker | union | labor | fight | wage | internationalworkersday | workplace | right | condition | safe', 'tune | live | watch | join | youtube | talk | podcast | first | day | morning', 'take | online | act | victim | deepfake | image | ai | pass | protect | desk', 'ukraine | vladimir | putin | russia | peace | mineral | war | russian | deal | agreement', 'student | school | great | high | leader | team | community | celebrate | host | university', 'california | vehicle | mandate | biden | joe | air | emission | ev | vote | standard', 'art | competition | congressional | winner | artwork | piece | high | school | year | artist', 'farm | farmer | agriculture | ag | crop | great | rancher | insurance | bill | rural', 'emergency | wildfire | management | weather | disaster | agency | storm | severe | fire | federal', 'chaos | day | donald | trump | first | administration | cruelty | back | people | fight', 'equalityact | equality | lgbtq | equalitycaucus | discrimination | lgbtqi | right | reintroduce | protection | law', 'aanhpi | asian | heritage | month | pacific | islander | native | hawaiian | contribution | celebrate', 'fentanyl | awareness | drug | nationalfentanylawarenessday | deadly | national | crisis | day | epidemic | fentanylawarenessday', 'energy | oil | gas | unleash | american | drill | dominance | nuclear | power | production', 'investment | manufacturing | president | american | job | invest | trump | manufacture | donald | tennessee', 'transportgop | transportation | highway | transit | infrastructure | today | road | rail | uscg | bill', 'social | security | benefit | earn | senior | office | bisignano | elon | hard | administration', 'pray | family | chatham | tragic | thought | injure | tragedy | crash | community | heart']","[3818, 415, 361, 353, 292, 284, 226, 183, 180, 173, 154, 134, 119, 118, 112, 105, 103, 102, 90, 80, 78, 74, 74, 70, 70, 63, 63, 61, 50]"
2025-04-30 00:00:01,2025-05-07 00:00:01,7796,0.7322863994536145,0.18785612022459738,-3.178321759808584,0.9844696969696969,0.7212536643689654,"['donald | trump | work | act | make | house | community | president | bill | family', 'illegal | law | border | judge | deport | alien | constitution | donald | trump | ice', 'tariff | donald | trump | economy | price | business | cost | president | trade | recession', 'budget | tax | cut | donald | trump | spending | president | billion | american | proposal', 'medicaid | cut | care | health | republicans | snap | republican | million | food | people', 'jewish | israel | antisemitism | iran | hamas | hostage | terrorist | ally | must | gaza', 'prayer | god | pray | nation | national | faith | day | nationaldayofprayer | bless | may', 'business | small | smallbusinessweek | economy | week | entrepreneur | owner | backbone | local | nationalsmallbusinessweek', 'teacher | educator | appreciation | thank | student | happy | teacherappreciationweek | shape | day | generation', 'day | chaos | first | donald | trump | administration | corruption | people | president | office', 'hegseth | waltz | pete | mike | johnson | security | defense | nations | military | national', 'worker | union | labor | wage | internationalworkersday | federal | fight | stand | fair | employee', 'art | competition | winner | congressional | year | piece | artist | congratulation | capitol | artwork', 'military | month | honor | sacrifice | serve | service | appreciation | veteran | man | woman', 'school | student | great | community | team | attend | event | meet | annual | honor', 'farm | farmer | insurance | texas | agriculture | rancher | producer | meet | discuss | ag', 'health | mental | research | funding | institutes | school | cut | cancer | grant | of', 'california | vehicle | mandate | biden | joe | standard | emission | vote | air | ev', 'nurse | care | nationalnursesday | compassion | thank | day | dedication | every | national | healthy', 'ukraine | vladimir | mineral | peace | putin | russia | agreement | deal | partnership | war', 'aanhpi | asian | pacific | islander | month | heritage | native | hawaiian | contribution | celebrate', 'energy | power | nuclear | coal | grid | biofuel | wind | renewable | american | dominance', 'preside | agree | good | jamiebonkiewicz | wear | speaker | say | boxman | tempore | danrich', 'china | communist | chinese | taiwan | party | states | america | united | global | pacific', 'real | passport | may | license | fly | start | form | domestic | flight | deadline', 'emergency | hurricane | wildfire | weather | season | management | disaster | preparedness | agency | fire', 'social | security | bisignano | frank | benefit | doge | vote | senior | ssa | elon', 'pbs | npr | public | medium | attack | broadcasting | donald | order | press | trump', 'veteran | va | care | veterans | benefit | foreclosure | health | act | vet | secvetaffair', 'fentanyl | drug | cartel | large | agpambondi | deadly | seizure | bust | flow | wire', 'office | help | federal | agency | team | hour | need | social | mobile | casework', 'tune | watch | live | si | full | youtu | youtube | join | remark | newsmax', 'vietnam | vietnamese | saigon | war | fall | anniversary | honor | april | black | th']","[3441, 506, 390, 304, 251, 217, 173, 165, 160, 152, 149, 133, 128, 124, 119, 116, 113, 99, 93, 91, 84, 81, 80, 72, 70, 68, 67, 64, 62, 58, 56, 55, 55]"
2025-05-03 00:00:01,2025-05-10 00:00:01,7785,0.7242415743138189,0.17366997663179165,-3.348561243912173,0.9837837837837838,0.7130245059522482,"['donald | trump | work | community | make | president | family | great | american | fight', 'illegal | law | investigation | border | donald | trump | bureau | criminal | immigration | of', 'medicaid | cut | republicans | snap | health | million | republican | care | budget | people', 'business | small | economy | smallbusinessweek | week | entrepreneur | owner | backbone | nationalsmallbusinessweek | community', 'pope | leo | xiv | catholic | church | first | american | world | god | pray', 'teacher | educator | appreciation | teacherappreciationweek | thank | student | happy | day | shape | week', 'tax | cut | budget | debt | donald | trump | family | spending | fiscal | trillion', 'energy | natural | power | oil | clean | utm | gas | resource | land | grid', 'jewish | antisemitism | campus | college | student | university | columbia | edworkforcecmte | antisemitic | month', 'chinese | communist | china | party | influence | confucius | university | taiwan | ai | foreign', 'gulf | rename | mexico | america | vote | codify | house | executive | bill | name', 'nurse | care | nationalnursesweek | thank | compassion | day | nationalnursesday | national | dedication | patient', 'veteran | va | care | act | bill | veterans | pass | secvetaffair | access | deserve', 'art | competition | congressional | winner | year | congratulation | display | piece | artist | high', 'mental | health | awareness | gun | violence | suicide | crisis | community | lifeline | prevention', 'victory | europe | freedom | sacrifice | honor | wwii | today | world | war | tyranny', 'iran | israel | gaza | hamas | nuclear | hostage | benjamin | terrorist | aid | sanction', 'crypto | genius | corruption | digital | asset | stablecoin | donald | coin | trump | act', 'tariff | price | donald | trump | business | trade | port | economy | cost | chaotic', 'emergency | management | agency | hurricane | federal | disaster | season | wildfire | fire | preparedness', 'farmer | farm | agriculture | usda | producer | director | rural | ag | secrollin | state', 'community | student | great | school | team | thank | enjoy | event | dc | az', 'woman | man | sport | dogecommittee | lehfeldt | usa | damien | fencing | gopoversight | repmtg', 'public | servant | service | recognition | publicservicerecognitionweek | worker | federal | week | employee | thank', 'trade | deal | uk | president | market | historic | potus | america | kingdom | fair', 'real | passport | license | start | fly | may | driver | domestic | flight | compliant', 'child | mom | mother | family | parent | care | momsequalpayday | support | pay | act', 'traffic | air | airport | newark | controller | faa | safety | delay | aviation | flight', 'spouse | military | sacrifice | strength | appreciation | militaryspouseappreciationday | thank | support | wife | service', 'hospital | care | patient | healthcare | discuss | health | meeting | meet | iowa | anesthesiologist', 'office | help | team | agency | federal | hour | mobile | social | need | pm', 'hayden | dr | carla | librarian | library | congress | fire | donald | history | trump', 'social | security | bisignano | frank | benefit | ssa | commissioner | vote | doge | earn', 'tune | live | join | youtube | minute | broadcast | watch | et | fm | pm', 'agree | lol | exactly | true | good | spot | soon | look | let | xx', 'ukraine | vladimir | russia | putin | nato | mineral | russian | ukrainian | war | peace', 'veteran | month | service | honor | military | sacrifice | appreciation | serve | nation | militaryappreciationmonth', 'water | land | lake | river | conservation | project | protect | public | great | infrastructure']","[2690, 720, 459, 263, 262, 232, 212, 155, 144, 139, 137, 134, 126, 124, 120, 116, 116, 113, 110, 109, 103, 101, 95, 93, 90, 85, 81, 77, 71, 66, 58, 58, 57, 56, 55, 54, 53, 51]"
2025-05-06 00:00:01,2025-05-13 00:00:01,8214,0.7420194324521842,0.18910079012954398,-3.2032994224534415,0.9845378151260504,0.7311597531317108,"['donald | trump | work | make | president | community | security | family | american | cut', 'illegal | border | donald | trump | law | ice | investigation | bureau | criminal | of', 'medicaid | cut | republicans | health | million | care | republican | snap | budget | people', 'mother | mom | happy | day | love | wife | wish | incredible | amazing | figure', 'energy | tax | bill | reconciliation | american | debt | cut | big | clean | beautiful', 'edan | hostage | alexander | hamas | home | release | israel | captivity | iran | finally', 'pope | leo | xiv | catholic | church | first | american | world | may | god', 'student | art | competition | academy | winner | congressional | congratulation | school | year | capitol', 'farmer | farm | great | land | agriculture | work | meet | producer | discuss | state', 'teacher | educator | appreciation | teacherappreciationweek | student | thank | shape | generation | future | happy', 'business | small | smallbusinessweek | entrepreneur | economy | week | nationalsmallbusinessweek | owner | community | backbone', 'vladimir | pakistan | india | ukraine | russia | putin | peace | cuba | ceasefire | regime', 'police | officer | enforcement | week | law | national | honor | community | man | safe', 'crypto | corruption | donald | trump | foreign | gift | qatar | accept | asset | genius', 'tariff | donald | price | trump | business | small | cost | economy | trade | port', 'antisemitism | jewish | campus | college | university | student | columbia | contribution | month | antisemitic', 'nurse | care | nationalnursesweek | compassion | thank | patient | nationalnursesday | dedication | national | day', 'gulf | rename | mexico | america | vote | house | codify | bill | name | republicans', 'emergency | management | agency | fire | federal | hurricane | firefighter | disaster | wildfire | preparedness', 'child | mom | care | family | parent | mother | pay | act | parenthood | momsequalpayday', 'tune | live | join | fm | watch | fox | podcast | chesschick | pm | broadcast', 'victory | europe | freedom | sacrifice | honor | wwii | war | today | world | tyranny', 'trade | deal | uk | historic | president | fair | potus | agreement | market | america', 'veteran | va | care | act | cancer | bill | benefit | deserve | veterans | pass', 'public | service | servant | worker | recognition | publicservicerecognitionweek | federal | week | civil | employee', 'care | cancer | patient | breast | hospital | discuss | healthcare | health | access | meet', 'woman | sport | dogecommittee | man | lehfeldt | usa | damien | fencing | gopoversight | repmtg', 'real | passport | license | travel | fly | start | may | tsa | driver | dmv', 'newark | traffic | air | controller | airport | faa | safety | delay | aviation | flight', 'spouse | military | sacrifice | strength | appreciation | militaryspouseappreciationday | support | thank | service | member', 'hayden | dr | librarian | carla | congress | library | fire | history | donald | trump', 'office | team | help | agency | hour | federal | mobile | constituent | casework | need', 'chinese | communist | party | confucius | university | influence | institutes | pass | entity | dhs', 'mental | health | awareness | month | crisis | stigma | suicide | lifeline | text | mhcaucus', 'research | measle | lab | science | function | gain | rfk | covid | health | vaccine']","[2086, 756, 568, 386, 360, 273, 261, 259, 240, 205, 191, 178, 177, 173, 146, 139, 138, 135, 133, 131, 123, 119, 117, 112, 110, 100, 77, 75, 74, 74, 71, 61, 56, 56, 54]"
2025-05-09 00:00:01,2025-05-16 00:00:01,8413,0.7906375759803366,0.2743118549641815,-1.4088117669779432,0.9666666666666668,0.7689828910697506,"['donald | trump | cut | work | week | community | bill | tax | make | family', 'mother | day | mom | happy | love | wife | incredible | wish | thank | today', 'edan | hostage | alexander | hamas | home | release | captivity | finally | hold | gaza', 'hayden | dr | librarian | carla | congress | library | fire | donald | trump | history']","[7657, 382, 246, 81]"
2025-05-12 00:00:01,2025-05-19 00:00:01,8400,0.7168122747089968,0.18149474677254412,-3.3079723033648842,0.9825123152709361,0.7046154611316948,"['donald | trump | work | make | get | american | congress | act | bill | president', 'tax | medicaid | cut | republicans | bill | americans | care | republican | people | million', 'police | officer | week | enforcement | law | national | honor | community | safe | sacrifice', 'border | illegal | citizenship | donald | court | trump | ice | birthright | due | criminal', 'student | academy | school | congratulation | art | competition | year | great | congressional | th', 'farmer | great | discuss | industry | farm | business | meet | producer | community | support', 'edan | hostage | alexander | hamas | home | release | captivity | finally | gaza | hold', 'donald | qatar | trump | gift | accept | corruption | foreign | jet | plane | luxury', 'armed | force | day | sacrifice | woman | man | armedforcesday | nation | serve | service', 'emergency | fire | management | firefighter | agency | hurricane | responder | disaster | weather | wildfire', 'joe | biden | president | cancer | prayer | recovery | family | pray | diagnosis | wish', 'iran | nuclear | east | middle | president | donald | trump | peace | world | deal', 'energy | green | clean | dominance | solar | new | subsidy | repeal | job | wind', 'town | hall | tune | telephone | live | pm | join | newsletter | rsvp | may', 'head | start | child | mom | care | family | baby | program | health | support', 'research | rfk | jr | health | science | cancer | institutes | cut | of | hhs', 'tariff | price | trump | donald | walmart | business | cost | small | trade | raise', 'china | trade | deal | chinese | american | donald | trump | communist | worker | president', 'airport | air | traffic | faa | newark | controller | aviation | duffy | system | dca', 'veteran | va | secvetaffair | deserve | collins | care | secretary | veterans | service | administration', 'let | win | yike | yes | hour | get | count | go | time | true', 'office | help | team | agency | mobile | federal | casework | hour | need | may', 'mental | health | suicide | crisis | awareness | mentalhealthawarenessmonth | lifeline | youth | month | text', 'biden | joe | decline | medium | cover | democrat | lie | people | democrats | american', 'inflation | low | price | since | april | drop | year | grocery | four | cpi', 'comey | investigation | bureau | james | of | director | post | federal | former | assassination', 'jewish | antisemitism | hate | heritage | transphobia | homophobia | lgbtq | month | international | biphobia', 'vladimir | ukraine | putin | russia | cuba | russian | war | volodymyr | ukrainian | cuban', 'defense | space | readiness | mission | security | national | military | navy | force | planetary']","[2455, 1751, 780, 450, 317, 256, 231, 221, 209, 165, 150, 146, 116, 110, 102, 100, 89, 84, 78, 66, 66, 62, 62, 61, 57, 56, 54, 53, 53]"
2025-05-15 00:00:01,2025-05-22 00:00:01,8548,0.7198414486203422,0.19420796635588236,-2.9350797831752975,0.9793103448275862,0.7054754141746283,"['donald | trump | work | community | make | bill | support | need | american | get', 'medicaid | republicans | cut | republican | budget | tax | million | billionaire | health | care', 'beautiful | tax | big | bill | one | american | deliver | president | trump | donald', 'officer | police | enforcement | law | week | honor | national | community | sacrifice | line', 'student | school | congratulation | academy | great | proud | high | see | year | class', 'biden | joe | cancer | president | recovery | diagnosis | family | pray | wish | strength', 'farmer | great | agriculture | business | industry | discuss | farm | usda | small | meet', 'mciver | oversight | charge | replamonica | intimidate | member | congress | conduct | congresswoman | stand', 'armed | force | serve | sacrifice | day | woman | man | service | armedforcesday | nation', 'gerry | connolly | friend | virginia | servant | congressman | pass | sadden | family | public', 'border | illegal | deportation | deport | alien | immigrant | criminal | secure | donald | ice', 'tune | live | et | join | watch | foxbusiness | pm | si | mornings | with', 'emergency | management | weather | agency | hurricane | storm | federal | disaster | season | tornado', 'victim | act | woman | take | protect | image | law | deepfake | predator | online', 'town | hall | office | telephone | pm | join | help | host | may | live', 'research | health | rfk | cancer | jr | institutes | science | john | kennedy | donald', 'iran | nuclear | east | middle | president | donald | trump | deal | peace | syria', 'tariff | price | donald | trump | walmart | business | trade | cost | economy | small', 'energy | clean | gas | green | california | american | repeal | subsidy | inflation | oil', 'start | head | education | child | school | program | kid | student | early | choice', 'doge | elon | musk | genius | fraud | act | social | donald | trump | security', 'veteran | va | care | deserve | bipartisan | benefit | act | earn | survivor | ensure', 'qatar | accept | jet | plane | donald | gift | trump | foreign | luxury | bribe', 'air | traffic | airport | faa | controller | flight | system | control | dca | aviation', 'vladimir | ukraine | putin | russia | war | sanction | peace | russian | europe | ceasefire', 'comey | james | bureau | investigation | of | director | post | former | federal | assassination', 'china | chinese | communist | party | taiwan | harvard | chip | security | ai | stop', 'citizenship | birthright | constitution | supreme | court | bear | right | donald | trump | amendment', 'defense | military | readiness | guard | national | general | mission | security | army | critical', 'jewish | antisemitism | hate | heritage | israel | month | homophobia | transphobia | lgbtq | international']","[2873, 1274, 557, 423, 292, 280, 225, 220, 219, 217, 191, 161, 146, 131, 119, 113, 111, 109, 95, 95, 93, 91, 78, 67, 67, 65, 61, 60, 59, 56]"
2025-05-18 00:00:01,2025-05-25 00:00:01,8485,0.8710743207419633,0.30141190261288786,-1.33205775819965,0.9833333333333334,0.8561784673582479,"['bill | donald | trump | tax | cut | big | work | house | american | republicans', 'jewish | israeli | antisemitism | embassy | violence | two | murder | capital | museum | victim', 'joe | biden | president | cancer | family | diagnosis | recovery | wish | pray | strength', 'gerry | connolly | friend | family | pass | virginia | congressman | servant | public | sadden']","[7423, 534, 301, 227]"
2025-05-21 00:00:01,2025-05-28 00:00:01,7149,0.7354050496547986,0.21315797900275832,-2.5860215276437346,0.9746666666666667,0.7164934410657341,"['work | bill | donald | trump | house | need | support | tax | american | make', 'republicans | medicaid | cut | bill | care | health | republican | million | food | tax', 'memorial | honor | day | sacrifice | freedom | hero | remember | ultimate | service | never', 'beautiful | big | tax | bill | one | american | deliver | president | pass | trump', 'jewish | israeli | antisemitism | embassy | violence | two | capital | museum | murder | victim', 'man | woman | brave | sacrifice | honor | freedom | day | remember | memorial | ultimate', 'gerry | connolly | friend | virginia | congressman | servant | sadden | public | pass | family', 'energy | nuclear | china | ai | communist | america | threat | chinese | security | critical', 'academy | student | graduate | school | congratulation | class | future | great | high | year', 'education | student | harvard | department | donald | trump | judge | dismantle | court | school', 'criminal | illegal | ice | alien | law | biden | joe | donald | trump | administration', 'emergency | disaster | management | federal | agency | storm | declaration | hurricane | request | weather', 'farmer | farm | agriculture | industry | great | discuss | support | food | economy | ag', 'vaccine | research | health | cancer | rfk | covid | jr | institutes | disease | hiv', 'crypto | dinner | donald | trump | corruption | coin | meme | genius | buyer | investor', 'vladimir | putin | russia | ukraine | sanction | war | peace | donald | trump | russian', 'baseball | championship | gator | team | win | congrat | ncaa | congratulation | softball | gatorsmbk', 'hall | town | pm | join | rsvp | host | milpita | may | telephone | thursday', 'tariff | donald | trump | trade | business | price | small | war | eu | expensive', 'rangel | kirk | charlie | charles | congressman | black | found | harlem | legacy | friend', 'california | senate | mandate | air | ev | vehicle | overturn | car | consumer | waiver', 'veteran | va | care | act | service | access | ensure | military | deserve | need', 'gas | price | low | weekend | memorial | day | since | year | promise | cheap', 'floyd | george | justice | five | police | year | murder | ago | reform | today', 'border | texas | wall | secure | security | biden | joe | agent | mile | flow']","[2148, 1076, 660, 586, 538, 218, 217, 202, 155, 141, 139, 126, 114, 91, 84, 79, 76, 73, 70, 65, 62, 62, 58, 56, 53]"
2025-05-24 00:00:01,2025-05-31 00:00:01,5511,0.7577660022564248,0.18833367321834624,-2.6177147413742756,0.9763157894736842,0.7397920127564617,"['community | donald | work | trump | help | need | make | federal | job | support', 'tax | bill | cut | medicaid | big | republicans | care | beautiful | republican | health', 'honor | memorial | day | sacrifice | freedom | service | remember | hero | ultimate | veteran', 'student | school | academy | congratulation | education | class | future | high | great | graduate', 'illegal | ice | border | criminal | alien | trump | donald | immigrant | deportation | immigration', 'business | federal | community | emergency | project | disaster | work | county | agency | small', 'man | woman | brave | sacrifice | honor | day | freedom | remember | memorial | ultimate', 'doge | musk | elon | waste | government | fraud | cut | abuse | codify | congress', 'tariff | donald | trump | trade | court | business | power | authority | small | president', 'israel | antisemitism | gaza | hostage | jewish | hamas | aid | innocent | hate | israeli', 'hall | town | host | pm | join | rsvp | may | question | hear | conversation', 'veteran | va | care | health | access | provide | support | service | deserve | help', 'vladimir | putin | ukraine | russia | sanction | war | peace | russian | trump | donald', 'rangel | kirk | congressman | charlie | charles | black | friend | pass | sadden | harlem', 'chinese | china | communist | party | visa | student | national | missile | act | threat', 'floyd | george | justice | murder | five | year | police | ago | reform | today', 'border | patrol | birthday | st | happy | agent | thank | protect | man | secure', 'vaccine | rfk | jr | covid | science | health | pregnant | conspiracy | flu | bird', 'energy | nuclear | climate | lng | mineral | gas | power | cruz | new | security', 'crypto | donald | trump | bitcoin | corruption | coin | meme | sell | dinner | influence']","[1742, 739, 686, 314, 279, 263, 228, 203, 186, 128, 124, 116, 80, 71, 69, 59, 58, 56, 55, 55]"
2025-05-27 00:00:01,2025-06-03 00:00:01,5909,0.6902503280641079,0.1649836257918298,-4.369422892155437,0.9800000000000001,0.6774566555266396,"['dj | woman | sport | man | iran | chag | sameach | athlete | girl | shavuot', 'donald | trump | work | community | make | cut | family | bill | american | thank', 'attack | boulder | jewish | antisemitism | victim | antisemitic | must | hate | violence | colorado', 'pride | month | lgbtq | happy | equality | pridemonth | celebrate | community | fight | love', 'vladimir | ukraine | russia | putin | war | sanction | russian | peace | ukrainian | trump']","[71, 5035, 518, 168, 117]"
2025-05-30 00:00:01,2025-06-06 00:00:01,7101,0.7268618286758171,0.19387665194233208,-1.5907499336945339,1.0,0.7268618286758171,"['donald | trump | bill | work | community | cut | make | american | people | family', 'attack | boulder | jewish | antisemitism | must | victim | antisemitic | violence | hate | terror']","[6496, 605]"
2025-06-02 00:00:01,2025-06-09 00:00:01,7857,0.7438945058924868,0.19459469647220679,-3.147545344440113,0.9841379310344828,0.7324148794227817,"['donald | trump | work | make | house | community | american | right | state | year', 'bill | tax | big | cut | medicaid | beautiful | republicans | million | care | health', 'attack | boulder | jewish | antisemitism | antisemitic | victim | hate | must | terror | violence', 'ice | joe | biden | illegal | law | alien | criminal | deport | border | enforcement', 'normandy | beach | sacrifice | day | storm | freedom | ally | ago | honor | today', 'job | corps | education | student | program | center | young | training | donald | workforce', 'doge | rescission | package | cut | codify | waste | fraud | billion | spending | congress', 'hurricane | season | emergency | weather | management | agency | wildfire | disaster | federal | fire', 'pride | month | lgbtq | happy | equality | pridemonth | celebrate | love | community | fight', 'academy | student | service | leader | school | congratulation | proud | young | honor | future', 'gun | violence | wearorange | awareness | gunviolenceawarenessmonth | life | lose | safe | epidemic | day', 'musk | elon | donald | bill | trump | billionaire | abomination | disgusting | republicans | tax', 'tariff | business | trade | steel | trump | donald | price | small | cost | consumer', 'support | opioid | crisis | mental | addiction | act | treatment | recovery | overdose | health', 'fishing | lake | water | worldenvironmentday | protect | environment | trail | planet | boat | clean', 'energy | alaska | reliable | power | clean | american | affordable | coal | oil | dominance', 'chinese | communist | party | china | national | security | threat | smuggle | visa | singapore', 'eid | wish | mubarak | adha | celebrate | al | peace | reflection | joy | bless', 'housing | realtor | home | affordable | homeownership | association | discuss | meet | great | dream', 'court | judge | donald | trump | koch | nominee | supreme | judicial | leo | judiciary', 'ban | travel | trump | donald | bigotry | security | muslim | safe | country | people', 'vladimir | ukraine | putin | russia | war | russian | ukrainian | sanction | peace | drone', 'office | help | agency | federal | passport | team | social | security | constituent | hour', 'farmer | farm | producer | agriculture | feed | ag | food | conservation | kansas | usda', 'faa | air | aviation | airport | traffic | safety | pilot | sky | controller | control', 'business | small | crypto | loan | act | american | entrepreneur | pass | sba | first', 'championship | baseball | win | congratulation | softball | title | series | school | state | proud', 'abortion | emergency | care | woman | guidance | emtala | donald | trump | hospital | doctor', 'tune | watch | si | youtu | full | join | live | foxnew | et | senfettermanpa', 'yes | agree | good | do | happen | tomorrow | let | yescer | crazy | get']","[2496, 1061, 576, 571, 375, 309, 211, 186, 176, 170, 143, 128, 110, 106, 99, 98, 97, 90, 89, 89, 87, 78, 76, 73, 70, 63, 60, 60, 56, 54]"
2025-06-05 00:00:01,2025-06-12 00:00:01,8145,0.754294446501091,0.1946034652481743,-3.078756927637397,0.9834677419354839,0.7425757596014697,"['donald | trump | house | work | vote | bill | business | american | act | community', 'law | ice | donald | trump | enforcement | illegal | los | angeles | la | guard', 'medicaid | care | health | cut | million | republicans | tax | bill | republican | billionaire', 'normandy | beach | sacrifice | day | freedom | storm | ago | ally | honor | courage', 'bill | beautiful | tax | big | cut | one | spending | deliver | american | get', 'antisemitism | jewish | israel | hostage | antisemitic | hamas | condemn | attack | gaza | terrorist', 'wildfire | weather | emergency | hurricane | disaster | management | water | federal | season | agency', 'job | corps | education | worker | young | labor | center | care | program | workforce', 'farmer | farm | dairy | rural | producer | agriculture | food | usda | association | feed', 'art | competition | capitol | winner | school | congressional | student | artwork | high | congratulation', 'tariff | price | trump | donald | job | inflation | economy | trade | business | president', 'gun | violence | wearorange | awareness | life | lose | gunviolenceawarenessmonth | day | safe | epidemic', 'air | defense | military | force | faa | mission | national | aviation | base | security', 'energy | power | clean | reliable | cost | biden | joe | dominance | american | environmental', 'game | baseball | tonight | tune | congressional | charity | podcast | fox | thunderup | great', 'chinese | communist | china | party | threat | national | security | farmland | supply | agroterrorism', 'musk | elon | donald | trump | billionaire | breakup | bill | big | get | care', 'abortion | care | woman | act | face | repeal | reproductive | contraception | decision | emergency', 'veteran | va | care | milcon | bill | veterans | funding | affair | benefit | appropsdem', 'ban | travel | trump | donald | security | bigotry | country | muslim | discriminatory | safe', 'vaccine | rfk | jr | health | disease | expert | for | centers | fire | advisory', 'housing | realtor | home | affordable | urban | discuss | development | association | supply | homeownership', 'eid | mubarak | wish | adha | al | celebrate | peace | joy | reflection | bless', 'pride | lgbtq | equality | happy | month | celebrate | community | pridemonth | love | right', 'clarity | digital | asset | act | financialcmte | market | crypto | financial | stock | innovation', 'hall | town | pm | rsvp | newsletter | june | question | telephone | th | join', 'fentanyl | opioid | overdose | recovery | support | crisis | addiction | mental | life | drug', 'office | help | passport | team | agency | hour | mobile | june | federal | social', 'ai | state | job | federalism | china | regulate | technology | replace | moratorium | innovation', 'daca | dreamer | homeishere | dream | recipient | citizenship | pathway | year | protection | transform', 'datum | doge | social | privacy | security | sensitive | information | supreme | personal | access', 'championship | win | congratulation | state | softball | series | college | team | geauxtiger | school']","[2508, 1410, 463, 406, 384, 245, 199, 188, 167, 164, 158, 146, 144, 141, 132, 118, 107, 97, 90, 88, 88, 78, 77, 76, 74, 66, 65, 57, 57, 52, 50, 50]"
2025-06-08 00:00:01,2025-06-15 00:00:01,8911,0.7751178079110568,0.21659503964233312,-2.6373216489684603,0.9849462365591398,0.7645863286558057,"['donald | bill | trump | work | house | make | vote | today | people | act', 'law | ice | donald | trump | illegal | enforcement | protest | angeles | los | la', 'israel | iran | nuclear | weapon | ally | region | iranian | east | middle | regime', 'minnesota | violence | political | hoffman | hortman | melissa | family | pray | john | husband', 'army | birthday | th | woman | happy | serve | usarmy | sacrifice | service | thank', 'senator | padilla | senalexpadilla | question | administration | ask | noem | conference | press | assault', 'rescission | cut | package | doge | npr | pbs | billion | vote | spending | taxpayer', 'medicaid | care | health | cut | tax | republicans | million | billionaire | bill | americans', 'tax | beautiful | big | bill | one | cut | large | deliver | american | history', 'flag | day | symbol | flagday | freedom | stripe | star | happy | nation | represent', 'tune | podcast | ericldaugh | youtu | watch | si | episode | full | live | join', 'game | baseball | congressional | charity | tonight | team | win | great | raise | play', 'defense | hegseth | military | secdef | air | secretary | dod | budget | aviation | readiness', 'wildfire | emergency | disaster | management | water | hurricane | federal | agency | community | help', 'vaccine | alzheimer | rfk | health | disease | jr | expert | research | advisory | centers', 'birthday | happy | president | america | of | potus | realdonaldtrump | great | thank | donald', 'farmer | usda | farm | agriculture | discuss | rural | iowa | food | producer | agricultural', 'antisemitism | jewish | antisemitic | condemn | sarah | yaron | boulder | lischinsky | milgrim | attack', 'gun | pulse | violence | nightclub | lgbtq | orlando | remember | hate | life | nine', 'ai | digital | clarity | act | innovation | asset | crypto | genius | protect | consumer', 'office | pm | june | hall | town | help | team | hour | rsvp | th', 'art | competition | winner | congressional | capitol | artwork | display | piece | year | congratulation', 'student | school | great | congratulation | young | award | service | gold | community | honor', 'veteran | va | bill | appropriation | care | military | funding | veterans | construction | ensure', 'energy | environmental | protection | power | agency | biden | joe | clean | plant | dominance', 'chinese | communist | china | party | foreign | tie | green | farmland | hunter | undermine', 'care | child | health | healthcare | community | patient | work | meet | support | discuss', 'tariff | price | trump | business | donald | cost | trade | economy | small | reckless', 'abortion | care | child | act | protect | reproductive | woman | bill | health | emtala', 'fentanyl | halt | drug | act | deadly | desk | substance | tool | crisis | enforcement', 'daca | dreamer | homeishere | dream | recipient | citizenship | pathway | year | protection | permanent']","[2397, 1526, 505, 378, 374, 353, 346, 272, 204, 180, 175, 174, 154, 151, 150, 139, 129, 124, 117, 114, 114, 112, 109, 107, 106, 84, 81, 69, 59, 54, 54]"
2025-06-11 00:00:01,2025-06-18 00:00:01,8690,0.7952138264717439,0.22822199918618485,-2.3502736421271067,0.9862433862433864,0.7848218856533109,"['hospital | donald | health | community | trump | work | bill | house | make | support', 'ice | illegal | law | donald | border | protest | trump | criminal | alien | immigration', 'israel | iran | nuclear | weapon | regime | ally | iranian | must | war | region', 'tax | bill | big | cut | beautiful | medicaid | care | health | family | republicans', 'violence | minnesota | political | hortman | hoffman | melissa | family | john | pray | place', 'senator | padilla | senalexpadilla | administration | question | ask | noem | assault | conference | press', 'army | birthday | th | woman | serve | usarmy | sacrifice | service | happy | freedom', 'rescission | cut | package | vote | doge | pbs | billion | npr | taxpayer | spending', 'father | dad | day | happy | figure | love | wish | grandfather | fathersday | great', 'flag | symbol | day | flagday | freedom | stripe | star | nation | honor | represent', 'student | service | gold | award | great | young | congratulation | congressional | academy | honor', 'game | baseball | congressional | charity | tonight | raise | win | play | team | great', 'birthday | happy | president | potus | america | realdonaldtrump | donald | thank | first | great', 'farmer | farm | usda | agriculture | iowa | discuss | food | rural | secrollin | producer', 'art | competition | winner | congressional | capitol | piece | display | artwork | year | welcome', 'gun | pulse | nightclub | violence | lgbtq | nine | hate | ago | orlando | remember', 'hall | town | pm | tune | rsvp | live | june | watch | join | youtube', 'wildfire | emergency | federal | hurricane | management | weather | fire | storm | local | safe', 'veteran | va | care | bill | military | appropriation | funding | benefit | support | ensure', 'energy | power | environmental | protection | agency | clean | joe | biden | plant | dominance', 'daca | dreamer | homeishere | citizenship | dream | recipient | pathway | year | protection | permanent', 'china | chinese | communist | ai | party | adversary | foreign | security | hunter | technology', 'child | youth | foster | job | corps | education | work | support | workforce | college', 'genius | stablecoin | digital | act | asset | crypto | pass | clarity | consumer | senate', 'hegseth | defense | secdef | military | readiness | secretary | pete | dod | general | arsenal', 'office | help | hour | passport | federal | agency | june | team | assistance | mobile', 'parade | military | donald | birthday | million | trump | ego | taxpayer | dollar | waste', 'fentanyl | halt | drug | act | desk | deadly | substance | tool | law | enforcement']","[2179, 892, 874, 796, 471, 443, 381, 353, 348, 169, 162, 139, 138, 131, 127, 125, 117, 106, 106, 104, 82, 72, 68, 68, 65, 62, 59, 53]"
2025-06-14 00:00:01,2025-06-21 00:00:01,6980,0.7615658834886916,0.21807957858276816,-2.5588347576136714,0.9822510822510825,0.7489288837887014,"['community | hospital | work | donald | trump | new | support | county | make | act', 'bill | tax | big | cut | beautiful | medicaid | republicans | care | one | health', 'ice | border | illegal | donald | trump | law | immigrant | agent | administration | immigration', 'iran | israel | nuclear | war | weapon | donald | regime | president | east | trump', 'violence | minnesota | political | hortman | hoffman | melissa | pray | family | john | place', 'juneteenth | freedom | celebrate | black | equality | justice | fight | slavery | today | emancipation', 'army | birthday | th | usarmy | serve | year | sacrifice | happy | woman | service', 'father | dad | day | happy | figure | love | wish | grandfather | fathersday | great', 'flag | symbol | day | flagday | stripe | star | freedom | nation | represent | american', 'hall | town | pm | join | tune | live | youtube | june | watch | hear', 'court | supreme | child | decision | gender | minor | ban | care | tennessee | kid', 'academy | student | school | service | high | future | class | great | congratulation | leader', 'birthday | happy | president | potus | realdonaldtrump | america | donald | great | thank | trump', 'community | project | housing | local | development | business | tour | great | see | work', 'veteran | va | care | doctor | theguardian | veterans | jun | refuse | marital | deny', 'stay | weather | heat | wildfire | storm | response | west | flood | fire | severe', 'texas | job | august | globe | myntxjob | employer | seeker | interested | fair | field', 'congratulation | championship | cup | win | team | stanley | title | wps | proud | florida', 'energy | clean | bill | solar | big | beautiful | dominance | cost | american | unleash', 'office | help | agency | federal | passport | hour | internal | mobile | team | revenue', 'institutes | health | research | of | national | science | rfk | cut | disease | cancer', 'biden | joe | decline | cover | hearing | democrats | white | mental | run | president']","[1807, 889, 766, 578, 529, 418, 359, 339, 166, 163, 132, 122, 113, 93, 76, 68, 65, 64, 63, 60, 57, 53]"
2025-06-17 00:00:01,2025-06-24 00:00:01,6430,0.7600750365871736,0.27327284634175547,-1.2016406380924358,1.0,0.7600750365871736,"['donald | trump | iran | president | bill | american | one | make | work | big', 'job | texas | august | employer | myntxjob | seeker | globe | fair | interested | field']","[6365, 65]"
2025-06-20 00:00:01,2025-06-27 00:00:01,7882,0.7637657952598986,0.20575874327873447,-1.9150949161267399,0.9833333333333334,0.748651008970473,"['heat | cool | stay | extreme | center | hydrated | strength | safe | find | check', 'donald | trump | bill | president | iran | american | one | big | work | make', 'woman | care | abortion | right | reproductive | decision | court | health | supreme | roe', 'equality | marriage | obergefell | today | love | year | hodge | right | fight | lgbtq']","[71, 7195, 471, 145]"
2025-06-23 00:00:01,2025-06-30 00:00:01,8530,0.7179907343968127,0.16799818057896576,-2.996488684936582,0.9822463768115943,0.7058874465251529,"['donald | school | trump | house | work | act | make | community | american | bill', 'bill | tax | big | beautiful | cut | one | medicaid | republicans | family | senate', 'iran | nuclear | president | peace | donald | war | trump | strike | israel | east', 'woman | abortion | reproductive | care | decision | right | roe | parenthood | supreme | court', 'border | ice | biden | joe | illegal | security | alien | immigration | agent | national', 'honor | student | community | service | great | congressional | proud | thank | th | family', 'court | judge | citizenship | supreme | birthright | injunction | constitution | rule | nationwide | donald', 'energy | green | bill | scam | new | american | clean | oil | coal | gas', 'veteran | va | military | affair | appropriation | construction | care | support | fund | fully', 'forest | wildfire | county | project | infrastructure | road | transportation | community | roadless | federal', 'equality | marriage | obergefell | lgbtq | love | hodge | year | sex | equalityday | today', 'land | public | sell | sale | provision | acre | proposal | million | lee | senate', 'gun | violence | community | safe | safety | law | bipartisan | act | year | ago', 'tune | join | watch | live | podcast | foxnew | si | listen | youtube | pm', 'parent | child | court | kid | religious | supreme | school | opt | parental | gender', 'care | senior | patient | discuss | health | meet | aarp | social | medicare | access', 'hate | antisemitism | jewish | muslim | anti | zohran | antisemitic | mamdani | attack | condemn', 'vaccine | disease | rfk | jr | research | health | centers | for | prevention | and', 'hall | town | newsletter | telephone | pm | update | join | rsvp | question | hear', 'school | student | education | pell | voucher | college | public | grant | university | loan', 'condemn | violence | riot | resolution | protest | law | enforcement | attack | violent | angeles', 'stonewall | pride | lgbtq | equality | movement | community | fight | celebrate | spark | honor', 'office | help | agency | hour | federal | mobile | passport | team | casework | social', 'win | attention | huge | matter | let | correct | thank | keep | true | truth']","[2074, 1959, 978, 493, 484, 445, 358, 230, 210, 172, 139, 106, 93, 87, 82, 82, 82, 78, 76, 73, 62, 58, 57, 52]"
2025-06-26 00:00:01,2025-07-03 00:00:01,9039,0.7968947466787024,0.2315212695983606,-1.7347057984798664,0.8500000000000001,0.6741439972354024,"['bill | big | tax | donald | trump | one | beautiful | cut | family | republicans', 'court | judge | supreme | citizenship | birthright | injunction | donald | constitution | trump | decision', 'parenthood | plan | care | abortion | court | supreme | woman | screening | cancer | decision', 'parent | court | child | supreme | kid | religious | right | school | gender | opt']","[8376, 335, 234, 66]"
2025-06-29 00:00:01,2025-07-06 00:00:01,8804,0.7376808009582293,0.19673889023946164,-2.2783572145404727,0.9571428571428572,0.7069037003469948,"['bill | tax | donald | trump | work | one | big | beautiful | president | american', 'republicans | bill | health | care | medicaid | cut | million | vote | ugly | people', 'happy | independence | day | celebrate | july | freedom | th | nation | today | fourth', 'beautiful | one | big | bill | president | deliver | pass | american | trump | donald', 'tax | beautiful | one | big | bill | tip | business | cut | small | worker', 'service | office | community | help | veteran | honor | team | thank | work | support', 'repjeffrie | leader | jeffrie | floor | house | hakeem | speech | record | hour | story', 'ice | agent | deportation | criminal | immigrant | mask | donald | trump | raid | community', 'texas | pray | responder | flood | flooding | prayer | family | miss | first | rescue', 'energy | solar | clean | wind | cost | bill | climate | tax | price | job', 'tune | discuss | join | watch | beautiful | talk | big | foxbusiness | one | youtu', 'farmer | farm | rural | beautiful | one | iowa | producer | death | bill | big', 'border | secure | patrol | wall | illegal | agent | finish | ice | beautiful | security', 'update | capitol | fold | yes | say | lie | let | quick | get | midnight', 'firefighter | idaho | fire | responder | brave | community | first | ambush | victim | pray', 'vladimir | ukraine | russia | putin | weapon | ukrainian | peace | war | defense | ally', 'iran | nuclear | israel | hamas | terrorist | peace | iranian | hostage | world | trump', 'parenthood | plan | abortion | defund | woman | care | reproductive | screening | cancer | access', 'right | equality | civil | pride | lgbtq | ago | act | year | fight | discrimination', 'credit | child | family | childcare | tax | account | saving | expand | newborn | provide', 'energy | nuclear | unleash | dominance | american | america | oil | gas | power | beautiful']","[2429, 2722, 687, 678, 516, 399, 213, 134, 117, 100, 98, 95, 93, 92, 70, 68, 67, 60, 59, 57, 50]"
2025-07-02 00:00:01,2025-07-09 00:00:01,7413,0.7398146561263037,0.20816031976763286,-2.242352025599321,0.9602564102564103,0.7119266440956115,"['donald | trump | bill | make | people | job | tax | work | year | vote', 'bill | republicans | health | care | ugly | medicaid | big | vote | people | cut', 'beautiful | bill | big | one | tax | president | american | donald | trump | deliver', 'happy | independence | day | celebrate | july | freedom | nation | th | today | great', 'texas | flood | responder | pray | first | family | life | flooding | rescue | heart', 'office | veteran | va | service | help | internship | team | federal | application | agency', 'ice | agent | enforcement | law | officer | patrol | border | attack | violence | immigration', 'vladimir | ukraine | putin | russia | weapon | war | peace | president | ukrainian | donald', 'school | education | student | program | kid | funding | donald | fund | trump | withhold', 'border | secure | illegal | wall | patrol | immigration | crossing | agent | finish | biden', 'court | judge | supreme | federal | talwani | order | trump | donald | decision | rule', 'iran | israel | peace | benjamin | hamas | terrorist | hostage | netanyahu | nuclear | minister', 'parenthood | plan | abortion | care | defund | screening | woman | access | reproductive | cancer']","[968, 2109, 2037, 814, 583, 246, 191, 111, 104, 83, 62, 53, 52]"
2025-07-05 00:00:01,2025-07-12 00:00:01,6069,0.7548358603060881,0.18725947138809693,-2.5506130664481566,0.9790476190476192,0.7395516105770227,"['bill | big | donald | one | trump | beautiful | american | work | america | make', 'texas | flood | responder | first | pray | family | disaster | flooding | life | rescue', 'medicaid | health | care | cut | republicans | bill | hospital | million | tax | snap', 'ice | border | agent | law | enforcement | officer | patrol | immigration | illegal | attack', 'tax | beautiful | big | bill | one | deliver | taxis | tip | president | cut', 'honor | community | celebrate | great | day | th | happy | year | service | proud', 'court | judge | donald | trump | citizenship | federal | supreme | birthright | amendment | government', 'hall | town | pm | join | question | tune | telephone | rsvp | discuss | host', 'energy | clean | gas | price | american | unleash | wind | coal | bill | production', 'israel | benjamin | peace | iran | netanyahu | hamas | united | fine | hostage | terrorist', 'school | education | student | fund | kid | program | funding | donald | withhold | trump', 'farm | farmer | great | ag | help | support | water | agriculture | community | rural', 'vladimir | ukraine | putin | russia | war | weapon | hegseth | sanction | ukrainian | president', 'tariff | donald | trade | trump | cost | business | price | deal | economy | chaos', 'office | help | passport | hour | team | federal | agency | mobile | need | constituent', 'farmland | security | china | communist | chinese | secrollin | national | foreign | adversary | food', 'defense | authorization | national | fy | act | military | drone | america | security | support', 'veteran | va | care | staff | cut | job | benefit | plan | serve | deserve', 'vaccine | measle | health | disease | rfk | case | research | jr | medical | conspiracy', 'internship | apply | application | intern | office | fall | learn | app | services | dc', 'parenthood | abortion | care | plan | reproductive | screening | woman | cancer | access | health']","[1761, 828, 460, 456, 407, 350, 248, 217, 154, 154, 151, 141, 134, 125, 92, 87, 75, 62, 60, 54, 53]"
2025-07-08 00:00:01,2025-07-15 00:00:01,6393,0.7497636607025552,0.19393022872830762,-2.40065989086924,0.9689473684210526,0.7281940765716121,"['bill | work | donald | trump | make | american | big | america | act | year', 'community | honor | great | celebrate | county | thank | work | new | proud | park', 'ice | agent | border | law | enforcement | illegal | immigration | officer | criminal | immigrant', 'texas | flood | emergency | management | federal | agency | disaster | weather | responder | community', 'medicaid | care | health | cut | republicans | bill | hospital | tax | food | big', 'beautiful | big | bill | tax | one | deliver | taxis | cut | tip | family', 'israel | iran | peace | benjamin | united | netanyahu | donald | hamas | trump | nations', 'hall | town | pm | join | tune | telephone | discuss | question | host | tonight', 'president | attempt | assassination | ago | god | donald | year | butler | trump | fight', 'education | school | student | funding | fund | donald | trump | withhold | administration | public', 'court | judge | federal | supreme | donald | trump | judicial | worker | justice | order', 'energy | clean | american | unleash | coal | gas | future | wind | independence | bill', 'vladimir | ukraine | putin | russia | weapon | war | ukrainian | sanction | president | hegseth', 'tariff | donald | trump | trade | cost | price | business | deal | economy | chaos', 'rescission | senate | package | pass | house | spending | waste | pbs | cut | wasteful', 'farmland | china | chinese | communist | security | secrollin | national | foreign | party | food', 'office | help | team | passport | constituent | federal | hour | agency | need | pm', 'defense | authorization | fy | national | act | military | hascrepublican | america | drone | warfighter', 'parenthood | care | abortion | plan | woman | reproductive | screening | health | cancer | access', 'joe | biden | autopen | plead | connor | fifth | pardon | decline | doctor | kevin']","[1922, 581, 550, 530, 510, 386, 218, 210, 185, 172, 150, 146, 143, 140, 126, 117, 104, 96, 54, 53]"
2025-07-11 00:00:01,2025-07-18 00:00:01,7558,0.7450072884822695,0.18224834689471217,-3.443290945636027,0.9874643874643875,0.7355789916726001,"['work | donald | support | community | service | trump | bill | state | american | new', 'tax | bill | big | medicaid | care | cut | health | beautiful | republicans | one', 'ice | border | illegal | immigration | immigrant | law | agent | criminal | enforcement | alien', 'texas | emergency | flood | management | agency | federal | disaster | life | family | community', 'digital | crypto | act | genius | cbdc | clarity | asset | financial | innovation | surveillance', 'town | hall | office | pm | help | join | tune | team | july | host', 'tariff | price | donald | trump | inflation | cost | trade | president | economy | promise', 'defense | authorization | national | fy | act | military | hascrepublican | committee | servicemember | america', 'education | school | student | funding | department | administration | donald | trump | teacher | court', 'epstein | file | release | vote | transparency | republicans | deserve | house | donald | block', 'public | npr | broadcasting | pbs | rural | alert | emergency | cut | station | radio', 'rescission | package | senate | pass | spending | cut | billion | vote | republicans | waste', 'secduffy | water | transportation | airport | traffic | project | infrastructure | air | safety | rail', 'president | attempt | assassination | god | butler | ago | year | donald | one | trump', 'west | bank | israeli | musallet | sayfollah | must | violence | kill | settler | israel', 'farmer | farm | agriculture | producer | agricultural | corn | discuss | ag | iowa | ffa', 'fentanyl | halt | law | drug | sign | act | deadly | crisis | substance | enforcement', 'joe | biden | bove | autopen | emil | nomination | pardon | nominee | fifth | judicial', 'vladimir | ukraine | putin | russia | war | sanction | nato | weapon | peace | ukrainian', 'birthday | cancer | game | breast | cwsoftballgame | happy | honor | softball | beatthepress | tonight', 'energy | pennsylvania | ai | innovation | summit | pa | lead | power | investment | america', 'park | great | recreation | celebrate | community | county | national | day | event | chamber', 'john | lewis | goodtrouble | five | legacy | trouble | honor | right | fight | year', 'chinese | china | communist | party | security | foreign | farmland | land | adversary | influence', 'lifeline | crisis | mental | lgbtq | suicide | youth | health | support | resource | three', 'agree | afraid | hiding | definitely | dumb | shortsighted | let | get | excuse | something', 'powell | reserve | jay | jerome | federal | resign | chairman | hamadeh | chair | fire']","[2075, 697, 603, 372, 317, 291, 289, 286, 243, 237, 231, 231, 197, 195, 179, 158, 128, 122, 111, 101, 101, 89, 79, 67, 55, 53, 51]"
2025-07-14 00:00:01,2025-07-21 00:00:01,8020,0.7511039145562071,0.17578666816528904,-3.573048141237272,0.9857471264367814,0.740306753418382,"['work | bill | one | family | donald | care | community | make | trump | big', 'rescission | cut | public | republicans | package | npr | broadcasting | vote | pbs | billion', 'ice | border | illegal | immigration | criminal | immigrant | agent | law | alien | enforcement', 'defense | national | authorization | military | fy | act | appropriation | troop | security | force', 'digital | crypto | act | genius | cbdc | clarity | asset | financial | innovation | surveillance', 'epstein | file | release | donald | vote | trump | republicans | transparency | jeffrey | block', 'flood | texas | weather | disaster | emergency | management | life | agency | community | federal', 'medicaid | health | care | cut | hospital | republicans | million | big | tax | ugly', 'education | school | student | department | teacher | funding | kid | administration | donald | trump', 'tariff | price | inflation | donald | trump | cost | trade | economy | grocery | june', 'pm | hall | office | town | passport | july | tune | help | constituent | join', 'energy | pennsylvania | ai | clean | summit | innovation | pa | job | power | dominance', 'west | bank | musallet | israeli | sayfollah | kill | violence | israel | must | settler', 'thank | dumb | let | sponsor | get | agree | co | liar | do | hiding', 'vladimir | ukraine | putin | russia | war | nato | weapon | russian | sanction | invade', 'farmer | farm | agriculture | corn | discuss | producer | agricultural | ag | iowa | soybean', 'fentanyl | halt | law | drug | sign | act | deadly | crisis | enforcement | substance', 'biden | joe | autopen | fifth | pardon | intelligence | plead | obama | president | hoax', 'tax | beautiful | big | bill | one | tip | overtime | senior | taxis | cut', 'transportation | airport | secduffy | rail | safety | duffy | infrastructure | traffic | air | speed', 'john | lewis | five | trouble | legacy | goodtrouble | right | honor | year | fight', 'worker | federal | job | bargaining | union | employee | right | labor | collective | donald', 'lifeline | lgbtq | crisis | suicide | mental | youth | resource | health | hotline | support', 'chinese | communist | china | party | security | foreign | farmland | adversary | threat | land', 'cancer | game | cwsoftballgame | breast | softball | play | beatthepress | tonight | baseball | beat', 'bove | emil | nominee | nomination | judge | judicial | court | judiciary | donald | trump', 'water | clean | microplastic | dam | wetland | community | lake | conservation | marine | environmental', 'powell | reserve | federal | jerome | jay | chairman | resign | hamadeh | chair | fire', 'celebrate | happy | day | great | celebration | community | festival | pride | birthday | weekend', 'housing | home | affordable | program | need | affordability | crisis | urban | supply | homelessness']","[2343, 928, 509, 445, 385, 298, 278, 264, 249, 245, 198, 159, 146, 145, 141, 139, 135, 130, 121, 102, 84, 79, 71, 67, 67, 65, 63, 58, 55, 51]"
2025-07-17 00:00:01,2025-07-24 00:00:01,7578,0.746610904170713,0.17695844477463568,-2.738979338713195,0.9802955665024631,0.7322231755634407,"['work | donald | bill | trump | make | support | family | community | house | people', 'public | cut | rescission | republicans | package | vote | npr | broadcasting | billion | pbs', 'ice | illegal | criminal | immigration | border | law | immigrant | agent | alien | biden', 'health | care | medicaid | cut | tax | republicans | hospital | big | million | americans', 'epstein | file | release | johnson | mike | donald | trump | vote | republicans | house', 'energy | water | emergency | management | weather | flood | disaster | federal | agency | county', 'digital | crypto | act | genius | asset | clarity | cbdc | financial | innovation | surveillance', 'defense | military | national | appropriation | fy | drone | act | troop | bill | authorization', 'great | student | community | school | young | intern | summer | team | proud | honor', 'tune | thank | read | watch | youtu | si | news | join | repbrianfitz | think', 'russia | hoax | obama | intelligence | donald | lie | president | collusion | investigation | trump', 'education | school | student | fund | teacher | funding | release | belmont | dei | program', 'tariff | price | trump | donald | cost | inflation | trade | family | policy | reckless', 'farmer | farm | agriculture | producer | iowa | ag | soybean | corn | discuss | crop', 'gaza | israel | syria | must | aid | kill | israeli | humanitarian | violence | palestinians', 'tax | beautiful | big | bill | one | senior | tip | overtime | taxis | deliver', 'fentanyl | halt | drug | law | sign | act | enforcement | crisis | deadly | save', 'john | lewis | trouble | right | legacy | five | goodtrouble | friend | fight | congressman', 'hall | town | pm | telephone | july | join | question | live | rsvp | hear', 'office | passport | help | agency | hour | federal | team | mobile | july | social', 'bove | court | judge | emil | nominee | committee | donald | judiciary | rule | trump', 'vladimir | putin | ukraine | russia | war | russian | sanction | invade | ukrainian | peace', 'veteran | va | veterans | deserve | care | service | earn | vet | act | bill', 'chinese | communist | china | party | security | taiwan | national | use | military | adversary', 'housing | home | cost | family | rent | affordable | voucher | crisis | affordability | program', 'month | six | border | president | secure | deliver | america | win | american | historic', 'white | celebrate | beautiful | big | house | one | passage | night | bill | potus', 'sheriff | explosion | family | deputy | training | responder | loss | officer | tragic | la', 'woman | abortion | reproductive | gender | care | access | health | right | contraception | treatment']","[2379, 582, 510, 400, 400, 358, 297, 270, 235, 227, 205, 153, 151, 141, 138, 125, 108, 101, 92, 86, 84, 83, 83, 67, 66, 63, 60, 59, 55]"
2025-07-20 00:00:01,2025-07-27 00:00:01,6821,0.7405157708792325,0.16372718916138054,-2.9655014158620694,0.9805418719211826,0.7264392899331289,"['bill | act | work | make | donald | federal | trump | protect | community | new', 'health | care | medicaid | republicans | cut | tax | big | bill | ugly | americans', 'veteran | honor | community | service | great | va | serve | office | nation | thank', 'epstein | file | release | johnson | mike | donald | vote | trump | republicans | house', 'ice | illegal | criminal | alien | immigration | law | immigrant | sanctuary | biden | joe', 'russia | vladimir | hoax | obama | putin | intelligence | president | collusion | donald | lie', 'school | education | fund | student | funding | release | teacher | trump | donald | administration', 'gaza | aid | israel | humanitarian | hamas | must | starve | hostage | food | benjamin', 'tariff | trade | price | trump | donald | japan | deal | president | cost | american', 'business | small | beautiful | bill | tax | big | one | tip | deliver | family', 'month | deliver | white | potus | promise | six | president | america | border | beautiful', 'chinese | communist | china | party | foreign | threat | ally | security | iran | weapon', 'farmer | usda | farm | agriculture | rural | agricultural | food | crop | feed | support', 'hall | town | telephone | pm | join | newsletter | july | hear | question | tonight', 'nominee | bove | court | judge | emil | president | donald | trump | law | attorney', 'water | climate | clean | environmental | project | protection | lake | change | drinking | environment', 'emergency | management | disaster | agency | federal | flood | texas | storm | declaration | recovery', 'rescission | package | waste | taxpayer | fraud | abuse | dollar | spending | sign | billion', 'win | think | good | news | begin | dumb | yes | happen | go | surprise', 'office | hour | passport | help | agency | federal | team | mobile | pm | social', 'energy | clean | solar | gas | american | unleash | wind | cost | power | nuclear', 'defense | military | national | authorization | fy | troop | appropriation | act | pass | servicemember', 'texas | redistricting | map | abbott | voter | rig | congressional | power | trump | donald', 'tune | live | si | et | youtu | watch | join | full | youtube | with', 'zip | code | postal | usps | service | mail | unique | post | house | deliver', 'disability | ada | americans | anniversary | act | today | right | accessible | landmark | mark', 'ai | innovation | race | plan | action | lead | tech | order | artificial | development', 'sport | woman | athlete | olympic | college | man | compete | biological | committee | athletic', 'fentanyl | drug | halt | enforcement | law | cartel | trafficking | act | cole | deadly']","[2463, 522, 512, 439, 305, 251, 197, 189, 185, 180, 158, 128, 112, 104, 94, 93, 89, 81, 75, 74, 73, 67, 65, 65, 64, 63, 59, 57, 57]"
2025-07-23 00:00:01,2025-07-30 00:00:01,6638,0.7308072495106999,0.17493807102364167,-2.947322607341873,0.9796296296296296,0.7163534355117773,"['bill | work | act | make | donald | american | family | trump | today | community', 'epstein | file | release | donald | trump | mike | johnson | republicans | vote | cover', 'veteran | community | great | honor | thank | celebrate | va | service | intern | scout', 'ice | illegal | alien | border | criminal | immigration | immigrant | law | detention | deportation', 'gaza | aid | humanitarian | israel | hamas | must | hostage | food | starvation | benjamin', 'health | care | medicaid | cut | republicans | big | ugly | tax | bill | americans', 'school | education | fund | student | funding | release | trump | teacher | donald | administration', 'ai | china | chinese | communist | world | america | security | foreign | national | innovation', 'officer | violence | gun | pray | victim | nypd | shoot | family | prayer | life', 'russia | hoax | obama | intelligence | vladimir | dnigabbard | collusion | president | election | report', 'tax | beautiful | big | bill | one | taxis | deliver | cut | family | business', 'hall | town | office | pm | help | team | passport | agency | july | hour', 'trade | deal | eu | president | energy | historic | european | american | donald | tariff', 'climate | environmental | protection | agency | change | pollution | endangerment | air | water | environment', 'energy | housing | cost | bill | home | clean | american | gas | build | affordable', 'emergency | management | agency | disaster | federal | flood | texas | response | recovery | declaration', 'texas | redistricting | map | voter | election | voting | rig | district | abbott | congressional', 'bove | judge | emil | court | doj | boasberg | attorney | judicial | law | confirmation', 'farmer | usda | farm | agriculture | dairy | feed | nc | hub | rancher | secrollin', 'project | community | funding | federal | help | support | grant | million | park | proud', 'tariff | price | cost | donald | trump | business | family | taxis | reckless | raise', 'disability | ada | americans | act | right | anniversary | today | accessible | year | landmark', 'nominee | confirm | president | democrats | recess | get | senate | obstruction | trump | senategop', 'win | potus | well | almostfriday | answer | deserve | another | think | massive | good', 'parenthood | plan | care | reproductive | health | access | defund | woman | screening | abortion', 'postal | usps | service | zip | code | mail | usp | th | post | deliver', 'sport | woman | athlete | olympic | college | man | compete | biological | committee | ban', 'white | beautiful | celebrate | house | big | housegop | night | one | bill | passage']","[2761, 322, 300, 282, 276, 271, 264, 210, 181, 139, 137, 133, 129, 123, 122, 100, 100, 96, 89, 87, 86, 79, 72, 62, 61, 54, 51, 51]"
2025-07-26 00:00:01,2025-08-02 00:00:01,6648,0.767669205849584,0.20328028879217686,-2.5660032371303396,0.9846153846153847,0.7565463315990884,"['bill | donald | make | service | trump | work | president | family | act | community', 'community | honor | great | local | county | work | new | thank | celebrate | support', 'medicaid | care | health | medicare | cut | republicans | million | americans | program | big', 'gaza | humanitarian | israel | aid | hamas | must | hostage | benjamin | starvation | netanyahu', 'ice | illegal | alien | border | criminal | law | immigrant | deport | immigration | oversight', 'tariff | donald | job | trump | price | economy | business | report | fire | cost', 'officer | violence | victim | gun | nypd | pray | enforcement | police | shoot | city', 'climate | environmental | protection | energy | agency | endangerment | change | gas | pollution | trump', 'tax | beautiful | big | bill | one | taxis | overtime | tip | family | relief', 'school | education | student | fund | administration | teacher | release | university | funding | withhold', 'intern | summer | office | nationalinternday | day | internship | happy | thank | national | work', 'deal | trade | eu | president | american | energy | historic | donald | trump | european', 'epstein | file | release | donald | trump | maxwell | ghislaine | cover | pardon | jeffrey', 'town | hall | pm | join | newsletter | update | question | host | subscribe | hear', 'texas | map | redistricting | voter | election | house | congressional | district | vote | rig', 'russia | hoax | clinton | medium | declassify | obama | collusion | hillary | investigation | durham', 'help | office | team | va | federal | agency | passport | need | veteran | casework', 'nominee | confirm | senate | president | obstruction | democrats | get | potus | confirmation | trump', 'parenthood | plan | care | reproductive | abortion | screening | health | defund | access | judge', 'social | security | privatize | treasury | bessent | loud | benefit | quiet | secretary | part', 'economy | gdp | expectation | america | growth | grow | policy | first | economic | president', 'bove | emil | judge | court | confirm | whistleblower | senate | circuit | republicans | bench', 'housing | home | affordable | homeownership | bipartisan | build | pass | dream | act | bill', 'china | communist | chinese | beijing | lai | taiwan | party | kong | hong | american', 'nasa | space | launch | crew | exploration | discovery | spacex | innovation | moon | mission', 'disability | ada | americans | act | right | today | anniversary | landmark | year | accessible', 'win | tired | potus | another | wrong | yet | say | let | keep | spot']","[2090, 786, 588, 320, 278, 268, 213, 210, 176, 167, 153, 152, 142, 137, 128, 90, 83, 75, 72, 71, 68, 68, 68, 67, 63, 61, 54]"
2025-07-29 00:00:01,2025-08-05 00:00:01,6509,0.768663762436767,0.2061900586660727,-2.680376780450599,0.980923076923077,0.75509026701798,"['bill | work | make | community | support | donald | trump | act | family | new', 'donald | tariff | trump | economy | job | trade | president | american | business | price', 'community | great | honor | county | business | local | support | family | farmer | thank', 'medicaid | care | health | medicare | cut | million | republicans | americans | program | big', 'gaza | hamas | israel | humanitarian | aid | hostage | must | benjamin | war | end', 'ice | illegal | border | alien | law | criminal | immigration | deport | immigrant | trump', 'emergency | flood | park | management | federal | community | local | water | pdt | tsunami', 'officer | violence | gun | victim | nypd | pray | police | shooting | shoot | city', 'coast | guard | birthday | uscg | happy | th | man | woman | shore | thank', 'intern | summer | office | nationalinternday | day | thank | internship | national | happy | service', 'texas | map | redistricting | congressional | voter | democrats | voting | gerrymander | house | state', 'beautiful | tax | big | bill | one | taxis | family | american | deliver | relief', 'hoax | russia | clinton | declassify | collusion | durham | medium | obama | hillary | campaign', 'climate | environmental | protection | agency | endangerment | change | find | pollution | air | gas', 'housing | bill | home | pass | bipartisan | senate | appropriation | veteran | affordable | homeownership', 'epstein | file | release | donald | maxwell | trump | ghislaine | sex | cover | jeffrey', 'nominee | senate | confirm | president | obstruction | democrats | potus | schumer | donald | trump', 'education | student | school | administration | funding | donald | withhold | trump | teacher | fund', 'bove | emil | judge | doj | court | confirm | whistleblower | misconduct | senate | bench', 'vladimir | putin | ukraine | russia | war | ukrainian | russian | sanction | invade | peace', 'hall | town | join | pm | update | newsletter | host | rsvp | subscribe | telephone', 'social | security | privatize | loud | benefit | quiet | treasury | part | bessent | say', 'office | va | help | veteran | federal | agency | need | team | service | mobile', 'nasa | space | launch | crew | exploration | spacex | innovation | discovery | moon | mission', 'parenthood | plan | abortion | reproductive | care | access | defund | health | screening | veteran', 'revenue | billion | doge | internal | dollar | taxpayer | waste | boondoggle | service | worker']","[1927, 657, 531, 528, 278, 269, 241, 187, 176, 154, 148, 138, 120, 119, 115, 114, 113, 98, 94, 84, 81, 78, 73, 69, 65, 52]"
2025-08-01 00:00:01,2025-08-08 00:00:01,5881,0.7429101579621545,0.1967316107323545,-2.791947294292699,0.9825123152709359,0.7306343083812594,"['work | community | donald | bill | make | trump | great | support | family | one', 'tariff | donald | job | trump | economy | fire | business | report | price | cost', 'night | community | great | national | local | enforcement | safe | celebrate | police | nationalnightout', 'ice | illegal | border | criminal | alien | law | immigrant | city | deportation | immigration', 'purple | heart | sacrifice | honor | wound | day | nation | service | freedom | today', 'medicaid | cut | health | care | republicans | big | ugly | bill | healthcare | medicare', 'coast | guard | birthday | uscg | happy | th | shore | thank | man | protect', 'hamas | gaza | israel | hostage | benjamin | must | humanitarian | aid | netanyahu | israeli', 'right | voting | act | vote | fight | democracy | year | ago | today | lewis', 'stewart | fort | pray | soldier | shoot | victim | georgia | responder | family | prayer', 'veteran | va | worker | union | care | serve | benefit | deserve | employee | donald', 'texas | democrats | redistricting | map | democracy | state | republicans | stand | congressional | gerrymander', 'farmer | farm | agriculture | rancher | bill | minnesota | ag | market | rural | beautiful', 'tax | beautiful | big | bill | one | taxis | tip | overtime | deduction | family', 'stock | reserve | federal | congress | ban | bank | crypto | trading | financial | use', 'epstein | file | release | maxwell | ghislaine | subpoena | donald | trump | sex | cover', 'vladimir | putin | ukraine | russia | war | russian | sanction | oil | india | ukrainian', 'china | chinese | communist | intel | security | ai | mineral | defense | national | chip', 'emergency | management | agency | fire | federal | flood | weather | wildfire | hurricane | disaster', 'health | center | care | community | hospital | rural | healthcare | quality | patient | provide', 'hoax | russia | accountable | collusion | hold | obama | clinton | russiagate | jury | truth', 'abortion | parenthood | care | plan | reproductive | veteran | va | health | access | ivf', 'school | student | young | year | teacher | app | kid | summer | work | community', 'broadcasting | public | corporation | pbs | alert | emergency | station | npr | news | shut', 'office | help | agency | federal | team | passport | need | hour | mobile | assistance', 'nominee | senate | confirm | schumer | president | democrats | recess | appointment | donald | trump', 'hall | town | rsvp | august | pm | join | host | facebook | telephone | form', 'environmental | protection | climate | energy | agency | water | gas | air | greenhouse | trump', 'vaccine | rfk | mrna | jr | research | disease | john | health | science | covid']","[2130, 479, 278, 273, 226, 212, 177, 169, 145, 136, 136, 132, 112, 111, 100, 99, 90, 87, 85, 82, 79, 76, 73, 71, 69, 68, 64, 63, 59]"
2025-08-04 00:00:01,2025-08-11 00:00:01,5614,0.740642990319646,0.16939121827866793,-2.615274730677692,0.9746305418719212,0.7228780323161988,"['donald | trump | work | community | bill | one | big | make | new | family', 'purple | heart | sacrifice | honor | wound | day | freedom | nation | service | today', 'tariff | donald | trump | trade | cost | business | price | economy | president | apple', 'ice | illegal | immigrant | trump | alien | donald | law | deportation | border | criminal', 'veteran | va | worker | union | care | benefit | donald | employee | trump | serve', 'night | community | national | great | nationalnightout | enforcement | celebrate | safe | police | together', 'coast | guard | birthday | happy | uscg | th | shore | thank | man | woman', 'medicaid | care | health | cut | healthcare | big | hospital | bill | republicans | medicare', 'stewart | fort | pray | soldier | shoot | victim | prayer | georgia | responder | family', 'farmer | farm | market | agriculture | producer | grower | ag | minnesota | rancher | corn', 'right | voting | vote | act | democracy | fight | year | ago | today | sign', 'gaza | hamas | israel | hostage | benjamin | humanitarian | netanyahu | must | aid | palestinians', 'texas | democrats | redistricting | gerrymandering | democracy | map | gerrymander | state | republicans | seat', 'fire | wildfire | emergency | management | agency | hurricane | firefighter | disaster | federal | county', 'school | student | education | teacher | kid | year | back | opportunity | academy | young', 'vladimir | putin | ukraine | peace | russia | president | war | sanction | azerbaijan | donald', 'china | chip | chinese | defense | communist | technology | security | science | act | national', 'energy | solar | bill | coal | cost | clean | power | mine | donald | trump', 'health | center | care | community | nationalhealthcenterweek | healthcare | quality | clinic | provide | medical', 'tax | beautiful | big | tip | taxis | bill | one | deduction | overtime | family', 'epstein | file | subpoena | release | oversight | clinton | former | issue | transparency | donald', 'transit | business | local | community | project | work | growth | discuss | improve | housing', 'dc | capital | crime | act | city | nation | hr | law | safe | rule', 'vaccine | rfk | mrna | jr | covid | research | john | pandemic | health | science', 'accountable | truth | james | donald | hold | trump | hoax | investigation | obama | lie', 'office | help | passport | agency | federal | team | need | hour | constituent | assistance', 'hall | town | rsvp | join | host | august | facebook | come | docs | google', 'land | park | water | outdoors | conservation | protect | public | fund | trail | wildlife', 'abortion | care | reproductive | parenthood | plan | health | veteran | access | va | donald']","[2077, 242, 214, 213, 204, 202, 185, 161, 160, 159, 153, 149, 144, 137, 126, 124, 122, 102, 96, 92, 66, 66, 65, 64, 64, 60, 60, 57, 50]"
2025-08-07 00:00:01,2025-08-14 00:00:01,5580,0.7229591192870388,0.15945527115760194,-2.7422183142265895,0.97,0.7023751786579429,"['donald | trump | community | work | make | bill | great | one | act | year', 'crime | dc | capital | donald | trump | police | safe | president | city | nation', 'medicaid | care | republicans | health | cut | big | tax | ugly | bill | americans', 'tariff | price | donald | trump | cost | business | trade | inflation | economy | family', 'purple | heart | sacrifice | honor | wound | day | service | today | freedom | nation', 'fire | water | emergency | hurricane | weather | wildfire | management | community | flood | federal', 'veteran | va | union | worker | care | benefit | employee | donald | serve | trump', 'business | small | beautiful | tax | big | bill | one | family | work | thrive', 'school | student | education | teacher | year | wish | kid | back | learn | new', 'farmer | farm | market | agricultural | producer | ag | agriculture | food | great | iowa', 'texas | vote | voter | election | right | redistricting | voting | democrats | gerrymandering | gerrymander', 'energy | solar | coal | bill | cost | power | gas | electric | oil | american', 'vladimir | putin | peace | ukraine | russia | war | president | donald | trump | azerbaijan', 'gaza | israel | hamas | hostage | benjamin | must | aid | netanyahu | israeli | palestinians', 'ice | detention | immigrant | deportation | immigration | trump | donald | criminal | demand | deport', 'hall | town | join | pm | tune | rsvp | live | podcast | facebook | august', 'prayer | pray | trooper | steel | clairton | officer | family | injure | explosion | community', 'health | care | center | rural | hospital | healthcare | community | provide | medical | access', 'china | chip | chinese | science | communist | apple | america | billion | manufacturing | technology', 'music | celebrate | festival | community | celebration | parade | thank | great | dominican | happy', 'border | secure | illegal | alien | president | day | potus | promise | trump | release', 'judge | court | boasberg | contempt | judicial | order | bove | doj | status | proceeding', 'housing | project | affordable | home | community | federal | local | new | work | proud', 'help | office | passport | agency | team | federal | need | casework | service | assist', 'census | count | illegal | citizen | alien | representation | vote | election | congressional | equal']","[2018, 370, 251, 249, 245, 235, 234, 187, 182, 162, 146, 143, 139, 126, 121, 110, 96, 94, 85, 72, 72, 64, 64, 63, 52]"
2025-08-10 00:00:01,2025-08-17 00:00:01,5504,0.7348836270728714,0.19876134422195635,-1.7478213566197676,0.9333333333333333,0.6941763698814647,"['donald | trump | community | work | make | family | president | bill | year | great', 'social | security | benefit | senior | protect | year | earn | today | hard | americans', 'vladimir | putin | ukraine | donald | peace | trump | war | president | russia | end', 'gaza | hamas | israel | hostage | must | aid | benjamin | terrorist | israeli | innocent']","[4830, 387, 225, 62]"
2025-08-13 00:00:01,2025-08-20 00:00:01,5466,0.6839951637483584,0.12541459460847912,-3.7803928798768403,0.9733333333333333,0.6641591837129325,"['goddeketal | afghan | mail | taliban | afghanistan | louis | ally | austin | call | st', 'donald | trump | community | work | family | bill | make | help | big | one', 'social | security | benefit | senior | protect | earn | year | hard | today | americans', 'vladimir | putin | ukraine | donald | peace | trump | president | war | russia | end', 'israel | gaza | hamas | hostage | child | must | humanitarian | terrorist | war | benjamin', 'woman | right | vote | amendment | th | ratify | equality | fight | today | ago']","[56, 4563, 392, 325, 76, 54]"
2025-08-16 00:00:01,2025-08-23 00:00:01,5426,0.4649770503171418,0.036037486449645044,-4.837670553326326,1.0,0.4649770503171418,"['donald | trump | work | community | family | make | bill | president | one | big', 'woman | right | amendment | vote | th | slavery | history | ratify | museum | fight']","[5331, 77]"
2025-08-19 00:00:01,2025-08-26 00:00:01,5339,0.6043239084736407,0.10974035039754389,-4.344205593290278,0.9400000000000001,0.5716367100804023,"['slavery | history | vaccine | museum | donald | trump | smithsonian | sacred | american | mining', 'donald | trump | work | community | family | make | bill | one | help | thank', 'vladimir | ukraine | putin | peace | donald | trump | war | president | russia | ukrainian', 'gaza | israel | hamas | child | hostage | innocent | antisemitism | terrorist | aid | benjamin', 'fentanyl | drug | cartel | awareness | prevention | venezuela | maduro | day | halt | law']","[118, 4857, 220, 84, 60]"
2025-08-22 00:00:01,2025-08-29 00:00:01,5429,0.7130881827669996,0.17755106414585659,-3.1767001340919903,0.9747035573122528,0.6961526104841633,"['work | community | donald | trump | make | great | business | support | thank | state', 'school | minneapolis | catholic | annunciation | child | violence | gun | victim | pray | family', 'tax | care | big | bill | cut | health | republicans | medicaid | beautiful | billionaire', 'farm | farmer | business | agriculture | great | local | tour | producer | community | support', 'school | student | year | great | teacher | new | back | county | high | week', 'crime | dc | donald | trump | president | chicago | city | capital | safe | law', 'marine | corps | cpl | gate | abbey | sacrifice | afghanistan | lance | never | forget', 'ice | kilmar | illegal | abrego | garcia | detention | deport | border | immigration | criminal', 'emergency | management | agency | disaster | federal | fire | community | hurricane | pickettfire | wildfire', 'woman | equality | right | fight | march | equal | today | day | vote | honor', 'energy | wind | project | clean | power | donald | trump | solar | job | electricity', 'reserve | cook | federal | lisa | donald | fire | trump | governor | economy | attempt', 'vladimir | ukraine | putin | russia | iran | sanction | ukrainian | nuclear | peace | war', 'gaza | israel | aid | baby | formula | hostage | hamas | benjamin | starve | netanyahu', 'tariff | price | donald | trump | cost | trade | business | school | supply | reckless', 'office | veteran | help | va | federal | agency | passport | team | need | casework', 'doge | social | datum | security | donald | trump | americans | risk | information | personal', 'disease | and | for | centers | prevention | rfk | control | vaccine | health | jr', 'hall | town | rsvp | join | pm | tune | tonight | conversation | youtube | question', 'project | funding | infrastructure | housing | community | transit | county | water | federal | transportation', 'veteran | service | honor | serve | virginia | chesapeake | utm | sacrifice | tim | thank', 'park | national | natlparkservice | birthday | happy | treasure | preserve | generation | nps | protect', 'innovation | space | fintech | job | work | research | technology | aerospace | new | air']","[2092, 459, 326, 225, 191, 186, 185, 183, 183, 161, 133, 128, 123, 120, 120, 112, 97, 90, 75, 72, 59, 56, 53]"
2025-08-25 00:00:01,2025-09-01 00:00:01,5472,0.7277529623644561,0.1838567159188835,-2.702016586439751,0.9741538461538463,0.7098874397923601,"['community | work | great | thank | new | support | make | donald | business | trump', 'school | minneapolis | catholic | annunciation | child | gun | violence | pray | victim | family', 'care | big | tax | bill | health | cut | medicaid | republicans | beautiful | hospital', 'marine | corps | cpl | afghanistan | abbey | gate | sacrifice | never | forget | lance', 'energy | wind | price | gas | clean | project | power | low | donald | labor', 'emergency | management | agency | disaster | federal | katrina | hurricane | community | fire | wildfire', 'crime | dc | donald | trump | president | chicago | city | guard | safe | law', 'farm | farmer | co | agriculture | ag | producer | tour | local | produce | support', 'disease | and | for | centers | prevention | control | rfk | vaccine | health | jr', 'gaza | iran | israel | formula | aid | baby | nuclear | sanction | hostage | benjamin', 'reserve | cook | federal | lisa | donald | fire | trump | governor | economy | attempt', 'ice | kilmar | detention | abrego | deport | garcia | illegal | cartel | criminal | immigration', 'veteran | service | serve | birthday | honor | va | marine | reserve | happy | nation', 'student | school | academy | teacher | nomination | application | service | high | year | education', 'business | town | hall | small | community | conversation | thrive | local | thank | join', 'tariff | donald | trump | cost | trade | price | business | reckless | family | policy', 'woman | equality | right | fight | amendment | vote | equal | th | day | womensequalityday', 'vladimir | putin | ukraine | russia | peace | ukrainian | russian | trump | war | donald', 'march | civil | washington | king | today | right | dr | justice | dream | luther', 'football | season | cheer | go | uni | college | game | great | let | win', 'office | help | agency | federal | passport | constituent | team | casework | need | assistance', 'rescission | foreign | congress | billion | taxpayer | donald | trump | pocket | government | aid', 'worker | union | labor | right | day | donald | trump | stand | wage | fair', 'doge | datum | social | security | risk | americans | sensitive | million | personal | put', 'water | infrastructure | river | project | environmental | colorado | clean | protection | resource | community', 'park | national | natlparkservice | treasure | birthday | happy | preserve | land | generation | protect']","[1979, 488, 313, 227, 202, 202, 181, 160, 154, 148, 137, 129, 125, 123, 119, 103, 103, 83, 67, 67, 66, 64, 63, 61, 55, 53]"
2025-08-28 00:00:01,2025-09-04 00:00:01,5434,0.6956366943075826,0.1903732232933403,-3.8961425653809263,0.99,0.6892845080524864,"['joe | biden | stock | trading | ban | congress | member | withdrawal | suicide | ethic', 'donald | trump | work | community | family | year | make | president | thank | bill', 'labor | day | worker | happy | work | union | today | fight | wage | build', 'epstein | file | release | sign | survivor | petition | deserve | discharge | victim | truth', 'disease | and | centers | for | health | prevention | control | rfk | vaccine | jr']","[111, 4315, 565, 224, 219]"
2025-08-31 00:00:01,2025-09-07 00:00:01,5970,0.710791810155774,0.16326858010603396,-3.1408796528975804,0.9815789473684211,0.6983412782589994,"['donald | trump | family | service | work | one | help | food | bill | need', 'community | great | county | service | thank | year | work | honor | support | school', 'crime | donald | trump | law | president | city | illegal | chicago | ice | safe', 'labor | day | worker | happy | union | work | build | today | celebrate | honor', 'epstein | file | release | survivor | sign | petition | discharge | justice | deserve | victim', 'energy | water | bill | clean | climate | fuel | house | nuclear | unleash | project', 'rfk | jr | vaccine | health | disease | and | john | centers | for | resign', 'job | tariff | donald | trump | economy | price | unemployment | report | cost | business', 'vladimir | war | defense | putin | china | russia | ukraine | department | national | act', 'senate | nominee | government | vote | congress | confirm | shutdown | election | democrats | president', 'care | health | medicaid | cut | big | premium | republicans | tax | bill | cost', 'fentanyl | drug | cartel | chinese | venezuela | maduro | overdose | stop | terrorist | deadly', 'tax | tip | cut | family | work | deliver | taxis | money | relief | housegop', 'space | command | alabama | huntsville | move | colorado | decision | spacecom | nasa | headquarters', 'emergency | management | agency | federal | disaster | hurricane | flood | response | act | relief', 'israel | gaza | hamas | hostage | jewish | antisemitism | must | palestinian | innocent | terrorist', 'gun | violence | school | child | kid | annunciation | mike | johnson | shooting | pray', 'trading | stock | ban | congress | member | ethic | echo | roy | report | omaairport', 'japan | surrender | sacrifice | freedom | world | end | ii | generation | war | today', 'housing | affordable | home | crisis | affordability | cost | summit | family | solution | live']","[1383, 852, 588, 514, 362, 284, 281, 265, 211, 182, 177, 173, 124, 100, 92, 86, 83, 77, 72, 64]"
2025-09-03 00:00:01,2025-09-10 00:00:01,6943,0.7425297731398894,0.17556980956143323,-3.074910841421936,0.9858064516129031,0.7325469160738663,"['work | community | donald | family | trump | make | support | thank | congress | great', 'epstein | file | release | survivor | sign | petition | justice | discharge | deserve | truth', 'crime | criminal | city | violent | chicago | dc | safe | donald | president | guard', 'job | tariff | economy | donald | trump | report | unemployment | price | cost | policy', 'energy | water | bill | clean | project | house | wind | fuel | appropriation | nuclear', 'defense | war | national | authorization | vladimir | china | act | military | fy | department', 'rfk | jr | vaccine | health | disease | john | resign | kennedy | and | for', 'care | health | medicaid | premium | cut | republicans | big | tax | cost | healthcare', 'court | ice | supreme | law | racial | donald | judge | trump | profiling | agent', 'tax | tip | family | cut | work | worker | relief | taxis | deliver | money', 'fentanyl | drug | chinese | cartel | maduro | venezuela | stop | deadly | venezuelan | terrorist', 'israel | hamas | hostage | gaza | terrorist | benjamin | jewish | attack | must | palestinian', 'tune | watch | youtube | live | join | morning | si | youtu | et | newsmax', 'emergency | management | agency | disaster | federal | wildfire | hurricane | flood | recovery | response', 'senate | nominee | confirm | obstruction | democrats | president | senategop | vote | change | confirmation', 'honor | service | veteran | sacrifice | hero | nation | life | man | legacy | community', 'housing | affordable | home | crisis | cost | affordability | urban | build | family | homeownership', 'suicide | lifeline | crisis | text | september | help | prevention | mental | awareness | month', 'season | game | football | go | great | packer | cyhawk | night | tonight | win', 'border | biden | joe | secure | illegal | child | wall | probsolvecaucus | security | southern', 'academy | service | nomination | interested | application | apply | learn | student | attend | military', 'office | help | passport | agency | service | team | federal | mobile | social | hour', 'school | education | student | teacher | parent | kid | child | classroom | score | back', 'garden | club | dinner | white | vance | night | rose | rise | inaugural | house', 'farmer | farm | ag | producer | agriculture | great | business | county | rancher | rural', 'space | command | huntsville | alabama | move | spacecom | nasa | colorado | rocket | marshall', 'hospital | care | health | healthcare | access | dental | meet | discuss | community | rural', 'election | mail | vote | voter | ballot | voting | democracy | congress | power | donald', 'stock | trading | ban | congress | member | roy | trust | bipartisan | rep | congressional', 'shutdown | government | appropriation | work | taxpayer | fund | funding | congress | bill | prevent', 'celebrate | festival | county | community | great | heritage | annual | tradition | local | event']","[2231, 460, 446, 380, 369, 348, 287, 246, 224, 190, 140, 137, 114, 113, 111, 106, 91, 84, 82, 82, 80, 79, 79, 64, 63, 62, 61, 57, 53, 53, 51]"
2025-09-06 00:00:01,2025-09-13 00:00:01,7464,0.7262632715117101,0.18212126447772128,-3.5226662628098837,0.9881773399014778,0.7177027259366137,"['donald | trump | work | congress | community | make | bill | thank | support | house', 'kirk | charlie | violence | political | pray | family | country | young | place | prayer', 'lose | forget | remember | life | responder | honor | never | september | first | day', 'crime | criminal | iryna | violent | zarutska | murder | city | soft | arrest | chicago', 'tariff | donald | trump | job | price | economy | cost | energy | inflation | business', 'violence | gun | school | political | student | evergreen | threat | shooting | firearm | high', 'defense | authorization | national | act | military | fy | vote | house | amendment | bill', 'health | care | premium | republicans | cost | insurance | medicaid | cut | healthcare | tax', 'epstein | file | release | donald | trump | meta | lie | cover | birthday | survivor', 'disaster | emergency | weather | fire | federal | wildfire | community | management | agency | flood', 'court | supreme | ice | racial | profiling | donald | trump | speak | base | decision', 'school | student | education | program | hospital | child | kid | college | sport | health', 'vaccine | rfk | jr | health | john | kennedy | disease | and | covid | science', 'israel | hamas | hostage | gaza | benjamin | terrorist | jerusalem | netanyahu | qatar | antisemitism', 'farmer | farm | producer | agriculture | business | support | ohio | iowa | fuel | ag', 'god | nation | lord | thump | bless | america | believe | psalm | prayer | pray', 'nominee | senate | confirm | obstruction | democrats | vote | schumer | senategop | president | rule', 'vladimir | putin | nato | russia | ukraine | poland | ally | drone | russian | baltic', 'suicide | prevention | text | help | lifeline | crisis | mental | call | alone | day', 'office | team | help | agency | federal | internal | revenue | service | passport | social', 'garden | white | club | dinner | night | president | house | rise | rose | inaugural', 'tax | cut | family | tip | work | taxis | relief | money | overtime | earn', 'season | game | go | football | win | packer | tonight | night | fan | cyhawk', 'housing | affordable | home | urban | development | homeownership | cost | department | crisis | affordability', 'great | park | festival | community | local | celebrate | event | county | fair | enjoy', 'academy | service | nomination | application | interested | student | learn | apply | attend | nominate', 'illegal | border | entry | immigration | joe | biden | stop | secure | penalty | alien', 'tune | uap | watch | si | et | full | youtu | live | remark | join', 'china | india | chinese | taiwan | communist | cyber | pacific | relationship | trade | security']","[2215, 954, 651, 328, 308, 265, 243, 238, 236, 199, 149, 139, 137, 133, 120, 113, 113, 107, 107, 85, 77, 77, 76, 75, 69, 69, 67, 57, 57]"
2025-09-09 00:00:01,2025-09-16 00:00:01,7335,0.7636809341825922,0.19702746743860056,-3.0558228844688626,0.984920634920635,0.7525618554357684,"['donald | trump | work | community | support | congress | thank | make | house | bill', 'kirk | charlie | violence | political | pray | family | country | prayer | young | place', 'lose | forget | life | remember | responder | never | honor | september | first | day', 'care | health | republicans | cost | healthcare | premium | cut | medicaid | rural | insurance', 'defense | authorization | national | act | fy | military | vote | security | house | amendment', 'crime | criminal | iryna | city | violent | memphis | safe | zarutska | law | president', 'tariff | donald | trump | price | job | economy | inflation | cost | grocery | business', 'disaster | fire | emergency | wildfire | weather | federal | community | water | management | agency', 'veteran | great | meet | thank | virginia | work | welcome | week | washington | vfw', 'israel | hamas | hostage | gaza | benjamin | netanyahu | bomb | qatar | antisemitism | terrorist', 'epstein | file | release | donald | survivor | trump | jeffrey | justice | cover | deserve', 'vladimir | putin | russia | nato | ukraine | poland | russian | drone | ally | sanction', 'hispanic | month | heritage | contribution | celebrate | culture | community | latino | hispanicheritagemonth | happy', 'violence | political | condemn | acceptable | democracy | never | country | must | place | freedom', 'vaccine | health | john | rfk | kennedy | and | jr | science | covid | disease', 'court | ice | supreme | racial | profiling | donald | target | trump | base | immigrant', 'student | education | school | sport | program | mental | funding | child | kid | college', 'nominee | senate | obstruction | confirm | democrats | vote | senategop | schumer | rule | change', 'office | help | team | agency | federal | social | assistance | passport | hour | internal', 'school | gun | evergreen | shooting | high | violence | colorado | shoot | denver | community', 'suicide | prevention | text | help | mental | alone | struggle | crisis | call | lifeline', 'farmer | farm | agriculture | iowa | producer | rancher | ohio | discuss | meet | pork', 'housing | affordable | home | urban | development | tape | red | department | homeownership | cost', 'illegal | border | entry | stop | immigration | alien | penalty | act | law | immigrant', 'academy | service | nomination | school | learn | application | high | apply | interested | student', 'disgust | agree | amen | good | truth | horrible | disgusting | soon | video | fix', 'tax | cut | family | work | tip | taxis | overtime | relief | money | small', 'assassination | celebrate | fire | teacher | kirk | university | charlie | clemson | professor | school']","[2355, 1059, 696, 368, 330, 285, 269, 208, 135, 132, 124, 123, 113, 111, 93, 91, 90, 88, 81, 76, 74, 70, 69, 64, 63, 58, 56, 54]"
2025-09-12 00:00:01,2025-09-19 00:00:01,7298,0.7512446415338192,0.20625771170635376,-3.0218753413338897,0.9857142857142855,0.7407039310743115,"['work | kirk | community | support | family | thank | act | rep | donald | week', 'tariff | donald | trump | price | tax | economy | family | reserve | cost | inflation', 'care | health | republicans | premium | cost | affordable | credit | shutdown | tax | healthcare', 'constitution | day | freedom | sign | liberty | document | found | defend | today | principle', 'cancer | rural | health | care | research | patient | hospital | access | transformation | detection', 'birthday | air | force | happy | usairforce | sky | th | brave | woman | defend', 'kirk | charlie | legacy | honor | life | faith | vigil | god | remember | capitol', 'speech | kimmel | free | jimmy | communications | commission | donald | trump | silence | abc', 'energy | environmental | climate | protection | clean | agency | coal | grid | permit | gas', 'hispanic | month | heritage | contribution | culture | celebrate | community | latino | hispanicheritagemonth | history', 'honor | veteran | service | hero | sacrifice | life | first | community | responder | proud', 'violence | political | radical | must | condemn | leave | rhetoric | fascist | left | democracy', 'business | small | local | community | great | discuss | support | infrastructure | work | job', 'office | hall | pm | town | join | hour | telephone | team | help | passport', 'dc | crime | juvenile | capital | bill | adult | criminal | violent | safe | act', 'vaccine | rfk | john | jr | and | disease | for | centers | health | kennedy', 'israel | gaza | hostage | benjamin | hamas | israeli | netanyahu | peace | abraham | east', 'farmer | farm | agriculture | producer | iowa | crop | bill | industry | rancher | ag', 'education | student | child | school | funding | program | teacher | educator | head | college', 'ice | illegal | immigration | immigrant | alien | court | border | detain | detention | law', 'bureau | investigation | of | patel | kash | federal | director | fbidirectorkash | judge | joe', 'app | challenge | congressional | nationalappchallengeday | student | october | submit | middle | code | high', 'kirk | charlie | violence | political | assassination | murder | death | hate | leave | not', 'ai | china | communist | taiwan | chinese | america | global | must | artificial | intelligence', 'registration | vote | voter | register | voice | nationalvoterregistrationday | check | day | national | democracy', 'defense | authorization | military | national | act | fy | department | troop | pass | bill', 'officer | police | york | enforcement | county | family | prayer | pray | law | pennsylvania', 'tune | watch | live | si | mario | youtu | full | youtube | stream | newsnation', 'epstein | file | release | jeffrey | patel | survivor | investigation | bureau | of | justice', 'vladimir | putin | russia | ukraine | sanction | russian | war | europe | nato | drone', 'academy | service | nomination | interested | learn | military | attend | application | process | student', 'housing | affordable | home | dream | solution | red | tape | cost | crisis | need', 'memphis | crime | guard | city | violent | safe | order | national | law | president', 'kirk | justice | charlie | enforcement | law | assassin | utah | suspect | investigation | bureau', 'mental | health | child | school | youth | peer | chatbot | student | access | social', 'omar | ilhan | censure | mace | nancy | kirk | assassination | rep | comment | committee']","[2591, 389, 359, 237, 226, 212, 202, 197, 179, 169, 166, 157, 144, 136, 129, 126, 120, 114, 113, 112, 108, 107, 93, 90, 90, 85, 84, 79, 77, 65, 65, 63, 60, 52, 51, 51]"
2025-09-15 00:00:01,2025-09-22 00:00:01,7832,0.7843435090545455,0.2207642278105555,-2.55087275591321,0.9852822580645161,0.7738144739901744,"['work | act | rep | support | family | kirk | community | thank | donald | trump', 'care | health | republicans | government | shutdown | premium | cost | bill | republican | affordable', 'business | farmer | discuss | great | farm | community | meet | support | work | association', 'tariff | donald | trump | tax | price | family | economy | business | reserve | pay', 'speech | kimmel | free | communications | commission | jimmy | donald | trump | federal | silence', 'crime | dc | memphis | safe | law | adult | city | criminal | violent | capital', 'birthday | air | force | happy | usairforce | th | sky | woman | thank | brave', 'constitution | day | sign | freedom | liberty | document | found | defend | principle | today', 'kirk | charlie | legacy | life | honor | faith | god | love | resolution | vigil', 'hispanic | month | heritage | contribution | culture | celebrate | community | latino | hispanicheritagemonth | history', 'cancer | research | patient | health | access | care | treatment | detection | early | hospital', 'investigation | bureau | of | patel | kash | federal | director | homan | donald | trump', 'violence | political | radical | rhetoric | leave | antifa | people | must | left | fascist', 'vaccine | rfk | jr | john | disease | and | for | centers | kennedy | health', 'ice | immigration | illegal | border | detain | immigrant | law | child | alien | community', 'officer | family | york | police | county | enforcement | community | pray | prayer | pennsylvania', 'kirk | charlie | violence | political | assassination | murder | condemn | death | leave | resolution', 'israel | gaza | hostage | hamas | israeli | benjamin | netanyahu | abraham | genocide | peace', 'hall | town | office | pm | team | join | telephone | passport | hour | help', 'pow | mia | miss | forget | prisoner | never | recognition | sacrifice | war | action', 'agency | environmental | protection | climate | emergency | wildfire | disaster | management | water | community', 'app | challenge | congressional | nationalappchallengeday | student | october | submit | middle | showcase | high', 'education | student | school | child | program | head | funding | start | teacher | kid', 'energy | grid | permit | clean | power | cost | reliable | electricity | bill | coal', 'ai | china | communist | chinese | america | technology | must | military | lead | innovation', 'registration | voter | vote | register | voice | nationalvoterregistrationday | check | national | day | democracy', 'vladimir | putin | russia | ukraine | nato | russian | sanction | europe | oil | war', 'epstein | file | release | jeffrey | acosta | patel | investigation | alex | bureau | survivor', 'omar | ilhan | censure | mace | committee | somalia | kirk | nancy | rep | assassination', 'truck | driver | appreciation | trucker | trucking | week | move | keep | thankatrucker | economy', 'academy | service | nomination | learn | student | interested | application | military | apply | attend', 'veteran | va | pass | care | bill | house | service | benefit | access | veterans']","[2292, 837, 384, 382, 322, 244, 243, 241, 239, 197, 179, 165, 163, 162, 145, 139, 134, 123, 122, 119, 116, 106, 104, 99, 94, 92, 79, 78, 62, 61, 59, 50]"
