start_date,end_date,num_docs,cv,npmi,umass,diversity,tq,topics
2024-09-26,2024-10-03,5653,0.5744564949989088,0.0807806664210734,-3.9133060333448966,0.9822222222222223,0.5642439350878172,"['year | jimmy | rosh | celebrate | hashanah | new | happy | president | wish | community', 'kamala | joe | biden | harris | border | administration | bill | care | american | president', 'work | community | help | support | thank | great | proud | need | business | meet', 'school | act | federal | student | urge | program | clean | lead | research | energy', 'illegal | hamas | strike | convict | assault | criminal | land | public | national | thousand', 'helene | hurricane | federal | emergency | help | county | agency | disaster | need | management', 'family | service | one | honor | day | star | gold | support | love | today', 'donald | trump | house | we | news | need | say | food | get | go', 'f | c | walz | e | b | tim | utm | free | article | john', 'israel | iran | attack | stand | must | ally | defend | united | missile | states']"
2024-09-29,2024-10-06,5526,0.6302870267311906,0.10556108366581021,-4.128082079576795,0.9777777777777779,0.6162806483593865,"['year | new | celebrate | rosh | hashanah | wish | happy | community | world | jewish', 'act | jimmy | president | bill | donald | care | pay | trump | make | pass', 'work | community | great | support | make | thank | new | proud | job | continue', 'federal | agency | emergency | management | helene | hurricane | disaster | help | need | assistance', 'kamala | biden | joe | harris | border | illegal | administration | american | americans | policy', 'utm | update | u | manufacturingday | lebanon | form | citizen | flight | please | county', 'day | teacher | family | one | honor | student | today | october | service | love', 'help | helene | community | hurricane | need | thank | get | see | impact | north', 'e | passport | c | f | article | b | police | renewal | mayorkas | free', 'israel | iran | attack | stand | must | united | ally | missile | states | defend']"
2024-10-02,2024-10-09,5576,0.6714344960590191,0.11819432184416474,-3.3784068761485577,0.9711111111111113,0.652037499506203,"['gun | utm | chinese | landfall | walz | share | communist | tim | category | unprovoked', 'kamala | biden | joe | harris | border | illegal | american | americans | administration | year', 'work | community | great | help | support | family | make | today | thank | new', 'federal | emergency | agency | management | hurricane | helene | help | need | disaster | assistance', 'year | new | rosh | hashanah | celebrate | wish | may | jewish | world | happy', 'hurricane | milton | county | storm | evacuation | shelter | please | water | update | fl', 'vote | service | register | th | office | october | academy | student | call | today', 'donald | trump | court | abortion | act | project | protect | news | supreme | health', 'school | student | teacher | thank | high | world | day | education | future | next', 'israel | attack | year | hamas | one | hostage | terrorist | october | stand | today']"
2024-10-05,2024-10-12,5518,0.6778481958029424,0.13546432133495062,-3.2820646536399947,0.9733333333333333,0.6597722439148639,"['daca | court | family | dreamer | must | case | community | live | today | hear', 'kamala | joe | biden | harris | border | administration | american | americans | year | lead', 'community | work | great | support | thank | join | proud | make | help | new', 'federal | agency | emergency | management | disaster | need | help | hurricane | helene | assistance', 'israel | year | attack | one | hamas | hostage | terrorist | people | october | stand', 'child | care | childcareweekofaction | stigma | party | affordable | democratic | family | house | release', 'health | mental | one | care | help | call | worldmentalhealthday | crisis | support | access', 'wish | yom | kippur | meaningful | fast | donald | observe | g | mar | trump', 'milton | hurricane | florida | county | storm | mayor | make | stay | local | shelter', 'iran | middle | east | united | states | israel | iranian | nj | village | benjamin']"
2024-10-08,2024-10-15,5059,0.49669728363220134,0.029749875423148275,-5.2625625031740935,0.9733333333333334,0.48345202273534266,"['community | indigenous | day | people | happy | today | honor | thank | nation | birthday', 'kamala | joe | biden | harris | border | donald | american | americans | administration | act', 'work | community | great | wish | yom | kippur | new | meaningful | proud | time', 'hurricane | federal | milton | agency | emergency | help | need | management | disaster | helene', 'th | student | service | academy | school | u | national | october | house | attack', 'navy | child | brave | care | shape | u | family | childcareweekofaction | shore | sea', 'health | mental | help | office | one | care | support | need | call | crisis', 'farmer | native | observe | farm | community | one | thank | today | year | nationalfarmersday', 'county | sailor | shelter | mayor | f | john | b | fl | c | equality', 'columbus | day | israel | italian | happy | iran | christopher | united | columbusday | world']"
2024-10-11,2024-10-18,4887,0.5449409255034375,0.01706725939799996,-6.156484458578949,0.9844444444444445,0.536464066662273,"['behind | community | honor | violence | woman | safe | year | act | fire | support', 'kamala | joe | biden | harris | administration | medicare | americans | border | donald | american', 'work | community | great | support | help | proud | make | family | thank | new', 'federal | help | agency | hurricane | office | emergency | need | assistance | disaster | milton', 'enrollment | rule | murder | gang | border | december | de | criminal | alien | nuclear', 'college | tune | davis | school | air | county | district | campus | accessible | retiretester', 'day | people | today | indigenous | app | community | congressional | challenge | celebrate | history', 'wish | yom | kippur | cancel | meaningful | year | happy | birthday | easy | fast', 'farmer | b | national | f | state | article | c | enforcement | police | e', 'israel | sinwar | hamas | yahya | attack | terrorist | october | leader | hostage | world']"
2024-10-14,2024-10-21,4486,0.6030372203184884,0.05867754658734187,-4.5124172116320445,0.9800000000000001,0.5909764759121187,"['birthday | happy | vp | wish | woman | leadership | always | thank | friend | day', 'kamala | harris | joe | biden | administration | medicare | border | americans | american | cost', 'community | work | thank | make | support | great | help | service | proud | family', 'federal | agency | help | emergency | hurricane | assistance | management | disaster | office | need', 'security | day | utm | america | house | power | national | election | medium | plan', 'ia | nc | bus | statement | system | media | congressman | grid | nuclear | cnn', 'day | today | people | community | indigenous | nation | water | celebrate | happy | history', 'donald | trump | family | project | child | news | year | would | tax | park', 'article | f | state | b | student | news | tonight | new | good | e', 'israel | hamas | sinwar | terrorist | yahya | attack | hostage | world | must | iran']"
2024-10-17,2024-10-24,4703,0.5652072643313699,0.040551669443244676,-6.08221199234644,0.9911111111111112,0.5601831997595356,"['vote | early | election | make | chinese | day | ballot | voting | today | communist', 'kamala | biden | joe | harris | border | administration | american | illegal | cost | americans', 'community | work | help | support | great | thank | proud | family | new | join', 'federal | agency | emergency | water | disaster | hurricane | help | management | recovery | assistance', 'israel | hamas | attack | sinwar | must | terrorist | world | stand | united | u', 'release | press | convict | sen | senate | drone | congressman | foster | finance | jackson', 'student | service | app | school | congressional | house | u | one | academy | challenge', 'donald | trump | report | project | stopproject | birthday | happy | go | president | pm', 'donald | trump | b | f | e | state | article | news | c | university', 'marine | beirut | agent | patrol | member | cartel | az | corps | hampshire | barracks']"
2024-10-20,2024-10-27,4747,0.5127172788370664,0.02115095477388226,-4.290194652151868,0.9733333333333334,0.499044818068078,"['honor | family | day | service | veteran | national | sacrifice | community | year | man', 'kamala | biden | joe | harris | border | administration | americans | american | illegal | cost', 'community | work | thank | great | help | support | new | proud | local | million', 'federal | help | health | care | need | agency | school | child | family | support', 'let | violence | drug | news | site | prescription | house | read | judge | collection', 'b | airport | c | f | e | article | utm | modernize | international | rescue', 'vote | election | day | th | congressional | today | house | early | voter | service', 'donald | trump | project | president | stopproject | house | want | go | right | must', 'business | food | tax | crime | family | work | retail | worker | make | small', 'israel | iran | stand | united | u | deploy | world | ally | states | america']"
2024-10-23,2024-10-30,4803,0.531994979039472,0.03333135096313887,-4.413876579881242,0.9666666666666666,0.5142618130714895,"['veteran | great | community | farm | last | support | visit | night | child | join', 'kamala | joe | biden | harris | border | donald | administration | american | trump | americans', 'community | work | thank | first | honor | keep | day | new | safe | proud', 'help | federal | need | support | health | care | school | access | agency | community', 'illegal | alien | border | election | dhs | criminal | american | we | report | u', 'cruz | resilient | de | op | newsletter | sanctuary | icymi | sheriff | ed | h', 'vote | election | ballot | service | today | day | academy | office | house | one', 'million | project | funding | donald | federal | trump | clean | infrastructure | water | protection', 'business | small | economy | job | support | make | crime | work | energy | act', 'israel | must | stand | united | iran | year | attack | world | life | u']"
2024-10-26,2024-11-02,5001,0.5341275294707171,0.0030375705265745373,-5.758715151856111,0.9666666666666666,0.5163232784883598,"['honor | community | thank | first | year | day | today | life | family | service', 'kamala | joe | biden | harris | americans | border | american | administration | donald | year', 'community | help | work | federal | support | new | proud | need | million | great', 'care | health | act | affordable | open | healthcare | agency | today | access | federal', 'foxbusiness | ia | choose | kamalanomic | adoption | usda | lowcountryfirst | lead | girl | watch', 'native | american | month | investigation | heritage | bureau | of | daca | federal | history', 'vote | election | day | early | make | ballot | today | voting | office | find', 'happy | halloween | celebrate | diwali | wish | everyone | light | safe | donald | trump', 'job | economy | business | tax | create | new | cut | family | work | make', 'israel | los | de | stand | iran | dodger | memory | world | united | strength']"
2024-10-29,2024-11-05,4860,0.6646178656179776,0.1505128530496742,-2.864867215852489,0.968888888888889,0.6439408653543073,"['student | honor | community | heritage | celebrate | we | american | violence | los | month', 'kamala | biden | joe | harris | border | americans | american | administration | year | policy', 'community | work | support | family | service | thank | proud | help | honor | great', 'federal | act | agency | help | house | health | press | release | news | emergency', 'halloween | safe | happy | everyone | wish | fun | night | one | treat | jones', 'million | water | project | community | infrastructure | funding | new | investment | secure | clean', 'vote | election | make | day | tomorrow | ballot | plan | voter | find | early', 'diwali | celebrate | light | peace | wish | may | happy | world | join | hope', 'donald | tax | make | trump | family | time | job | back | work | cut', 'abortion | woman | ban | right | freedom | care | donald | trump | fight | reproductive']"
2024-11-01,2024-11-08,3703,0.6420286915936259,0.11230108270168285,-2.6801979938107308,0.96,0.6163475439298808,"['electionday | thank | honor | community | tomorrow | make | family | school | sacrifice | nation', 'kamala | biden | joe | harris | border | americans | american | donald | policy | year', 'work | community | support | help | family | continue | fight | need | new | service', 'care | health | federal | affordable | agency | open | act | healthcare | visit | enrollment', 'illegal | we | back | border | time | end | joe | biden | tonight | alien', 'native | american | month | heritage | culture | history | celebrate | county | nation | rich', 'vote | election | day | make | today | voice | poll | hear | ballot | polling', 'love | life | one | come | live | family | community | celebrate | keep | johnson', 'victory | win | u | senate | time | congrats | seat | big | national | state', 'donald | trump | president | america | work | congratulation | look | elect | american | forward']"
2024-11-04,2024-11-11,3284,0.5818827886466451,0.04688918526838826,-4.869827955071156,0.9688888888888888,0.5637797685554161,"['honor | veteran | day | thank | community | veterans | service | family | celebrate | join', 'kamala | biden | joe | harris | care | american | year | act | border | americans', 'work | help | office | new | support | community | service | veteran | need | federal', 'must | federal | amsterdam | agency | emergency | management | attack | antisemitism | news | house', 'donald | trump | president | america | american | work | border | people | senate | back', 'fire | native | wall | heritage | louisiana | month | enough | mountainfire | west | american', 'vote | election | make | day | today | voice | hear | poll | find | ballot', 'we | utm | text | never | must | justice | world | food | one | need', 'marine | happy | birthday | thank | usmc | year | corps | nation | th | freedom', 'e | f | east | article | c | ef | b | europe | middle | case']"
2024-11-07,2024-11-14,3947,0.6741778416460077,0.094434679110343,-3.776146426063427,0.9733333333333334,0.6561997658687808,"['veteran | honor | day | thank | service | serve | sacrifice | nation | veterans | today', 'security | social | house | public | vote | benefit | act | pass | bill | servant', 'work | help | support | community | family | ensure | need | care | proud | continue', 'federal | agency | emergency | management | need | must | disaster | help | office | open', 'donald | biden | joe | trump | kamala | border | president | american | harris | secretary', 'uapheare | farm | farmer | floor | money | bill | tax | hearing | voter | iowa', 'marine | birthday | happy | year | th | usmc | corps | thank | protect | u', 'news | community | one | fire | new | fight | right | we | never | speakerjohnson', 'donald | trump | president | work | america | people | american | senate | get | republican', 'israel | world | united | must | tax | stand | nations | attack | ambassador | amsterdam']"
2024-11-10,2024-11-17,4855,0.6137297149915157,0.05586548973721497,-4.306402955210965,0.9777777777777779,0.6000912768805933,"['veteran | honor | thank | day | service | serve | nation | sacrifice | veterans | today', 'bill | act | pass | house | student | security | vote | social | release | benefit', 'year | work | infrastructure | law | community | make | bipartisan | help | support | job', 'federal | agency | emergency | management | house | office | disaster | need | open | help', 'donald | trump | president | joe | biden | work | american | america | kamala | energy', 'farm | bureau | farmer | rail | of | agriculture | pa | investigation | chip | letter', 'marine | freedom | happy | woman | birthday | nation | th | thank | protect | usmc', 'water | clean | community | news | school | climate | local | join | first | new', 'donald | trump | mike | johnson | gaetz | president | government | department | matt | nomination', 'israel | internship | united | holiday | office | intern | spring | world | nations | take']"
2024-11-13,2024-11-20,5207,0.4907463554296624,-0.020261504065318396,-5.852328833857284,0.9666666666666666,0.4743881435820069,"['school | rural | community | program | student | caucus | americaneducationweek | woman | colorado | education', 'act | bill | pass | care | health | benefit | veteran | house | vote | security', 'work | community | family | thank | year | support | honor | help | continue | make', 'federal | agency | emergency | management | disaster | house | report | need | help | government', 'joe | biden | donald | trump | kamala | border | american | president | harris | energy', 'farm | farmer | commission | logo | medium | release | agriculture | utm | communications | credit', 'office | news | county | congress | house | hour | day | antisemitism | fire | we', 'ukraine | today | war | vladimir | community | join | year | live | day | tune', 'donald | trump | president | work | america | people | forward | look | congratulation | american', 'ohio | office | pete | timely | internship | hegseth | fee | holiday | application | card']"
2024-11-16,2024-11-23,5396,0.5771626333696053,0.058259208961390696,-4.489057058604909,0.9800000000000001,0.5656193807022132,"['woman | today | day | man | people | stand | lose | violence | honor | must', 'act | bill | care | pass | health | house | senate | rural | support | legislation', 'work | community | thank | great | make | family | state | new | continue | year', 'federal | agency | emergency | management | disaster | need | gaetz | house | release | report', 'biden | joe | border | kamala | president | administration | illegal | harris | laken | riley', 'district | and | county | newsletter | update | card | stay | exchange | gary | credit', 'office | doge | service | government | musk | help | elon | house | resident | waste', 'news | b | transgender | e | tune | china | c | join | utm | f', 'donald | trump | president | energy | american | people | america | work | make | elect', 'israel | icc | united | hamas | terrorist | benjamin | states | must | stand | ally']"
2024-11-19,2024-11-26,5401,0.5607230180381028,0.024116286525490294,-5.044256873719361,0.9800000000000001,0.5495085576773407,"['woman | day | violence | today | man | people | lose | live | community | must', 'act | care | bill | health | house | pass | veteran | bipartisan | support | access', 'work | thank | family | community | great | year | make | honor | new | join', 'federal | agency | government | emergency | management | need | doge | disaster | work | waste', 'biden | joe | border | kamala | harris | illegal | president | administration | laken | riley', 'b | article | business | news | utm | small | c | keep | texas | safe', 'office | season | holiday | f | debt | hospital | hour | food | disease | help', 'israel | ukraine | must | icc | united | war | u | russia | states | vladimir', 'donald | trump | president | america | energy | american | work | make | people | get', 'hostage | and | chair | day | military | cruz | october | civilian | home | exchange']"
2024-11-22,2024-11-29,3852,0.5515651571596456,0.03751980219189379,-4.023037641341633,0.9444444444444444,0.5209226484285542,"['community | thank | family | thanksgiving | safe | holiday | food | year | thanksgive | join', 'bill | house | pass | act | support | israel | bipartisan | care | rural | senate', 'work | government | doge | make | new | family | support | great | federal | year', 'federal | health | medicare | agency | need | house | emergency | act | open | management', 'biden | joe | donald | trump | president | kamala | border | harris | administration | year', 'hezbollah | utm | farm | agreement | newsletter | medium | bill | app | foot | source', 'home | office | service | help | day | news | hostage | israel | law | f', 'happy | thanksgiving | family | love | one | wish | thanksgive | everyone | day | time', 'donald | trump | president | energy | work | job | business | american | america | tax', 'thankful | woman | day | world | family | state | make | every | wonderful | violence']"
2024-11-25,2024-12-02,3245,0.5176543447317449,0.06845616446774168,-4.022878036915938,0.9511111111111111,0.492346798989304,"['saturday | shopsmall | backbone | community | make | season | hiv | support | today | aids', 'joe | biden | kamala | year | border | harris | medicare | cost | act | house', 'help | work | federal | service | office | need | community | proud | support | new', 'federal | investigation | bureau | of | doge | donald | government | musk | trump | elon', 'thanksgiving | happy | family | wish | love | thanksgive | day | one | everyone | grateful', 'vladimir | utm | newsletter | putin | release | medium | house | press | weekly | update', 'service | home | work | day | serve | family | bring | law | must | need', 'donald | trump | president | go | news | america | price | right | would | american', 'business | small | smallbusinesssaturday | local | support | community | economy | shop | today | make', 'woman | israel | violence | today | day | hezbollah | continue | stand | park | must']"
2024-11-28,2024-12-05,3698,0.5312967280079262,0.05519185497448585,-3.8840380233651666,0.9555555555555555,0.5076835400964628,"['child | protect | year | tennessee | hear | gender | today | leave | kid | vladimir', 'care | health | act | medicare | cost | make | plan | need | right | protect', 'work | help | congress | continue | support | new | fight | community | great | need', 'federal | agency | bureau | of | investigation | work | omer | security | senate | american', 'joe | biden | donald | president | trump | american | pardon | people | administration | hunter', 'bipartisan | community | pass | stay | new | ai | newsletter | house | keep | victim', 'family | happy | thanksgiving | day | love | one | wish | today | thanksgive | holiday', 'donald | trump | court | bill | pass | law | need | texas | news | supreme', 'energy | national | holdtheline | job | u | environmental | lead | china | clean | donald', 'business | small | support | smallbusinesssaturday | community | local | today | economy | make | shop']"
2024-12-01,2024-12-08,4920,0.5724651827674696,0.04073555380482261,-4.27125084218043,0.9644444444444444,0.5521108651579596,"['harbor | pearl | day | attack | honor | today | life | lose | remember | year', 'medicare | care | health | cost | act | open | plan | year | drug | housing', 'community | work | help | support | great | house | new | thank | proud | congress', 'donald | federal | trump | work | government | get | people | president | make | american', 'joe | biden | president | donald | pardon | trump | american | administration | hunter | kamala', 'news | release | omer | family | hamas | safety | mourn | neutra | hostage | newsletter', 'servicemember | holiday | season | later | good | home | state | christmas | team | congratulation', 'donald | trump | china | party | tune | join | national | chinese | communist | court', 'energy | holdtheline | b | court | u | child | supreme | billionaire | protect | student', 'sacrifice | today | day | year | ago | nation | honor | united | freedom | right']"
2024-12-04,2024-12-11,5183,0.525178543791945,0.05186278162547962,-4.113106681769301,0.9577777777777777,0.5030043386096184,"['work | forward | student | look | community | friend | thank | year | state | great', 'act | pass | bill | house | health | care | national | bipartisan | support | protect', 'help | new | work | community | business | need | support | small | federal | join', 'federal | government | get | work | doge | pete | musk | make | need | elon', 'biden | joe | harbor | border | american | people | president | kamala | must | administration', 'amendment | states | united | slavery | abolish | th | ronald | chapter | comfort | schiff', 'office | house | police | home | christmas | b | post | bring | service | enforcement', 'family | community | join | news | live | tune | watch | loss | help | keep', 'donald | trump | president | work | energy | american | america | make | job | tax', 'day | honor | today | year | life | pearl | attack | lose | remember | sacrifice']"
2024-12-07,2024-12-14,5444,0.4944749161634242,0.022058297587890695,-4.506030467249774,0.971111111111111,0.4801900852520364,"['holdtheline | chinese | party | leave | communist | violence | safety | woman | gun | report', 'act | bill | pass | house | law | care | legislation | health | family | work', 'year | today | honor | service | always | thank | nation | day | happy | life', 'national | defense | act | authorization | military | federal | investigation | security | bureau | of', 'biden | joe | border | guard | president | administration | kamala | people | american | harris', 'water | resource | project | community | news | infrastructure | support | new | development | help', 'office | holiday | community | government | help | law | one | doge | thank | enforcement', 'news | family | join | tune | drone | pm | help | heart | live | aspx', 'donald | work | trump | president | forward | look | american | people | make | next', 'pete | world | united | hegseth | must | syria | israel | iran | u | assad']"
2024-12-10,2024-12-17,5477,0.5887067633452261,0.05872248905549664,-3.8483001969502495,0.9644444444444444,0.5677749673151736,"['school | community | gun | year | violence | family | holiday | today | life | thank', 'act | house | pass | bill | water | legislation | bipartisan | law | support | senate', 'work | right | year | today | great | continue | always | protect | honor | fight', 'national | defense | act | authorization | military | federal | security | support | of | investigation', 'joe | biden | president | donald | trump | border | administration | kamala | americans | people', 'drone | new | jersey | public | state | york | enforcement | action | fly | answer', 'national | nation | th | service | happy | honor | day | thank | guard | birthday', 'need | news | community | help | life | federal | disaster | family | join | go', 'donald | trump | president | work | american | tax | get | business | people | make', 'wall | constitution | ten | enshrine | monkey | god | world | u | syria | bless']"
2024-12-13,2024-12-20,5670,0.567903931853998,0.040713369737783445,-3.744737962248071,0.9511111111111111,0.5401397396300248,"['thank | honor | service | community | great | nation | serve | year | happy | always', 'act | bill | pass | national | water | defense | senate | health | house | support', 'work | right | year | proud | today | protect | honor | fight | law | house', 'federal | government | get | people | agency | american | work | page | house | congress', 'biden | joe | border | donald | trump | president | mike | johnson | american | administration', 'shut | new | child | abuse | press | christian | release | air | sen | thank', 'government | musk | elon | republicans | shutdown | disaster | pay | billionaire | relief | house', 'family | life | must | child | cr | school | gun | take | community | go', 'donald | trump | president | work | america | energy | american | forward | look | business', 'state | app | high | school | ohio | rural | challenge | watch | congratulation | win']"
2024-12-16,2024-12-23,5757,0.5583592808711373,0.0015367503481597822,-4.586995816028723,0.9755555555555556,0.5447104984498429,"['school | family | community | life | live | holiday | gun | child | one | season', 'act | pass | bill | senate | security | law | social | national | house | legislation', 'work | thank | th | join | service | year | honor | today | office | congress', 'federal | statement | agency | house | release | tonight | report | need | aid | investigation', 'joe | biden | border | donald | trump | president | administration | american | kamala | secure', 'utm | ohio | medium | tweet | holdtheline | campaign | tsa | court | foundation | ly', 'government | donald | trump | shutdown | musk | bill | vote | republicans | people | work', 'shut | take | cost | drug | get | new | drone | action | need | chinese', 'mike | johnson | make | president | donald | trump | america | great | forward | look', 'united | states | military | force | business | day | small | space | state | bureaucrat']"
2024-12-19,2024-12-26,4175,0.6266770477351425,0.026487811988669747,-6.901832847905686,0.9822222222222223,0.6155361224420735,"['may | fill | light | sameach | chag | celebrate | jewish | blessing | joy | peace', 'act | bill | pass | senate | security | law | social | year | support | ensure', 'work | year | thank | u | make | service | serve | th | congress | help', 'government | donald | trump | american | president | shutdown | musk | people | house | republicans', 'joe | biden | happiness | chanukah | border | wonderful | upon | us | death | justice', 'bitcoin | kelly | nunn | gun | newsletter | weekly | tune | intelligence | card | subscribe', 'christmas | merry | family | wish | holiday | love | one | season | hope | time', 'hanukkah | happy | wish | light | celebrate | everyone | festival | eight | hope | peace', 'johnson | mike | speaker | next | county | ambassador | america | congratulation | serve | make', 'cherish | mexico | north | korean | toy | patriot | winter | crypto | coin | bike']"
2024-12-22,2024-12-29,2541,0.45948160258603876,-0.10697212856030777,-8.044624936080897,0.9844444444444445,0.45233411099025594,"['vladimir | woman | holdtheline | support | want | war | take | putin | middle | east', 'act | bill | law | mike | johnson | security | pass | bipartisan | congress | house', 'work | year | help | congress | get | federal | make | need | people | community', 'investigation | tx | government | federal | bureau | youtu | call | voter | of | bear', 'joe | biden | president | border | donald | trump | day | family | america | illegal', 'flag | newsletter | chemical | update | ronald | weekly | and | capitol | hour | available', 'christmas | family | celebrate | wish | merry | happy | holiday | hanukkah | love | day', 'state | national | life | join | defense | community | care | safe | environmental | many', 'utm | app | challenge | b | e | student | c | congratulation | f | donald', 'health | date | care | hero | child | birthday | alert | win | abuse | iowa']"
2024-12-25,2025-01-01,2804,0.5541855527401651,-0.035077501081406094,-7.467665350371154,0.9822222222222223,0.5443333651358956,"['review | holdtheline | town | woman | eagle | prevention | congress | representative | bald | mn', 'jimmy | carter | president | family | service | life | pass | peace | public | time', 'year | work | help | federal | congress | community | get | make | look | office', 'we | air | bear | health | savior | name | child | clean | insurance | lord', 'joe | biden | border | donald | trump | president | american | new | year | administration', 'vladimir | putin | il | update | ring | brooklyn | immigration | system | russia | read', 'wish | christmas | celebrate | happy | family | merry | hanukkah | may | day | love', 'news | act | law | national | u | sign | bill | americans | ensure | drug', 'mike | johnson | donald | trump | speaker | president | america | house | support | vote', 'wa | la | israel | ks | congresswoman | de | en | drink | liberty | casework']"
2024-12-28,2025-01-04,3672,0.6046641732845465,0.07347206857240937,-4.570884310704743,0.9777777777777779,0.591227191656001,"['county | congratulation | season | attend | floor | holdtheline | ceremony | committee | newly | sheriff', 'jimmy | carter | president | family | service | life | public | peace | pass | nation', 'work | congress | th | year | honor | get | serve | continue | people | house', 'federal | of | investigation | bureau | must | protect | act | confirm | agency | need', 'new | year | happy | orleans | attack | family | biden | joe | victim | wish', 'cost | drug | medicare | act | health | prescription | cap | senior | low | care', 'border | c | b | realdonaldtrump | f | restore | secure | e | u | national', 'china | chinese | communist | threat | russia | vladimir | u | party | news | aspx', 'donald | trump | mike | johnson | president | speaker | house | america | speakerjohnson | work', 'day | israel | hamas | biden | joe | hold | hostage | must | home | civilian']"
2024-12-31,2025-01-07,4465,0.5347376307074683,-0.07857115815547747,-7.580343720897429,0.9711111111111113,0.5192896547092526,"['constitutional | stay | weather | venezuela | medal | utm | award | maduro | freedom | safe', 'act | bill | cost | law | pay | medicare | year | health | drug | kamala', 'work | congress | th | serve | honor | people | new | get | year | swear', 'federal | offshore | protect | energy | ban | drilling | security | national | potus | gas', 'new | joe | biden | year | happy | family | energy | attack | orleans | day', 'recommit | regardless | usda | facilitate | riley | councilman | syria | invitation | ohio | beach', 'democracy | capitol | today | january | year | result | power | election | ago | four', 'vp | news | cold | thank | try | different | aspx | documentid | mom | opinion', 'donald | president | trump | certify | election | america | american | today | congress | work', 'certification | insurrection | law | peaceful | dark | enforcement | halt | chance | extremist | electoral']"
2025-01-03,2025-01-10,6418,0.6203597941208306,0.0638143629690093,-3.978680250690682,0.9777777777777779,0.6065740209181456,"['court | venezuela | woman | b | news | c | la | article | sport | f', 'act | bill | laken | riley | law | pass | vote | legislation | house | illegal', 'work | jimmy | congress | th | president | honor | get | serve | carter | today', 'federal | help | need | resource | health | state | agency | million | care | like', 'joe | biden | border | california | administration | first | firefighter | responder | energy | immigration', 'stay | safe | county | fire | weather | criminal | please | winter | local | update', 'law | day | enforcement | community | thank | every | woman | officer | safe | protect', 'title | woman | ix | rewrite | day | man | take | happy | year | resilient', 'donald | trump | president | america | american | election | certify | johnson | mike | agenda', 'democracy | election | power | must | year | today | maduro | stand | capitol | ago']"
2025-01-06,2025-01-13,6344,0.6074472580249994,0.06298337083161369,-3.843426171509239,0.9822222222222223,0.5966481956601106,"['icc | court | ally | sanction | maduro | united | israel | stand | people | states', 'act | bill | jimmy | laken | riley | border | law | pass | illegal | vote', 'work | new | get | congress | great | make | house | care | continue | news', 'federal | agency | wildfire | emergency | management | need | disaster | call | office | resource', 'biden | joe | donald | trump | president | american | administration | border | energy | policy', 'fire | california | first | community | stay | safe | impact | support | responder | la', 'day | today | law | community | enforcement | year | thank | life | honor | service', 'go | salt | tonight | fight | cost | right | one | cap | judge | see', 'donald | president | trump | america | election | certify | today | b | human | e', 'school | high | union | art | year | student | wolf | artist | attorney | powerful']"
2025-01-09,2025-01-16,6786,0.5085485907691949,0.014132251394706747,-4.486203954169342,0.9800000000000001,0.49837761895381105,"['mike | johnson | school | bondi | hear | pam | maduro | people | chris | general', 'act | bill | jimmy | pass | riley | laken | vote | house | introduce | court', 'woman | work | congress | sport | forward | house | proud | act | serve | protect', 'federal | help | need | agency | health | care | office | million | affordable | today', 'joe | biden | administration | president | border | secure | security | kamala | year | policy', 'agreement | statement | fire | california | release | wildfire | full | press | house | thank', 'hostage | hamas | israel | day | deal | today | peace | home | family | thank', 'ceasefire | aid | need | must | news | b | e | disaster | life | people', 'donald | trump | president | american | america | hegseth | energy | pete | make | secretary', 'tax | business | taiwan | small | human | relief | cut | salt | china | u']"
2025-01-12,2025-01-19,7234,0.5460923088465675,0.023770972052874567,-4.11862629324196,0.9755555555555556,0.5327433857414292,"['communist | united | chinese | party | states | tiktok | dr | king | china | right', 'act | bill | vote | woman | illegal | drug | protect | house | pass | violence', 'work | woman | congress | proud | support | new | act | ensure | sport | house', 'federal | need | help | government | agency | tax | disaster | cut | care | health', 'joe | biden | president | day | border | administration | american | year | era | right', 'ticket | inauguration | statement | release | ceasefire | house | office | update | press | please', 'hostage | home | ceremony | israel | hamas | amendment | b | c | must | bring', 'community | join | family | county | thank | city | great | town | honor | service', 'donald | trump | president | america | work | make | look | great | get | forward', 'hegseth | pete | defense | military | secretary | life | defend | right | marco | of']"
2025-01-15,2025-01-22,8414,0.6492404685551271,0.11028535550047355,-3.490536033378698,0.9822222222222223,0.6376984157808138,"['secretary | senate | marco | state | serve | senator | confirm | rubio | look | general', 'act | bill | woman | protect | vote | illegal | pass | law | laken | riley', 'work | new | support | congress | help | community | american | family | house | member', 'cost | health | federal | care | low | billionaire | americans | price | big | government', 'donald | trump | president | joe | biden | border | pardon | american | order | executive', 'hostage | release | home | statement | hamas | israel | family | press | deal | peace', 'please | stay | need | community | f | can | know | b | update | one', 'king | dr | today | honor | legacy | life | right | jr | martin | luther', 'donald | trump | president | america | inauguration | day | great | new | work | capitol', 'united | states | citizenship | nations | agent | dark | patrol | ohio | th | vance']"
2025-01-18,2025-01-25,8588,0.5599741881211767,0.041494727728471764,-4.544614877789118,0.9911111111111112,0.5549966397823218,"['abortion | federal | agency | disaster | survivor | emergency | need | management | baby | immigration', 'act | care | bill | health | pass | law | vote | house | legislation | bear', 'work | need | tax | community | support | family | thank | great | get | new', 'e | school | bank | va | freeze | ice | service | b | d | i', 'donald | trump | president | america | american | joe | biden | border | make | day', 'state | forest | wildfire | marco | california | terrorist | fire | foreign | north | carolina', 'woman | year | ago | violence | v | right | combat | gun | election | today', 'life | today | honor | fight | march | king | right | we | dr | continue', 'secretary | senate | hegseth | pete | confirm | defense | u | lead | nominee | military', 'officer | pardon | police | january | th | attack | united | law | violent | capitol']"
2025-01-21,2025-01-28,8220,0.5845971002798569,0.048296610204814905,-4.413171492268292,0.9866666666666667,0.5768024722761255,"['holocaust | million | day | never | antisemitism | must | today | remember | honor | lose', 'act | bill | protect | woman | abortion | care | laken | house | pass | right', 'work | community | life | support | great | tax | join | thank | today | new', 'secretary | scott | bessent | confirm | treasury | senate | hegseth | pete | vote | defense', 'donald | trump | president | america | border | american | biden | joe | make | first', 'auschwitz | file | direct | hostage | congratulation | free | marco | release | homeland | camp', 'remembrance | service | six | murder | federal | office | help | revenue | internal | visit', 'family | cost | care | price | low | health | form | need | would | bill', 'donald | trump | law | pardon | president | attack | order | officer | police | enforcement', 'international | united | world | states | u | foreign | organization | china | covid | strength']"
2025-01-24,2025-01-31,8352,0.5905838049404435,0.06969387968029445,-4.12830831774887,0.9622222222222222,0.5682728611982489,"['family | responder | night | first | tragedy | last | victim | pray | tragic | heart', 'bill | act | support | school | legislation | tax | child | introduce | ensure | student', 'year | work | ronald | great | community | new | happy | today | honor | join', 'investigation | secretary | of | bureau | federal | work | patel | business | confirm | agency', 'donald | president | trump | law | america | border | biden | joe | illegal | first', 'speakerjohnson | birthday | mike | johnson | officer | brother | passenger | th | rescue | intelligence', 'day | holocaust | never | million | today | must | honor | remember | remembrance | kill', 'donald | trump | federal | funding | freeze | people | president | administration | family | community', 'environmental | protection | blame | donald | need | trump | administrator | president | american | agency', 'crash | military | prayer | air | hegseth | pete | defense | woman | world | traffic']"
2025-01-27,2025-02-03,8308,0.4864848387003387,-0.017485774971178446,-5.994299266474298,0.9866666666666667,0.4799983741843342,"['fentanyl | town | hall | jr | rfk | chinese | know | make | health | live', 'act | law | bill | sign | laken | introduce | legislation | riley | protect | security', 'work | community | great | thank | black | help | honor | support | new | canada', 'federal | school | investigation | bureau | of | education | government | people | child | kash', 'first | year | border | family | joe | biden | responder | love | one | ronald', 'service | revenue | internal | file | prayer | free | release | contribution | tax | direct', 'federal | community | funding | office | service | program | care | freeze | impact | health', 'never | day | crash | million | holocaust | today | must | lose | mike | johnson', 'donald | trump | president | tariff | people | american | make | americans | america | cost', 'abortion | united | winter | car | states | traffic | groundhog | among | phil | woman']"
2025-01-30,2025-02-06,8702,0.6287974139996586,0.07361237917898288,-3.544478930960711,0.9577777777777777,0.6022481898530063,"['woman | sport | girl | man | day | national | protect | today | make | female', 'meet | community | discuss | great | work | student | thank | office | support | house', 'black | community | history | work | business | honor | month | small | today | americans', 'musk | elon | federal | government | agency | department | senate | people | usaid | get', 'president | border | energy | america | joe | biden | trump | donald | american | u', 'sheriff | county | info | gaines | oklahoma | contact | la | fl | newsletter | fire', 'act | care | health | access | service | security | million | social | congress | work', 'donald | trump | president | order | executive | right | federal | administration | fight | athlete', 'donald | trump | president | tariff | make | american | family | cost | price | people', 'family | first | crash | love | responder | one | pray | tragedy | ronald | victim']"
2025-02-02,2025-02-09,9044,0.6088351259462066,0.08887711656349573,-2.518166771004779,0.9444444444444444,0.5750109522825284,"['energy | american | school | education | production | student | america | look | work | forward', 'act | bill | house | vote | senate | legislation | introduce | pass | care | proud', 'woman | sport | girl | man | day | executive | order | protect | right | thank', 'musk | elon | federal | donald | government | access | trump | americans | security | people', 'donald | trump | president | biden | joe | america | border | make | potus | american', 'community | work | great | meet | honor | discuss | black | thank | today | history', 'office | week | community | house | news | hear | service | work | washington | officer', 'donald | trump | usaid | fight | administration | people | we | go | aid | world', 'cost | donald | family | trump | business | tariff | job | price | tax | make', 'fentanyl | halt | drug | law | act | united | enforcement | crisis | community | life']"
2025-02-05,2025-02-12,8595,0.5596628980084102,0.018842949021199117,-4.44464824001805,0.9755555555555556,0.5459822493904268,"['fentanyl | halt | community | drug | enforcement | law | act | life | crisis | safe', 'act | bill | house | energy | introduce | vote | pass | senate | legislation | american', 'woman | sport | day | black | girl | history | year | man | celebrate | today', 'musk | federal | elon | government | agency | doge | taxpayer | access | security | americans', 'biden | joe | border | american | u | america | secure | china | must | release', 'e | b | newsletter | problem | exchange | swamp | implement | commission | truth | article', 'community | work | join | office | thank | great | health | discuss | service | help', 'farmer | food | marc | farm | student | high | disease | education | school | health', 'donald | trump | president | make | get | people | american | work | administration | back', 'great | president | look | research | forward | national | marc | leadership | peace | u']"
2025-02-08,2025-02-15,8277,0.546618268682669,0.004153485142380011,-4.8700951935313155,0.9644444444444444,0.5271829524628409,"['community | student | great | school | honor | meet | leader | discuss | serve | today', 'act | health | care | bill | ensure | introduce | make | support | veteran | legislation', 'work | business | help | office | great | week | small | washington | need | federal', 'donald | trump | musk | federal | elon | cut | government | doge | american | tax', 'energy | president | donald | trump | america | american | biden | joe | national | security', 'patrol | nurse | air | indian | nato | dark | east | weather | shortage | violent', 'day | valentine | happy | veteran | love | thank | today | year | life | family', 'donald | trump | president | join | administration | town | hall | price | make | we', 'f | c | b | e | school | white | news | article | house | wife', 'research | farmer | agent | law | officer | health | life | border | enforcement | cancer']"
2025-02-11,2025-02-18,7715,0.6068097129235204,0.04064537545092327,-4.1149403182141855,0.9777777777777779,0.5933250526363311,"['tax | cut | republicans | budget | republican | family | house | billionaire | business | care', 'community | support | act | work | ensure | education | bill | meet | school | need', 'day | president | happy | today | honor | valentine | great | nation | leader | america', 'federal | health | musk | agency | national | elon | make | secretary | work | senate', 'biden | joe | vladimir | ukraine | russia | war | u | american | putin | peace', 'hostage | hamas | home | release | sagui | israel | return | nuclear | hold | wife', 'law | safe | community | border | safety | officer | office | keep | enforcement | agent', 'donald | trump | musk | government | elon | join | town | hall | go | waste', 'donald | trump | president | american | america | make | administration | promise | worker | people', 'woman | air | man | courage | violence | vision | bless | traffic | forget | god']"
2025-02-14,2025-02-21,6686,0.46468007921023285,-0.006615952595459669,-5.561025675974544,0.9644444444444444,0.44815812083831347,"['vladimir | hamas | ukraine | putin | israel | must | stand | family | war | hostage', 'cut | tax | care | health | republicans | family | work | billionaire | american | people', 'work | community | business | great | today | thank | support | meet | help | service', 'federal | bureau | of | investigation | kash | patel | director | musk | elon | town', 'president | day | america | border | joe | biden | happy | year | american | first', 'release | press | stay | news | gaza | october | weather | newsletter | west | update', 'confirmation | veteran | day | valentine | va | officer | law | home | pre | violent', 'donald | trump | administration | president | fire | federal | worker | musk | action | order', 'donald | trump | president | american | e | f | right | ukraine | b | russia', 'health | farmer | new | first | national | cartel | world | agriculture | ffa | responder']"
2025-02-17,2025-02-24,6943,0.5668857728964126,0.07636115726577229,-3.1697816965946988,0.9622222222222222,0.5454700881425482,"['join | thank | town | hall | community | black | night | history | live | host', 'care | health | budget | act | bill | senate | cut | vote | republicans | family', 'work | business | family | great | today | community | support | honor | year | nation', 'federal | investigation | bureau | of | agency | government | service | kash | patel | work', 'president | donald | trump | america | american | border | joe | biden | first | illegal', 'e | local | b | virginia | community | c | news | land | enforcement | law', 'vladimir | ukraine | war | must | putin | russia | hamas | world | israel | stand', 'donald | trump | fire | worker | administration | military | safety | safe | news | force', 'donald | trump | cut | tax | billionaire | musk | republicans | people | back | want', 'national | health | research | institutes | cartel | of | united | service | americans | day']"
2025-02-20,2025-02-27,8642,0.6193521140220801,0.10737540393851899,-3.1756927211960475,0.9666666666666666,0.5987070435546774,"['vladimir | ukraine | russia | united | putin | war | stand | ally | states | year', 'cut | budget | tax | republicans | medicaid | vote | house | republican | care | health', 'work | community | support | great | today | act | business | meet | thank | proud', 'federal | law | bureau | agency | investigation | of | enforcement | director | kash | patel', 'donald | trump | president | energy | american | america | biden | joe | border | first', 'release | press | house | medium | communist | chinese | read | water | party | file', 'donald | trump | musk | federal | elon | doge | service | fire | government | veteran', 'donald | trump | join | hall | town | live | today | president | hold | must', 'b | snap | e | education | f | c | public | mike | johnson | state', 'office | research | house | national | institutes | health | of | hour | visit | state']"
2025-02-23,2025-03-02,8968,0.5783979806041906,0.04691013102500456,-4.524807413766629,0.9622222222222222,0.55654739022581,"['reflection | may | air | safety | community | last | meaningful | appreciate | faith | family', 'cut | tax | budget | republicans | medicaid | house | care | republican | vote | family', 'work | community | great | act | support | proud | meet | discuss | thank | today', 'donald | trump | federal | musk | elon | government | security | fire | doge | administration', 'president | energy | joe | biden | america | trump | donald | american | border | first', 'month | ramadan | history | woman | black | celebrate | wish | world | time | around', 'veteran | service | health | life | serve | va | care | bless | peaceful | officer', 'donald | trump | president | vladimir | ukraine | volodymyr | putin | zelensky | stand | today', 'vance | donald | trump | e | f | b | price | c | u | tariff', 'israel | chair | subcommittee | aid | academy | hear | florida | capitol | foreign | shape']"
2025-02-26,2025-03-05,9069,0.6320734266065547,0.10930837234739699,-3.1655549031876333,0.971111111111111,0.6138135276156986,"['community | meet | service | support | veteran | work | discuss | serve | great | thank', 'cut | medicaid | republicans | tax | house | security | budget | social | care | americans', 'act | business | work | proud | woman | education | student | state | get | small', 'federal | donald | trump | musk | elon | administration | fire | government | doge | worker', 'donald | trump | president | american | joe | biden | america | tariff | border | make', 'history | woman | month | black | honor | celebrate | thank | happy | evening | legacy', 'ramadan | world | month | time | right | wish | peace | mubarak | day | around', 'donald | trump | president | address | tonight | joint | congress | join | volodymyr | house', 'johnson | mike | e | f | b | vance | c | release | news | article', 'vladimir | ukraine | putin | united | ally | stand | states | russia | america | must']"
2025-03-01,2025-03-08,10853,0.6010297486702603,0.023339871836562016,-4.398161374324202,0.9711111111111113,0.5836666670420084,"['thank | great | student | work | community | meet | education | county | state | school', 'care | veteran | health | work | support | medicaid | community | cut | discuss | need', 'right | woman | fight | act | protect | vote | today | john | honor | voting', 'federal | government | musk | fire | doge | act | elon | agency | service | help', 'president | america | american | border | joe | biden | trump | donald | make | energy', 'city | mayor | sanctuary | kamala | nuclear | exchange | and | commission | election | judge', 'fraud | waste | advancement | abuse | columbia | congressional | debt | art | apply | time', 'donald | trump | president | address | congress | joint | tonight | house | ukraine | vladimir', 'donald | trump | cut | tax | cost | security | social | family | tariff | americans', 'family | pass | congressman | friend | love | green | texas | life | united | time']"
2025-03-04,2025-03-11,10417,0.5224206888725126,-0.006334393168238026,-5.317410988960422,0.9733333333333334,0.508489470502579,"['community | honor | today | family | life | one | time | year | law | keep', 'great | work | worker | student | discuss | labor | thank | meet | school | week', 'woman | right | act | fight | vote | house | protect | day | every | bill', 'federal | veteran | care | cut | health | government | funding | work | need | service', 'president | donald | trump | american | america | border | biden | joe | make | address', 'hamas | mahmoud | iran | nuclear | censure | behavior | khalil | syria | loss | hostage', 'government | waste | federal | e | doge | fraud | f | abuse | article | news', 'donald | trump | town | hall | vladimir | ukraine | join | march | pm | live', 'donald | trump | security | social | tax | cut | cost | americans | tariff | family', 'john | lewis | confirm | bloody | america | black | cabinet | rights | equality | loan']"
2025-03-07,2025-03-14,7823,0.5871118897629267,0.06603166876914127,-3.320928637319347,0.9555555555555555,0.5610180279956855,"['vladimir | ukraine | putin | russia | war | peace | emergency | fire | management | military', 'act | bill | bipartisan | care | funding | house | health | pass | week | protect', 'woman | fight | right | day | honor | today | work | year | continue | every', 'government | donald | trump | cut | musk | vote | republicans | democrats | people | house', 'biden | joe | border | president | america | trump | donald | illegal | energy | american', 'e | b | f | news | khalil | speech | mahmoud | article | free | arrest', 'office | student | service | federal | competition | art | house | help | congressional | district', 'town | donald | hall | trump | hear | grijalva | one | join | family | l', 'donald | trump | education | president | department | american | tariff | cost | family | economy', 'great | work | community | meet | discuss | thank | support | local | state | week']"
2025-03-10,2025-03-17,8106,0.5734735677200555,-0.012839669745437227,-5.965210085335606,0.9733333333333334,0.5581809392475208,"['community | great | thank | day | work | support | leader | meet | week | prayer', 'act | health | care | protect | need | access | legislation | bill | introduce | proud', 'nita | lowey | friend | woman | pass | family | committee | love | work | former', 'government | vote | donald | musk | trump | security | bill | cut | house | democrats', 'president | donald | trump | biden | joe | law | judge | illegal | gang | country', 'newsletter | heartbroken | tx | trip | several | hamas | congrats | pray | talk | fighter', 'federal | fire | veteran | service | office | agency | worker | help | public | employee', 'town | hall | join | house | march | dear | storm | damage | head | thank', 'donald | trump | president | administration | food | education | news | department | tariff | cut', 'congresswoman | research | develop | medical | birthday | childhood | anti | early | female | coach']"
2025-03-13,2025-03-20,7510,0.5595273898262711,0.05275363676289556,-3.269750891694616,0.9733333333333334,0.5446066594309039,"['vladimir | putin | ukraine | judge | russia | activist | war | united | states | gang', 'medicaid | cut | care | health | republicans | republican | vote | bill | democrats | government', 'family | work | honor | woman | community | love | serve | friend | one | make', 'act | federal | protect | law | need | agency | american | bill | work | support', 'day | happy | biden | joe | st | president | patrick | american | energy | border', 'please | morning | update | join | tune | weather | office | local | stay | tomorrow', 'service | competition | art | student | congressional | school | high | celebrate | year | visit', 'donald | trump | president | musk | security | social | town | people | hall | elon', 'farmer | food | national | donald | trump | agriculture | home | f | america | thank', 'great | community | thank | work | discuss | meet | county | state | support | local']"
2025-03-16,2025-03-23,7114,0.5991135020777981,0.06374083221192536,-3.2853873478558717,0.9644444444444444,0.5778116886705875,"['student | thank | welcome | home | leader | space | woman | great | meet | future', 'bill | house | act | introduce | vote | press | read | bipartisan | legislation | pass', 'day | great | honor | today | st | year | community | good | time | make', 'cut | security | medicaid | care | donald | social | musk | trump | health | fight', 'biden | joe | american | president | trump | america | donald | judge | united | law', 'water | marchmadness | energy | environmental | clean | protection | lead | postal | potential | air', 'community | work | help | local | county | service | federal | support | visit | congressional', 'town | hall | join | thank | week | last | hear | price | discuss | office', 'donald | trump | education | president | department | student | order | child | school | administration', 'work | farmer | business | thank | national | family | day | economy | woman | food']"
2025-03-19,2025-03-26,7308,0.5648974498260819,0.002389513620066258,-4.996556775299834,0.9622222222222223,0.5435568794993189,"['community | thank | great | safe | make | keep | work | promise | week | family', 'bill | vote | support | house | work | act | look | forward | discuss | student', 'woman | pay | work | equal | day | honor | today | man | equalpayday | act', 'care | health | cut | act | need | federal | community | medicaid | family | work', 'joe | biden | energy | border | american | illegal | america | criminal | potus | united', 'utm | nuclear | water | marchmadness | source | intelligence | speech | director | censorship | arkansa', 'art | congressional | competition | service | house | high | capitol | school | resolution | display', 'medal | town | hall | join | office | hear | live | house | question | food', 'donald | trump | security | president | social | education | administration | musk | department | cut', 'national | honor | service | chat | nation | fairness | farmer | military | group | duty']"
2025-03-22,2025-03-29,7821,0.5855615062430077,0.01655501903230285,-4.454985423367144,0.9577777777777777,0.5608377982016363,"['honor | great | community | day | thank | woman | today | nation | service | work', 'act | bill | support | care | work | need | health | ensure | protect | community', 'work | worker | pay | woman | federal | union | fight | right | equal | stand', 'security | national | hegseth | donald | trump | put | administration | plan | information | must', 'donald | trump | president | biden | joe | american | illegal | law | america | administration', 'air | love | pbs | traffic | nuclear | family | speech | subcommittee | bust | louisiana', 'office | student | congressional | art | competition | school | high | visit | house | service', 'hall | town | join | watch | hear | week | live | house | one | today', 'donald | trump | cut | security | social | musk | president | people | administration | make', 'technology | secret | measle | god | championship | state | armed | world | game | soldier']"
2025-03-25,2025-04-01,7905,0.5921476073956845,0.05965567505416776,-3.658496081524624,0.9733333333333334,0.5763570045317996,"['community | work | support | great | meet | keep | continue | thank | discuss | business', 'act | bill | vote | house | american | introduce | election | save | legislation | care', 'woman | right | work | fight | pay | day | stand | every | equal | proud', 'security | national | hegseth | administration | plan | donald | information | put | must | trump', 'joe | biden | president | law | america | american | border | illegal | energy | u', 'air | industry | collective | farm | car | farmer | traffic | fee | meet | grow', 'honor | service | day | today | nation | sacrifice | high | student | school | year', 'town | hall | join | hear | get | new | today | live | week | office', 'donald | trump | cut | president | security | social | make | administration | federal | musk', 'vietnam | war | eid | world | wish | celebrate | day | peace | serve | around']"
2025-03-28,2025-04-04,7830,0.5720622195979328,0.019525993481161456,-4.531336897595072,0.9666666666666666,0.5529934789446683,"['community | health | today | public | work | safe | continue | make | family | support', 'vote | act | bill | house | care | congress | pass | introduce | save | american', 'work | support | great | discuss | business | job | american | meet | act | need', 'federal | agency | service | emergency | national | disaster | security | news | investigation | funding', 'border | joe | biden | year | eid | vladimir | secure | new | president | illegal', 'injunction | red | liheap | energy | expense | la | utility | il | tape | door', 'service | office | honor | veteran | serve | th | day | april | school | congressional', 'donald | trump | tariff | president | american | family | tax | cost | price | make', 'donald | trump | security | cut | administration | musk | social | president | right | people', 'united | states | world | u | china | iran | foreign | ally | must | stand']"
2025-03-31,2025-04-07,7833,0.6126276694555213,0.07597343638297303,-3.051910365476874,0.9733333333333334,0.5962909316033741,"['great | community | work | support | meet | thank | discuss | continue | make | today', 'vote | act | bill | house | congress | introduce | pass | legislation | election | week', 'right | stand | fight | people | proud | floor | senate | join | senbooker | hour', 'health | federal | cut | care | agency | program | need | public | help | funding', 'border | joe | biden | president | illegal | law | secure | year | new | national', 'hall | town | tune | pm | game | join | hear | stay | host | news', 'service | school | today | honor | day | student | one | family | congressional | sacrifice', 'donald | trump | tariff | americans | security | president | family | cost | price | tax', 'job | american | america | president | cut | tax | trump | donald | trade | family', 'weather | storm | state | official | safe | due | severe | local | team | nato']"
2025-04-03,2025-04-10,7644,0.5839503668763621,0.04137768575716562,-3.8567056172182164,0.9622222222222222,0.5618900196832551,"['johnson | mike | community | family | farmer | food | child | friend | work | keep', 'act | bill | house | vote | senate | pass | introduce | bipartisan | legislation | protect', 'honor | today | support | work | family | nation | proud | woman | day | country', 'health | federal | agency | administration | public | community | funding | education | protect | need', 'american | president | energy | america | biden | joe | security | china | potus | judge', 'thank | discuss | work | great | town | hall | meet | county | join | community', 'congressional | service | art | student | capitol | school | th | high | year | house', 'donald | trump | security | social | musk | cut | people | elon | benefit | medicaid', 'donald | trump | tariff | tax | president | american | family | trade | cut | economy', 'israel | u | subcommittee | process | terrorist | rfk | storm | el | deport | ally']"
2025-04-06,2025-04-13,7808,0.5334670695402696,0.038962512154904,-4.595990879969253,0.96,0.5121283867586588,"['court | community | safe | law | jewish | supreme | deport | criminal | justice | hostage', 'vote | act | house | bill | pass | save | budget | american | republicans | election', 'work | community | great | thank | support | today | week | proud | family | student', 'federal | energy | american | need | work | tax | cut | act | make | must', 'passover | joe | biden | wish | chag | sameach | celebrate | china | united | security', 'judge | rogue | ruling | court | act | power | activist | nationwide | district | authority', 'art | service | april | competition | congressional | office | f | c | b | house', 'security | social | musk | cut | town | donald | trump | hall | elon | care', 'donald | trump | president | tariff | trade | family | american | business | economy | work', 'health | woman | drug | and | black | investigation | israel | cancer | must | disease']"
2025-04-09,2025-04-16,7864,0.6413999742672913,0.11757583802891873,-3.2394380137936465,0.9733333333333334,0.624295974953497,"['great | community | thank | support | work | week | meet | honor | discuss | county', 'vote | act | house | save | bill | american | pass | republicans | budget | election', 'tax | work | cut | american | act | family | america | congress | make | first', 'federal | service | revenue | internal | file | tax | day | need | agency | taxis', 'donald | trump | court | law | administration | must | biden | joe | president | abrego', 'passover | wish | celebrate | chag | sameach | happy | everyone | jewish | pesach | violence', 'school | student | service | veteran | art | congressional | day | competition | high | th', 'town | hall | join | pm | office | live | news | today | hear | april', 'donald | trump | security | social | tariff | president | make | cut | administration | benefit', 'health | black | and | taxday | research | exchange | drug | care | commission | treatment']"
2025-04-12,2025-04-19,6534,0.5687798877035392,0.07245175109554103,-3.91029766096163,0.9644444444444444,0.5485566028074134,"['member | illegal | gang | america | ms | victim | honor | immigrant | american | senator', 'student | act | county | support | bill | community | school | great | day | work', 'work | community | make | today | thank | great | job | help | support | see', 'tax | donald | trump | cut | tariff | family | service | business | americans | revenue', 'good | friday | wish | love | bless | hope | we | celebrate | sacrifice | may', 'alien | vladimir | ukraine | criminal | war | illegal | border | russia | shooting | putin', 'family | art | violence | community | competition | florida | state | gun | safe | congressional', 'donald | trump | security | medicaid | social | cut | fight | protect | people | care', 'donald | trump | president | administration | court | garcia | abrego | kilmar | law | order', 'biden | joe | black | border | health | woman | maternal | x | end | crisis']"
2025-04-15,2025-04-22,6547,0.5807753769151001,0.06765462365061833,-4.014195273089721,0.9666666666666666,0.5614161976845967,"['pete | jesus | resurrection | violence | family | we | gun | lord | victim | florida', 'community | work | support | act | thank | student | week | county | great | bill', 'work | service | help | start | make | support | new | c | great | child', 'business | donald | trump | tariff | small | cost | economy | price | family | job', 'happy | catholic | illegal | easter | member | gang | country | democrats | el | alien', 'pope | francis | world | peace | may | pass | rest | join | legacy | mourning', 'easter | wish | love | compassion | good | hope | day | one | family | bless', 'town | hall | today | god | faith | join | life | come | inspire | live', 'donald | trump | security | hegseth | administration | president | social | must | national | fire', 'cut | tax | medicaid | family | health | care | republicans | work | republican | fight']"
2025-04-18,2025-04-25,6291,0.5746935869859976,0.08860232531820296,-3.0573045934696017,0.9711111111111113,0.5580913278064022,"['violence | illegal | attack | victim | terrorist | democrats | year | criminal | alien | member', 'act | care | health | house | bill | legislation | federal | election | housing | bipartisan', 'work | community | great | family | support | thank | make | help | business | tax', 'donald | trump | president | tariff | get | business | administration | price | americans | biden', 'pope | family | may | francis | love | easter | world | happy | pass | peace', 'park | day | national | week | earth | generation | natural | home | today | visit', 'antisemitism | art | va | competition | office | congressional | year | student | school | house', 'million | honor | never | today | holocaust | stand | remember | armenian | day | life', 'donald | trump | protect | president | must | education | law | day | administration | right', 'cut | security | medicaid | social | make | fight | senior | america | republican | republicans']"
2025-04-21,2025-04-28,6319,0.5424523595862498,0.02107991207740615,-4.481996924137862,0.9711111111111113,0.5267815136426471,"['thank | hall | town | student | great | week | school | last | work | join', 'vote | bill | act | housing | house | congress | bipartisan | legislation | introduce | people', 'community | work | support | great | business | local | make | new | help | job', 'protect | care | health | cut | medicaid | fight | need | program | security | hegseth', 'day | border | armenian | today | joe | biden | honor | million | never | holocaust', 'd | i | ai | stay | county | thank | birthday | port | sacrifice | real', 'social | security | service | office | senior | benefit | art | help | district | community', 'pope | francis | life | join | world | love | honor | people | may | senbooker', 'donald | trump | president | administration | american | make | tariff | family | america | judge', 'violence | victim | attack | terrorist | newsletter | family | stand | india | kill | people']"
2025-04-24,2025-05-01,7579,0.544812615405867,0.015293893512660162,-4.498115946037116,0.96,0.5230201107896323,"['family | woman | child | support | service | thank | life | military | grateful | serve', 'student | school | high | service | proud | year | u | thank | congressional | house', 'work | great | community | support | new | today | business | make | meet | job', 'health | federal | cut | act | protect | security | care | medicaid | service | social', 'president | day | donald | trump | border | first | america | american | promise | illegal', 'drug | housing | release | press | affordable | house | congressman | deepfake | take | prescription', 'tune | f | c | e | d | i | b | pm | office | news', 'today | honor | day | never | vladimir | stand | million | life | remember | must', 'donald | trump | day | administration | people | tariff | american | president | americans | family', 'fentanyl | family | shrink | gdp | johnson | mike | attack | financial | terrorist | victim']"
2025-04-27,2025-05-04,8005,0.45568769078641924,-0.04812621080702086,-5.707008325148553,0.9577777777777777,0.4364475438421037,"['bbq | one | like | north | carolina | eastern | day | ever | antisemitism | uniform', 'work | community | support | act | proud | today | service | great | thank | protect', 'get | make | family | keep | time | team | safe | know | deserve | take', 'disgusting | tax | federal | agency | business | need | cut | small | government | town', 'donald | president | trump | day | america | american | first | border | make | promise', 'situation | unforgettable | news | middle | release | press | farm | marco | miss | ev', 'abroad | faa | journalism | watch | israel | must | jewish | day | home | violence', 'cut | program | child | family | budget | food | like | million | want | f', 'donald | trump | unconscionable | sandwich | administration | day | people | tariff | cut | republicans', 'free | freedom | threat | world | protect | home | fight | like | press | speech']"
2025-04-30,2025-05-07,7796,0.5276879584455425,0.03493674418451641,-4.022591847402689,0.9711111111111113,0.5124436396460047,"['year | congratulation | de | community | well | mayo | cinco | weekend | honor | team', 'act | bill | house | introduce | bipartisan | legislation | pass | protect | student | educator', 'work | thank | business | community | small | week | great | teacher | day | support', 'cut | health | care | tax | family | program | fight | funding | federal | work', 'america | president | biden | joe | border | american | illegal | energy | potus | make', 'air | iran | california | commission | water | exchange | traffic | airport | nuclear | and', 'security | social | medicaid | vote | benefit | veteran | senior | protect | va | home', 'congressional | year | art | competition | tune | join | capitol | hall | high | town', 'donald | trump | president | day | administration | tariff | american | first | economy | make', 'day | honor | nation | woman | today | month | national | may | freedom | community']"
2025-05-03,2025-05-10,7785,0.5271384482953478,0.059532443922667086,-3.8381353366967765,0.9622222222222222,0.5072243291375236,"['pope | thank | day | teacher | first | american | student | leo | xiv | world', 'health | care | medicaid | act | bill | house | protect | introduce | vote | party', 'business | small | work | community | great | week | meet | support | real | discuss', 'federal | agency | emergency | act | management | news | commission | house | disaster | secretary', 'america | president | american | gulf | illegal | law | trump | donald | biden | joe', 'air | traffic | safe | control | airport | safety | newark | infrastructure | healthy | controller', 'service | public | serve | honor | community | year | today | month | dr | help', 'donald | trump | right | administration | president | hall | law | must | congress | constitution', 'donald | trump | cut | family | tax | make | president | republicans | americans | administration', 'of | congressional | investigation | year | bureau | federal | art | competition | high | israel']"
2025-05-06,2025-05-13,8214,0.5212580105952146,-0.022938214808544816,-6.0552410998063335,0.9711111111111113,0.5061994458446862,"['health | mental | woman | catholic | chinese | community | god | communist | crisis | hear', 'act | bill | work | energy | ensure | house | introduce | support | bipartisan | need', 'day | thank | community | week | mother | every | honor | national | happy | police', 'cut | tax | medicaid | republicans | care | health | people | million | donald | americans', 'donald | trump | american | president | edan | america | home | hostage | potus | alexander', 'd | i | real | bringthemhomenow | need | wildfire | achieve | credit | tuesday | fire', 'office | public | finally | service | district | c | f | congressional | federal | news', 'donald | trump | pope | first | american | join | leo | world | xiv | new', 'business | donald | trump | small | tariff | price | economy | school | make | student', 'church | good | reunite | kansas | wish | agreement | discuss | producer | union | united']"
2025-05-09,2025-05-16,8413,0.5888691766007459,0.07475559304953612,-3.6119240345831853,0.9755555555555556,0.5744745967282833,"['school | student | education | high | chinese | sheriff | teacher | communist | u | wear', 'act | bill | house | ensure | public | need | support | introduce | pass | protect', 'work | great | community | support | meet | today | thank | service | office | across', 'cut | tax | republicans | medicaid | health | bill | care | million | people | family', 'illegal | border | joe | biden | american | president | must | new | waste | abuse', 'release | hostage | edan | home | alexander | hamas | air | work | traffic | finally', 'officer | law | police | week | enforcement | honor | national | community | day | keep', 'day | mother | happy | mom | love | family | every | today | thank | federal', 'donald | trump | president | administration | tariff | right | american | price | get | constitution', 'business | small | world | qatar | u | deal | news | east | peace | middle']"
2025-05-12,2025-05-19,8400,0.6416107825077173,0.10833272617948272,-2.893945870666458,0.9511111111111111,0.6102431442517845,"['start | head | fight | committee | bill | family | get | child | go | snap', 'cut | medicaid | republicans | care | health | tax | million | people | republican | americans', 'work | new | energy | american | act | get | need | great | state | support', 'work | federal | help | community | need | program | health | support | access | child', 'joe | biden | president | family | cancer | pray | strength | recovery | wish | prayer', 'release | home | hostage | must | edan | iran | hamas | waste | american | traffic', 'week | community | police | honor | law | officer | day | national | thank | enforcement', 'donald | trump | president | administration | american | must | congress | right | border | say', 'donald | trump | bill | tax | big | beautiful | american | president | business | one', 'armed | force | united | middle | world | east | u | states | class | high']"
2025-05-15,2025-05-22,8548,0.5840079129512049,0.040004366450222,-4.107989413742821,0.9622222222222222,0.5619453917952705,"['act | school | victim | news | woman | record | ugly | take | incredible | non', 'republicans | cut | bill | medicaid | republican | care | health | million | budget | people', 'bill | tax | big | beautiful | one | american | donald | trump | get | family', 'work | support | discuss | federal | community | help | great | need | today | meet', 'biden | joe | family | president | gerry | connolly | cancer | time | love | friend', 'congress | border | oversight | house | release | mciver | member | rep | ice | press', 'honor | serve | day | thank | service | week | community | officer | law | today', 'donald | trump | president | vladimir | administration | one | foreign | force | accept | air', 'donald | trump | administration | law | right | must | court | stand | president | america', 'ai | il | gaza | hostage | hold | israel | terrible | discrimination | must | accountable']"
2025-05-18,2025-05-25,8485,0.603865469934792,0.07287334573304391,-3.3902592594603425,0.9644444444444445,0.5823946976704438,"['school | child | student | year | family | education | today | community | support | teacher', 'bill | cut | republicans | care | medicaid | health | house | republican | tax | budget', 'work | thank | day | service | honor | great | proud | support | today | week', 'federal | israeli | agency | emergency | court | administration | museum | protection | disaster | trump', 'biden | joe | family | president | love | thought | prayer | pray | friend | gerry', 'illegal | nuclear | border | new | waste | immigrant | law | end | fund | abuse', 'jewish | violence | two | must | antisemitism | place | victim | embassy | act | last', 'donald | trump | join | news | gun | town | live | hall | foreign | f', 'donald | trump | bill | big | beautiful | tax | one | president | american | energy', 'donald | stand | trump | united | congress | administration | member | states | oversight | south']"
2025-05-21,2025-05-28,7149,0.5999439744124493,0.05858912299946546,-4.426894548765663,0.971111111111111,0.5826122595960896,"['vladimir | putin | donald | trump | ukraine | russia | say | harvard | student | take', 'bill | cut | republicans | care | medicaid | republican | house | tax | people | million', 'work | great | thank | community | help | office | week | support | local | today', 'federal | need | health | act | agency | protect | support | ensure | donald | trump', 'family | friend | congressman | biden | joe | pass | rangel | one | gerry | connolly', 'illegal | border | abuse | condemn | fraud | alien | immigrant | waste | shoot | criminal', 'jewish | family | two | violence | must | antisemitism | act | israeli | murder | last', 'day | honor | memorial | sacrifice | service | freedom | remember | today | make | country', 'donald | trump | bill | president | big | tax | beautiful | one | american | america', 'hero | embassy | hate | tribute | george | war | year | owe | horrific | academy']"
2025-05-24,2025-05-31,5511,0.6136717763647496,0.04965928322080749,-5.0854336597718754,0.9800000000000001,0.6013983408374546,"['community | great | work | thank | join | today | student | meet | proud | school', 'bill | cut | tax | care | big | house | health | people | medicaid | one', 'day | honor | memorial | sacrifice | service | freedom | make | today | remember | country', 'federal | help | need | support | business | work | agency | health | small | office', 'border | joe | biden | illegal | u | law | ice | american | criminal | alien', 'doge | elon | musk | waste | fraud | abuse | government | congress | thank | codify', 'hurricane | university | speech | season | countymeeting | florida | jewish | coast | board | scott', 'donald | trump | vladimir | year | justice | law | act | must | president | russia', 'donald | trump | president | tariff | make | court | america | job | administration | energy', 'rangel | congressman | newsletter | caucus | kirk | charles | maryland | championship | fiscal | chaotic']"
2025-05-27,2025-06-03,5909,0.6195097933281193,0.06098575230786283,-3.9635939158294904,0.9733333333333333,0.6029895321727027,"['community | honor | month | day | pride | service | fight | thank | celebrate | proud', 'bill | cut | care | health | tax | medicaid | house | republican | republicans | people', 'office | great | join | help | work | visit | week | new | today | town', 'work | support | community | federal | help | business | need | health | program | local', 'border | biden | joe | illegal | american | law | security | u | national | alien', 'doge | elon | musk | waste | government | fraud | abuse | congress | work | cut', 'attack | must | jewish | victim | violence | antisemitism | hate | antisemitic | colorado | community', 'boulder | vladimir | condemn | russia | ukraine | putin | thought | war | gun | co', 'donald | trump | president | make | family | tariff | tax | administration | bill | big', 'equality | u | world | steel | mike | johnson | state | peaceful | united | farm']"
2025-05-30,2025-06-06,7101,0.5599319219473178,0.05322516721785568,-4.198498068458044,0.9888888888888889,0.5537104561479032,"['ban | chinese | communist | party | national | travel | gun | united | states | violence', 'bill | tax | big | cut | care | health | republicans | million | beautiful | americans', 'community | work | great | month | honor | fight | service | day | proud | thank', 'federal | act | need | government | house | support | congress | cut | american | get', 'biden | joe | illegal | border | law | immigrant | ice | secure | immigration | american', 'watch | join | school | summer | high | youtube | tune | pm | utm | v', 'attack | must | boulder | antisemitism | victim | jewish | hate | community | violence | antisemitic', 'donald | trump | president | administration | make | tariff | people | want | vladimir | musk', 'job | student | state | good | energy | program | corps | new | home | education', 'u | watch | subcommittee | ai | aid | defense | look | technology | drone | gaza']"
2025-06-02,2025-06-09,7857,0.6394985578154132,0.09921078238086367,-3.346215692989611,0.9777777777777779,0.6252874787528485,"['day | today | honor | freedom | year | gun | fight | violence | life | ago', 'health | care | bill | million | act | house | medicaid | republican | people | support', 'community | great | work | help | sacrifice | beach | thank | week | support | proud', 'federal | ai | agency | emergency | protect | season | bless | water | government | market', 'law | illegal | biden | joe | ice | u | american | border | national | security', 'waste | taxpayer | government | house | congress | housing | doge | fraud | abuse | package', 'attack | must | boulder | community | stand | jewish | violence | hate | antisemitism | act', 'donald | trump | president | administration | court | ban | right | guard | vladimir | travel', 'bill | donald | trump | big | cut | tax | beautiful | one | job | get', 'normandy | history | storm | world | day | ally | europe | troop | dday | course']"
2025-06-05,2025-06-12,8145,0.49578480334736924,0.03362089420812766,-4.3301039265986265,0.9822222222222223,0.4869708512878605,"['gun | violence | year | life | art | school | congratulation | competition | party | communist', 'bill | big | cut | health | care | beautiful | tax | people | pass | one', 'community | work | support | great | today | service | proud | thank | make | help', 'federal | la | act | american | of | bureau | investigation | burn | hold | law', 'biden | joe | united | protest | daca | states | american | homeishere | country | must', 'game | tune | tonight | get | park | host | play | field | pm | congressional', 'baseball | watch | vote | congressional | congress | c | learn | pbs | election | office', 'want | donald | trump | riot | chief | family | thing | know | ask | parade', 'donald | trump | president | law | right | administration | people | national | ice | illegal', 'day | today | honor | year | freedom | ally | fight | sacrifice | beach | normandy']"
2025-06-08,2025-06-15,8911,0.6011594582520866,0.06841943926736559,-3.531386620905373,0.9844444444444445,0.5918080889014986,"['family | victim | violence | community | lawmaker | shooting | together | today | life | work', 'bill | cut | house | big | care | tax | million | republicans | health | vote', 'birthday | happy | army | today | year | nation | honor | th | day | thank', 'violence | political | hoffman | hortman | state | family | senator | john | melissa | pray', 'biden | joe | illegal | alien | new | state | continental | sanctuary | policy | china', 'iran | nuclear | husband | work | support | need | act | security | make | border', 'congressional | capitol | c | team | office | stripe | see | student | visit | county', 'energy | agency | fire | padilla | committee | job | business | say | need | good', 'donald | trump | minnesota | president | law | administration | people | right | enforcement | stand', 'israel | flag | united | stand | states | world | american | prayer | symbol | america']"
2025-06-11,2025-06-18,8690,0.6230116883122597,0.0734105892760096,-3.40644892212213,0.9777777777777779,0.6091669841275429,"['violence | family | senator | minnesota | must | stand | place | one | state | hortman', 'bill | health | cut | care | hospital | republicans | family | medicaid | million | republican', 'act | american | pass | dollar | house | government | taxpayer | congress | billion | vote', 'federal | community | act | help | need | support | work | discuss | join | bipartisan', 'iran | israel | nuclear | united | must | war | weapon | states | america | stand', 'release | press | read | medium | house | travel | information | conference | utm | news', 'day | father | happy | great | thank | honor | today | service | year | th', 'hall | town | job | thank | watch | join | hear | pm | please | military', 'donald | trump | president | bill | one | big | beautiful | american | tax | administration', 'political | law | enforcement | x | game | officer | horrify | police | carry | monitor']"
2025-06-14,2025-06-21,6980,0.6042504242319048,0.05976248579075203,-3.5126287987295015,0.9711111111111113,0.5867943008652055,"['black | refugee | release | county | risk | community | congressman | press | last | house', 'care | health | hospital | cut | medicaid | act | need | bill | work | million', 'thank | service | great | year | work | th | community | serve | honor | job', 'day | juneteenth | today | freedom | father | celebrate | happy | fight | honor | flag', 'land | court | child | decision | supreme | right | china | foreign | adult | public', 'update | reach | u | state | facility | step | ice | stay | help | ai', 'violence | political | family | minnesota | must | state | law | place | john | enforcement', 'donald | trump | president | administration | right | people | make | say | town | hall', 'bill | big | one | tax | beautiful | family | donald | cut | trump | american', 'iran | war | israel | nuclear | must | u | weapon | world | east | president']"
2025-06-17,2025-06-24,6430,0.5371826057235063,-0.010662500288156948,-5.075688914823518,0.9800000000000001,0.5264389536090363,"['resilience | majority | reflect | loss | approve | love | may | ai | walk | survivor', 'care | bill | health | cut | republicans | medicaid | would | senate | people | million', 'community | today | work | juneteenth | honor | great | year | fight | celebrate | day', 'ice | slavery | emancipation | bank | federal | monitor | la | reserve | block | galveston', 'biden | joe | law | donald | court | illegal | trump | american | country | right', 'border | secure | release | press | house | safe | state | keep | read | step', 'congress | congressional | office | stay | land | need | help | service | heat | public', 'donald | trump | hear | live | join | hall | qatar | town | administration | safe', 'bill | big | one | beautiful | tax | job | business | energy | family | america', 'iran | donald | trump | president | nuclear | peace | war | american | world | strength']"
2025-06-20,2025-06-27,7882,0.5814683769611555,0.0542676196284461,-2.9609081708941387,0.9555555555555555,0.555625337985104,"['bill | big | tax | one | beautiful | cut | family | donald | trump | republicans', 'care | health | right | year | woman | court | decision | fight | plan | life', 'work | community | today | supreme | support | great | proud | continue | year | state', 'federal | public | help | land | need | agency | ai | hear | today | act', 'biden | joe | border | illegal | donald | trump | country | ice | law | democrats', 'press | release | watch | update | read | commission | water | full | golden | house', 'veteran | house | security | military | vote | va | congress | bill | benefit | social', 'honor | school | service | thank | join | house | capitol | th | news | student', 'energy | job | new | donald | trump | green | economy | b | american | act', 'donald | iran | trump | president | nuclear | war | peace | world | military | strike']"
2025-06-23,2025-06-30,8530,0.5850504816534216,0.052406715337760604,-3.240160840493542,0.9511111111111111,0.5564480136614766,"['court | right | supreme | today | year | fight | decision | woman | life | law', 'bill | care | republicans | health | medicaid | million | republican | cut | people | billionaire', 'work | great | community | thank | family | support | honor | meet | proud | today', 'school | high | elementary | student | farm | community | support | parent | federal | florida', 'donald | trump | biden | joe | security | illegal | american | country | people | border', 'join | town | hall | tune | house | watch | discuss | e | full | finish', 'public | land | federal | house | veteran | service | help | senate | need | government', 'news | donald | trump | johnson | mike | special | balance | judge | st | list', 'bill | big | tax | beautiful | one | family | donald | trump | american | work', 'donald | trump | iran | president | war | congress | peace | nuclear | strike | military']"
2025-06-26,2025-07-03,9039,0.609515377849282,0.07019449505055796,-2.959989230633162,0.9511111111111111,0.5797168482655394,"['child | hungry | parent | family | kid | poor | school | community | death | die', 'bill | republicans | care | health | vote | cut | medicaid | people | million | big', 'right | court | today | supreme | fight | decision | rule | law | year | woman', 'federal | community | school | work | help | support | discuss | state | office | great', 'donald | trump | ice | biden | joe | administration | law | immigration | illegal | president', 'border | illegal | secure | medicaid | waste | fraud | work | abuse | protect | taxpayer', 'honor | public | year | family | service | can | one | serve | congress | not', 'donald | north | texas | trump | nursing | virginia | solar | firefighter | south | new', 'bill | big | beautiful | one | tax | donald | trump | american | president | family', 'iran | nuclear | peace | war | united | world | president | military | defense | states']"
2025-06-29,2025-07-06,8804,0.5745161906774399,0.025097820093562033,-4.507358223406184,0.96,0.5515355430503422,"['bill | care | republicans | health | million | people | donald | cut | americans | trump', 'bill | vote | house | republicans | republican | big | medicaid | people | senate | fight', 'work | community | support | thank | liberty | help | flood | local | right | federal', 'pray | student | child | school | medicaid | work | federal | requirement | public | program', 'illegal | ice | immigrant | u | joe | biden | ukraine | vladimir | new | citizen', 'border | secure | military | abuse | waste | security | fraud | law | release | strengthen', 'day | independence | happy | july | celebrate | th | today | freedom | america | nation', 'texas | family | first | donald | responder | trump | community | join | love | one', 'bill | big | beautiful | one | tax | donald | trump | president | american | family', 'god | bless | tx | earth | r | birth | h | tragedy | newsletter | saving']"
2025-07-02,2025-07-09,7413,0.5978861050642654,0.03125940651758359,-4.257878108304739,0.9466666666666667,0.5659988461275046,"['united | party | weather | earth | agriculture | case | violence | get | say | nuclear', 'bill | republicans | care | people | health | donald | cut | trump | vote | big', 'federal | new | agency | year | central | mike | johnson | help | utm | right', 'work | community | support | security | federal | need | help | protect | state | join', 'day | july | independence | happy | th | america | nation | celebrate | freedom | today', 'bill | big | one | beautiful | house | pass | get | america | american | vote', 'law | ice | agent | enforcement | officer | community | immigration | illegal | office | need', 'texas | family | first | flood | life | responder | pray | continue | community | one', 'bill | donald | tax | trump | big | beautiful | one | president | american | family', 'school | administration | education | hill | decision | student | fund | funding | violence | legal']"
2025-07-05,2025-07-12,6069,0.5221658892433352,-0.01833519121169085,-4.921812974519752,0.9666666666666666,0.5047603596018906,"['texas | family | community | continue | work | life | support | thank | flood | first', 'health | care | bill | act | defense | system | republicans | need | cost | cut', 'community | work | year | office | help | visit | honor | see | celebrate | week', 'ice | need | federal | democrats | education | officer | community | law | demand | school', 'national | america | foreign | biden | joe | american | u | world | united | good', 'director | basis | uplift | shape | productive | loud | adelanto | stay | traffic | inform', 'citizen | u | family | detain | cbp | hold | child | legal | law | reform', 'donald | trump | administration | president | state | know | department | today | every | fight', 'bill | big | one | donald | trump | beautiful | tax | cut | american | family', 'employee | servant | veterans | people | serve | scotus | normal | stop | allow | firing']"
2025-07-08,2025-07-15,6393,0.5508627092792964,0.04798792640438975,-3.2388747472506543,0.968888888888889,0.5337247583239405,"['community | work | thank | support | county | family | great | local | honor | see', 'care | health | cut | bill | medicaid | act | access | republicans | family | pass', 'office | help | team | federal | need | new | service | state | constituent | proud', 'federal | agency | education | ice | school | emergency | public | law | must | violence', 'national | joe | biden | security | defense | american | america | u | act | military', 'secure | illegal | border | program | alien | strengthen | taxpayer | cash | work | waste', 'e | c | b | bank | article | utm | f | news | newsletter | florida', 'donald | trump | president | year | fight | vladimir | day | america | administration | join', 'bill | big | tax | one | beautiful | donald | trump | family | american | energy', 'right | today | stand | united | fight | apply | day | office | student | hold']"
2025-07-11,2025-07-18,7558,0.5952087076902738,0.07184840547239822,-3.334258394959464,0.9533333333333334,0.5674323013313943,"['act | digital | today | support | crypto | state | america | great | pass | house', 'vote | cut | republicans | care | health | public | bill | epstein | house | release', 'work | help | community | new | local | state | office | support | proud | team', 'national | act | defense | authorization | military | federal | security | support | fy | committee', 'biden | joe | border | ice | illegal | law | u | must | immigration | criminal', 'bill | big | beautiful | one | tax | family | deliver | win | american | work', 'law | act | fentanyl | sign | halt | federal | drug | fraud | step | enforcement', 'donald | trump | president | fight | year | life | today | one | day | ago', 'donald | trump | president | make | administration | family | american | cost | work | education', 'lifeline | pm | israel | town | hall | july | mental | crisis | service | ireland']"
2025-07-14,2025-07-21,8020,0.4871234067271262,0.0002828200530863856,-3.7306454722969065,0.971111111111111,0.47305095275500914,"['year | today | family | great | violence | life | commit | gun | future | must', 'act | bill | house | care | health | tps | law | protect | vote | legislation', 'million | foster | right | dollar | fight | tax | live | court | win | facility', 'include | defense | national | appropriation | bill | amendment | house | america | u | pass', 'ice | trump | donald | country | immigrant | safety | agent | border | federal | month', 'leave | housing | epstein | release | nothing | americans | safe | keep | file | bill', 'cut | public | republicans | fund | funding | program | federal | vote | billion | news', 'donald | trump | president | work | get | vladimir | american | congress | time | say', 'donald | trump | price | inflation | june | make | gas | american | cost | big', 'business | refund | service | matter | small | focus | wait | name | due | issue']"
2025-07-17,2025-07-24,7578,0.5245773266930615,-0.009653964153672609,-4.387579469952348,0.9533333333333334,0.5000970514473853,"['insurance | flood | woman | health | hoax | act | year | texas | premium | man', 'house | act | bill | release | epstein | file | legislation | pass | vote | protect', 'work | fight | help | every | honor | student | service | year | today | make', 'law | act | must | federal | ice | illegal | need | criminal | enforcement | safe', 'president | biden | joe | american | russia | energy | trump | donald | vladimir | u', 'county | japan | read | fightingfifth | delegation | infrastructure | b | la | bit | flight', 'cut | republicans | health | donald | trump | public | care | fund | million | vote', 'news | help | community | live | agency | today | life | one | utm | need', 'donald | trump | bill | big | president | one | family | beautiful | cost | make', 'great | community | discuss | thank | work | meet | join | office | state | support']"
2025-07-20,2025-07-27,6821,0.563821982728504,0.0266485333521727,-4.851790529705761,0.9822222222222223,0.5537984808133307,"['vladimir | ai | iowa | cowboy | war | putin | faith | edge | gun | message', 'act | bill | house | care | introduce | legislation | pass | health | protect | bipartisan', 'work | community | great | today | service | thank | year | make | proud | support', 'federal | agency | emergency | water | law | management | postal | safe | community | officer', 'border | biden | joe | law | illegal | ice | ada | criminal | president | right', 'sport | woman | rescission | waste | win | educator | college | omb | package | fraud', 'school | fund | education | funding | release | student | public | federal | program | help', 'donald | trump | town | right | we | hall | know | join | get | live', 'donald | trump | big | bill | republicans | cut | tax | president | family | american', 'gaza | must | aid | israel | humanitarian | food | end | hamas | crisis | child']"
2025-07-23,2025-07-30,6638,0.553333017236822,0.03966123319152979,-4.13683220162118,0.9800000000000001,0.5422663568920857,"['discuss | next | great | generation | china | chinese | meet | make | director | community', 'care | health | bill | act | cut | medicaid | americans | access | pass | housing', 'community | work | support | help | service | great | thank | proud | today | make', 'federal | act | national | agency | ai | nasa | cancer | emergency | flood | wage', 'illegal | joe | biden | ice | law | border | criminal | alien | medium | bove', 'release | epstein | file | press | house | read | republicans | letter | transparency | congress', 'family | c | officer | violence | hamas | new | f | one | office | town', 'donald | trump | administration | president | people | get | protection | climate | environmental | school', 'big | bill | tax | donald | trump | american | one | family | beautiful | energy', 'gaza | aid | food | must | humanitarian | war | united | israel | end | states']"
2025-07-26,2025-08-02,6648,0.5608041204343334,0.029062317074314913,-4.0664244237893925,0.9822222222222223,0.5508342694043897,"['nasa | colorado | vladimir | space | know | launch | mission | birthday | happy | putin', 'bill | care | medicaid | cut | health | americans | republicans | million | act | fight', 'work | community | great | thank | support | help | service | join | office | local', 'health | agency | administration | protection | funding | plan | news | federal | fight | air', 'law | joe | biden | illegal | border | new | officer | family | criminal | safe', 'intern | school | release | student | press | education | oversight | sale | ice | teacher', 'public | broadcasting | freedom | service | country | veteran | war | honor | dollar | state', 'donald | trump | president | people | report | fire | get | administration | say | security', 'donald | job | trump | economy | business | american | tariff | president | one | america', 'gaza | aid | must | israel | food | humanitarian | hamas | war | child | u']"
2025-07-29,2025-08-05,6509,0.5941024231609185,0.08532953271160724,-3.410893771938418,0.9622222222222222,0.5716585538415061,"['farmer | bill | vladimir | market | win | big | beautiful | farm | agriculture | support', 'care | health | bill | medicaid | cut | fight | million | act | americans | access', 'work | community | great | support | thank | make | join | local | help | proud', 'federal | agency | administration | public | donald | protection | trump | emergency | climate | health', 'law | illegal | ice | biden | joe | enforcement | border | officer | family | community', 'air | stay | update | water | newsletter | quality | infrastructure | wildfire | forest | subscribe', 'birthday | coast | happy | guard | th | thank | service | uscg | protect | u', 'donald | trump | people | administration | say | go | president | security | right | want', 'donald | trump | president | job | american | business | one | bill | economy | big', 'gaza | hamas | aid | israel | must | hostage | humanitarian | u | war | nasa']"
2025-08-01,2025-08-08,5881,0.5594224701711721,0.020371938758524683,-3.7806857645348577,0.968888888888889,0.5420182155436246,"['community | night | enforcement | law | local | join | national | safe | fort | great', 'right | act | care | fight | health | vote | veteran | voting | protect | year', 'honor | thank | service | day | today | work | heart | nation | community | sacrifice', 'agency | federal | china | protection | health | utm | research | lead | defense | ai', 'illegal | law | ice | biden | joe | border | criminal | state | america | american', 'town | hall | one | join | release | house | bill | beautiful | air | issue', 'help | federal | school | office | need | student | community | back | public | service', 'donald | trump | administration | wound | president | fire | people | report | we | job', 'donald | trump | bill | big | business | family | job | make | tax | president', 'gaza | house | aid | must | u | israel | benjamin | nuclear | intern | humanitarian']"
2025-08-04,2025-08-11,5614,0.5949116214213525,0.03269803014910699,-3.9777474722280615,0.9622222222222222,0.5724371823898792,"['community | thank | work | heart | great | join | local | family | county | keep', 'care | right | act | fight | health | veteran | donald | trump | vote | va', 'help | work | visit | office | service | need | proud | local | federal | new', 'federal | school | funding | bill | act | student | need | one | help | protect', 'illegal | ice | u | biden | joe | law | criminal | citizen | border | alien', 'hamas | hostage | north | west | release | wildfire | update | air | firefighter | press', 'honor | service | today | nation | day | purple | sacrifice | thank | woman | man', 'donald | trump | president | must | vladimir | people | war | peace | administration | end', 'donald | trump | bill | big | family | one | business | american | job | tax', 'e | ag | world | ohio | state | b | kansas | c | command | finish']"
2025-08-07,2025-08-14,5580,0.5480746273470402,0.05649131395148412,-3.4822386468482605,0.9644444444444444,0.528587529485812,"['school | community | year | student | thank | day | work | safe | back | make', 'care | health | veteran | act | fight | protect | va | cut | donald | congress', 'great | work | help | business | visit | community | make | proud | see | one', 'federal | help | agency | need | town | funding | hall | emergency | join | we', 'border | illegal | biden | joe | ice | secure | alien | president | potus | citizen', 'community | vladimir | work | local | keep | putin | county | project | ukraine | support', 'nation | honor | heart | day | capital | service | law | woman | today | purple', 'donald | trump | release | epstein | file | national | police | attack | try | news', 'donald | trump | president | bill | big | tax | make | american | family | americans', 'iowa | must | united | gaza | war | israel | states | ag | hamas | peace']"
2025-08-10,2025-08-17,5504,0.5650731072516885,0.06573999515175445,-3.0616382605424306,0.9377777777777778,0.5299130028004723,"['vladimir | putin | ukraine | hall | town | community | war | peace | meeting | join', 'security | social | protect | benefit | care | year | senior | fight | health | act', 'community | work | great | help | support | need | thank | new | local | see', 'federal | agency | protection | worker | protect | water | trump | donald | community | right', 'ice | border | joe | biden | american | illegal | president | energy | foreign | secure', 'county | visit | facility | tour | community | local | congressman | farm | park | work', 'donald | dc | crime | law | trump | president | c | safe | capital | police', 'donald | trump | president | tariff | price | get | cost | news | low | american', 'bill | big | tax | family | donald | one | beautiful | trump | make | cut', 'world | peace | war | day | year | military | u | honor | end | student']"
2025-08-13,2025-08-20,5466,0.4683033646781169,-0.009602483221597801,-5.310659623803238,0.9822222222222223,0.45997797152828374,"['iowa | safe | family | community | stay | life | hurricane | carolina | child | still', 'care | health | vote | mail | act | bill | medicaid | va | right | veteran', 'community | work | great | help | support | thank | local | county | day | today', 'federal | act | agency | emergency | protect | protection | administration | hold | disaster | ice', 'illegal | joe | biden | border | crime | criminal | alien | dc | c | american', 'release | epstein | file | press | house | read | hamadeh | congressman | nj | newsletter', 'law | voting | must | state | safe | enforcement | office | nation | texas | home', 'donald | trump | security | president | social | vladimir | protect | year | peace | fight', 'bill | big | donald | trump | family | tax | one | beautiful | cost | make', 'hall | town | drug | question | pm | join | cancer | watch | humanitarian | visa']"
2025-08-16,2025-08-23,5426,0.5106299841207591,-0.044681208600778635,-6.216326771758224,0.9777777777777776,0.49928265114029774,"['family | community | honor | thank | dr | service | love | dobson | friend | we', 'care | health | school | student | service | act | year | bill | academy | hospital', 'work | community | great | support | help | make | local | proud | thank | today', 'federal | agency | town | hall | join | community | help | office | public | emergency', 'law | biden | joe | illegal | crime | ice | safe | border | enforcement | c', 'gun | az | pickettfire | housegop | cool | commerce | mt | reconciliation | nebraska | heat', 'e | f | b | stay | state | hurricane | rep | must | article | house', 'donald | trump | president | vladimir | people | putin | administration | american | vote | stand', 'bill | big | family | cost | one | tax | donald | beautiful | trump | cut', 'fentanyl | drug | newsletter | uas | solar | director | halt | crash | cartel | usda']"
2025-08-19,2025-08-26,5339,0.5049589455268656,0.02707569732170728,-3.6251512392438556,0.9488888888888889,0.47914993275549245,"['year | family | honor | community | school | freedom | student | friend | happy | man', 'care | health | access | bill | senior | act | cut | congress | social | community', 'work | community | great | help | support | make | local | need | new | thank', 'federal | agency | public | emergency | hall | town | management | house | community | protect', 'joe | biden | park | national | e | fire | protect | year | rd | west', 'big | bill | beautiful | one | business | small | farmer | farm | win | deliver', 'service | veteran | academy | va | law | house | office | stay | safe | enforcement', 'donald | trump | president | law | people | make | crime | america | american | administration', 'donald | trump | family | cost | energy | tax | bill | cut | big | make', 'fentanyl | national | u | air | drug | day | military | south | united | america']"
2025-08-22,2025-08-29,5429,0.5488759593696335,0.02945131424823764,-5.221467099441062,0.9866666666666667,0.5415576132447051,"['school | family | child | minneapolis | violence | catholic | community | gun | annunciation | student', 'year | today | honor | service | woman | ago | right | day | fight | never', 'work | community | great | thank | support | county | new | local | help | see', 'health | federal | agency | need | emergency | public | help | housing | management | care', 'joe | biden | vladimir | national | ukraine | putin | illegal | news | american | u', 'corps | cpl | prayer | heartbroken | lance | affect | sgt | staff | w | evil', 'prevention | disease | control | and | for | centers | f | thought | doge | social', 'donald | trump | president | federal | americans | people | make | law | must | administration', 'bill | big | family | cut | energy | tax | care | donald | cost | one', 'cook | lisa | iran | nuclear | united | sanction | communist | chinese | fentanyl | drug']"
2025-08-25,2025-09-01,5472,0.6138269696959348,0.06746042695268484,-2.7462044028253234,0.9466666666666667,0.5810895313121516,"['community | school | great | thank | student | work | support | family | week | join', 'care | health | service | need | cut | act | access | office | help | veteran', 'day | honor | year | fight | right | woman | today | work | continue | make', 'federal | donald | trump | agency | and | emergency | control | disease | health | public', 'biden | joe | year | service | national | united | afghanistan | american | withdrawal | u', 'community | business | work | local | support | county | new | great | discuss | need', 'e | news | law | b | c | article | read | utm | enforcement | state', 'donald | trump | president | school | family | child | minneapolis | act | must | violence', 'donald | trump | bill | big | energy | tax | family | cost | price | cut', 'marine | gaza | cpl | lance | sacrifice | never | service | w | forget | staff']"
2025-08-28,2025-09-04,5434,0.5490976289670799,0.061081854568336744,-3.8008562575155507,0.9822222222222223,0.5393358933409985,"['school | student | community | year | family | kid | child | life | week | chinese', 'epstein | release | file | care | congress | house | deserve | bill | sign | act', 'work | community | today | honor | day | great | fight | thank | nation | new', 'health | federal | agency | control | disease | prevention | and | f | public | rfk', 'biden | joe | border | national | defense | space | command | security | u | act', 'united | china | nuclear | iran | wwii | must | ally | gaza | israel | sanction', 'office | service | help | need | one | academy | house | call | c | home', 'donald | trump | president | crime | law | people | administration | make | federal | americans', 'labor | worker | tax | day | family | work | bill | big | cut | american', 'hall | town | investigation | live | chamber | report | war | omaairport | complete | echo']"
2025-08-31,2025-09-07,5970,0.5530609941202631,0.0506721846600001,-3.8657208600737953,0.96,0.5309385543554526,"['school | student | community | year | thank | join | service | child | night | gun', 'epstein | house | release | file | congress | sign | deserve | bill | vote | survivor', 'work | day | community | worker | great | labor | today | make | fight | keep', 'health | care | federal | rfk | agency | jr | act | emergency | vaccine | must', 'joe | biden | national | security | u | defense | america | border | act | military', 'f | john | kennedy | chamber | fire | app | omaairport | echo | fl | live', 'year | today | service | one | honor | veteran | c | day | world | serve', 'donald | trump | president | crime | administration | law | make | safe | city | federal', 'donald | family | trump | job | tax | bill | energy | work | cut | cost', 'labor | day | happy | resolution | wish | america | weekend | worker | union | thank']"
2025-09-03,2025-09-10,6943,0.5793261663334504,0.030263189338087897,-4.457563948548764,0.9755555555555556,0.5651648600452994,"['family | child | life | every | community | today | protect | school | fight | stop', 'house | release | epstein | file | congress | bill | act | deserve | vote | pass', 'work | community | great | service | thank | today | support | join | year | state', 'care | health | act | housing | federal | need | access | bill | program | funding', 'biden | joe | national | defense | act | ice | america | security | illegal | border', 'charlotte | fightingfifth | hate | capability | elizabeth | expansion | mt | english | tsurkov | hezbollah', 'health | suicide | john | vaccine | rfk | jr | f | prevention | one | call', 'donald | trump | president | people | crime | democrats | administration | time | law | right', 'donald | trump | job | family | tax | work | cut | cost | economy | americans', 'israel | hamas | terrorist | war | united | hostage | peace | benjamin | states | must']"
2025-09-06,2025-09-13,7464,0.6198303916881385,0.08602804163675555,-2.9156203325885377,0.9644444444444444,0.5977919777614491,"['gun | school | vladimir | child | united | wife | god | go | putin | fear', 'service | federal | help | student | office | need | join | academy | house | school', 'work | great | thank | community | family | new | support | make | meet | honor', 'act | national | health | defense | bill | authorization | care | pass | house | support', 'assassination | senate | biden | joe | border | illegal | nominee | law | rule | u', 'kirk | charlie | family | pray | young | love | prayer | murder | join | please', 'one | day | call | help | suicide | we | know | need | love | life', 'violence | political | must | country | place | condemn | america | threat | can | one', 'donald | trump | president | republicans | family | people | make | get | work | tax', 'life | lose | honor | never | first | day | today | forget | responder | remember']"
2025-09-09,2025-09-16,7335,0.5980642673279855,0.07596066208809915,-3.344985792034902,0.9755555555555556,0.5834449185710792,"['school | can | not | student | violence | gun | child | high | must | community', 'health | care | work | family | support | cut | need | tax | access | program', 'community | honor | great | thank | celebrate | month | work | proud | nation | heritage', 'act | national | house | defense | bill | federal | support | help | authorization | security', 'vladimir | war | illegal | united | driver | border | putin | security | america | truck', 'farmer | chris | bureau | investigation | farm | of | producer | federal | thank | iowa', 'kirk | charlie | violence | political | family | pray | country | love | one | must', 'people | know | say | truth | we | go | right | epstein | get | see', 'donald | trump | president | hispanic | law | make | americans | job | get | administration', 'life | lose | never | first | day | honor | today | forget | remember | year']"
2025-09-12,2025-09-19,7298,0.5628174171617248,0.06965259196353965,-3.4669315343960276,0.9755555555555556,0.5490596580755494,"['air | force | birthday | happy | woman | thank | usairforce | united | states | year', 'bill | act | house | pass | rep | dc | support | ensure | release | service', 'community | work | great | today | support | thank | meet | make | discuss | national', 'care | health | act | republicans | need | cut | tax | family | million | government', 'biden | joe | illegal | child | border | one | another | alien | actor | arrest', 'town | join | hall | pm | question | driver | office | hour | tune | truck', 'law | safe | crime | officer | public | enforcement | community | school | f | vaccine', 'donald | trump | speech | political | free | violence | president | must | federal | right', 'donald | trump | family | energy | cost | pay | tariff | job | make | work', 'kirk | charlie | constitution | day | honor | we | life | defend | investigation | family']"
2025-09-15,2025-09-22,7832,0.6616316777838694,0.11778455140222274,-2.446176245297559,0.968888888888889,0.6410475811417047,"['miss | war | never | recognition | action | pow | mia | national | sacrifice | still', 'act | bill | house | pass | ensure | introduce | bipartisan | support | proud | dc', 'community | thank | work | great | today | happy | year | support | service | nation', 'care | health | government | republicans | vote | bill | cost | americans | million | keep', 'rep | vote | joe | biden | today | make | day | national | voter | hear', 'vaccine | f | commission | john | prevention | jimmy | rfk | jr | health | fire', 'law | officer | enforcement | community | must | police | state | safe | congress | safety', 'donald | trump | president | people | federal | free | political | administration | speech | say', 'donald | trump | family | business | tariff | work | cut | make | american | job', 'kirk | charlie | honor | constitution | freedom | day | today | violence | life | resolution']"
