start_date,end_date,num_docs,cv,npmi,umass,diversity,tq,topics
2024-09-26,2024-10-03,5653,0.7853965023697752,0.2452342763190468,-2.1018638831937153,0.9755555555555556,0.7661979212007363,"['joe | biden | kamala | harris | administration | admin | president | iran | policy | americans', 'israel | stand | iran | attack | pray | ally | defend | united | must | states', 'helene | hurricane | impact | storm | resource | help | florida | pray | please | local', 'rosh | hashanah | year | new | celebrate | wish | shana | tovah | jewish | may', 'jimmy | carter | birthday | president | happy | th | service | wish | thank | legacy', 'work | community | act | care | bill | support | pass | house | proud | access', 'family | gold | star | mother | honor | sacrifice | day | service | love | one', 'border | kamala | harris | czar | illegal | convict | criminal | crisis | open | policy', 'federal | agency | emergency | management | help | assistance | office | disaster | call | need', 'donald | trump | president | secret | project | vance | say | attempt | jd | would']"
2024-09-29,2024-10-06,5526,0.8109291002468073,0.26902045783803874,-1.9671298986348056,0.9866666666666667,0.8001167122435165,"['kamala | biden | joe | harris | administration | border | illegal | admin | policy | americans', 'rosh | hashanah | year | new | wish | celebrate | shana | tovah | may | jewish', 'israel | stand | iran | attack | pray | ally | defend | united | must | states', 'work | community | make | job | support | act | great | thank | keep | need', 'jimmy | carter | president | birthday | happy | th | service | wish | legacy | inspire', 'agency | emergency | management | federal | illegal | disaster | fund | assistance | apply | disasterassistance', 'family | gold | star | mother | sacrifice | honor | day | service | one | love', 'helene | hurricane | help | impact | resource | recovery | disaster | need | carolina | recover', 'cancer | breast | awareness | breastcancerawarenessmonth | month | survivor | detection | early | screening | woman', 'donald | trump | president | care | project | vance | jd | election | republicans | say']"
2024-10-02,2024-10-09,5576,0.8154794764470109,0.25856319310964226,-1.6459104285298882,0.9733333333333334,0.7937333570750906,"['hostage | hamas | one | innocent | year | people | terrorist | today | ago | still', 'kamala | biden | joe | harris | border | administration | illegal | admin | american | americans', 'rosh | hashanah | new | wish | celebrate | year | shana | tovah | may | happy', 'work | community | thank | great | day | help | make | job | support | today', 'agency | federal | management | emergency | illegal | disaster | fund | assistance | help | alien', 'statement | october | th | attack | anniversary | one | year | since | mark | hamas', 'hurricane | milton | helene | storm | florida | county | please | resource | update | evacuation', 'israel | stand | iran | defend | attack | ally | must | right | united | support', 'donald | trump | care | president | project | abortion | health | would | plan | act', 'cancer | awareness | breast | month | breastcancerawarenessmonth | survivor | let | early | detection | support']"
2024-10-05,2024-10-12,5518,0.7680877094048993,0.2490129859134838,-2.1922038313875403,0.9800000000000001,0.7527259552168014,"['israel | hostage | hamas | terrorist | attack | year | innocent | stand | people | one', 'kamala | joe | biden | harris | border | administration | admin | american | illegal | policy', 'milton | hurricane | florida | storm | stay | please | helene | update | evacuation | local', 'yom | kippur | wish | meaningful | fast | observe | mar | chatima | easy | tovah', 'community | work | help | great | new | service | support | business | county | join', 'agency | federal | emergency | management | disaster | assistance | helene | fund | help | need', 'statement | october | th | attack | anniversary | year | one | since | mark | israel', 'health | mental | worldmentalhealthday | care | crisis | call | help | text | love | access', 'daca | family | court | donald | care | child | dreamer | trump | childcareweekofaction | homeishere', 'teacher | day | thank | happy | world | educator | worldteachersday | today | every | student']"
2024-10-08,2024-10-15,5059,0.7763045331734866,0.2548077055095805,-2.0703472634182383,0.9755555555555556,0.757328200140357,"['work | community | great | make | thank | family | new | support | help | proud', 'yom | kippur | wish | meaningful | observe | fast | mar | chatima | easy | tovah', 'kamala | joe | biden | harris | border | administration | admin | americans | american | illegal', 'indigenous | people | culture | day | community | indigenouspeoplesday | contribution | native | honor | history', 'birthday | usnavy | happy | navy | thank | sea | th | year | serve | brave', 'milton | hurricane | florida | storm | stay | helene | pray | please | county | shelter', 'agency | federal | emergency | management | assistance | disaster | help | helene | need | apply', 'columbus | day | happy | italian | christopher | today | national | farmer | world | american', 'health | mental | worldmentalhealthday | care | crisis | call | one | love | text | help', 'daca | court | dreamer | th | israel | homeishere | circuit | must | live | one']"
2024-10-11,2024-10-18,4887,0.8065059507738797,0.2970252743560042,-1.9983299879087746,0.9911111111111112,0.799337008989223,"['kamala | joe | biden | harris | administration | border | americans | american | admin | illegal', 'yom | kippur | wish | meaningful | observe | fast | mar | chatima | easy | tovah', 'indigenous | people | day | culture | community | indigenouspeoplesday | contribution | honor | native | history', 'work | community | family | support | make | care | proud | great | act | health', 'israel | sinwar | hamas | yahya | terrorist | attack | leader | death | october | hostage', 'birthday | usnavy | happy | navy | thank | sea | th | year | serve | brave', 'medicare | enrollment | open | senior | december | plan | visit | start | cost | drug', 'federal | agency | emergency | management | hurricane | assistance | milton | helene | help | disaster', 'columbus | day | happy | today | italian | christopher | farmer | national | american | columbusday', 'app | student | congressional | challenge | academy | service | school | house | high | submit']"
2024-10-14,2024-10-21,4486,0.7588730168768494,0.24478644300591568,-2.453645763397776,0.9911111111111112,0.7521274789490552,"['kamala | biden | joe | harris | administration | border | americans | admin | american | crime', 'work | community | support | make | family | great | thank | new | help | business', 'medicare | enrollment | open | senior | december | plan | start | coverage | visit | drug', 'sinwar | israel | hamas | yahya | terrorist | death | attack | leader | hostage | october', 'indigenous | people | day | culture | community | indigenouspeoplesday | contribution | honor | native | history', 'columbus | happy | day | birthday | vp | wish | christopher | today | madam | italian', 'agency | federal | emergency | management | assistance | hurricane | help | helene | disaster | office', 'app | student | congressional | challenge | school | service | academy | submit | deadline | high', 'water | clean | protect | act | access | fight | nd | anniversary | right | ensure', 'donald | trump | border | president | vote | would | election | project | tax | say']"
2024-10-17,2024-10-24,4703,0.7810366013812297,0.24159489468501333,-2.1421968369217637,0.9822222222222223,0.7671515062455634,"['biden | joe | kamala | harris | administration | admin | americans | crime | american | policy', 'work | community | care | support | family | great | make | health | thank | business', 'sinwar | hamas | israel | yahya | terrorist | leader | death | attack | hostage | october', 'federal | agency | emergency | management | help | assistance | hurricane | office | disaster | helene', 'donald | trump | president | stopproject | project | would | report | vote | people | plan', 'app | challenge | student | congressional | submit | deadline | school | academy | house | high', 'hrc | scorecard | lgbtq | proud | receive | congressional | score | equality | right | perfect', 'border | kamala | illegal | harris | czar | open | crisis | southern | country | secure', 'water | clean | protect | act | access | nd | anniversary | law | today | fight', 'birthday | happy | vp | madam | wish | kamala | leadership | vice | president | harris']"
2024-10-20,2024-10-27,4747,0.7139884717245104,0.18953984196022006,-2.9474407322940928,0.9822222222222223,0.701295343338297,"['kamala | joe | biden | harris | administration | admin | americans | american | policy | control', 'work | help | community | federal | need | care | support | family | health | great', 'thank | join | honor | action | invite | sacrifice | deploy | service | brave | veteran', 'donald | trump | stopproject | project | president | want | would | security | republicans | people', 'hrc | scorecard | lgbtq | congressional | proud | receive | score | equality | perfect | right', 'crime | retail | fightretailcrimeday | organize | combat | business | fighter | act | nrfnew | support', 'border | kamala | illegal | czar | harris | southern | open | secure | crisis | security', 'happy | birthday | vp | madam | wish | kamala | leadership | day | vice | president', 'israel | stand | iran | united | america | ally | must | states | terrorist | defend', 'vote | election | day | app | early | today | academy | student | voting | challenge']"
2024-10-23,2024-10-30,4803,0.7270093595202941,0.17406325702880437,-3.0995734495984224,0.9822222222222223,0.7140847486843779,"['biden | joe | kamala | harris | administration | admin | americans | policy | american | inflation', 'work | community | support | care | great | family | health | make | child | new', 'thank | service | action | nationalfirstrespondersday | everyone | great | veteran | host | housegop | navy', 'responder | first | nationalfirstrespondersday | day | community | safe | keep | national | life | brave', 'donald | trump | president | stopproject | project | republicans | tax | abortion | cut | want', 'retail | crime | fightretailcrimeday | organize | combat | business | fighter | act | nrfnew | proud', 'israel | stand | iran | united | america | must | ally | attack | defend | right', 'vote | election | day | ballot | early | voter | mail | voting | voice | make', 'border | kamala | illegal | harris | czar | open | secure | crisis | southern | crossing', 'academy | service | federal | help | agency | office | house | nomination | application | apply']"
2024-10-26,2024-11-02,5001,0.7604354860244578,0.22225709492572826,-2.290412616911121,0.9822222222222223,0.7469166329395786,"['biden | joe | kamala | harris | administration | job | americans | american | admin | policy', 'halloween | happy | safe | fun | everyone | wish | spooky | night | treat | trick', 'help | work | federal | community | support | new | great | need | proud | funding', 'diwali | light | celebrate | wish | festival | happy | celebration | festive | may | prosperity', 'first | responder | nationalfirstrespondersday | day | thank | community | keep | safe | national | woman', 'vote | election | early | day | ballot | voting | voter | citizen | integrity | make', 'donald | trump | president | tax | cut | republicans | garbage | call | want | project', 'care | health | affordable | act | coverage | cost | healthcare | medicare | enrollment | open', 'israel | stand | iran | antisemitism | must | year | america | hate | life | attack', 'border | kamala | illegal | harris | czar | secure | alien | open | crisis | country']"
2024-10-29,2024-11-05,4860,0.8158753661925271,0.2854371466419449,-2.031857837588164,0.9866666666666667,0.8049970279766268,"['biden | joe | kamala | harris | administration | job | americans | admin | policy | economy', 'halloween | happy | safe | fun | everyone | wish | spooky | night | treat | trick', 'community | help | work | federal | support | family | new | service | thank | proud', 'vote | election | day | make | early | plan | tomorrow | ballot | voice | voting', 'diwali | light | celebrate | wish | festival | happy | celebration | may | festive | prosperity', 'donald | trump | president | abortion | woman | tax | ban | cut | america | republicans', 'care | health | affordable | act | coverage | enrollment | open | healthcare | insurance | cost', 'native | american | month | heritage | culture | honor | history | nation | celebrate | tradition', 'border | kamala | illegal | harris | czar | secure | alien | southern | crisis | open', 'back | clock | time | daylight | hour | end | saving | remember | tonight | set']"
2024-11-01,2024-11-08,3703,0.8376420584784462,0.2822316058233652,-1.6957205932367088,0.9844444444444445,0.8246120709021149,"['vote | election | day | make | voice | hear | plan | today | ballot | tomorrow', 'kamala | joe | biden | harris | border | job | administration | americans | policy | economy', 'donald | trump | president | congratulation | america | american | people | elect | work | vance', 'work | family | thank | support | community | help | service | federal | continue | veteran', 'care | health | affordable | act | enrollment | open | healthcare | coverage | plan | daca', 'native | american | month | heritage | culture | history | nation | happy | contribution | celebrate', 'back | clock | time | daylight | hour | end | saving | tonight | forget | set', 'celebrate | de | los | love | we | honor | memory | one | may | muertos', 'poll | polling | pm | find | electionday | place | open | location | voice | vote', 'woman | abortion | right | ban | freedom | fight | reproductive | protect | texas | roe']"
2024-11-04,2024-11-11,3284,0.7985843450762499,0.23745367606029327,-1.7033242616514712,0.9822222222222223,0.7843872900526722,"['vote | election | day | make | voice | plan | hear | tomorrow | ballot | cast', 'donald | trump | president | congratulation | states | united | next | elect | victory | th', 'marine | birthday | happy | usmc | corps | semper | th | thank | fi | freedom', 'kamala | joe | biden | harris | border | administration | policy | illegal | americans | year', 'veteran | honor | thank | veterans | serve | service | community | support | sacrifice | family', 'federal | agency | help | office | house | assistance | need | emergency | management | service', 'care | health | affordable | act | family | fight | right | access | cost | work', 'poll | polling | pm | electionday | find | vote | open | voice | place | today', 'america | work | american | people | get | back | secure | border | forward | great', 'must | attack | amsterdam | antisemitism | world | antisemitic | jewish | condemn | violence | stand']"
2024-11-07,2024-11-14,3947,0.8463079573730343,0.25429637462326043,-1.755286732018376,0.9711111111111113,0.8218590608267023,"['woman | man | thank | nation | serve | brave | freedom | protect | country | sacrifice', 'donald | trump | president | border | america | agenda | great | secure | first | republicans', 'marine | birthday | happy | usmc | corps | th | semper | fi | year | states', 'social | security | benefit | public | socialsecurityfairnessact | servant | act | vote | earn | fairness', 'kamala | joe | biden | harris | administration | border | admin | policy | americans | end', 'veteransday | sacrifice | veteran | every | honor | serve | today | family | country | much', 'work | people | american | get | forward | senate | conference | republican | look | leader', 'federal | agency | emergency | management | help | office | need | assistance | disaster | relief', 'veteran | day | honor | veterans | service | sacrifice | family | every | thank | happy', 'johnson | mike | israel | national | congratulation | friend | security | ambassador | advisor | michaelgwaltz']"
2024-11-10,2024-11-17,4855,0.8328209877122618,0.24188517429685913,-1.677012193044348,0.9733333333333334,0.8106124280399348,"['veteran | day | thank | honor | sacrifice | service | nation | serve | woman | man', 'donald | trump | president | border | agenda | america | first | secure | make | pick', 'marine | birthday | happy | usmc | corps | th | semper | fi | thank | year', 'work | congratulation | forward | look | american | conference | people | america | republican | leadership', 'joe | biden | kamala | harris | border | administration | admin | american | policy | fix', 'agency | federal | emergency | management | answer | disaster | political | hurricane | help | demand', 'social | security | benefit | public | socialsecurityfairnessact | servant | vote | fairness | earn | act', 'veteransday | sacrifice | honor | serve | veteran | today | every | country | nation | freedom', 'infrastructure | law | year | bipartisan | three | investment | job | road | bridge | water', 'family | care | health | support | need | act | affordable | make | community | student']"
2024-11-13,2024-11-20,5207,0.7254459078598294,0.17807283116975198,-2.6261930140200076,0.9844444444444445,0.7141611937375655,"['work | forward | congratulation | look | american | america | people | get | leadership | realdonaldtrump', 'family | community | student | make | support | need | fight | day | work | continue', 'agency | federal | management | emergency | disaster | answer | political | hurricane | supporter | help', 'biden | joe | kamala | harris | administration | border | admin | policy | american | laken', 'social | security | benefit | public | servant | socialsecurityfairnessact | fairness | vote | earn | act', 'infrastructure | law | bipartisan | year | investment | three | job | road | water | bridge', 'donald | trump | president | agenda | border | america | first | pick | americans | tax', 'thank | republicanstudy | honor | serve | service | much | texas | friend | support | repbice', 'veteran | care | health | healthcare | act | affordable | bill | access | coverage | improvement', 'house | gaetz | release | report | senate | committee | matt | ethics | bill | attorney']"
2024-11-16,2024-11-23,5396,0.8112611387323181,0.2486048566285691,-2.028480493936878,0.9866666666666667,0.8004443235492206,"['work | make | family | great | congress | look | american | forward | student | help', 'joe | biden | kamala | harris | border | laken | riley | administration | illegal | admin', 'donald | trump | president | american | border | people | america | agenda | energy | republicans', 'federal | agency | emergency | management | disaster | need | help | hurricane | administrator | relief', 'happy | birthday | potus | thank | wish | leadership | president | american | nation | service', 'violence | today | trans | remember | day | transgender | lose | live | hate | remembrance', 'israel | icc | stand | benjamin | hamas | must | warrant | defend | terrorist | arrest', 'health | care | rural | access | community | healthcare | affordable | quality | nationalruralhealthday | provider', 'woman | man | protect | space | biological | bathroom | sport | girl | right | restroom', 'veteran | bill | act | pass | benefit | house | improvement | dole | elizabeth | vote']"
2024-11-19,2024-11-26,5401,0.7917525887392051,0.23664077120236476,-2.245803481933821,0.9866666666666667,0.7811958875560157,"['work | make | family | congress | great | look | forward | new | year | american', 'biden | joe | kamala | harris | border | laken | administration | riley | illegal | admin', 'donald | trump | president | american | america | people | border | energy | agenda | administration', 'violence | day | today | trans | remember | transgender | lose | live | hate | remembrance', 'happy | birthday | potus | thank | wish | leadership | american | president | nation | mr', 'federal | agency | emergency | management | disaster | help | need | relief | hurricane | office', 'israel | icc | hamas | benjamin | stand | must | terrorist | warrant | defend | arrest', 'health | rural | care | access | community | quality | healthcare | nationalruralhealthday | provider | hospital', 'woman | man | protect | holdtheline | space | girl | bathroom | biological | right | restroom', 'veteran | bill | pass | act | benefit | house | improvement | vote | dole | elizabeth']"
2024-11-22,2024-11-29,3852,0.7543944670553848,0.2068090862918625,-2.5438704345748433,0.9800000000000001,0.7393065777142772,"['family | thanksgive | happy | friend | thankful | bless | blessing | grateful | enjoy | home', 'federal | help | agency | house | office | need | bill | emergency | management | pass', 'biden | joe | kamala | harris | border | administration | admin | illegal | americans | secure', 'donald | trump | president | america | american | border | energy | elect | tariff | people', 'thanksgiving | happy | wish | everyone | bless | safe | wonderful | thankful | family | nebraska', 'love | one | gratitude | wish | everyone | food | time | spend | fill | day', 'israel | ceasefire | hezbollah | agreement | hamas | hostage | statement | lebanon | must | peace', 'thank | community | work | today | serve | great | year | woman | honor | grateful', 'doge | government | makeemsqueal | musk | waste | elon | vivekgramaswamy | work | spending | caucus', 'care | health | medicare | rural | cost | access | child | open | enrollment | senior']"
2024-11-25,2024-12-02,3245,0.7566247009596678,0.2218813044801787,-2.409562868182463,0.957777777777778,0.7246783246969264,"['thanksgiving | happy | wish | everyone | bless | wonderful | safe | family | thankful | nebraska', 'business | small | saturday | local | support | shop | economy | backbone | shopsmall | today', 'day | today | serve | woman | every | thankful | thank | great | grateful | country', 'donald | trump | president | america | american | border | tariff | energy | political | ready', 'joe | biden | kamala | harris | border | administration | admin | americans | illegal | million', 'love | one | gratitude | wish | everyone | food | time | spend | fill | full', 'family | thanksgive | happy | friend | bless | grateful | thankful | blessing | holiday | hope', 'israel | ceasefire | hezbollah | agreement | statement | lebanon | peace | hostage | gaza | must', 'federal | need | help | work | care | medicare | office | agency | house | service', 'smallbusinesssaturday | small | business | support | community | local | shop | backbone | shopsmall | economy']"
2024-11-28,2024-12-05,3698,0.7642134839318133,0.22513506126555627,-2.1733499941535865,0.9822222222222223,0.7506274664396922,"['thanksgiving | happy | wish | everyone | wonderful | bless | safe | nebraska | family | healthy', 'joe | biden | pardon | hunter | son | lie | president | kamala | crime | justice', 'business | small | smallbusinesssaturday | local | support | shop | saturday | economy | community | backbone', 'work | thank | congress | community | year | continue | need | help | today | fight', 'donald | trump | president | border | america | american | administration | nominee | secure | back', 'omer | hostage | hamas | neutra | day | hold | bring | must | terrorist | home', 'love | one | gratitude | time | everyone | wish | food | spend | fill | day', 'medicare | enrollment | open | plan | coverage | december | visit | health | care | senior', 'federal | bureau | investigation | of | kash | patel | director | agency | political | law', 'family | thanksgive | happy | thankful | friend | grateful | bless | blessing | serve | country']"
2024-12-01,2024-12-08,4920,0.7586028385404195,0.22084995911008468,-2.266601719786612,0.9844444444444445,0.7468023499409019,"['biden | joe | pardon | hunter | son | lie | president | kamala | crime | justice', 'pearl | harbor | lose | day | attack | sacrifice | honor | remember | life | today', 'work | community | act | support | care | help | health | bill | need | house', 'donald | trump | president | america | american | border | administration | nominee | pete | people', 'medicare | enrollment | open | plan | coverage | visit | december | option | drug | end', 'doge | elon | musk | government | vivekgramaswamy | work | spending | get | waste | look', 'federal | investigation | bureau | of | kash | patel | director | agency | political | nominee', 'bus | right | rosa | today | ago | year | park | movement | montgomery | boycott', 'omer | hostage | hamas | neutra | hold | home | bring | israel | must | day', 'thank | leadership | year | service | great | word | kind | morning | good | support']"
2024-12-04,2024-12-11,5183,0.6993296280131317,0.1844487389623603,-2.9197762467542896,0.9866666666666667,0.6900052329729566,"['work | thank | look | forward | great | congress | friend | new | congratulation | next', 'pearl | harbor | day | attack | lose | sacrifice | remember | honor | life | today', 'donald | trump | president | america | nominee | american | back | people | cabinet | make', 'joe | biden | kamala | harris | administration | pardon | hunter | border | president | american', 'doge | musk | elon | government | vivekgramaswamy | waste | spending | get | federal | cut', 'house | pass | bill | act | federal | business | help | senate | legislation | bipartisan', 'care | health | access | affordable | community | healthcare | center | child | need | holdtheline', 'defense | national | authorization | pete | act | hegseth | military | security | fy | secretary', 'right | bus | today | year | slavery | amendment | ago | united | states | people', 'medicare | enrollment | open | plan | coverage | visit | drug | tomorrow | enroll | prescription']"
2024-12-07,2024-12-14,5444,0.7932374229881608,0.25094871903787436,-1.8234433643692434,0.9844444444444445,0.7808981741861227,"['family | care | need | work | health | get | help | time | make | people', 'pearl | harbor | day | attack | lose | honor | remember | sacrifice | life | today', 'defense | national | authorization | act | fy | military | servicemember | vote | pay | support', 'birthday | happy | thank | always | guard | usnationalguard | ready | service | th | national', 'donald | trump | president | america | nominee | back | american | people | elect | administration', 'biden | joe | kamala | harris | border | administration | president | admin | american | pardon', 'bureau | investigation | of | federal | kash | patel | wray | director | agency | resign', 'marriage | law | respect | love | sign | two | year | ago | interracial | respectformarriageact', 'house | pass | water | bill | act | resource | senate | bipartisan | legislation | news', 'work | look | forward | congratulation | great | committee | next | chairman | friend | energy']"
2024-12-10,2024-12-17,5477,0.7703298451603898,0.21607262294164276,-2.35932826743377,0.9866666666666667,0.7600587805582513,"['work | forward | look | congratulation | great | committee | serve | next | honor | friend', 'defense | national | authorization | act | military | fy | servicemember | vote | support | security', 'birthday | happy | guard | thank | always | usnationalguard | ready | service | nation | national', 'donald | trump | president | america | american | nominee | people | back | mandate | elect', 'joe | biden | kamala | border | harris | administration | president | admin | wall | pardon', 'marriage | law | respect | love | right | sign | year | ago | two | interracial', 'bureau | investigation | of | federal | kash | patel | wray | director | agency | drone', 'gun | school | violence | life | child | sandy | hook | community | family | madison', 'water | house | pass | resource | infrastructure | act | development | bill | bipartisan | drinking', 'get | need | care | health | help | family | work | americans | government | security']"
2024-12-13,2024-12-20,5670,0.7961718803102164,0.20081943774525554,-1.9075465795928648,0.9800000000000001,0.7802484427040121,"['work | look | forward | make | great | federal | honor | join | help | new', 'defense | national | act | authorization | pass | military | bill | senate | security | support', 'birthday | happy | always | guard | thank | usnationalguard | national | ready | service | nation', 'joe | biden | kamala | border | harris | administration | wall | admin | president | sell', 'school | gun | violence | life | child | madison | sandy | hook | community | abundant', 'marriage | law | respect | love | sign | year | ago | two | right | act', 'donald | trump | president | america | border | administration | agenda | day | cut | back', 'musk | government | elon | republicans | shutdown | shut | disaster | billionaire | johnson | mike', 'water | drinking | infrastructure | safe | clean | resource | access | act | development | project', 'people | american | cr | vote | get | congress | bill | spending | page | right']"
2024-12-16,2024-12-23,5757,0.7821942965712967,0.19647202165936678,-1.9299541510860716,0.9755555555555556,0.7630739915439984,"['government | vote | relief | disaster | bill | statement | shutdown | keep | farmer | open', 'work | get | congress | people | year | make | federal | american | look | forward', 'donald | trump | president | america | back | border | day | american | agenda | white', 'joe | biden | kamala | border | harris | administration | admin | wall | american | secure', 'security | act | social | pass | senate | national | defense | fairness | benefit | bill', 'mike | johnson | speaker | deal | bill | cr | bipartisan | vote | democrats | negotiate', 'musk | elon | republicans | billionaire | government | shutdown | shut | cut | republican | tax', 'space | birthday | happy | force | spaceforcedod | thank | th | guardians | states | united', 'water | drinking | infrastructure | safe | clean | law | act | access | protect | resource', 'school | life | gun | madison | abundant | christian | violence | family | child | community']"
2024-12-19,2024-12-26,4175,0.7913354130676933,0.25604505679183526,-2.0623052904130867,0.9844444444444445,0.7790257510866403,"['christmas | merry | family | wish | everyone | eve | celebrate | bless | joyful | friend', 'work | year | help | congress | get | bill | support | community | people | make', 'hanukkah | happy | light | celebrate | wish | festival | sameach | chag | night | peace', 'social | security | fairness | benefit | act | public | pass | teacher | firefighter | servant', 'joe | biden | kamala | border | president | harris | sentence | death | commute | administration', 'donald | trump | musk | president | elon | billionaire | tax | republicans | cut | republican', 'space | birthday | happy | force | spaceforcedod | th | thank | guardians | states | united', 'government | shutdown | vote | statement | relief | disaster | keep | house | open | tonight', 'johnson | mike | speaker | deal | bipartisan | bill | negotiate | party | vote | elect', 'love | joy | fill | may | holiday | season | one | peace | day | warmth']"
2024-12-22,2024-12-29,2541,0.7582440814532868,0.2482594407173592,-2.401512650112303,0.9422222222222223,0.7144344234137636,"['merry | christmas | wish | everyone | eve | celebrate | joyful | bless | birth | country', 'hanukkah | happy | light | celebrate | sameach | chag | festival | wish | night | jewish', 'work | year | help | federal | act | congress | community | house | law | security', 'may | fill | joy | peace | love | warmth | celebration | blessing | light | bring', 'kwanzaa | celebrate | happy | wish | unity | joyous | peaceful | country | reflection | seven', 'holiday | season | love | one | time | wish | joyful | happy | hope | enjoy', 'biden | joe | death | president | sentence | commute | kamala | donald | justice | border', 'family | friend | christmas | hope | merry | time | spend | surround | enjoy | wonderful', 'god | bless | bear | shall | we | son | isaiah | us | give | child', 'day | first | today | seven | bring | reflection | next | mark | eight | unity']"
2024-12-25,2025-01-01,2804,0.7439172251873774,0.24729293731334182,-2.1050558843991296,0.9488888888888889,0.7058947892333558,"['christmas | merry | family | wish | everyone | bless | friend | joyful | celebrate | holiday', 'jimmy | carter | president | service | family | life | pass | public | legacy | prayer', 'hanukkah | happy | light | celebrate | sameach | chag | festival | wish | night | jewish', 'work | congress | th | look | community | forward | year | make | continue | district', 'day | may | first | today | bring | seven | reflection | joy | next | eight', 'kwanzaa | celebrate | happy | wish | joyous | unity | peaceful | country | reflection | seven', 'love | fill | joy | holiday | may | season | one | peace | warmth | hope', 'biden | joe | donald | trump | johnson | mike | president | border | america | house', 'help | federal | agency | office | need | constituent | assistance | team | service | call', 'year | new | eve | safe | happy | wish | everyone | fun | tx | joyful']"
2024-12-28,2025-01-04,3672,0.7561605210524301,0.22183449421695847,-2.046376748472448,0.968888888888889,0.7326355270641324,"['jimmy | carter | president | family | service | life | pass | peace | public | legacy', 'happy | year | new | wish | everyone | healthy | happiness | health | safe | eve', 'donald | trump | president | america | agenda | first | house | border | day | american', 'johnson | mike | speaker | vote | house | support | agenda | elect | man | full', 'orleans | attack | new | victim | family | horrific | pray | enforcement | terrorist | law', 'congress | th | honor | swear | serve | district | today | represent | look | house', 'drug | medicare | cost | prescription | cap | senior | reduction | inflation | pocket | act', 'get | work | speakerjohnson | let | congratulation | time | deliver | speaker | people | american', 'federal | help | office | agency | constituent | need | team | million | service | call', 'joe | biden | administration | border | kamala | american | steel | americans | harris | terrorist']"
2024-12-31,2025-01-07,4465,0.8133653350168218,0.2609211669712005,-1.8764389846393588,0.9844444444444445,0.8007129853610047,"['donald | trump | president | certify | america | day | election | historic | great | victory', 'happy | year | new | wish | everyone | healthy | happiness | health | safe | eve', 'th | congress | honor | swear | serve | district | represent | office | house | continue', 'mike | johnson | speaker | vote | house | agenda | support | elect | trump | man', 'orleans | new | attack | victim | family | horrific | pray | terrorist | prayer | enforcement', 'election | democracy | today | certify | capitol | result | peaceful | power | ago | transfer', 'biden | joe | energy | american | border | administration | kamala | offshore | ban | drilling', 'work | get | speakerjohnson | let | congratulation | time | deliver | america | people | american', 'drug | medicare | prescription | cost | cap | senior | reduction | inflation | pocket | pay', 'security | social | benefit | sign | law | fairness | act | public | earn | servant']"
2025-01-03,2025-01-10,6418,0.8343954759748297,0.23979410226984546,-1.8118717298394311,0.9755555555555556,0.8139991421176672,"['work | congress | get | th | swear | let | honor | people | ready | serve', 'laken | riley | act | illegal | vote | pass | bill | border | alien | detain', 'jimmy | carter | president | service | legacy | honor | life | pay | peace | rest', 'donald | trump | president | america | certify | day | great | election | historic | agenda', 'enforcement | law | day | thank | woman | community | man | appreciation | protect | officer', 'joe | biden | energy | kamala | administration | american | border | ban | offshore | drilling', 'mike | johnson | speaker | house | vote | speakerjohnson | agenda | congratulation | elect | first', 'election | certify | democracy | today | result | capitol | year | peaceful | power | ago', 'california | fire | wildfire | responder | first | impact | firefighter | devastating | emergency | help', 'security | social | benefit | fairness | sign | public | act | law | earn | servant']"
2025-01-06,2025-01-13,6344,0.829131511998898,0.24508221277593173,-1.8720125473461953,0.9844444444444445,0.8162339107011374,"['donald | trump | president | certify | america | day | election | historic | victory | great', 'laken | riley | act | illegal | vote | pass | bill | border | alien | criminal', 'enforcement | law | day | thank | woman | community | man | appreciation | officer | protect', 'jimmy | carter | president | service | legacy | honor | life | peace | rest | pay', 'california | fire | responder | wildfire | first | firefighter | impact | devastating | southern | pray', 'joe | biden | kamala | energy | administration | border | harris | ban | offshore | drilling', 'election | democracy | certify | today | result | capitol | year | peaceful | power | ago', 'work | get | congress | people | new | let | th | american | look | ready', 'security | social | benefit | fairness | sign | public | act | teacher | law | earn', 'federal | agency | emergency | management | assistance | help | office | apply | need | call']"
2025-01-09,2025-01-16,6786,0.8010665370319019,0.22940067285288795,-1.988686722816239,0.9800000000000001,0.785045206291264,"['donald | trump | president | america | day | back | white | agenda | american | week', 'woman | sport | girl | protection | man | vote | biological | compete | act | protect', 'enforcement | law | day | thank | community | appreciation | officer | safe | brave | keep', 'hostage | ceasefire | hamas | israel | statement | deal | agreement | release | gaza | peace', 'work | congress | get | th | look | forward | new | family | tax | committee', 'biden | joe | kamala | administration | harris | border | admin | president | policy | cuba', 'jimmy | carter | president | service | legacy | life | honor | rest | peace | today', 'federal | emergency | agency | management | fire | california | help | wildfire | need | disaster', 'hegseth | pete | defense | secretary | confirm | military | need | confirmation | pentagon | job', 'laken | act | riley | bill | vote | pass | border | senate | icc | court']"
2025-01-12,2025-01-19,7234,0.7856219548045731,0.22721834789458234,-1.90516947370689,0.9800000000000001,0.7699095157084817,"['tax | cut | care | family | act | health | affordable | cost | business | plan', 'woman | sport | girl | protection | man | biological | vote | compete | act | protect', 'ceasefire | hostage | hamas | israel | statement | deal | agreement | release | gaza | peace', 'biden | joe | kamala | administration | president | harris | thank | border | year | policy', 'donald | trump | president | inauguration | america | office | white | back | elect | make', 'hegseth | pete | defense | secretary | confirm | military | need | confirmation | pentagon | job', 'illegal | violence | alien | vote | act | deport | bill | woman | prevent | domestic', 'day | korean | happy | american | today | first | celebrate | america | contribution | nation', 'federal | agency | help | emergency | need | management | office | disaster | fire | wildfire', 'work | congress | forward | look | committee | serve | honor | get | th | continue']"
2025-01-15,2025-01-22,8414,0.7516859535806935,0.22047917058375685,-2.031881269039711,0.9711111111111113,0.7299705815883625,"['donald | trump | president | inauguration | order | capitol | executive | border | american | white', 'king | dr | luther | martin | jr | legacy | honor | justice | today | equality', 'biden | joe | kamala | president | administration | harris | thank | border | year | drug', 'hostage | ceasefire | hamas | israel | statement | deal | agreement | release | gaza | peace', 'work | american | get | people | forward | look | family | congress | need | energy', 'america | back | make | great | golden | age | begin | new | first | today', 'th | president | united | states | realdonaldtrump | congratulation | vance | vice | jd | swear', 'woman | illegal | act | vote | violence | alien | pass | bill | laken | protect', 'day | inauguration | one | happy | great | today | new | office | capitol | historic', 'marco | rubio | secretary | state | confirm | congratulation | next | senate | friend | confirmation']"
2025-01-18,2025-01-25,8588,0.7446349107027967,0.20718029475524286,-1.910923233823371,0.9688888888888888,0.7214684912587097,"['donald | trump | president | order | executive | inauguration | statement | border | american | people', 'king | dr | luther | martin | jr | legacy | honor | justice | today | equality', 'right | life | woman | care | abortion | roe | reproductive | health | fight | protect', 'america | day | back | great | golden | age | new | make | first | begin', 'biden | joe | kamala | border | president | administration | harris | year | four | thank', 'laken | riley | act | pass | desk | bill | illegal | law | house | sign', 'promise | keep | make | border | secure | safe | deliver | already | one | american', 'work | get | american | look | forward | marco | people | state | secretary | family', 'president | th | united | states | realdonaldtrump | congratulation | vice | vance | mr | inauguration', 'pardon | officer | police | law | attack | capitol | violent | january | criminal | day']"
2025-01-21,2025-01-28,8220,0.7984602476074355,0.23425134794994093,-1.913617793844051,0.9822222222222223,0.7842653987610811,"['donald | trump | president | order | executive | america | american | first | citizenship | day', 'holocaust | million | remembrance | day | antisemitism | never | international | remember | jewish | six', 'woman | right | roe | care | reproductive | health | wade | decision | freedom | fight', 'hegseth | pete | secretary | defense | confirm | congratulation | marco | vote | military | senate', 'laken | riley | act | desk | pass | illegal | law | bill | head | house', 'promise | keep | make | safe | border | secure | deliver | one | already | potus', 'pardon | officer | police | attack | capitol | violent | law | january | criminal | enforcement', 'life | bear | abortion | march | alive | pro | unborn | survivor | protection | protect', 'work | america | get | first | back | american | new | look | great | family', 'biden | joe | border | secure | president | year | administration | four | policy | kamala']"
2025-01-24,2025-01-31,8352,0.8105112266278585,0.26396043028387683,-1.7713258590845207,0.9844444444444445,0.7979032742136474,"['donald | trump | president | america | joe | biden | first | back | border | administration', 'holocaust | million | remembrance | day | antisemitism | never | international | remember | jewish | six', 'ronald | responder | first | pray | crash | family | night | airport | reagan | last', 'year | new | happy | lunar | celebrate | wish | snake | prosperity | everyone | happiness', 'laken | riley | law | act | sign | illegal | promise | potus | bill | criminal', 'secretary | hegseth | pete | defense | confirm | congratulation | vote | military | senate | forward', 'work | make | get | need | american | people | great | look | school | tax', 'federal | freeze | funding | donald | trump | grant | program | administration | fund | order', 'life | march | thank | unborn | protect | pro | today | stand | every | defend', 'bureau | investigation | of | kash | patel | federal | director | confirm | need | agency']"
2025-01-27,2025-02-03,8308,0.8321106111027149,0.2725291076071234,-1.7200072607619616,0.9755555555555556,0.8117701294979819,"['donald | trump | president | tariff | america | american | administration | joe | biden | price', 'holocaust | million | remembrance | day | never | antisemitism | international | remember | jewish | must', 'ronald | responder | first | crash | pray | family | night | plane | airport | victim', 'year | new | happy | lunar | celebrate | wish | snake | prosperity | everyone | happiness', 'laken | riley | law | act | sign | illegal | promise | potus | bill | safe', 'work | secretary | look | forward | great | america | congratulation | make | confirm | american', 'federal | freeze | funding | program | grant | community | fund | donald | administration | trump', 'black | history | month | americans | contribution | blackhistorymonth | honor | celebrate | achievement | american', 'bureau | investigation | of | kash | patel | federal | director | confirm | need | trust', 'school | child | choice | education | parent | week | good | student | national | need']"
2025-01-30,2025-02-06,8702,0.8019315434211638,0.2402445587594654,-1.9529034700091212,0.9866666666666667,0.791239122842215,"['donald | trump | president | administration | freeze | order | back | executive | funding | people', 'ronald | responder | first | crash | pray | family | night | victim | plane | airport', 'woman | sport | girl | man | day | female | athlete | national | order | biological', 'black | history | month | americans | contribution | blackhistorymonth | honor | celebrate | american | achievement', 'musk | elon | government | access | treasury | billionaire | security | usaid | payment | social', 'community | work | support | great | today | need | service | care | fight | health', 'investigation | bureau | of | federal | kash | patel | director | law | confirm | agent', 'energy | secretary | confirm | congratulation | american | look | vote | forward | interior | dougburgum', 'tariff | price | cost | canada | mexico | family | raise | grocery | american | tax', 'border | promise | america | make | biden | joe | secure | keep | fentanyl | safe']"
2025-02-02,2025-02-09,9044,0.7519519184188717,0.17676135537457344,-2.268541417953094,0.9800000000000001,0.7369128800504943,"['donald | trump | president | tariff | administration | back | price | cost | canada | order', 'woman | sport | girl | man | day | female | order | executive | athlete | national', 'fentanyl | halt | act | drug | pass | law | enforcement | vote | life | crisis', 'musk | elon | access | treasury | datum | information | payment | billionaire | security | system', 'energy | american | production | protect | unleash | dominance | act | cost | secretary | wright', 'work | community | health | care | great | support | family | meet | discuss | federal', 'confirm | senate | vote | vought | attorney | general | floor | secretary | pambondi | nomination', 'usaid | dollar | agency | taxpayer | waste | government | people | fund | american | world', 'border | joe | biden | america | promise | make | secure | president | first | potus', 'black | history | month | honor | americans | contribution | blackhistorymonth | celebrate | american | nation']"
2025-02-05,2025-02-12,8595,0.7433344008747145,0.1821132812817943,-2.5218681590100114,0.9844444444444445,0.7317714213055523,"['health | work | community | great | care | meet | family | support | discuss | continue', 'woman | sport | girl | man | day | female | athlete | executive | order | biological', 'fentanyl | halt | act | drug | vote | enforcement | pass | law | crisis | substance', 'musk | elon | access | datum | information | personal | security | treasury | billionaire | social', 'donald | trump | president | administration | promise | back | order | america | border | action', 'energy | american | production | protect | act | unleash | cost | dominance | joe | biden', 'join | hall | town | pm | tune | live | telephone | hear | house | question', 'thank | potus | realdonaldtrump | president | office | support | prayer | god | share | great', 'federal | government | agency | people | usaid | dollar | waste | american | taxpayer | tax', 'attorney | general | confirm | vought | senate | vote | pambondi | bondi | director | pam']"
2025-02-08,2025-02-15,8277,0.7851845753220978,0.20569147632333534,-2.1600006327876455,0.9888888888888889,0.7764603022629635,"['community | work | great | thank | support | meet | today | keep | student | discuss', 'valentine | day | happy | love | wife | forever | veteran | life | wish | team', 'donald | trump | president | promise | administration | american | people | price | tariff | order', 'cut | tax | budget | republicans | billionaire | medicaid | republican | family | pay | house', 'america | confirm | make | secretary | healthy | congratulation | robertkennedyjr | senate | intelligence | confirmation', 'border | officer | agent | law | gonzalez | raul | enforcement | act | safety | illegal', 'musk | elon | doge | government | federal | waste | agency | cfpb | taxpayer | fraud', 'health | research | national | institutes | of | funding | care | cut | cancer | life', 'hall | town | join | tune | pm | telephone | question | hear | live | house', 'joe | biden | energy | rule | business | american | kamala | regulation | administration | relief']"
2025-02-11,2025-02-18,7715,0.7524095855850474,0.19929799315615107,-2.3122860962839207,0.9800000000000001,0.7373613938733465,"['work | community | great | thank | support | today | meet | need | student | keep', 'president | happy | day | nation | honor | today | great | shape | leadership | leader', 'donald | trump | president | administration | american | price | people | cost | joe | biden', 'cut | tax | budget | republicans | care | billionaire | health | medicaid | republican | house', 'confirm | secretary | national | intelligence | congratulation | director | senate | health | tulsigabbard | vote', 'border | officer | agent | law | gonzalez | raul | act | enforcement | safety | illegal', 'valentine | day | happy | love | veteran | forever | wife | life | wish | card', 'musk | elon | government | doge | waste | taxpayer | federal | fraud | abuse | agency', 'america | make | healthy | promise | robertkennedyjr | let | keep | first | safe | secretary', 'hall | town | join | telephone | pm | tune | question | hear | live | house']"
2025-02-14,2025-02-21,6686,0.7912594320786157,0.23836557107503742,-2.0966538403672383,0.9844444444444445,0.7789509520240595,"['work | community | great | support | make | thank | business | help | keep | need', 'valentine | day | happy | love | veteran | forever | wife | life | wish | card', 'kash | bureau | investigation | of | patel | federal | director | confirm | vote | congratulation', 'donald | trump | president | administration | promise | america | american | border | agenda | back', 'president | happy | day | nation | honor | today | great | shape | leadership | leader', 'vladimir | putin | ukraine | russia | war | volodymyr | dictator | zelensky | invade | election', 'cut | care | tax | health | medicaid | republicans | billionaire | budget | republican | family', 'hall | town | pm | join | live | february | host | telephone | tune | question', 'musk | elon | doge | government | taxpayer | security | waste | social | fraud | datum', 'hamas | hostage | israel | home | terrorist | bibas | day | family | return | must']"
2025-02-17,2025-02-24,6943,0.792065408511157,0.25485606816145745,-1.857508016664194,0.9933333333333334,0.786784972454416,"['cut | republicans | billionaire | tax | medicaid | budget | care | health | family | senate', 'happy | day | president | nation | honor | today | shape | great | leadership | celebrate', 'bureau | kash | investigation | of | patel | federal | director | confirm | congratulation | vote', 'donald | trump | president | administration | back | fire | action | agenda | worker | order', 'community | work | great | business | support | thank | small | meet | help | today', 'vladimir | putin | ukraine | russia | war | dictator | volodymyr | zelensky | invade | ally', 'border | american | america | promise | make | joe | biden | people | secure | first', 'hamas | israel | hostage | bibas | terrorist | murder | shiri | kfir | must | ariel', 'hall | town | join | pm | live | telephone | host | february | hear | question', 'musk | elon | doge | government | security | social | service | taxpayer | revenue | internal']"
2025-02-20,2025-02-27,8642,0.7744466504772821,0.21382648000145393,-1.9568067832148894,0.9866666666666667,0.7641206951375851,"['cut | medicaid | tax | billionaire | republicans | care | health | break | pay | give', 'donald | trump | president | administration | agenda | order | one | executive | action | say', 'bureau | investigation | of | kash | patel | federal | director | confirm | congratulation | restore', 'vladimir | ukraine | putin | russia | war | stand | invasion | ukrainian | three | year', 'work | community | great | support | thank | meet | continue | discuss | today | veteran', 'budget | vote | house | resolution | republican | republicans | senate | party | pass | statement', 'hall | town | join | live | pm | telephone | hear | tune | question | house', 'musk | elon | doge | federal | government | fire | worker | veteran | service | employee', 'business | small | tax | act | family | bill | death | axethedeathtax | pass | proud', 'energy | american | america | border | joe | biden | first | secure | promise | people']"
2025-02-23,2025-03-02,8968,0.7827030543530149,0.21265191537434885,-2.065937178733186,0.9822222222222223,0.7687883333867391,"['cut | budget | medicaid | tax | republicans | vote | republican | house | billionaire | party', 'donald | trump | president | volodymyr | zelensky | administration | vance | say | oval | vice', 'vladimir | ukraine | putin | russia | stand | ally | democracy | war | invasion | volodymyr', 'work | great | community | support | meet | thank | discuss | today | join | continue', 'america | first | american | agenda | border | people | deliver | resolution | promise | president', 'ramadan | mubarak | month | wish | reflection | holy | observe | around | world | peace', 'biden | joe | energy | gas | cost | american | natural | rule | administration | price', 'musk | elon | doge | federal | government | fire | worker | veteran | employee | agency', 'security | social | benefit | earn | national | get | fairness | senior | administration | act', 'care | health | veteran | child | senior | access | lose | family | affordable | coverage']"
2025-02-26,2025-03-05,9069,0.7634688478293709,0.2051820300339132,-2.1333088112922503,0.9866666666666667,0.7532892631916459,"['donald | trump | president | america | address | first | tonight | congress | american | joint', 'cut | budget | medicaid | republicans | tax | vote | house | republican | billionaire | care', 'work | great | community | support | thank | discuss | today | meet | state | proud', 'vladimir | putin | ukraine | volodymyr | zelensky | ally | stand | democracy | russia | dictator', 'musk | elon | federal | doge | veteran | fire | government | worker | service | agency', 'ramadan | mubarak | month | wish | reflection | holy | observe | world | around | peace', 'biden | joe | energy | border | american | gas | rule | administration | natural | kamala', 'promise | cost | price | tariff | go | low | day | family | donald | trump', 'woman | history | sport | month | girl | man | black | celebrate | honor | fight', 'security | social | benefit | earn | cut | administration | get | senior | ponzi | fairness']"
2025-03-01,2025-03-08,10853,0.7117188349083119,0.15602104735029892,-2.2159631532756565,0.9777777777777779,0.6959028607992384,"['donald | trump | president | speech | administration | get | say | country | musk | american', 'work | community | federal | veteran | support | service | great | today | right | thank', 'america | back | potus | make | first | golden | age | great | bring | begin', 'address | joint | congress | tonight | president | statement | hear | potus | forward | look', 'border | joe | biden | secure | illegal | american | energy | president | crossing | potus', 'vladimir | putin | ukraine | russia | volodymyr | ally | stand | democracy | peace | war', 'security | social | musk | elon | benefit | doge | earn | hard | lie | ponzi', 'woman | sport | man | girl | history | protect | month | democrats | vote | sense', 'promise | cost | tariff | price | low | make | family | go | day | keep', 'cut | medicaid | tax | republicans | billionaire | budget | care | health | republican | want']"
2025-03-04,2025-03-11,10417,0.7364052585500065,0.17609552611432455,-2.0768462526063103,0.9688888888888888,0.7134948727284507,"['president | donald | trump | address | joint | congress | tonight | statement | speech | american', 'right | work | federal | act | veteran | support | community | great | worker | protect', 'border | biden | joe | american | secure | energy | potus | illegal | promise | president', 'america | back | potus | make | golden | age | first | great | bring | begin', 'tariff | cost | donald | price | trump | promise | low | family | go | day', 'woman | day | sport | man | girl | international | internationalwomensday | celebrate | fight | every', 'security | social | musk | elon | doge | benefit | donald | earn | lie | administration', 'vladimir | putin | ukraine | russia | ally | stand | democracy | war | peace | donald', 'cut | medicaid | tax | republicans | billionaire | care | budget | health | want | republican', 'turner | sylvester | pass | houston | congressman | sadden | family | love | texas | hear']"
2025-03-07,2025-03-14,7823,0.7892973193286352,0.20888091424374453,-2.0754454620591067,0.9888888888888889,0.7805273491138727,"['donald | trump | president | tariff | america | administration | price | promise | first | joe', 'vote | bill | statement | house | republican | republicans | resolution | cr | continue | funding', 'work | community | great | thank | support | make | family | meet | help | federal', 'social | security | musk | cut | elon | medicaid | benefit | medicare | care | senior', 'woman | day | international | internationalwomensday | celebrate | happy | fight | every | world | girl', 'extension | funding | week | four | ready | bipartisan | agreement | harmful | open | reach', 'education | department | student | school | child | kid | public | teacher | dismantle | cut', 'right | voting | john | lewis | fight | bloody | sunday | selma | march | honor', 'government | shutdown | democrats | shut | people | schumer | american | keep | senate | open', 'hall | town | join | pm | march | question | th | live | tune | art']"
2025-03-10,2025-03-17,8106,0.8093442979405834,0.23539832815271344,-1.7943859028439764,0.9866666666666667,0.798553040634709,"['donald | trump | president | america | tariff | price | administration | musk | agenda | back', 'vote | bill | statement | republican | resolution | continue | cr | house | republicans | spending', 'work | thank | community | support | act | great | american | make | need | federal', 'social | security | musk | cut | elon | medicaid | medicare | benefit | senior | republicans', 'extension | funding | week | four | ready | bipartisan | agreement | open | harmful | keep', 'education | department | student | school | child | kid | public | teacher | cut | future', 'grijalva | family | pass | ra | friend | love | sadden | arizona | one | congressman', 'hall | town | join | pm | march | th | host | hear | tune | rsvp', 'government | shutdown | democrats | shut | schumer | senate | people | american | keep | open', 'holi | celebrate | happy | color | festival | joy | may | wish | bring | hope']"
2025-03-13,2025-03-20,7510,0.8536876491405962,0.26961848754648166,-1.890398669210122,0.9866666666666667,0.842305147152055,"['farmer | national | agriculture | work | day | feed | ag | producer | rancher | food', 'patrick | st | day | happy | irish | wish | everyone | luck | saint | celebrate', 'donald | trump | president | american | administration | joe | biden | america | price | promise', 'vote | government | democrats | funding | bill | house | senate | extension | week | keep', 'medicaid | care | cut | health | republicans | tax | billionaire | fight | republican | million', 'grijalva | family | pass | ra | friend | love | sadden | one | arizona | congressman', 'hall | town | join | pm | hear | march | th | live | tune | look', 'security | social | musk | elon | benefit | doge | senior | earn | cut | service', 'holi | celebrate | color | festival | joy | happy | may | wish | bring | hope', 'thank | home | welcome | astronaut | spacex | potus | back | bring | butch | nasa']"
2025-03-16,2025-03-23,7114,0.8010811018144658,0.22556008280855666,-2.2389840072198246,0.9866666666666667,0.7904000204569396,"['donald | trump | president | administration | judge | american | promise | america | price | illegal', 'patrick | st | day | happy | wish | irish | everyone | celebrate | luck | saint', 'education | department | student | dismantle | school | order | executive | child | parent | kid', 'work | community | great | support | family | help | make | local | need | meet', 'medicaid | cut | care | health | republicans | tax | republican | fight | billionaire | people', 'hall | town | join | pm | live | tune | question | night | facebook | tonight', 'social | security | musk | benefit | elon | senior | doge | earn | cut | office', 'farmer | national | agriculture | day | feed | thank | ag | rancher | producer | nationalagday', 'home | welcome | thank | astronaut | spacex | bring | back | butch | suni | nasa', 'joe | biden | energy | gas | initiate | admin | price | american | administration | potus']"
2025-03-19,2025-03-26,7308,0.769544036067505,0.18809440784549,-2.2838492126534202,0.9822222222222223,0.7558632532040828,"['donald | trump | president | administration | musk | promise | american | america | judge | back', 'care | health | affordable | medicaid | act | cut | million | year | americans | tax', 'social | security | benefit | musk | cut | doge | elon | senior | earn | phone', 'honor | medal | nation | sacrifice | day | service | today | courage | high | duty', 'equal | pay | woman | equalpayday | gap | wage | work | fairness | paycheck | man', 'education | department | student | dismantle | school | order | executive | child | parent | teacher', 'work | community | great | thank | support | help | family | keep | local | business', 'hall | town | join | pm | tune | live | house | question | hear | telephone', 'national | security | plan | war | administration | put | chat | risk | must | group', 'biden | joe | initiate | admin | energy | american | border | illegal | administration | alien']"
2025-03-22,2025-03-29,7821,0.726022320695439,0.17278422166563046,-2.2992477221142726,0.9822222222222223,0.7131152572164091,"['donald | trump | president | administration | america | make | musk | education | order | take', 'work | great | community | thank | support | keep | meet | discuss | make | family', 'honor | medal | nation | sacrifice | day | today | service | courage | high | national', 'social | security | musk | cut | benefit | elon | doge | phone | senior | earn', 'equal | pay | woman | equalpayday | gap | wage | work | paycheck | fairness | man', 'hegseth | resign | pete | national | chat | plan | must | secretary | security | war', 'care | health | affordable | act | medicaid | million | cut | year | americans | access', 'american | vote | biden | joe | people | energy | house | act | bill | party', 'hall | town | art | competition | house | congressional | pm | join | telephone | school', 'federal | worker | union | right | agency | stand | bargaining | attack | fight | collective']"
2025-03-25,2025-04-01,7905,0.7895553369458357,0.24096433848124987,-1.9260563908313686,0.9888888888888889,0.7807824998686598,"['donald | trump | president | administration | america | make | tariff | price | musk | order', 'honor | vietnam | sacrifice | service | day | medal | veterans | nation | war | today', 'equal | pay | woman | equalpayday | gap | wage | work | paycheck | fairness | man', 'social | security | cut | musk | elon | benefit | doge | phone | senior | washingtonpost', 'work | community | great | health | support | make | keep | thank | need | family', 'hegseth | resign | pete | secretary | must | chat | fire | national | plan | security', 'eid | mubarak | wish | celebrate | fitr | al | ramadan | peace | bless | world', 'vote | american | election | act | citizen | save | house | bill | voter | people', 'art | hall | town | competition | house | congressional | student | school | high | april', 'worker | right | union | federal | stand | fight | attack | bargaining | collective | labor']"
2025-03-28,2025-04-04,7830,0.7891961680252473,0.2308550488630284,-1.859758047980248,0.9866666666666667,0.7786735524515773,"['donald | trump | president | america | administration | make | border | first | put | promise', 'work | health | community | make | support | great | care | need | discuss | help', 'vietnam | war | veterans | honor | sacrifice | day | service | serve | thank | today', 'vote | election | american | save | act | johnson | mike | citizen | house | week', 'eid | mubarak | wish | celebrate | fitr | al | ramadan | peace | world | bless', 'tariff | price | tax | family | cost | american | trade | business | raise | day', 'right | worker | union | federal | stand | fight | bargaining | attack | collective | order', 'senbooker | floor | senate | hour | stand | hold | senator | people | booker | fight', 'security | social | cut | musk | elon | benefit | billionaire | earn | senior | doge', 'art | competition | congressional | school | student | high | april | submit | house | artwork']"
2025-03-31,2025-04-07,7833,0.7252370759911815,0.17448079552360296,-2.2508985458621957,0.9844444444444445,0.713955610364652,"['donald | trump | president | administration | musk | war | admin | think | fire | attack', 'work | health | community | support | great | care | federal | need | help | discuss', 'security | social | cut | tax | billionaire | musk | medicaid | republicans | elon | benefit', 'vote | election | johnson | mike | save | act | house | citizen | american | week', 'tariff | price | family | cost | tax | business | american | trade | raise | economy', 'senbooker | floor | senate | stand | hour | fight | people | hold | senator | friend', 'day | liberation | happy | celebrate | trans | today | visibility | every | world | right', 'spouse | sacrifice | honor | star | gold | service | today | country | love | one', 'america | president | first | border | make | job | american | promise | potus | put', 'art | competition | congressional | school | submit | high | student | april | capitol | artwork']"
2025-04-03,2025-04-10,7644,0.7118391156060202,0.16093681813243038,-2.5645349206637653,0.9777777777777779,0.6960204685925532,"['donald | trump | president | administration | musk | chaos | recession | think | economy | golf', 'work | community | health | support | great | federal | help | need | care | protect', 'tax | cut | billionaire | budget | republicans | medicaid | break | family | senate | republican', 'tariff | price | family | cost | business | trade | economy | raise | market | hurt', 'security | social | musk | benefit | elon | senior | doge | office | national | earn', 'spouse | sacrifice | honor | star | gold | day | today | service | nation | love', 'vote | house | bill | act | republicans | pass | election | congress | judge | senate', 'art | competition | congressional | student | submit | school | high | artwork | april | deal', 'hall | town | pm | live | join | county | senate | telephone | tune | april', 'american | america | president | job | energy | first | potus | make | trade | back']"
2025-04-06,2025-04-13,7808,0.7853519673221638,0.22909813285296576,-1.8607599223061695,0.9822222222222223,0.7713901545697699,"['donald | trump | tariff | president | trade | economy | price | business | chaos | administration', 'vote | election | save | act | citizen | voter | american | pass | house | citizenship', 'cut | tax | budget | medicaid | republicans | billionaire | republican | break | trillion | family', 'work | community | support | great | thank | need | health | family | help | meet', 'passover | chag | sameach | wish | celebrate | pesach | happy | meaningful | jewish | may', 'art | competition | congressional | submit | student | school | artwork | high | april | house', 'judge | rogue | ruling | court | activist | act | pass | injunction | president | nationwide', 'security | social | musk | elon | benefit | doge | senior | office | service | get', 'hall | town | pm | live | join | county | senate | question | hear | see', 'american | energy | america | president | people | potus | first | coal | deliver | unleash']"
2025-04-09,2025-04-16,7864,0.8293499033628139,0.27942598247792044,-1.7225306707607726,0.9888888888888889,0.8201349044365605,"['donald | trump | tariff | president | trade | economy | chaos | america | business | administration', 'passover | celebrate | chag | sameach | wish | happy | pesach | meaningful | jewish | around', 'vote | election | save | act | american | citizen | voter | pass | house | citizenship', 'cut | tax | budget | medicaid | billionaire | republicans | family | republican | break | care', 'work | thank | great | community | support | make | first | america | family | keep', 'social | security | benefit | musk | earn | elon | senior | office | hard | socialsecuritydayofaction', 'court | kilmar | abrego | garcia | supreme | home | bring | deport | administration | return', 'revenue | file | internal | service | tax | taxis | day | free | today | reminder', 'art | competition | congressional | submit | student | school | artwork | high | april | deadline', 'palm | sunday | bless | wish | holy | week | everyone | begin | may | hosanna']"
2025-04-12,2025-04-19,6534,0.7932860077679562,0.24998398702167232,-2.001397922744682,0.9755555555555556,0.7738945720225173,"['work | student | community | great | thank | town | school | hall | art | join', 'passover | sameach | chag | celebrate | wish | happy | pesach | meaningful | jewish | around', 'donald | trump | court | abrego | garcia | kilmar | administration | president | supreme | order', 'good | friday | bless | wish | sacrifice | love | chris | may | we | remember', 'social | security | benefit | musk | earn | senior | elon | office | protect | hard', 'tax | cut | family | extend | donald | trump | hike | business | work | day', 'revenue | internal | file | service | taxis | free | tax | direct | deadline | day', 'medicaid | care | health | cut | republicans | fight | republican | child | program | million', 'illegal | family | violence | safe | governor | country | alien | member | gang | criminal', 'palm | sunday | bless | wish | holy | week | everyone | begin | hosanna | lord']"
2025-04-15,2025-04-22,6547,0.808896903987668,0.25015132522467914,-1.903261684336412,0.9866666666666667,0.7981116119344991,"['easter | happy | wish | celebrate | rise | family | everyone | hope | risen | bless', 'community | work | thank | great | support | town | hall | state | help | county', 'pope | francis | peace | may | rest | world | pass | catholic | compassion | mourning', 'donald | trump | president | tariff | administration | business | cost | america | price | american', 'good | friday | bless | wish | sacrifice | love | everyone | chris | we | hope', 'social | security | benefit | earn | musk | senior | protect | elon | office | hard', 'tax | cut | file | taxis | revenue | internal | family | extend | service | hike', 'medicaid | care | cut | health | republicans | fight | republican | child | program | would', 'garcia | abrego | kilmar | court | el | salvador | illegal | bring | supreme | gang', 'art | competition | congressional | artwork | submit | school | student | high | capitol | april']"
2025-04-18,2025-04-25,6291,0.7958811987097517,0.24445457789722386,-2.2701114871701202,0.9822222222222221,0.7817321996215782,"['easter | happy | wish | celebrate | rise | family | everyone | risen | hope | bless', 'cut | work | community | tax | medicaid | support | family | make | care | help', 'pope | francis | peace | may | rest | world | pass | catholic | compassion | mourning', 'friday | good | bless | wish | sacrifice | love | everyone | chris | we | hope', 'holocaust | million | never | hashoah | yom | remember | honor | murder | antisemitism | six', 'donald | trump | president | tariff | administration | illegal | business | american | court | price', 'day | earth | protect | earthday | planet | clean | future | water | climate | generation', 'hegseth | security | pete | national | fire | resign | must | secretary | chat | social', 'art | hall | town | competition | congressional | school | student | submit | artwork | april', 'india | attack | terrorist | family | victim | kashmir | stand | love | condemn | one']"
2025-04-21,2025-04-28,6319,0.7932583764826548,0.23030688668165178,-2.3814797062916893,0.9955555555555555,0.7897327836982875,"['community | great | work | support | thank | make | business | help | new | local', 'pope | francis | peace | may | rest | world | pass | catholic | compassion | mourning', 'holocaust | million | never | remember | hashoah | yom | armenian | honor | antisemitism | murder', 'donald | trump | president | tariff | administration | illegal | judge | american | price | america', 'day | earth | happy | protect | planet | earthday | clean | future | climate | water', 'hegseth | pete | security | national | resign | fire | secretary | must | signal | chat', 'art | competition | congressional | student | school | high | year | submit | winner | artwork', 'india | attack | terrorist | kashmir | victim | family | stand | condemn | violence | people', 'cut | tax | social | medicaid | security | care | health | senior | program | benefit', 'hall | town | join | pm | question | thank | tonight | youtube | everyone | watch']"
2025-04-24,2025-05-01,7579,0.6923761132754944,0.1460188856565022,-2.384123007495581,0.9666666666666668,0.6692969094996447,"['donald | trump | president | administration | economy | order | office | country | attack | musk', 'law | act | judge | right | vote | federal | bill | pass | protect | arrest', 'day | first | america | american | back | people | potus | chaos | put | office', 'armenian | holocaust | million | remember | never | honor | genocide | yom | hashoah | antisemitism', 'border | secure | joe | biden | illegal | president | alien | energy | american | crossing', 'promise | make | keep | deliver | american | safe | energy | secure | president | potus', 'great | thank | work | community | student | service | meet | support | school | join', 'business | tariff | small | economy | price | cost | family | tax | trade | american', 'cut | security | medicaid | social | care | health | tax | republicans | program | benefit', 'vladimir | putin | ukraine | russia | peace | war | russian | kyiv | stop | world']"
2025-04-27,2025-05-04,8005,0.6567289822613711,0.1452730148134364,-2.3563651375894286,0.9488888888888889,0.6231628342791232,"['donald | trump | president | economy | tariff | administration | price | business | cost | bad', 'thank | great | work | honor | service | today | join | national | community | nation', 'promise | keep | make | deliver | safe | american | potus | president | people | low', 'day | first | chaos | people | office | american | corruption | cost | worker | tune', 'border | secure | illegal | alien | crossing | president | american | security | criminal | energy', 'month | american | heritage | aanhpi | asian | pacific | islander | celebrate | contribution | native', 'america | back | job | first | president | potus | strong | energy | put | bring', 'cut | medicaid | health | care | tax | republicans | budget | program | family | social', 'act | law | right | protect | worker | fight | bill | pass | proud | house', 'joe | biden | year | four | kamala | administration | president | era | regulation | mandate']"
2025-04-30,2025-05-07,7796,0.6873700293906684,0.17136058812704033,-2.8107090165149957,0.9777777777777779,0.6720951398486535,"['donald | trump | president | day | tariff | economy | first | administration | price | chaos', 'teacher | appreciation | educator | thank | happy | student | day | future | shape | generation', 'business | small | economy | week | owner | backbone | job | tariff | smallbusinessweek | entrepreneur', 'america | president | make | american | joe | biden | border | promise | job | potus', 'month | heritage | aanhpi | american | asian | pacific | islander | celebrate | contribution | native', 'cut | health | medicaid | care | tax | program | budget | republicans | mental | family', 'day | prayer | national | nation | god | pray | thank | may | bless | honor', 'great | year | work | meet | student | congressional | office | discuss | art | school', 'security | social | benefit | bisignano | vote | frank | mike | johnson | senior | hegseth', 'fight | act | worker | protect | right | law | federal | stand | bill | house']"
2025-05-03,2025-05-10,7785,0.7859846654486456,0.21715777983282925,-2.144365963462149,0.9733333333333333,0.7650250743700151,"['donald | trump | president | tariff | administration | trade | american | deal | price | promise', 'pope | leo | xiv | first | american | catholic | church | world | god | may', 'business | small | week | economy | smallbusinessweek | owner | backbone | community | entrepreneur | job', 'teacher | appreciation | educator | thank | day | happy | student | week | teacherappreciationweek | shape', 'medicaid | cut | republicans | health | million | tax | care | budget | republican | americans', 'work | great | community | federal | support | public | meet | help | keep | discuss', 'gulf | america | rename | mexico | vote | house | bill | pass | codify | repmtg', 'nurse | care | thank | national | day | health | nationalnursesweek | compassion | happy | patient', 'military | spouse | honor | sacrifice | day | today | service | freedom | victory | strength', 'real | need | start | may | license | get | passport | fly | federal | visit']"
2025-05-06,2025-05-13,8214,0.8239376584871341,0.25223045986322523,-1.7515519645101922,0.9822222222222223,0.8092898778918073,"['work | federal | great | need | support | help | today | public | service | meet', 'mother | day | happy | mom | love | wish | incredible | wife | amazing | family', 'pope | leo | xiv | first | catholic | american | church | world | may | god', 'police | week | national | enforcement | officer | law | honor | thank | community | woman', 'donald | trump | president | administration | tariff | trade | deal | american | price | joe', 'business | small | week | economy | owner | smallbusinessweek | tariff | entrepreneur | backbone | community', 'edan | hostage | home | alexander | hamas | release | finally | captivity | hold | american', 'teacher | appreciation | educator | thank | student | day | shape | future | teacherappreciationweek | generation', 'gulf | america | rename | mexico | vote | bill | house | pass | make | codify', 'medicaid | cut | health | care | republicans | million | tax | americans | republican | budget']"
2025-05-09,2025-05-16,8413,0.7919773858060914,0.22426007876394838,-1.9419558862528767,0.9733333333333334,0.7708579888512623,"['medicaid | cut | republicans | million | republican | people | americans | healthcare | billionaire | tax', 'mother | day | happy | mom | love | wish | incredible | wife | amazing | across', 'police | week | officer | national | enforcement | law | honor | community | safe | man', 'donald | trump | president | administration | tariff | deal | price | american | corruption | border', 'edan | hostage | home | alexander | hamas | release | finally | captivity | hold | american', 'tax | bill | big | beautiful | one | deliver | waysandmeansgop | relief | pass | american', 'work | need | great | help | federal | act | make | support | congress | community', 'business | small | tariff | week | economy | owner | smallbusinessweek | family | local | entrepreneur', 'military | spouse | thank | sacrifice | strength | service | appreciation | honor | support | today', 'health | care | million | mental | americans | access | republicans | away | child | insurance']"
2025-05-12,2025-05-19,8400,0.7910236566244999,0.2133934333506025,-1.8662325583856867,0.9711111111111113,0.7681718620997923,"['tax | cut | billionaire | break | family | republican | republicans | food | pay | give', 'police | week | officer | national | enforcement | law | community | honor | safe | keep', 'donald | trump | president | tariff | administration | price | deal | american | america | foreign', 'joe | biden | president | family | recovery | cancer | pray | prayer | wish | strength', 'edan | hostage | home | alexander | hamas | release | captivity | finally | american | day', 'bill | big | beautiful | one | pass | deliver | get | committee | american | waysandmeansgop', 'woman | day | man | armed | force | serve | thank | sacrifice | brave | nation', 'work | need | support | help | great | make | community | act | federal | year', 'medicaid | cut | people | republicans | healthcare | fight | americans | republican | go | democrats', 'health | care | million | americans | republicans | away | kick | mental | insurance | budget']"
2025-05-15,2025-05-22,8548,0.8036638099184883,0.23337967386249528,-1.7583302316171836,0.9822222222222223,0.7893764532977152,"['republicans | health | medicaid | care | million | budget | people | republican | americans | food', 'biden | joe | president | cancer | family | recovery | diagnosis | wish | pray | strength', 'officer | police | law | enforcement | week | national | community | honor | safe | line', 'donald | trump | president | tariff | administration | price | america | agenda | first | people', 'big | bill | beautiful | one | pass | border | deliver | american | get | housegop', 'gerry | connolly | pass | family | friend | congressman | sadden | virginia | servant | public', 'day | armed | force | woman | man | serve | thank | sacrifice | nation | brave', 'work | need | support | great | help | community | make | act | federal | today', 'tax | cut | family | billionaire | break | give | increase | pay | taxis | american', 'congress | mciver | oversight | charge | stand | replamonica | intimidate | member | conduct | rep']"
2025-05-18,2025-05-25,8485,0.7431268297453483,0.21195239403684302,-2.005154864272323,0.9800000000000001,0.7282642931504414,"['big | beautiful | bill | one | pass | act | house | housegop | get | deliver', 'joe | biden | president | cancer | recovery | family | diagnosis | wish | pray | strength', 'jewish | israeli | embassy | violence | antisemitism | two | museum | capital | murder | victim', 'health | million | republicans | care | americans | food | medicaid | away | people | take', 'donald | trump | president | administration | congress | tariff | agenda | charge | intimidate | stand', 'gerry | connolly | pass | friend | congressman | family | sadden | virginia | colleague | public', 'work | thank | community | support | today | day | federal | great | service | need', 'tax | cut | family | billionaire | relief | tip | credit | break | taxis | business', 'republican | budget | party | statement | vote | bill | house | full | committee | reconciliation', 'american | border | energy | people | deliver | secure | unleash | security | america | promise']"
2025-05-21,2025-05-28,7149,0.7771104872314425,0.23184527594104426,-1.8305545244877355,0.9755555555555555,0.7581144530991183,"['big | beautiful | bill | one | pass | act | house | american | deliver | housegop', 'sacrifice | freedom | brave | man | remember | woman | ultimate | memorialday | honor | never', 'jewish | israeli | embassy | violence | antisemitism | two | capital | museum | murder | victim', 'health | care | republicans | million | food | americans | medicaid | cut | away | people', 'donald | trump | president | administration | america | vladimir | agenda | tariff | promise | american', 'gerry | connolly | pass | congressman | friend | family | sadden | virginia | colleague | public', 'tax | cut | family | tip | american | relief | credit | taxis | deliver | overtime', 'work | support | need | great | community | thank | federal | help | today | year', 'day | memorial | honor | hero | sacrifice | service | fall | veteran | give | nation', 'republican | statement | budget | party | vote | bill | house | full | passage | read']"
2025-05-24,2025-05-31,5511,0.7723508062597748,0.213976531264991,-1.9354503937046146,0.9555555555555555,0.7380241037593404,"['woman | man | brave | give | life | country | remember | today | freedom | honor', 'community | work | great | help | support | join | local | student | today | thank', 'donald | trump | president | tariff | court | administration | trade | business | america | vladimir', 'bill | big | beautiful | tax | one | pass | american | house | deliver | senate', 'border | patrol | thank | happy | secure | birthday | security | st | agent | protect', 'memorialday | sacrifice | ultimate | never | remember | freedom | forget | honor | make | courage', 'doge | elon | musk | government | waste | fraud | abuse | cut | codify | congress', 'care | health | cut | medicaid | food | republican | republicans | million | tax | people', 'biden | joe | american | president | people | administration | illegal | run | white | cover', 'day | memorial | sacrifice | honor | ultimate | never | freedom | make | forget | hero']"
2025-05-27,2025-06-03,5909,0.800986475338577,0.21778557352313727,-1.840308258643013,0.9822222222222223,0.7867467157770024,"['bill | big | beautiful | one | tax | american | pass | senate | act | deliver', 'attack | boulder | victim | jewish | antisemitism | violence | antisemitic | hate | colorado | must', 'work | community | great | help | federal | local | support | business | state | need', 'donald | trump | president | tariff | court | administration | trade | price | business | back', 'pride | month | happy | lgbtq | equality | fight | celebrate | pridemonth | community | love', 'border | patrol | secure | thank | protect | birthday | security | woman | agent | st', 'doge | elon | musk | government | waste | cut | fraud | abuse | codify | congress', 'care | cut | health | tax | medicaid | republican | republicans | food | million | americans', 'day | honor | memorial | veteran | sacrifice | service | freedom | country | ceremony | nation', 'joe | biden | illegal | american | administration | alien | president | country | criminal | people']"
2025-05-30,2025-06-06,7101,0.771161907831616,0.19900051337478625,-1.984590529480382,0.9711111111111113,0.748883897160925,"['health | care | million | tax | republicans | billionaire | cut | americans | republican | medicaid', 'attack | boulder | victim | jewish | antisemitism | antisemitic | violence | colorado | hate | must', 'work | help | great | service | community | support | thank | need | make | today', 'donald | trump | president | administration | ban | tariff | price | make | travel | people', 'pride | month | happy | lgbtq | equality | fight | community | celebrate | pridemonth | love', 'bill | big | beautiful | one | pass | tax | american | border | deliver | senate', 'cut | doge | waste | codify | government | congress | fraud | package | rescission | elon', 'joe | biden | illegal | border | alien | open | american | administration | country | criminal', 'chinese | communist | party | national | security | china | threat | stop | visa | american', 'business | small | tariff | economy | owner | support | local | tax | sba | act']"
2025-06-02,2025-06-09,7857,0.81005636642926,0.2480093130584816,-1.8315600255295394,0.9866666666666667,0.7992556148768699,"['health | care | million | tax | billionaire | republicans | republican | americans | cut | medicaid', 'normandy | beach | sacrifice | day | storm | freedom | today | ago | honor | year', 'attack | boulder | jewish | victim | antisemitism | antisemitic | colorado | hate | must | place', 'donald | trump | president | administration | ban | tariff | travel | price | job | musk', 'work | support | community | help | great | need | job | make | business | proud', 'bill | big | beautiful | one | tax | pass | deliver | american | border | history', 'eid | wish | mubarak | celebrate | adha | al | peace | bless | joy | reflection', 'gun | violence | wearorange | awareness | life | lose | day | gunviolenceawarenessmonth | safe | end', 'cut | doge | package | rescission | codify | congress | waste | billion | spending | government', 'joe | biden | illegal | border | alien | law | american | immigrant | ice | criminal']"
2025-06-05,2025-06-12,8145,0.7582324766429743,0.21960801380422126,-2.1045698464678373,0.9755555555555556,0.7396979049917016,"['health | care | tax | million | cut | billionaire | republicans | americans | republican | medicaid', 'normandy | beach | sacrifice | day | storm | freedom | today | ago | ally | honor', 'donald | trump | president | administration | ban | tariff | travel | guard | national | musk', 'work | community | great | support | help | make | need | family | meet | job', 'big | bill | beautiful | one | tax | deliver | cut | pass | border | large', 'eid | wish | mubarak | celebrate | adha | al | peace | bless | joy | reflection', 'law | enforcement | ice | illegal | order | criminal | riot | los | angeles | violent', 'gun | violence | wearorange | awareness | life | lose | day | safe | every | national', 'vote | house | american | election | people | pass | bill | citizen | act | democrats', 'joe | biden | energy | american | border | kamala | president | illegal | administration | potus']"
2025-06-08,2025-06-15,8911,0.805620135224806,0.23774349071165984,-1.962337753991242,0.9911111111111112,0.7984590673561411,"['work | great | community | year | make | care | support | health | congressional | today', 'birthday | happy | army | th | usarmy | thank | serve | woman | man | service', 'israel | iran | nuclear | weapon | stand | ally | defend | strike | right | pray', 'violence | minnesota | political | hoffman | hortman | family | melissa | john | state | pray', 'donald | trump | president | administration | guard | military | national | power | tariff | parade', 'law | enforcement | illegal | criminal | ice | order | riot | alien | violent | los', 'flag | day | symbol | freedom | american | star | nation | honor | stripe | happy', 'bill | big | beautiful | tax | one | cut | americans | deliver | get | large', 'senator | padilla | question | ask | administration | senalexpadilla | press | conference | united | sit', 'vote | cut | house | rescission | doge | billion | pass | package | taxpayer | spending']"
2025-06-11,2025-06-18,8690,0.787784299239492,0.227331895841272,-1.7818512576250725,0.9777777777777779,0.7702779814786145,"['work | community | year | great | congressional | make | proud | support | help | see', 'father | day | dad | happy | figure | wish | love | grandfather | great | across', 'israel | iran | nuclear | weapon | stand | ally | defend | right | strike | regime', 'birthday | army | happy | th | usarmy | thank | serve | woman | man | service', 'violence | minnesota | political | hoffman | hortman | family | melissa | john | state | pray', 'donald | trump | president | administration | birthday | america | first | military | put | make', 'bill | big | beautiful | one | tax | pass | deliver | american | family | border', 'flag | day | symbol | freedom | american | star | honor | nation | today | stripe', 'senator | padilla | question | administration | ask | senalexpadilla | stand | press | conference | united', 'cut | health | care | tax | republicans | vote | million | medicaid | people | house']"
2025-06-14,2025-06-21,6980,0.8478057300123367,0.2750816279310843,-1.5968185886909312,0.9822222222222223,0.8327336281454508,"['bill | big | beautiful | one | tax | cut | pass | family | deliver | american', 'father | day | dad | happy | figure | wish | love | grandfather | great | across', 'birthday | army | happy | th | usarmy | thank | serve | defend | service | man', 'violence | minnesota | political | hoffman | hortman | family | melissa | state | john | pray', 'donald | trump | president | america | first | administration | birthday | border | promise | put', 'job | texas | globe | august | myntxjob | employer | seeker | interested | fair | field', 'juneteenth | freedom | fight | today | celebrate | justice | equality | black | honor | emancipation', 'care | health | hospital | cut | community | medicaid | work | republicans | need | people', 'iran | israel | nuclear | weapon | war | must | not | can | regime | allow', 'flag | day | symbol | freedom | american | star | nation | honor | stripe | represent']"
2025-06-17,2025-06-24,6430,0.7940146763740416,0.2112943256533193,-1.7482073785978898,0.9800000000000001,0.7781343828465608,"['donald | trump | president | administration | promise | america | make | stand | border | american', 'bill | big | beautiful | one | tax | pass | family | deliver | american | america', 'juneteenth | freedom | today | celebrate | fight | justice | equality | day | black | honor', 'job | texas | myntxjob | employer | august | seeker | globe | interested | participate | field', 'iran | nuclear | weapon | strike | statement | israel | not | can | iranian | world', 'child | court | right | supreme | protect | decision | gender | ban | minor | state', 'community | work | help | great | need | new | service | federal | support | office', 'cut | care | health | republicans | medicaid | tax | billionaire | hospital | million | republican', 'war | congress | another | power | east | middle | must | american | resolution | we', 'peace | strength | god | bless | america | thank | president | potus | world | troop']"
2025-06-20,2025-06-27,7882,0.7615582896586464,0.17419010259374867,-1.8133026193947455,0.9666666666666666,0.7361730133366914,"['donald | trump | president | administration | america | make | promise | action | stand | world', 'iran | nuclear | strike | statement | weapon | military | israel | action | iranian | world', 'woman | right | reproductive | abortion | roe | year | decision | overturn | three | court', 'work | community | support | veteran | great | help | service | family | federal | thank', 'peace | strength | thank | potus | president | world | god | leadership | realdonaldtrump | america', 'big | bill | beautiful | one | tax | deliver | pass | family | cut | american', 'care | health | medicaid | republicans | cut | million | get | americans | people | republican', 'equality | marriage | obergefell | love | today | hodge | lgbtq | court | year | fight', 'war | congress | american | people | middle | east | power | another | must | without', 'border | security | joe | biden | national | energy | illegal | secure | america | open']"
2025-06-23,2025-06-30,8530,0.7426542225958234,0.1818908776641076,-2.1044360864155944,0.9777777777777779,0.7261507954270273,"['big | bill | beautiful | one | pass | deliver | american | energy | america | win', 'woman | right | reproductive | roe | year | abortion | overturn | three | decision | wade', 'donald | trump | president | administration | america | people | back | biden | joe | policy', 'care | health | republicans | medicaid | million | people | republican | americans | get | bill', 'security | support | work | veteran | community | help | house | great | make | service', 'peace | strength | potus | thank | president | world | leadership | nobel | prize | realdonaldtrump', 'tax | cut | family | large | work | history | relief | american | deliver | business', 'court | supreme | judge | win | rule | citizenship | decision | parenthood | birthright | plan', 'equality | marriage | love | obergefell | year | today | fight | lgbtq | hodge | celebrate', 'iran | nuclear | war | strike | israel | congress | military | east | weapon | middle']"
2025-06-26,2025-07-03,9039,0.7020382783350613,0.13761512022623165,-2.299460046377544,0.9733333333333334,0.6833172575794597,"['beautiful | big | one | bill | deliver | pass | business | small | act | america', 'care | health | million | americans | lose | away | people | food | take | kick', 'work | community | family | make | great | support | thank | help | keep | service', 'donald | trump | president | administration | agenda | promise | congress | iran | power | policy', 'tax | cut | large | family | history | work | tip | billionaire | relief | increase', 'court | supreme | right | decision | today | equality | rule | marriage | judge | parenthood', 'vote | bill | republicans | ugly | senate | house | big | republican | billionaire | back', 'american | border | get | people | let | secure | deliver | do | pass | potus', 'medicaid | cut | snap | protect | illegal | program | state | republicans | hospital | benefit', 'energy | cost | job | clean | price | low | unleash | solar | raise | bill']"
2025-06-29,2025-07-06,8804,0.7141488453302144,0.15259272730299392,-1.9823310067093398,0.9444444444444444,0.6744739094785358,"['beautiful | one | big | bill | pass | deliver | america | desk | potus | president', 'health | care | million | americans | lose | away | food | billionaire | people | republicans', 'happy | day | independence | july | celebrate | freedom | th | today | america | nation', 'tax | cut | large | history | tip | family | relief | overtime | increase | class', 'donald | trump | president | promise | agenda | desk | make | sign | get | law', 'work | family | make | keep | energy | community | support | help | job | get', 'ugly | bill | house | republicans | big | fight | senate | floor | party | pass', 'american | people | deliver | history | large | promise | win | make | agenda | time', 'vote | republican | yes | budget | statement | bill | hell | today | amendment | full', 'medicaid | cut | snap | protect | hospital | program | rural | amendment | republicans | would']"
2025-07-02,2025-07-09,7413,0.738824752380348,0.17335085538711376,-2.1118605352707007,0.9644444444444445,0.712555427851269,"['beautiful | one | big | bill | pass | america | deliver | desk | passage | statement', 'happy | independence | day | july | celebrate | freedom | th | today | america | nation', 'care | health | million | food | americans | lose | medicaid | away | cut | assistance', 'texas | responder | flood | first | pray | family | life | love | heart | prayer', 'tax | cut | large | history | family | tip | business | relief | increase | overtime', 'donald | trump | president | agenda | sign | administration | desk | tariff | pass | law', 'house | ugly | republicans | bill | floor | fight | big | stand | democratic | repjeffrie', 'border | security | secure | law | work | need | protect | support | energy | agent', 'american | people | promise | make | deliver | keep | history | win | potus | large', 'vote | republican | statement | bill | budget | yes | hell | full | ugly | today']"
2025-07-05,2025-07-12,6069,0.7352168170472291,0.18326384087058162,-2.3977443465161814,0.9777777777777779,0.7188786655572907,"['big | beautiful | bill | one | deliver | win | law | promise | president | historic', 'texas | responder | flood | first | pray | family | love | heart | life | lose', 'care | health | medicaid | republicans | million | cut | hospital | people | americans | rural', 'donald | trump | president | tariff | administration | promise | vladimir | trade | school | ukraine', 'community | work | thank | great | today | th | day | join | fight | support', 'law | ice | border | agent | enforcement | officer | patrol | attack | violence | safe', 'tax | cut | family | large | history | business | tip | relief | small | work', 'american | america | energy | security | national | first | foreign | people | farmland | china', 'federal | help | agency | need | office | emergency | management | team | service | disaster', 'biden | joe | doctor | connor | plead | decline | fifth | kevin | people | question']"
2025-07-08,2025-07-15,6393,0.694910987188899,0.1430279290494129,-2.9911118188666355,0.9711111111111113,0.6748357808923309,"['ice | law | agent | enforcement | border | officer | illegal | attack | criminal | democrats', 'big | bill | beautiful | one | deliver | win | america | energy | promise | border', 'donald | trump | president | tariff | administration | promise | vladimir | education | trade | school', 'care | health | medicaid | cut | republicans | hospital | million | republican | americans | rural', 'federal | emergency | agency | management | texas | flood | disaster | need | rescue | noem', 'year | fight | ago | president | today | attempt | god | one | america | assassination', 'national | security | defense | act | authorization | american | america | fy | energy | farmland', 'tax | family | cut | large | tip | credit | history | relief | business | work', 'joe | biden | american | border | people | doctor | autopen | connor | plead | cover', 'community | work | help | support | office | join | thank | local | state | county']"
2025-07-11,2025-07-18,7558,0.7588781343034858,0.18839512952825066,-2.306913308232916,0.9755555555555556,0.7403277799094007,"['donald | trump | president | administration | america | attempt | year | ago | god | assassination', 'defense | national | authorization | fy | act | military | hascrepublican | security | america | committee', 'file | epstein | release | hide | republicans | deserve | transparency | block | people | house', 'tariff | cost | american | price | make | family | inflation | people | promise | energy', 'big | bill | beautiful | one | tax | deliver | family | win | ugly | tip', 'community | work | federal | support | help | today | thank | year | need | continue', 'vote | floor | house | procedural | gavel | majority | previous | democrat | debate | defeat', 'fentanyl | law | halt | sign | act | enforcement | drug | potus | border | crisis', 'cut | health | care | republicans | public | rescission | million | broadcasting | medicaid | rural', 'act | digital | crypto | clarity | asset | genius | pass | cbdc | america | innovation']"
2025-07-14,2025-07-21,8020,0.7596392272457565,0.19448061760479834,-2.1703322543574575,0.9777777777777779,0.7427583555291842,"['joe | biden | border | president | illegal | autopen | american | fifth | criminal | secure', 'donald | trump | president | tariff | price | administration | cost | inflation | promise | make', 'file | epstein | release | hide | republicans | deserve | transparency | people | block | american', 'cut | rescission | public | package | republicans | billion | pass | npr | taxpayer | broadcasting', 'bill | big | beautiful | one | tax | family | cut | deliver | win | care', 'work | community | support | family | help | year | need | fight | today | great', 'defense | national | authorization | fy | act | military | security | appropriation | pass | america', 'fentanyl | law | halt | sign | act | drug | enforcement | potus | save | deadly', 'act | digital | crypto | genius | clarity | asset | cbdc | innovation | america | surveillance', 'vote | floor | house | procedural | gavel | debate | previous | majority | defeat | democrat']"
2025-07-17,2025-07-24,7578,0.7207659622533666,0.15535343514660002,-2.329930948606475,0.96,0.691935323763232,"['work | help | community | federal | office | support | fight | great | service | today', 'file | release | epstein | republicans | house | vote | hide | truth | transparency | deserve', 'donald | trump | president | administration | tariff | price | try | russia | obama | know', 'health | care | tax | cut | republicans | billionaire | americans | cost | medicaid | million', 'bill | big | beautiful | one | celebrate | tax | white | house | deliver | family', 'cut | public | vote | rescission | billion | package | republicans | broadcasting | npr | fund', 'act | digital | pass | crypto | asset | genius | defense | house | clarity | innovation', 'american | promise | america | make | people | potus | border | president | deliver | joe', 'johnson | mike | speaker | house | vote | epstein | shut | september | send | early', 'law | fentanyl | enforcement | sign | halt | act | drug | illegal | ice | criminal']"
2025-07-20,2025-07-27,6821,0.7072210340844309,0.1530061965323531,-2.4650890008623128,0.9733333333333333,0.688361806508846,"['great | work | community | america | support | act | thank | make | today | proud', 'file | release | epstein | republicans | vote | house | shut | truth | congress | hide', 'donald | trump | president | administration | tariff | promise | lie | price | america | trade', 'bill | big | beautiful | one | tax | deliver | family | business | house | small', 'health | care | cut | republicans | tax | medicaid | americans | million | insurance | billionaire', 'mike | johnson | speaker | vote | house | epstein | shut | september | send | early', 'school | education | fund | student | funding | release | administration | public | billion | program', 'people | joe | biden | illegal | american | law | must | gaza | aid | alien', 'federal | agency | office | help | town | hall | pm | emergency | service | management', 'wage | minimum | raise | cost | year | worker | increase | time | federal | since']"
2025-07-23,2025-07-30,6638,0.7413096367902405,0.17175274388324985,-2.335247022288928,0.9866666666666667,0.731425508299704,"['donald | trump | president | administration | lie | say | tariff | promise | know | nominee', 'file | epstein | release | republicans | vote | house | johnson | mike | truth | congress', 'service | community | today | work | great | veteran | help | thank | support | honor', 'bill | big | beautiful | one | tax | family | deliver | house | business | small', 'care | health | cut | republicans | medicaid | americans | access | million | people | plan', 'gaza | aid | humanitarian | must | food | israel | crisis | starvation | end | starve', 'school | education | fund | student | funding | release | administration | public | billion | teacher', 'trade | deal | american | america | energy | potus | president | first | win | eu', 'wage | minimum | raise | cost | year | federal | worker | increase | since | price', 'law | officer | act | enforcement | illegal | life | violence | family | victim | new']"
2025-07-26,2025-08-02,6648,0.7305958231118246,0.16308797407831638,-2.3831277717555914,0.9888888888888889,0.7224780917439154,"['donald | trump | president | tariff | administration | job | price | fire | economy | report', 'care | medicaid | health | medicare | million | cut | americans | republicans | year | access', 'community | support | work | great | help | local | school | federal | need | business', 'bill | big | beautiful | one | tax | family | deliver | cut | ugly | relief', 'gaza | humanitarian | aid | must | crisis | israel | hamas | statement | food | hostage', 'american | america | trade | deal | energy | president | first | potus | economy | eu', 'intern | day | thank | happy | office | national | summer | nationalinternday | work | hard', 'file | epstein | release | vote | republicans | house | senate | people | cover | get', 'security | social | privatize | benefit | senior | say | loud | part | quiet | secretary', 'law | act | officer | life | war | korean | today | honor | violence | enforcement']"
2025-07-29,2025-08-05,6509,0.7439318683528784,0.19483426556605182,-2.0220137959069096,0.9822222222222223,0.730706412915494,"['senate | vote | file | democrats | republicans | epstein | release | people | nominee | american', 'birthday | happy | coast | guard | uscg | th | thank | man | woman | protect', 'care | medicaid | health | medicare | million | cut | americans | year | program | republicans', 'donald | trump | president | administration | tariff | lie | fire | promise | go | deal', 'bill | big | beautiful | one | tax | deliver | family | win | american | ugly', 'intern | day | thank | office | summer | work | national | nationalinternday | hard | serve', 'security | social | privatize | benefit | senior | say | loud | quiet | part | earn', 'community | support | new | join | local | great | work | family | help | federal', 'gaza | humanitarian | aid | hamas | must | israel | hostage | food | end | crisis', 'job | economy | tariff | business | american | report | america | cost | price | policy']"
2025-08-01,2025-08-08,5881,0.7540543130281028,0.20661966672781512,-1.7418043185517753,0.9822222222222223,0.7406489030187143,"['community | great | work | local | night | thank | safe | keep | national | support', 'purple | heart | sacrifice | honor | day | wound | nation | freedom | service | today', 'donald | trump | president | promise | administration | people | america | american | go | make', 'birthday | happy | coast | guard | uscg | th | thank | protect | shore | man', 'right | voting | act | vote | fight | year | democracy | today | law | protect', 'big | bill | beautiful | one | tax | deliver | border | american | win | family', 'care | veteran | health | va | cut | medicaid | access | deserve | hospital | center', 'job | economy | tariff | business | report | cost | price | fire | small | family', 'federal | help | office | need | agency | security | social | service | house | team', 'stewart | fort | pray | soldier | shoot | first | georgia | responder | victim | family']"
2025-08-04,2025-08-11,5614,0.7559048807749328,0.2008537664825143,-1.7849905521378246,0.9800000000000001,0.7407867831594342,"['community | local | work | great | night | support | thank | national | join | leader', 'purple | heart | sacrifice | honor | wound | day | nation | freedom | service | today', 'birthday | happy | coast | guard | uscg | th | thank | protect | shore | man', 'right | voting | act | vote | fight | year | today | democracy | law | ago', 'donald | trump | president | tariff | cost | administration | price | job | republicans | business', 'veteran | care | va | health | worker | benefit | union | cut | serve | deserve', 'big | bill | beautiful | one | tax | family | cut | deliver | tip | business', 'america | make | promise | american | first | border | day | keep | illegal | president', 'federal | help | need | agency | office | service | security | house | social | team', 'stewart | fort | pray | soldier | shoot | responder | georgia | victim | family | first']"
2025-08-07,2025-08-14,5580,0.7331091193591447,0.16043847231429817,-2.36565178265698,0.9844444444444445,0.7217051997246691,"['donald | trump | president | administration | vladimir | epstein | file | try | americans | putin', 'purple | heart | sacrifice | honor | day | wound | service | today | freedom | woman', 'community | work | great | help | local | join | federal | thank | support | team', 'veteran | va | worker | union | care | benefit | serve | employee | fight | attack', 'safe | capital | crime | dc | nation | law | make | order | washington | restore', 'bill | big | beautiful | one | tax | deliver | business | win | small | border', 'tariff | business | price | small | cost | family | pay | economy | high | taxis', 'care | health | tax | cut | republicans | family | medicaid | americans | million | break', 'america | american | first | energy | border | people | act | job | illegal | secure', 'school | student | year | back | wish | teacher | kid | parent | new | education']"
2025-08-10,2025-08-17,5504,0.7039315880693284,0.15934308807207476,-2.1775290888893037,0.9822222222222223,0.6914172487258737,"['community | great | work | help | join | federal | local | need | thank | support', 'social | security | benefit | senior | protect | earn | year | hard | today | americans', 'donald | trump | president | administration | back | americans | epstein | file | republicans | release', 'vladimir | putin | ukraine | war | peace | russia | end | meeting | summit | ukrainian', 'big | bill | beautiful | one | tax | deliver | win | cut | ugly | senior', 'make | safe | america | promise | keep | potus | president | border | thank | first', 'care | health | veteran | va | cut | medicaid | fight | benefit | act | deserve', 'school | student | year | wish | teacher | parent | back | kid | new | child', 'business | tariff | price | small | cost | family | inflation | pay | economy | low', 'crime | dc | capital | law | nation | order | washington | city | police | restore']"
2025-08-13,2025-08-20,5466,0.696370825533373,0.156591638710318,-2.374261046141903,0.9844444444444445,0.6855383904695206,"['donald | trump | president | peace | administration | tariff | american | price | ukraine | republicans', 'social | security | benefit | senior | protect | earn | year | hard | today | americans', 'vladimir | putin | ukraine | war | peace | russia | end | meeting | strength | summit', 'community | work | great | help | federal | local | support | need | visit | county', 'big | bill | beautiful | one | tax | business | deliver | win | small | american', 'care | health | cut | medicaid | veteran | republicans | va | healthcare | ugly | access', 'school | cost | family | price | tariff | back | student | year | high | parent', 'vote | right | woman | mail | amendment | th | election | voting | fight | ballot', 'hall | town | join | pm | august | house | rsvp | question | host | hear', 'law | safe | dc | make | crime | capital | america | nation | illegal | border']"
2025-08-16,2025-08-23,5426,0.7074854936331472,0.16503351094757124,-2.347965019866593,0.9755555555555556,0.6901914037887814,"['cost | energy | price | tariff | family | low | pay | clean | rise | high', 'vladimir | putin | ukraine | war | russia | peace | donald | end | trump | volodymyr', 'community | work | great | local | support | thank | keep | make | county | safe', 'big | bill | beautiful | one | tax | deliver | win | cut | business | small', 'school | back | student | year | teacher | high | supply | family | kid | parent', 'care | health | cut | medicaid | tax | republicans | access | family | ugly | food', 'vote | mail | right | woman | voting | election | fight | ballot | th | amendment', 'hall | town | join | hear | question | rsvp | thank | night | pm | last', 'donald | trump | president | peace | administration | law | make | america | american | people', 'federal | help | office | agency | need | security | social | team | service | call']"
2025-08-19,2025-08-26,5339,0.710194296288831,0.16183312080352683,-2.5730265078164805,0.9799999999999999,0.6959904103630543,"['care | health | cut | medicaid | republicans | tax | access | hospital | senior | billionaire', 'donald | trump | president | administration | tariff | mail | peace | american | people | try', 'big | bill | beautiful | one | tax | cut | business | taxis | small | family', 'school | student | back | year | high | supply | family | kid | teacher | education', 'community | work | great | support | local | business | meet | county | keep | proud', 'vladimir | putin | ukraine | peace | war | russia | ukrainian | end | volodymyr | strength', 'law | safe | make | crime | dc | order | president | nation | capital | america', 'federal | help | agency | office | need | team | emergency | management | get | house', 'energy | cost | price | tariff | family | clean | low | pay | solar | job', 'hall | town | thank | hear | join | question | pm | come | night | rsvp']"
2025-08-22,2025-08-29,5429,0.7822957316363741,0.2350786514109553,-1.9520477864466046,0.9800000000000001,0.7666498170036466,"['donald | trump | president | price | crime | cost | tariff | make | reserve | americans', 'school | minneapolis | catholic | annunciation | family | child | victim | pray | violence | shooting', 'work | great | community | thank | support | new | make | see | county | keep', 'never | sacrifice | forget | gate | abbey | four | service | afghanistan | year | ago', 'woman | equality | right | fight | day | vote | amendment | equal | th | continue', 'bill | big | beautiful | one | tax | family | cut | energy | taxis | money', 'care | health | cut | medicaid | access | hospital | republicans | need | rural | provider', 'federal | agency | emergency | management | help | office | disaster | need | reserve | fire', 'business | small | tariff | owner | local | economy | support | thrive | price | cost', 'and | disease | centers | for | prevention | control | rfk | jr | public | vaccine']"
2025-08-25,2025-09-01,5472,0.7747132478712977,0.24168343870024053,-1.903701714741035,0.9911111111111112,0.7678269078902196,"['community | work | great | support | business | local | county | new | keep | need', 'school | minneapolis | catholic | annunciation | family | child | victim | pray | violence | shooting', 'never | sacrifice | forget | gate | abbey | four | service | year | afghanistan | ago', 'donald | trump | president | reserve | tariff | cook | make | crime | fire | administration', 'woman | equality | right | fight | day | vote | amendment | th | equal | today', 'disease | and | for | centers | prevention | control | health | rfk | jr | vaccine', 'agency | federal | emergency | management | disaster | help | katrina | hurricane | office | need', 'bill | big | tax | care | cut | beautiful | one | health | family | republicans', 'energy | price | day | labor | gas | low | american | weekend | cost | unleash', 'hall | town | thank | everyone | speak | attend | constituent | week | join | come']"
2025-08-28,2025-09-04,5434,0.7678449031163995,0.22024355615773167,-1.9766986021988546,0.9777777777777779,0.7507816830471462,"['community | work | thank | support | help | school | federal | great | local | need', 'day | labor | happy | hardworke | woman | man | nation | america | country | wish', 'file | epstein | release | sign | deserve | petition | discharge | truth | force | survivor', 'donald | trump | president | administration | tariff | crime | law | federal | illegal | court', 'disease | and | control | for | centers | prevention | rfk | health | jr | vaccine', 'tax | bill | big | cut | family | beautiful | tip | one | work | money', 'worker | union | fight | wage | labor | right | work | laborday | fair | stand', 'today | honor | year | freedom | world | end | sacrifice | march | ago | war', 'care | health | cut | access | million | medicaid | need | child | medicare | republicans', 'energy | price | gas | low | cost | american | year | weekend | unleash | family']"
2025-08-31,2025-09-07,5970,0.7635494831367654,0.21311141160314087,-1.9872161570600728,0.9800000000000001,0.7482784934740302,"['community | federal | support | work | help | congress | service | need | thank | back', 'day | labor | happy | hardworke | man | woman | nation | america | today | wish', 'file | epstein | release | sign | deserve | petition | discharge | survivor | justice | truth', 'donald | trump | president | administration | make | crime | guard | democrats | tariff | illegal', 'tax | family | cut | work | tip | big | bill | deliver | americans | money', 'health | rfk | jr | disease | resign | and | prevention | control | centers | for', 'energy | bill | water | pass | house | american | america | security | appropriation | clean', 'job | economy | report | tariff | unemployment | business | cost | since | rise | bad', 'worker | union | fight | labor | wage | right | laborday | work | fair | honor', 'today | war | world | end | honor | sacrifice | great | freedom | year | japan']"
2025-09-03,2025-09-10,6943,0.7165588708626822,0.15845853146861577,-2.3226437098477635,0.9800000000000001,0.7022276934454287,"['community | service | great | help | federal | day | support | work | today | thank', 'file | release | epstein | sign | deserve | petition | survivor | discharge | truth | justice', 'donald | trump | president | administration | make | tariff | say | lie | price | war', 'tax | family | cut | work | tip | deliver | americans | money | credit | big', 'health | rfk | jr | care | resign | vaccine | john | disease | and | prevention', 'energy | bill | water | house | pass | cost | appropriation | american | big | republicans', 'job | economy | report | tariff | unemployment | since | business | bad | cost | policy', 'crime | law | people | democrats | criminal | safe | american | city | america | violent', 'biden | joe | border | pardon | president | administration | kamala | child | house | white', 'act | national | defense | authorization | fy | military | security | congress | amendment | war']"
2025-09-06,2025-09-13,7464,0.74479824964611,0.18269875411733955,-2.2477097903225767,0.9800000000000001,0.7299022846531878,"['kirk | charlie | family | prayer | pray | young | love | assassination | may | wife', 'lose | forget | life | never | remember | responder | honor | first | september | today', 'donald | trump | president | economy | job | tariff | administration | price | vladimir | american', 'community | work | great | thank | make | law | keep | service | school | safe', 'violence | political | place | country | must | thought | condemn | gun | never | america', 'defense | national | authorization | act | fy | military | house | vote | pass | statement', 'file | release | epstein | lie | house | birthday | cover | deserve | full | vote', 'health | care | tax | cut | cost | republicans | family | bill | work | americans', 'pray | please | join | family | charliekirk | utah | university | event | valley | academy', 'suicide | help | prevention | one | call | need | day | text | crisis | love']"
2025-09-09,2025-09-16,7335,0.758771996942211,0.21452637992528562,-2.080372867429966,0.9777777777777779,0.7419103970101619,"['kirk | charlie | family | prayer | pray | young | love | assassination | may | god', 'lose | forget | life | never | remember | responder | honor | first | september | today', 'work | community | support | help | thank | great | service | need | meet | federal', 'donald | trump | president | tariff | price | economy | administration | vladimir | job | cost', 'violence | political | place | country | must | condemn | thought | never | gun | acceptable', 'defense | national | authorization | act | fy | military | house | pass | vote | statement', 'hispanic | month | heritage | celebrate | contribution | community | culture | happy | latino | history', 'health | care | cost | tax | cut | republicans | premium | family | affordable | americans', 'pray | please | join | family | charliekirk | utah | university | event | valley | kirk', 'law | people | crime | release | american | must | house | epstein | democrats | file']"
2025-09-12,2025-09-19,7298,0.7900879705613942,0.2667013086018563,-2.018379399451836,0.9866666666666667,0.7795534642872424,"['work | family | support | community | bill | need | week | act | thank | keep', 'kirk | charlie | legacy | assassination | honor | violence | life | political | god | family', 'birthday | happy | air | usairforce | force | th | thank | sky | woman | brave', 'donald | trump | president | tariff | price | republicans | administration | speech | american | say', 'hispanic | month | heritage | contribution | community | celebrate | culture | latino | history | rich', 'constitution | day | freedom | sign | today | document | liberty | right | found | defend', 'care | health | tax | affordable | cost | premium | credit | republicans | million | americans', 'vote | registration | voter | register | voice | national | day | make | today | nationalvoterregistrationday', 'app | challenge | congressional | student | nationalappchallengeday | school | october | high | submit | middle', 'federal | investigation | bureau | of | patel | kash | director | epstein | biden | joe']"
2025-09-15,2025-09-22,7832,0.8333813143916823,0.27466297278888924,-1.780844455937268,0.9888888888888889,0.8241215220095525,"['care | health | affordable | cost | premium | republicans | million | tax | credit | americans', 'kirk | charlie | legacy | honor | resolution | life | violence | political | assassination | condemn', 'work | family | support | community | need | help | make | thank | week | act', 'donald | trump | president | tariff | speech | administration | free | federal | kimmel | price', 'hispanic | month | heritage | contribution | community | celebrate | culture | latino | history | happy', 'birthday | happy | air | usairforce | force | th | thank | sky | woman | man', 'constitution | day | freedom | sign | right | today | document | liberty | defend | found', 'never | forget | miss | pow | mia | recognition | prisoner | war | honor | action', 'vote | government | democrats | shutdown | house | republicans | open | keep | bill | statement', 'app | challenge | congressional | student | nationalappchallengeday | school | october | high | submit | middle']"
