start_date,end_date,num_docs,cv,npmi,umass,diversity,tq,topics,topic_doc_counts
2024-09-26 00:00:01,2024-10-03 00:00:01,5653,0.3870372228321121,-0.34847284773980486,-11.62195083243898,0.9115853658536586,0.35254678321998795,"['hurricane | disaster | flooding | storm | emergency | helene | aid | survivors | crisis | fema', 'immigrants | border | harris | criminals | bipartisan | citizens | congressional | terrorist | terrorists | kamala', 'students | schools | academy | honored | education | school | district | residents | visit | meeting', 'israel | israeli | iran | iranian | hamas | hezbollah | lebanon | terrorists | terrorist | terrorism', 'congress | congressional | legislation | bipartisan | senate | bill | federal | policies | funding | democrats', 'funding | infrastructure | aid | benefits | fema | million | efforts | congress | investment | federal', 'veterans | honored | honor | military | dedication | survivors | celebrating | grateful | serve | civilians', 'celebrating | honored | celebrate | honor | visit | birthday | congratulations | october | going | grateful', 'hashanah | celebrating | celebrate | rosh | shana | peace | prayers | honor | wishing | honored', 'terrorists | security | accountable | terrorism | enforcement | congressional | protecting | trump | terrorist | president', 'lands | state | states | washington | flooding | fema | farmers | celebrating | florida | tennessee', 'hezbollah | lebanon | hamas | nasrallah | israel | israeli | terrorist | terrorists | terrorism | iran', 'gun | violence | protecting | safety | safer | protect | enforcement | policy | survivors | legislation', 'birthday | carter | celebrating | celebrate | president | honored | day | congratulations | happy | honor', 'congress | farmers | congressional | legislation | funding | infrastructure | bill | policies | meeting | policy', 'funding | energy | infrastructure | economy | policies | economic | policy | legislation | benefits | congress', 'abortion | reproductive | rights | freedom | policy | policies | bipartisan | legislation | democrats | republicans', 'assistance | federal | contact | department | district | county | services | service | admin | residents', 'iran | israel | iranian | hamas | israeli | hezbollah | bipartisan | terrorists | biden | terrorist', 'prayers | israel | israeli | praying | pray | hamas | iran | hezbollah | peace | lebanon', 'celebrating | celebrate | honored | honor | immigrants | birthday | citizens | congressional | october | proud', 'honor | gold | veterans | honored | families | family | celebrating | star | dedication | sacrifice', 'academy | apply | schools | october | congressional | students | district | may | congress | act', 'election | vote | congressional | democrats | bipartisan | senate | democracy | republicans | voted | congress', 'biden | bipartisan | terrorism | war | trump | hamas | democracy | democrats | leaders | terrorists', 'bipartisan | costs | policies | funding | affordable | democrats | republicans | congressional | cost | benefits', 'veterans | legislation | honored | benefits | military | congressional | honor | bill | aid | recovery', 'tonight | today | morning | watch | on | night | around | doing | live | going', 'businesses | business | industry | farmers | services | visit | communities | farm | economy | residents', 'farmers | farm | congress | funding | bill | congressional | bipartisan | senate | legislation | infrastructure', 'trump | condemn | accountable | supporting | immigrants | governor | citizens | terror | responders | what', 'celebrate | tonight | go | going | celebrating | team | we | won | keep | continues', 'enforcement | congress | policies | accountable | policy | protecting | security | congressional | protect | bipartisan', 'families | funding | children | benefits | policies | aid | family | support | bipartisan | congressional', 'inflation | economy | economic | costs | dollars | prices | funding | affordable | cost | bill', 'strike | workers | immigrants | infrastructure | biden | economy | congress | congressional | serve | border', 'governor | bipartisan | congressional | carter | bill | republicans | news | election | trump | democrats', 'ukraine | bipartisan | czar | hamas | war | iran | hezbollah | regime | ally | terrorism', 'israel | iran | israeli | iranian | condemn | hezbollah | hamas | defend | terrorists | terrorist', 'cancer | october | month | celebrating | celebrate | health | abortion | reminder | awareness | birthday', 'tax | economy | economic | trump | inflation | congress | bipartisan | congressional | federal | funding']","[697, 346, 220, 211, 204, 188, 171, 164, 160, 144, 139, 136, 129, 125, 120, 119, 113, 103, 101, 100, 98, 95, 94, 88, 86, 85, 82, 76, 75, 73, 72, 65, 64, 64, 63, 63, 57, 57, 56, 53, 50]"
2024-09-29 00:00:01,2024-10-06 00:00:01,5526,0.38627854930172134,-0.2799036108958312,-11.004371400174024,0.9169287696577244,0.3544319999586471,"['hurricane | helene | disaster | storm | survivors | victims | devastating | prayers | emergency | crisis', 'funding | infrastructure | fema | benefits | housing | aid | congress | funds | efforts | congressional', 'hashanah | celebrating | celebrate | shanah | rosh | shana | peace | prayers | wishing | joy', 'immigrants | border | citizens | harris | bipartisan | congressional | terrorist | enforcement | congress | terror', 'israel | israeli | iran | iranian | hamas | hezbollah | lebanon | terrorist | ally | missile', 'biden | bipartisan | election | democrats | trump | harris | congressional | president | leaders | republicans', 'celebrating | celebrate | honored | event | visit | congratulations | honor | park | birthday | october', 'fema | hurricane | disaster | assistance | aid | emergency | impacted | relief | storm | florida', 'hurricane | aid | survivors | responders | disaster | honored | veterans | efforts | helene | storm', 'fema | funding | congressional | immigrants | congress | aid | citizens | federal | bill | hurricane', 'students | academy | school | honored | teachers | education | celebrating | congratulations | honor | district', 'manufacturing | industry | businesses | economy | infrastructure | business | jobs | farmers | states | america', 'veterans | honored | honor | military | survivors | service | serve | dedication | victims | care', 'birthday | carter | celebrating | celebrate | president | honored | day | honor | congratulations | happy', 'fema | infrastructure | fire | policies | funding | policy | congress | federal | legislation | congressional', 'strike | workers | congress | congressional | infrastructure | immigrants | economy | biden | benefits | efforts', 'funding | energy | economy | infrastructure | economic | benefits | investment | policies | policy | industry', 'iran | israel | iranian | israeli | hamas | hezbollah | biden | bipartisan | terrorist | ally', 'prayers | israel | israeli | praying | pray | hamas | iran | hezbollah | peace | lebanon', 'farmers | farm | funding | congress | bipartisan | rural | bill | legislation | congressional | senate', 'economy | jobs | economic | inflation | businesses | immigrants | industry | workers | bipartisan | growth', 'security | enforcement | president | congressional | attacks | fema | trump | congress | protect | secure', 'rights | legislation | enforcement | bipartisan | freedom | court | congressional | congress | law | protect', 'healthcare | visit | health | aid | care | seniors | providing | funding | community | benefits', 'celebrating | celebrate | honored | honor | birthday | immigrants | may | community | october | proud', 'honor | veterans | gold | honored | celebrating | families | family | star | dedication | sacrifice', 'cancer | breast | october | month | celebrating | celebrate | healthcare | event | birthday | awareness', 'healthcare | costs | funding | affordable | inflation | policies | bipartisan | benefits | seniors | policy', 'federal | assistance | district | department | office | residents | admin | washington | may | service', 'nc | county | counties | carolina | tennessee | georgia | north | district | rural | washington', 'fema | congressional | trump | bipartisan | congress | policies | plan | democrats | funding | republicans', 'nc | carolina | north | hurricane | aid | tennessee | survivors | south | military | efforts', 'hurricane | disaster | aid | governor | relief | funding | responders | emergency | efforts | congress', 'hezbollah | hamas | lebanon | israel | israeli | terrorist | iran | terror | iranian | peace', 'bipartisan | rights | republicans | democrats | policy | legislation | policies | fema | freedom | healthcare', 'congratulations | tonight | celebrate | team | carolina | celebrating | won | joy | we | go', 'teachers | students | education | honored | celebrating | happy | school | glad | grateful | day', 'funding | congress | congressional | senate | bipartisan | economy | federal | bill | legislation | inflation', 'academy | apply | district | veterans | may | october | serve | honored | congressional | in', 'read | following | more | statement | report | see | learn | below | hear | about', 'israel | iran | israeli | iranian | hezbollah | defend | hamas | terrorist | lebanon | missile', 'congress | congressional | enforcement | security | policy | policies | bipartisan | secure | foreign | us', 'survivors | violence | victims | safety | protect | disaster | fema | impact | policy | crisis', 'families | children | funding | bipartisan | policies | congressional | family | healthcare | benefits | policy', 'honored | governor | him | vital | bill | deserve | who | loved | devastating | joe', 'walz | governor | bipartisan | carter | news | bill | republicans | congressional | election | democrats', 'election | vote | congressional | democrats | citizens | bipartisan | senate | congress | republicans | governor']","[266, 263, 254, 234, 212, 190, 174, 168, 151, 144, 138, 126, 124, 120, 115, 107, 103, 102, 99, 97, 94, 93, 91, 88, 85, 81, 80, 79, 79, 73, 70, 69, 68, 67, 66, 64, 64, 62, 60, 58, 56, 55, 55, 54, 54, 53, 52]"
2024-10-02 00:00:01,2024-10-09 00:00:01,5576,0.3501427577378013,-0.2880901029912898,-10.689545792165482,0.9212698412698413,0.3230018961585798,"['hamas | gaza | israel | israeli | israelis | terrorists | terrorism | terrorist | holocaust | terror', 'hurricane | disaster | evacuation | nc | storm | helene | aid | emergency | carolina | fema', 'hashanah | celebrating | celebrate | shanah | rosh | shana | peace | anniversary | wishing | joy', 'visit | celebrating | honored | residents | going | celebrate | st | city | nc | met', 'veterans | honored | honor | military | celebrating | survivors | congressional | service | efforts | grateful', 'hurricane | evacuation | storm | milton | fl | florida | disaster | emergency | fema | carolina', 'funding | housing | infrastructure | aid | residents | benefits | funds | building | fema | efforts', 'fema | funding | congressional | congress | immigrants | federal | aid | citizens | bipartisan | bill', 'immigrants | border | citizens | terrorists | terrorist | harris | terrorism | congressional | terror | bipartisan', 'congress | enforcement | congressional | legislation | security | policies | policy | infrastructure | secure | protect', 'election | congressional | democrats | vote | bipartisan | congress | republicans | trump | senate | president', 'policies | healthcare | funding | congressional | bipartisan | policy | congress | fema | plan | democrats', 'manufacturing | industry | businesses | economy | business | infrastructure | jobs | making | workers | building', 'students | schools | school | teachers | education | academy | visit | district | honored | celebrating', 'federal | assistance | department | residents | congressional | services | service | district | admin | veterans', 'energy | economy | funding | infrastructure | economic | policy | policies | congress | legislation | industry', 'kamala | harris | bipartisan | biden | democrats | her | election | trump | senate | bill', 'farmers | rural | funding | bipartisan | congress | congressional | legislation | infrastructure | bill | senate', 'biden | harris | bipartisan | leaders | leadership | trump | leading | election | president | democrats', 'healthcare | aid | funding | visit | health | providing | veterans | benefits | services | residents', 'following | read | thanks | about | great | glad | here | thank | below | more', 'workers | congress | congressional | infrastructure | immigrants | economy | benefits | industry | colleagues | efforts', 'infrastructure | water | funding | farmers | fema | project | congress | efforts | aid | residents', 'economy | jobs | economic | workers | businesses | industry | immigrants | work | job | working', 'celebrating | honored | celebrate | honor | anniversary | immigrants | may | proud | mayor | citizens', 'abortion | bipartisan | rights | legislation | democrats | republicans | policy | policies | fema | congressional', 'teachers | students | education | honored | schools | celebrating | happy | grateful | glad | school', 'enforcement | safety | violence | legislation | protect | policy | policies | security | terrorism | law', 'tonight | carolina | celebrate | celebrating | we | won | team | congratulations | over | our', 'tonight | tomorrow | on | morning | up | around | today | coming | joined | working', 'justice | court | bipartisan | congress | congressional | senate | legislation | law | bill | enforcement', 'academy | apply | schools | october | veterans | tomorrow | honored | military | district | may', 'families | children | kids | funding | healthcare | family | policies | benefits | child | abortion', 'inflation | economy | economic | costs | affordable | funding | harris | dollars | prices | money', 'vote | election | register | tomorrow | october | oct | early | today | may | day', 'walz | bipartisan | news | rights | republicans | congressional | mayor | democrats | justice | bill']","[819, 421, 258, 249, 236, 218, 213, 200, 175, 161, 139, 135, 127, 117, 112, 109, 107, 105, 95, 86, 85, 84, 77, 74, 74, 73, 71, 70, 66, 64, 63, 61, 60, 59, 57, 56]"
2024-10-05 00:00:01,2024-10-12 00:00:01,5518,0.363331682772338,-0.28372034809931246,-10.246480092089508,0.9276422764227641,0.3376216401388348,"['hamas | gaza | israeli | israelis | israel | terrorists | terrorist | holocaust | hostages | terror', 'honored | veterans | celebrating | honor | visit | meeting | washington | residents | celebrate | mayor', 'hurricane | fema | disaster | evacuate | shelters | evacuation | storm | funding | shelter | crisis', 'hurricane | milton | storm | evacuate | evacuation | disaster | coast | fl | florida | emergency', 'kippur | yom | celebrating | celebrate | wishing | grateful | day | reminder | may | tovah', 'shelters | evacuate | evacuation | shelter | fl | emergency | florida | hurricane | county | counties', 'businesses | business | infrastructure | manufacturing | economy | congressional | congress | farmers | washington | jobs', 'kamala | harris | bipartisan | trump | her | democrats | biden | election | congressional | terrorist', 'funding | infrastructure | funds | million | benefits | housing | building | fema | businesses | congress', 'border | immigrants | terrorists | citizens | terrorist | congressional | bipartisan | harris | terror | crisis', 'students | schools | education | college | school | teachers | visit | academy | meeting | honored', 'funding | congressional | bipartisan | policies | congress | democrats | fema | plan | policy | future', 'inflation | economy | economic | costs | affordable | funding | prices | dollars | bipartisan | increase', 'health | mental | care | prayers | pray | support | crisis | shelters | helping | shelter', 'congress | bipartisan | congressional | legislation | senate | bill | policies | federal | funding | democrats', 'assistance | federal | residents | department | services | service | veterans | congressional | admin | district', 'visit | residents | medical | veterans | health | services | st | shelters | communities | tour', 'farmers | farm | rural | funding | infrastructure | congress | businesses | economy | legislation | congressional', 'evacuate | fire | emergency | responders | disaster | evacuation | fema | hurricane | residents | safety', 'proud | celebrate | celebrating | honored | honor | happy | freedom | day | supporting | glad', 'terrorists | terrorist | terror | hostages | harris | evacuate | civilians | hamas | protect | biden', 'security | infrastructure | secure | enforcement | congress | protect | congressional | policy | ensuring | legislation', 'prayers | hurricane | praying | pray | storm | evacuate | milton | disaster | florida | evacuation', 'lake | infrastructure | funding | water | farmers | farm | congress | project | efforts | hurricane', 'housing | homes | residents | house | shelters | shelter | building | funding | communities | home', 'teachers | students | education | schools | honored | celebrating | school | happy | grateful | glad', 'election | vote | democrats | bipartisan | congressional | republicans | citizens | senate | congress | enforcement', 'energy | policies | policy | funding | legislation | infrastructure | congress | economy | economic | benefits', 'children | families | kids | funding | child | family | policies | policy | care | economy', 'lead | infrastructure | water | leading | safety | funding | risk | lake | policy | dangerous', 'bipartisan | rights | legislation | policy | policies | democrats | congressional | republicans | law | freedom', 'thank | thanks | great | glad | incredible | happy | best | congratulations | grateful | ahead', 'daca | dreamers | congressional | immigrants | citizens | congress | victims | democrats | veterans | legislation', 'read | following | resources | information | learn | about | more | below | statement | news', 'october | cancer | celebrating | celebrate | oct | month | may | awareness | congratulations | health', 'tonight | celebrate | carolina | won | tomorrow | celebrating | we | team | going | today', 'academy | veterans | military | college | apply | october | honored | schools | honor | tomorrow', 'celebrating | honored | celebrate | immigrants | anniversary | honor | mayor | visit | may | citizens', 'vote | election | register | tomorrow | early | october | today | oct | may | tonight', 'congressional | congress | senate | bipartisan | enforcement | federal | security | terrorists | trump | victims', 'safety | enforcement | violence | protect | legislation | policy | fema | security | policies | secure', 'honored | harris | mayor | lives | who | honor | congressional | bill | him | joe']","[706, 441, 325, 300, 153, 142, 140, 135, 128, 126, 120, 119, 115, 115, 109, 108, 105, 104, 104, 101, 96, 91, 86, 85, 82, 82, 79, 75, 72, 71, 68, 68, 66, 64, 59, 58, 57, 56, 54, 52, 51, 51]"
2024-10-08 00:00:01,2024-10-15 00:00:01,5059,0.32487092677929996,-0.2884488039883053,-11.182150410574856,0.9142682926829269,0.2973608570648012,"['honored | celebrating | honor | meeting | contributions | celebrate | visit | mayor | tour | members', 'kippur | yom | celebrating | celebrate | wishing | grateful | day | reminder | tovah | may', 'businesses | infrastructure | business | washington | residents | rural | congress | congressional | economy | jobs', 'hurricane | hurricanes | milton | storm | evacuate | disaster | fl | florida | emergency | lake', 'hurricane | hurricanes | disaster | shelters | helene | storm | evacuate | emergency | shelter | assistance', 'hamas | israel | iran | peace | crisis | disaster | efforts | news | jewish | evacuate', 'farmers | farm | rural | food | contributions | celebrating | funding | infrastructure | businesses | efforts', 'birthday | navy | celebrating | honored | celebrate | veterans | congratulations | happy | honor | october', 'indigenous | native | celebrating | celebrate | honored | culture | honor | columbus | nation | efforts', 'students | schools | education | school | academy | honored | contributions | district | visit | celebrating', 'fema | disaster | hurricane | evacuate | funding | responders | congress | relief | hurricanes | efforts', 'funding | infrastructure | contributions | benefits | federal | million | fema | housing | efforts | assistance', 'kamala | harris | bipartisan | her | trump | democrats | biden | election | congressional | bill', 'inflation | economy | economic | costs | affordable | funding | prices | dollars | bipartisan | harris', 'lead | infrastructure | funding | water | lake | efforts | contributions | safety | risk | bipartisan', 'border | citizens | congressional | bipartisan | congress | harris | enforcement | protecting | states | americans', 'veterans | honored | honor | served | navy | contributions | members | visit | service | residents', 'hurricane | hurricanes | floridians | fl | florida | fema | evacuate | disaster | storm | responders', 'shelters | evacuate | shelter | fl | florida | emergency | hurricane | county | beach | hurricanes', 'hurricane | praying | hurricanes | storm | milton | evacuate | disaster | florida | shelter | fl', 'assistance | federal | residents | renewal | served | department | office | services | service | access', 'celebrate | celebrating | carolina | we | hurricanes | going | our | team | today | columbus', 'proud | celebrate | celebrating | honored | honor | freedom | supporting | happy | nation | rights', 'health | healthcare | mental | care | crisis | support | helping | peace | shelters | praying', 'healthcare | residents | visit | health | services | veterans | communities | benefits | department | renewal', 'security | enforcement | protecting | protect | infrastructure | congress | secure | safety | policies | congressional', 'thank | thanks | incredible | great | congratulations | happy | grateful | best | honored | wishing', 'voting | election | vote | congressional | democrats | bipartisan | senate | citizens | republicans | congress', 'fema | federal | funding | citizens | congressional | congress | americans | shelters | democrats | bipartisan', 'enforcement | congress | justice | congressional | senate | news | bipartisan | federal | security | court', 'daca | dreamers | congressional | citizens | democrats | congress | veterans | legislation | bipartisan | states', 'harris | evacuate | hamas | biden | americans | trump | citizens | election | crisis | protecting', 'children | families | kids | healthcare | funding | family | child | policies | care | generations', 'honored | honor | loved | lives | vital | veterans | recover | deserve | served | contributions', 'honored | celebrating | celebrate | columbus | honor | contributions | indigenous | mayor | visit | citizens', 'rights | legislation | bipartisan | policies | freedom | congressional | democrats | republicans | law | fema', 'cancer | breast | october | celebrating | celebrate | month | oct | healthcare | awareness | birthday', 'future | trump | plan | funding | policies | fema | bipartisan | congress | congressional | infrastructure', 'housing | residents | house | communities | shelters | shelter | rural | funding | rebuild | home', 'healthcare | policies | funding | bipartisan | congressional | benefits | affordable | costs | health | democrats', 'enforcement | safety | protecting | violence | legislation | protect | security | fema | policies | secure']","[251, 223, 210, 202, 197, 177, 172, 165, 143, 139, 139, 133, 132, 121, 116, 114, 110, 109, 104, 99, 92, 89, 87, 87, 85, 76, 75, 71, 68, 68, 67, 67, 66, 65, 65, 62, 59, 55, 53, 51, 50]"
2024-10-11 00:00:01,2024-10-18 00:00:01,4887,0.3624998561876377,-0.2928511025848197,-11.568657722185073,0.8997983870967743,0.3270144123439447,"['hurricane | disaster | fema | assistance | residents | efforts | relief | florida | crisis | renewal', 'harris | bipartisan | terrorist | congressional | citizens | congress | hostages | trump | enforcement | kamala', 'hamas | gaza | israel | terrorist | sinwar | yahya | iran | peace | war | hostages', 'visit | residents | businesses | city | columbus | communities | tour | st | honored | washington', 'kippur | yom | celebrating | celebrate | wishing | grateful | day | tovah | yahya | peace', 'congressional | congress | district | washington | residents | honored | bipartisan | senate | contributions | served', 'birthday | navy | celebrating | celebrate | honored | congratulations | happy | veterans | honor | october', 'veterans | honored | honor | served | military | contributions | navy | congressional | congress | bill', 'indigenous | tribal | native | heritage | celebrating | celebrate | honored | culture | honor | columbus', 'medicare | enrollment | renewal | seniors | policies | affordable | plan | congressional | policy | october', 'students | student | honored | education | school | contributions | district | honor | celebrating | enrollment', 'inflation | economy | economic | affordable | costs | funding | prices | debt | bipartisan | harris', 'farmers | farm | rural | celebrating | celebrate | contributions | food | honored | nation | funding', 'infrastructure | energy | economy | funding | economic | policies | benefits | policy | fema | businesses', 'infrastructure | funding | congress | contributions | benefits | congressional | fema | building | housing | efforts', 'amp | funding | infrastructure | opportunities | businesses | jobs | benefits | contributions | housing | services', 'military | war | hamas | iran | terrorist | security | protecting | attacks | protect | hostages', 'rights | policy | legislation | policies | bipartisan | congressional | republicans | democrats | women | freedom', 'celebrate | proud | celebrating | honored | honor | day | supporting | freedom | happy | heritage', 'voting | election | congressional | vote | democrats | senate | bipartisan | citizens | congress | republicans', 'health | rural | services | residents | benefits | visit | medicare | funding | enrollment | veterans', 'funding | enforcement | federal | department | protecting | security | safer | infrastructure | contributions | protect', 'housing | residents | building | house | funding | infrastructure | home | communities | efforts | benefits', 'celebrating | heritage | celebrate | honored | indigenous | columbus | citizens | honor | community | tribal', 'october | cancer | celebrate | support | month | oct | celebrating | care | health | safer', 'infrastructure | funding | water | safer | contributions | efforts | fema | congress | lead | policies', 'fema | trump | future | policies | plan | funding | bipartisan | policy | congressional | congress', 'read | more | hear | see | learn | about | know | much | congratulations | get', 'celebrate | celebrating | team | today | we | united | over | honor | congratulations | going', 'families | children | funding | enrollment | family | child | policies | policy | benefits | services', 'tax | trump | economy | economic | inflation | federal | debt | congress | funding | congressional', 'congressional | congress | fema | navy | infrastructure | texas | military | federal | washington | states']","[414, 378, 317, 257, 234, 204, 185, 163, 161, 138, 131, 124, 119, 116, 115, 113, 108, 92, 91, 88, 82, 82, 77, 76, 76, 65, 60, 59, 58, 53, 51, 50]"
2024-10-14 00:00:01,2024-10-21 00:00:01,4486,0.36668662816751296,-0.2887686451818187,-11.007953060788145,0.9276515151515152,0.3401581584834732,"['infrastructure | funding | housing | benefits | fema | congress | contributions | building | opportunities | congressional', 'honored | visit | columbus | residents | celebrate | heritage | communities | city | washington | contributions', 'hamas | gaza | israel | terrorist | sinwar | yahya | peace | war | hostages | iran', 'inflation | economy | economic | debt | funding | costs | bipartisan | tax | congress | affordable', 'congressional | bipartisan | congress | senate | contributions | democrats | legislation | efforts | election | supporting', 'hurricane | fema | disaster | assistance | helene | milton | county | relief | residents | crisis', 'indigenous | tribal | native | heritage | celebrate | honored | culture | honor | columbus | nation', 'veterans | honored | honor | served | military | contributions | survivors | grateful | congressional | serve', 'border | citizens | bipartisan | harris | congressional | terrorist | congress | protecting | enforcement | trump', 'honored | students | student | contributions | education | school | district | congratulations | leaders | enrollment', 'assistance | federal | department | services | deadline | service | residents | congressional | washington | county', 'healthcare | health | services | residents | rural | veterans | benefits | visit | service | medicare', 'policy | rights | policies | bipartisan | legislation | republicans | democrats | congressional | healthcare | fema', 'kamala | harris | bipartisan | her | democrats | trump | election | senate | she | helene', 'crime | news | enforcement | democrats | terrorist | bipartisan | republicans | innocent | congressional | security', 'military | security | protecting | hamas | war | protect | attacks | terrorist | enforcement | secure', 'funding | legislation | congress | policy | states | policies | congressional | fema | federal | farmers', 'congressional | voting | election | senate | bipartisan | vote | democrats | congress | citizens | republicans', 'terrorist | harris | biden | hostages | bipartisan | trump | protecting | congressional | protect | attacks', 'water | legislation | clean | infrastructure | policies | policy | congress | fema | enforcement | efforts', 'medicare | enrollment | prescription | october | healthcare | plan | affordable | seniors | open | policies', 'birthday | celebrate | congratulations | honored | happy | day | grateful | october | proud | may', 'read | more | glad | thanks | thank | about | see | hear | great | learn', 'heritage | celebrate | honored | columbus | community | indigenous | citizens | culture | honor | tribal', 'disaster | funding | hurricane | crisis | relief | fema | efforts | survivors | infrastructure | recovery', 'on | around | joined | up | today | morning | going | working | great | join', 'vote | voting | election | early | deadline | senate | state | today | congressional | october', 'celebrate | going | team | go | we | congratulations | over | continues | our | proud', 'enrollment | deadline | apply | october | may | served | veterans | district | students | military', 'survivors | hope | disaster | recovery | lives | veterans | hurricane | peace | served | care', 'debt | funding | students | student | congress | congressional | pay | education | contributions | served', 'cancer | october | month | healthcare | celebrate | birthday | health | may | awareness | fema', 'cancel | stop | continues | continue | don | end | service | how | keep | still']","[352, 351, 344, 196, 187, 174, 159, 159, 133, 132, 107, 99, 98, 97, 96, 92, 86, 81, 81, 81, 79, 69, 68, 63, 60, 60, 58, 55, 54, 53, 53, 52, 50]"
2024-10-17 00:00:01,2024-10-24 00:00:01,4703,0.34591554327206786,-0.2996472104053709,-11.12265067452755,0.8993252361673415,0.3117325053558839,"['immigration | harris | bipartisan | border | congressional | kamala | terrorist | congress | trump | senate', 'honored | honor | celebrate | visit | congratulations | grateful | happy | birthday | going | proud', 'hurricane | disaster | fema | assistance | crisis | efforts | funding | relief | florida | recovery', 'infrastructure | funding | congress | congressional | fema | housing | benefits | bipartisan | building | legislation', 'abortion | medicare | bipartisan | policies | healthcare | reproductive | policy | democrats | republicans | rights', 'hamas | gaza | yahya | sinwar | terrorist | israel | war | innocent | peace | violence', 'inflation | economy | economic | affordable | funding | bipartisan | costs | prices | harris | debt', 'bipartisan | congressional | congress | senate | legislation | bill | vote | democrats | voting | efforts', 'healthcare | visit | residents | health | medicare | services | veterans | benefits | rural | funding', 'israel | hamas | gaza | terrorist | iran | peace | war | bipartisan | supporting | hostages', 'students | honored | student | academy | honor | school | efforts | congratulations | education | happy', 'lgbtq | proud | congressional | honored | honor | bipartisan | congress | rights | supporting | democrats', 'industry | innovation | infrastructure | workforce | businesses | building | jobs | farmers | economy | states', 'safety | enforcement | police | residents | safer | department | infrastructure | fema | protecting | security', 'vote | voting | election | early | state | senate | democrats | deadline | congressional | october', 'assistance | federal | department | district | county | residents | deadline | services | congressional | service', 'read | more | report | heard | this | here | see | again | hear | about', 'hamas | military | protecting | terrorist | war | protect | security | congress | congressional | attacks', 'honored | hope | disaster | lives | veterans | honor | loved | recovery | death | hurricane', 'veterans | honored | honor | served | military | grateful | proud | celebrate | serve | members', 'energy | infrastructure | innovation | funding | fema | industry | power | economy | congress | resources', 'congratulations | celebrate | win | team | we | proud | going | our | go | continues', 'farmers | farm | rural | funding | congress | bipartisan | congressional | legislation | bill | infrastructure', 'election | congressional | voting | congress | senate | bipartisan | democrats | vote | republicans | enforcement', 'security | hostages | report | enforcement | crisis | protecting | news | safety | fema | secure', 'veterans | served | honored | military | service | honor | congressional | healthcare | services | benefits', 'infrastructure | water | funding | farmers | bipartisan | congress | fema | efforts | congressional | hurricane', 'medicare | healthcare | bipartisan | drug | funding | costs | seniors | policies | affordable | policy', 'birthday | celebrate | congratulations | honored | happy | day | grateful | proud | october | honor', 'hamas | iran | terrorist | israel | news | hostages | gaza | bipartisan | security | biden', 'housing | funding | house | residents | affordable | infrastructure | building | benefits | home | congressional', 'trump | president | democrats | republicans | news | election | bipartisan | war | leaders | terrorist', 'congressional | deadline | congress | app | challenge | washington | may | passed | vote | election', 'crime | police | enforcement | safer | violence | terrorist | violent | news | security | bipartisan', 'water | legislation | clean | policies | congress | policy | enforcement | honor | act | rights', 'congressional | congress | bipartisan | news | washington | legislation | senate | residents | reminder | district', 'tax | economy | economic | bipartisan | inflation | trump | congress | funding | congressional | debt', 'cancer | october | month | healthcare | birthday | celebrate | abortion | congratulations | health | may', 'security | enforcement | protecting | protect | safety | legislation | secure | policy | safer | policies']","[343, 304, 201, 179, 145, 133, 123, 116, 112, 106, 105, 105, 100, 98, 94, 91, 88, 88, 87, 79, 79, 79, 75, 72, 71, 71, 68, 67, 66, 65, 64, 61, 61, 58, 55, 54, 54, 53, 51]"
2024-10-20 00:00:01,2024-10-27 00:00:01,4747,0.33730436673230274,-0.2894717660392231,-10.874611147480916,0.8981060606060607,0.30279355458542795,"['immigration | borders | bipartisan | harris | congressional | border | agenda | citizens | congress | trump', 'funding | infrastructure | fema | congress | benefits | congressional | housing | efforts | federal | million', 'mayor | honored | district | meeting | congressional | residents | efforts | agenda | citizens | congress', 'honored | visit | celebrate | tour | residents | going | city | place | congratulations | washington', 'hurricane | fema | disaster | assistance | residents | efforts | crisis | funding | recovery | services', 'abortion | bipartisan | policies | medicare | agenda | policy | healthcare | reproductive | democrats | republicans', 'israel | iran | war | agenda | america | nation | us | americans | bipartisan | we', 'industry | manufacturing | innovation | infrastructure | businesses | jobs | economy | congress | states | business', 'healthcare | visit | residents | health | seniors | veterans | medicare | services | care | benefits', 'veterans | honored | honor | military | grateful | proud | serve | celebrate | war | service', 'lgbtq | proud | congressional | honored | honor | congress | bipartisan | democrats | rights | scorecard', 'inflation | economy | economic | costs | funding | bipartisan | affordable | debt | prices | congress', 'energy | infrastructure | funding | policies | economy | power | policy | congress | economic | innovation', 'trump | donald | bipartisan | president | democrats | republicans | election | news | congressional | democracy', 'vote | voting | election | early | november | senate | state | tomorrow | democrats | deadline', 'farmers | farm | rural | funding | congress | food | congressional | bipartisan | bill | infrastructure', 'voting | election | vote | democrats | democracy | congressional | citizens | bipartisan | republicans | senate', 'honored | honor | veterans | lives | loved | disaster | who | recovery | mayor | helene', 'medicare | healthcare | prescription | bipartisan | policies | funding | drug | congressional | policy | costs', 'children | families | kids | funding | child | family | healthcare | supporting | policies | policy', 'congratulations | celebrate | team | we | going | proud | happy | our | honored | honor', 'congress | congressional | bipartisan | legislation | states | infrastructure | farmers | funding | senate | federal', 'veterans | military | honored | service | honor | healthcare | congressional | support | serve | services', 'future | trump | agenda | plan | fema | donald | funding | next | policies | project', 'birthday | celebrate | congratulations | honored | happy | day | grateful | honor | proud | october', 'security | report | enforcement | protecting | safety | crisis | secure | fema | news | trump', 'news | israel | iran | security | bipartisan | agenda | congress | congressional | enforcement | information', 'read | learn | report | see | more | about | this | hear | know | information', 'crime | enforcement | retail | legislation | act | protecting | protect | violence | security | secure', 'academy | deadline | apply | honored | veterans | military | schools | serve | honor | october', 'congress | policy | enforcement | iran | us | policies | bipartisan | congressional | government | america', 'housing | house | residents | funding | affordable | home | infrastructure | congressional | benefits | congress', 'violence | crime | safety | enforcement | protecting | protect | policy | disaster | crisis | fema']","[389, 288, 261, 226, 220, 157, 150, 146, 135, 132, 128, 124, 110, 103, 101, 98, 98, 92, 84, 81, 68, 68, 68, 65, 65, 63, 62, 61, 56, 53, 52, 52, 51]"
2024-10-23 00:00:01,2024-10-30 00:00:01,4803,0.3304931871255773,-0.27932511433552876,-11.307024212482954,0.9003361344537814,0.29752467674343036,"['borders | harris | border | bipartisan | congressional | citizens | kamala | congress | trump | senate', 'veterans | honored | honor | military | dedication | serve | grateful | service | virginia | bill', 'funding | funds | housing | benefits | million | infrastructure | building | facility | raise | investment', 'responders | honor | honored | veterans | safety | protect | disaster | hurricane | citizens | protecting', 'students | schools | school | academy | district | education | honored | residents | mayor | congressional', 'industry | innovation | facility | infrastructure | congress | businesses | building | funding | congressional | military', 'israel | iran | antisemitism | nation | bipartisan | america | us | americans | supporting | united', 'healthcare | facility | visit | residents | health | services | seniors | veterans | medicare | communities', 'bipartisan | election | congressional | senate | democrats | ballot | congress | voter | elections | voting', 'energy | infrastructure | policies | funding | economy | policy | economic | congress | benefits | bipartisan', 'infrastructure | funding | congress | benefits | facility | congressional | housing | going | across | building', 'children | families | kids | funding | policies | policy | education | child | supporting | legislation', 'hurricane | disaster | helene | crisis | assistance | florida | recovery | responders | residents | efforts', 'farmers | farm | rural | funding | food | infrastructure | congress | benefits | congressional | bill', 'voter | elections | ballot | voting | election | vote | democrats | democracy | congressional | citizens', 'abortion | bipartisan | policies | policy | healthcare | democrats | medicare | republicans | rights | legislation', 'inflation | economy | economic | raise | costs | funding | bipartisan | biden | affordable | prices', 'biden | bipartisan | leaders | democrats | elections | democracy | election | leadership | congressional | congress', 'businesses | facility | visit | city | rural | communities | business | residents | district | place', 'ballot | vote | voter | voting | elections | election | early | november | tomorrow | senate', 'trump | donald | maga | democrats | political | antisemitism | bipartisan | elections | news | republicans', 'celebrate | october | event | tour | honored | going | november | may | place | visit', 'democrats | bipartisan | trump | republicans | congressional | future | congress | political | elections | election', 'medicare | healthcare | bipartisan | drug | congressional | republicans | policies | funding | costs | democrats', 'assistance | federal | department | admin | address | apply | residents | congressional | service | district', 'celebrate | going | go | congratulations | team | we | over | continues | keep | hope', 'security | enforcement | protecting | congress | congressional | maga | ensuring | news | trump | secure', 'infrastructure | funding | water | congress | bipartisan | states | legislation | congressional | state | policies', 'antisemitism | violence | hate | justice | israel | honor | honored | veterans | crime | fighting', 'proud | honor | honored | congressional | rights | bipartisan | congress | celebrate | supporting | democrats', 'congress | congressional | enforcement | bipartisan | military | leaders | government | policy | republicans | protecting', 'tax | inflation | economy | economic | trump | congress | bipartisan | congressional | federal | raise', 'celebrate | virginia | state | day | honored | states | ohio | happy | southern | proud', 'retail | crime | enforcement | legislation | act | protect | protecting | violence | police | day', 'read | learn | more | report | see | know | about | this | hear | information']","[321, 242, 199, 183, 179, 170, 156, 143, 139, 132, 128, 126, 121, 121, 116, 110, 110, 106, 103, 96, 95, 91, 81, 74, 73, 65, 63, 63, 62, 60, 59, 55, 55, 52, 51]"
2024-10-26 00:00:01,2024-11-02 00:00:01,5001,0.36094567608175315,-0.2906011938547422,-11.746905346748386,0.8914651493598861,0.32252631516809255,"['harris | bipartisan | kamala | border | congressional | citizens | congress | trump | senate | democrats', 'honored | congressional | students | congress | bipartisan | district | celebrating | school | enrollment | efforts', 'halloween | celebrate | celebrating | spooky | celebration | festival | fun | october | happy | day', 'veterans | honored | honor | military | celebrating | dedication | serve | grateful | celebration | celebrate', 'responders | honor | honored | veterans | safety | celebrating | disaster | protect | citizens | heroes', 'elections | ballot | election | voting | vote | democracy | democrats | congressional | bipartisan | citizens', 'israel | iran | bipartisan | antisemitism | peace | nation | democracy | america | jewish | us', 'funding | grant | infrastructure | housing | million | benefits | building | facility | investment | spending', 'facility | visit | honored | residents | festival | st | communities | district | city | grateful', 'healthcare | facility | visit | seniors | residents | veterans | health | enrollment | benefits | services', 'diwali | festival | celebrate | celebrating | celebration | wishing | happy | grateful | honored | day', 'ballot | vote | voting | election | elections | early | november | may | today | senate', 'infrastructure | funding | congress | congressional | benefits | bipartisan | facility | going | housing | building', 'news | congressional | security | congress | bipartisan | trump | democrats | enforcement | elections | report', 'congratulations | celebration | won | celebrate | celebrating | joy | honored | team | win | happy', 'farmers | farm | funding | infrastructure | businesses | industry | benefits | congress | legislation | food', 'disaster | responders | crisis | funding | efforts | infrastructure | assistance | residents | florida | ensuring', 'inflation | economy | economic | spending | affordable | funding | growth | costs | bipartisan | prices', 'abortion | bipartisan | medicare | healthcare | legislation | democrats | rights | policies | republicans | freedom', 'biden | bipartisan | garbage | trump | democrats | republicans | americans | political | congressional | american', 'medicare | healthcare | insurance | bipartisan | policies | congressional | democrats | enrollment | republicans | benefits', 'celebrating | celebrate | celebration | honored | festival | native | honor | nevada | october | nation', 'opportunities | jobs | industry | academy | facility | businesses | infrastructure | education | manufacturing | veterans', 'election | ballot | democrats | congressional | elections | state | bipartisan | states | voting | senate', 'children | kids | families | funding | child | bipartisan | congressional | congress | policies | benefits', 'legislation | policies | congress | funding | congressional | efforts | benefits | farmers | bipartisan | infrastructure', 'federal | assistance | residents | congressional | admin | district | citizens | responders | services | service', 'jobs | economy | workers | industry | businesses | economic | biden | opportunities | millions | hardworking', 'tax | democrats | economy | bipartisan | congressional | republicans | congress | spending | trump | economic', 'energy | funding | economy | infrastructure | spending | benefits | policies | inflation | economic | housing', 'antisemitism | jewish | violence | hate | peace | justice | israel | honor | honored | celebrating', 'infrastructure | funding | water | grant | efforts | facility | congress | benefits | project | state', 'antisemitism | jewish | israel | students | bipartisan | leaders | congressional | education | violence | honor', 'enforcement | justice | police | citizens | officers | security | protect | secure | federal | law', 'future | plan | congress | congressional | funding | trump | project | next | bipartisan | crisis', 'october | november | month | cancer | celebrating | celebrate | may | healthcare | support | abortion', 'enrollment | medicare | october | healthcare | coverage | plan | insurance | early | month | affordable', 'housing | homes | funding | house | spending | congressional | congress | affordable | infrastructure | bipartisan']","[280, 212, 210, 203, 187, 182, 179, 161, 143, 141, 140, 135, 129, 125, 121, 120, 120, 118, 114, 112, 110, 104, 93, 91, 86, 81, 81, 72, 67, 65, 62, 61, 57, 55, 55, 55, 55, 50]"
2024-10-29 00:00:01,2024-11-05 00:00:01,4860,0.35857254010175593,-0.28687624333921824,-11.314688877045127,0.8882591093117407,0.31853980976997964,"['harris | border | bipartisan | congressional | citizens | agenda | congress | governor | kamala | trump', 'honored | celebrating | district | residents | congratulations | facility | visit | festival | washington | celebration', 'ballot | vote | voter | polling | voting | election | elections | voted | tomorrow | early', 'voter | elections | ballot | election | voting | vote | polling | democracy | congressional | democrats', 'veterans | honored | honor | military | celebrating | grateful | serve | celebration | bill | virginia', 'halloween | celebrate | celebrating | spooky | celebration | festival | fun | october | wishing | day', 'funding | grant | housing | infrastructure | projects | million | spending | benefits | efforts | investment', 'facility | healthcare | visit | health | enrollment | residents | veterans | services | benefits | funding', 'abortion | bipartisan | reproductive | democrats | rights | healthcare | legislation | agenda | republicans | medicare', 'diwali | festival | celebrate | celebrating | celebration | wishing | happy | grateful | honored | day', 'infrastructure | funding | congress | benefits | congressional | bipartisan | legislation | housing | facility | going', 'inflation | economy | economic | spending | affordable | costs | prices | bipartisan | funding | growth', 'news | congressional | security | trump | congress | enforcement | elections | agenda | bipartisan | democrats', 'housing | funding | bipartisan | congress | congressional | policies | infrastructure | agenda | economic | spending', 'farmers | farm | funding | infrastructure | businesses | benefits | food | governor | valley | legislation', 'congress | congressional | bipartisan | legislation | agenda | senate | bill | governor | district | honored', 'biden | bipartisan | garbage | democrats | trump | republicans | voter | americans | political | congressional', 'disaster | funding | assistance | crisis | efforts | grant | insurance | florida | bill | infrastructure', 'federal | assistance | congressional | residents | congress | district | admin | service | services | citizens', 'jobs | economy | workers | biden | businesses | thousands | economic | millions | news | opportunities', 'tomorrow | joined | around | on | join | going | today | working | polling | morning', 'celebrating | celebrate | heritage | celebration | native | honored | honor | nation | festival | november', 'congressional | bipartisan | congress | proud | democrats | voter | senate | voting | election | vote', 'senate | election | governor | ballot | bipartisan | vote | congressional | congress | voter | voting', 'infrastructure | facility | manufacturing | washington | funding | projects | congress | us | national | future', 'celebrating | celebrate | honor | celebration | honored | festival | de | heritage | day | bring', 'medicare | healthcare | insurance | democrats | republicans | policies | congressional | health | bipartisan | benefits', 'team | celebration | celebrate | celebrating | congratulations | won | win | we | going | proud', 'medicare | healthcare | costs | affordable | funding | seniors | spending | bipartisan | policies | insurance', 'israel | violence | students | agenda | bipartisan | democrats | against | efforts | leaders | republicans', 'infrastructure | funding | water | projects | grant | efforts | valley | facility | project | congress', 'funding | infrastructure | millions | million | benefits | economy | congress | spending | thousands | federal', 'tax | congressional | democrats | congress | federal | bipartisan | spending | republicans | cuts | economy', 'israel | bipartisan | agenda | supporting | democracy | efforts | peace | leaders | support | funding', 'israel | agenda | bipartisan | news | crisis | republicans | trump | democrats | policies | biden', 'future | agenda | projects | plan | congress | next | funding | congressional | project | trump', 'families | children | funding | kids | spending | family | benefits | bipartisan | child | medicare', 'night | day | tomorrow | morning | reminder | november | early | time | celebrate | today', 'enrollment | medicare | healthcare | october | plan | coverage | insurance | affordable | early | month']","[306, 278, 207, 195, 184, 177, 164, 158, 150, 143, 142, 140, 133, 124, 109, 108, 100, 99, 93, 88, 86, 86, 82, 70, 68, 67, 65, 65, 64, 64, 63, 63, 62, 58, 56, 56, 54, 54, 54]"
2024-11-01 00:00:01,2024-11-08 00:00:01,3703,0.3503126729221089,-0.33274510667103885,-11.611110343504777,0.8747692307692309,0.30667026368517736,"['ballot | polling | vote | voting | election | elections | polls | democrats | tomorrow | bipartisan', 'funding | infrastructure | housing | benefits | communities | washington | assistance | businesses | congress | district', 'congratulations | president | victory | election | bipartisan | celebrate | trump | senate | congress | congressional', 'harris | borders | bipartisan | kamala | congressional | border | agenda | congress | trump | election', 'congressional | congress | bipartisan | honored | senate | election | honor | vote | ballot | proud', 'veterans | honored | honor | military | grateful | serve | service | bill | victory | celebrate', 'federal | congressional | congress | law | trump | security | legislation | agenda | bipartisan | elections', 'honored | hope | honor | veterans | lives | peace | care | victory | loved | support', 'economy | inflation | economic | americans | affordable | costs | funding | bipartisan | biden | america', 'biden | bipartisan | harris | congress | congressional | election | democrats | americans | elections | republicans', 'abortion | bipartisan | democrats | republicans | rights | legislation | agenda | democracy | policies | medicare', 'biden | bipartisan | democrats | republicans | trump | congressional | polls | elections | agenda | polling', 'peace | crisis | agenda | democracy | leaders | bipartisan | democrats | leadership | biden | trump', 'congratulations | victory | win | proud | celebrate | honored | happy | tonight | thanks | passed', 'federal | assistance | congressional | service | congress | admin | district | access | office | enrollment', 'jobs | economy | workers | biden | businesses | economic | job | inflation | work | polls', 'families | benefits | children | medicare | funding | family | policies | economy | enrollment | housing', 'celebrate | native | honored | honor | nation | november | proud | month | may | our', 'celebrate | honor | honored | day | peace | bring | may | loved | victory | veterans', 'funding | infrastructure | congress | legislation | benefits | policies | economy | congressional | federal | agenda', 'medicare | policies | funding | bipartisan | costs | seniors | affordable | inflation | enrollment | legislation', 'future | agenda | plan | funding | next | democracy | congress | infrastructure | congressional | trump', 'enrollment | medicare | plan | affordable | policies | early | month | open | week | may', 'night | day | tomorrow | november | tonight | early | time | celebrate | today | home', 'tonight | tomorrow | on | joined | polling | up | around | going | today | join', 'senate | election | ballot | congressional | bipartisan | state | congress | states | vote | elections']","[454, 431, 219, 213, 197, 183, 125, 114, 114, 108, 108, 90, 86, 86, 86, 77, 72, 69, 65, 64, 62, 59, 56, 54, 50, 50]"
2024-11-04 00:00:01,2024-11-11 00:00:01,3284,0.39789996432927177,-0.37480816454820404,-12.96805414573585,0.8466666666666666,0.3367742977494385,"['ballot | polling | vote | election | voting | polls | elect | democrats | tomorrow | democracy', 'harris | congressional | congress | senator | trump | agenda | democrats | election | biden | borders', 'president | congress | congressional | trump | borders | election | agenda | democrats | america | americans', 'veterans | veteran | honored | honor | served | military | corps | marines | grateful | dedication', 'congressional | congress | senate | senator | honored | election | served | veteran | honor | vote', 'funding | housing | million | communities | congress | affordable | economy | community | washington | congressional', 'marines | marine | birthday | honored | veterans | celebrate | veteran | congratulations | honor | corps', 'honored | veteran | honor | lives | courage | veterans | served | support | care | peace', 'senate | senator | election | ballot | congressional | congratulations | congress | elect | vote | victory', 'assistance | crisis | state | funding | needs | bring | county | plan | service | safe', 'democrats | freedoms | agenda | republicans | congressional | democracy | congress | rights | policies | freedom', 'democrats | republicans | republican | election | democracy | congressional | agenda | polls | voting | congress', 'federal | assistance | congressional | congress | district | washington | served | service | access | ballot', 'congratulations | president | victory | celebrate | proud | trump | election | honored | happy | elect', 'peace | agenda | against | crisis | honored | nation | fighting | protect | secure | honor', 'trump | peace | president | crisis | agenda | leaders | biden | leadership | democracy | policy', 'congressional | federal | congress | democrats | policy | policies | agenda | trump | republicans | senator', 'students | honored | funding | communities | congress | celebrate | congratulations | jobs | national | congressional', 'energy | policy | policies | economic | funding | economy | elect | democrats | republicans | congress', 'congratulations | victory | win | proud | honored | happy | celebrate | election | state | great', 'week | join | working | plan | today | polling | going | tomorrow | here | around']","[374, 237, 205, 191, 180, 156, 147, 103, 96, 91, 89, 85, 84, 81, 79, 77, 74, 73, 64, 58, 50]"
2024-11-07 00:00:01,2024-11-14 00:00:01,3947,0.3643586545168007,-0.3675236661540799,-12.472957991728203,0.85,0.30747810046639584,"['veterans | veteransday | veteran | honoring | honored | honor | gratitude | served | bravery | grateful', 'senate | senator | bipartisan | congress | election | congratulations | democrats | elect | leader | vote', 'congress | represent | honoring | senator | senate | bipartisan | election | honored | elect | veteran', 'marines | marine | veteransday | birthday | honoring | honored | celebrate | veterans | veteran | congratulations', 'bipartisan | democrats | republicans | congress | agenda | election | republican | trump | president | senate', 'accountable | congress | legislation | federal | public | government | agenda | policy | policies | security', 'president | congress | bipartisan | trump | agenda | election | congratulations | celebrate | welcome | honoring', 'benefits | housing | build | fema | congress | economy | washington | services | resources | jobs', 'bipartisan | federal | legislation | honoring | congress | benefits | senator | vote | democrats | passed', 'israel | war | trump | peace | agenda | leader | leaders | bipartisan | biden | ambassador', 'economy | congress | tax | bipartisan | trump | federal | bill | democrats | election | fema', 'secretary | trump | president | donald | veteran | ambassador | senator | military | bipartisan | leader', 'federal | assistance | district | congress | services | county | access | service | staff | served', 'border | trump | agenda | congress | bipartisan | president | policies | americans | protecting | policy', 'antisemitism | israel | peace | honoring | bravery | defend | protecting | agenda | against | war', 'energy | policy | policies | bipartisan | congress | elect | economy | fema | agenda | legislation', 'education | students | honoring | benefits | celebrate | congratulations | honored | veteransday | national | gratitude', 'more | about | better | this | see | learn | here | much | other | important', 'secretary | bipartisan | senator | republican | biden | congress | conference | senate | president | trump', 'fema | federal | democrats | trump | congress | bipartisan | accountable | republicans | political | donald', 'policies | veteransday | health | month | open | care | passed | week | policy | benefits', 'on | coming | around | today | joined | going | up | live | morning | about', 'fema | safe | protecting | protect | ensuring | policy | state | corps | washington | policies', 'democrats | bipartisan | freedoms | republicans | agenda | republican | women | legislation | political | freedom', 'ambassador | honoring | secretary | honored | trump | biden | president | senator | leader | bipartisan']","[893, 223, 175, 172, 153, 148, 144, 143, 126, 124, 121, 107, 105, 105, 96, 90, 86, 82, 74, 67, 64, 64, 54, 53, 52]"
2024-11-10 00:00:01,2024-11-17 00:00:01,4855,0.40203899471839605,-0.33942351938102777,-13.078872742852045,0.8608403361344538,0.3440400464154449,"['veterans | veteransday | veteran | honoring | honored | honor | gratitude | served | va | bravery', 'bipartisan | congressional | democrats | republicans | congress | agenda | election | republican | trump | senate', 'infrastructure | funding | bipartisan | congress | roads | legislation | bridges | congressional | policies | fema', 'senate | senator | bipartisan | congressional | congress | election | elected | democrats | congratulations | republican', 'energy | bipartisan | congress | policy | policies | elect | congressional | funding | fema | bill', 'marines | veteransday | marine | birthday | honoring | honored | celebrate | veterans | veteran | congratulations', 'chairman | congressional | congratulations | senator | bipartisan | committee | congress | senate | elected | honored', 'justice | gaetz | senator | president | congress | trump | congressional | bipartisan | elected | federal', 'economy | inflation | debt | economic | funding | congress | tax | congressional | bipartisan | federal', 'congressional | bipartisan | honoring | federal | congress | legislation | vote | senator | benefits | democrats', 'honoring | honored | honor | veteran | veterans | lives | ambassador | served | gratitude | aid', 'funding | infrastructure | senator | congress | congressional | aid | represent | efforts | honoring | fema', 'border | congressional | agenda | trump | bipartisan | congress | protecting | policies | president | protect', 'ambassador | honoring | honored | secretary | senator | bipartisan | chairman | her | she | elected', 'fema | congressional | federal | democrats | bipartisan | aid | accountable | political | congress | agenda', 'war | biden | bipartisan | military | trump | agenda | crisis | defense | policy | democrats', 'congress | congressional | government | accountable | legislation | public | federal | agenda | security | protecting', 'health | benefits | services | aid | care | funding | visit | service | ensuring | policies', 'freedoms | freedom | policy | conservative | democrats | agenda | legislation | bipartisan | policies | congressional', 'won | congratulations | conference | win | proud | celebrate | excited | honored | honoring | happy', 'federal | assistance | county | department | fafsa | district | office | access | services | service', 'morning | on | going | coming | today | up | around | live | working | home', 'secretary | conference | bipartisan | chairman | senator | congressional | congress | committee | republican | biden', 'israel | efforts | news | crisis | agenda | war | ambassador | accountable | aid | disaster', 'honoring | israel | bravery | agenda | supporting | honored | against | efforts | conservative | honor', 'read | more | see | much | than | about | better | learn | know | important', 'secretary | senator | president | senate | ambassador | trump | elected | bipartisan | chairman | election', 'amp | congress | congressional | bipartisan | infrastructure | funding | represent | dc | elect | washington', 'served | honored | serve | honoring | honor | grateful | gratitude | serving | welcome | veteran', 'plan | month | affordable | january | week | may | policies | november | open | veteransday', 'government | congress | federal | congressional | policies | election | legislation | administration | elected | elect', 'disaster | safety | fema | protecting | safe | protect | ensuring | relief | policy | state', 'november | veteransday | veterans | veteran | honoring | care | celebrate | family | families | gratitude', 'honoring | celebrate | honored | nation | honor | november | veteransday | ceremony | efforts | historic', 'senate | senator | bipartisan | congress | congressional | committee | elected | election | president | vote']","[761, 226, 219, 207, 177, 172, 169, 154, 146, 130, 126, 119, 110, 93, 91, 86, 80, 76, 76, 75, 75, 73, 72, 71, 69, 67, 63, 59, 58, 57, 56, 54, 51, 51, 50]"
2024-11-13 00:00:01,2024-11-20 00:00:01,5207,0.34335687515162305,-0.2994540629653031,-11.879981355726564,0.8782828282828283,0.30123527359876917,"['congressional | bipartisan | congress | senate | senator | nomination | chairman | election | elected | congratulations', 'bipartisan | congressional | democrats | congress | agenda | republicans | election | trump | republican | president', 'farmers | farm | rural | funding | washington | congressional | senator | congress | committee | efforts', 'infrastructure | bipartisan | legislation | roads | congress | funding | bridges | congressional | policies | policy', 'congressional | legislation | medicare | federal | bipartisan | congress | benefits | senator | vote | passed', 'border | congressional | agenda | trump | congress | bipartisan | enforcement | policies | president | protecting', 'secretary | nomination | senator | president | trump | elected | senate | chairman | donald | bipartisan', 'economy | inflation | spending | economic | tax | congress | congressional | bipartisan | debt | trump', 'veterans | veteran | honored | honor | served | military | grateful | dedication | va | serve', 'funding | infrastructure | aid | benefits | fema | million | projects | fafsa | roads | federal', 'israel | accountability | bipartisan | agenda | peace | accountable | war | news | crisis | efforts', 'fema | federal | accountability | congressional | hurricane | democrats | aid | agenda | congress | bipartisan', 'teachers | education | students | school | college | accountability | honored | agenda | honor | fafsa', 'veterans | veteran | bipartisan | va | congressional | congress | legislation | bill | served | senate', 'climate | policy | policies | bipartisan | agenda | congress | energy | congressional | elect | conservative', 'ukraine | russia | war | biden | trump | bipartisan | policy | israel | general | peace', 'security | infrastructure | protecting | secure | protect | policy | accountability | war | military | agenda', 'honored | honor | nomination | veteran | veterans | college | students | served | congratulations | committee', 'federal | agencies | assistance | county | deadline | office | department | fafsa | agency | district', 'hurricane | disaster | aid | funding | fema | relief | crisis | assistance | efforts | infrastructure', 'government | congress | federal | congressional | policies | accountability | legislation | administration | policy | election', 'tune | tonight | coming | joined | going | on | doing | around | join | live', 'honored | celebrate | nation | honor | efforts | november | veteran | historic | our | veterans', 'healthcare | health | rural | medicare | services | aid | visit | communities | caregivers | benefits', 'gaetz | ethics | congress | accountability | report | congressional | bipartisan | senator | attorney | accountable', 'amp | congressional | congress | bipartisan | dc | infrastructure | rep | veteran | veterans | supporting', 'accountability | congressional | congress | government | agenda | americans | public | agencies | accountable | federal', 'violence | israel | peace | accountability | agenda | protecting | against | supporting | enforcement | efforts', 'nomination | congressional | honored | her | senator | bipartisan | congress | she | elected | senate', 'senate | senator | bipartisan | nomination | congress | congressional | committee | elected | election | democrats', 'legislation | bipartisan | congress | policies | policy | fema | energy | congressional | bill | infrastructure', 'medicare | healthcare | policies | health | congressional | policy | bipartisan | benefits | funding | congress', 'healthcare | health | donald | trump | medicare | president | fema | aid | democrats | senator', 'rights | freedom | healthcare | policy | policies | conservative | medicare | legislation | agenda | democrats', 'debt | spending | funding | congress | economy | federal | inflation | congressional | bill | bipartisan', 'medicare | healthcare | plan | month | january | may | affordable | week | deadline | november', 'honored | veteran | veterans | lives | honor | disaster | served | caregivers | hurricane | efforts', 'disaster | hurricane | fema | safety | safer | protecting | protect | climate | policy | ensuring', 'senator | chairman | nomination | energy | elect | bill | president | donald | bipartisan | secretary', 'fafsa | deadline | federal | students | college | funding | vote | congressional | congress | aid', 'know | right | hear | glad | see | but | still | majority | that | friend', 'gaetz | nomination | attorney | president | matt | elected | donald | trump | senator | general', 'served | honored | honor | serve | grateful | welcome | happy | thank | thanks | congratulations', 'caregivers | november | veterans | care | veteran | families | family | celebrate | supporting | support', 'women | men | protecting | rights | public | protect | safety | enforcement | policy | safer']","[440, 232, 190, 181, 156, 156, 138, 132, 132, 131, 124, 121, 116, 111, 106, 96, 94, 93, 83, 82, 81, 81, 78, 73, 73, 72, 69, 68, 68, 67, 65, 63, 63, 62, 58, 58, 56, 55, 55, 53, 53, 53, 52, 50, 50]"
2024-11-16 00:00:01,2024-11-23 00:00:01,5396,0.3548693253385299,-0.3196967540334643,-12.321324005836697,0.8637630662020906,0.30582440707032427,"['congressional | congress | bipartisan | caucus | senate | senator | chairman | elected | committee | election', 'hamas | israel | accountability | accountable | bipartisan | icc | peace | senate | defend | agenda', 'bipartisan | democrats | congressional | congress | republicans | election | agenda | trump | president | republican', 'borders | border | congressional | congress | agenda | enforcement | trump | bipartisan | protecting | policies', 'celebrate | visit | st | residents | going | farmers | washington | honored | serving | served', 'putin | ukraine | russia | war | biden | hamas | defend | trump | bipartisan | policy', 'veterans | veteran | va | congressional | bipartisan | legislation | bill | taxpayer | congress | honored', 'laken | justice | victims | riley | criminal | senator | senate | accountability | court | enforcement', 'gaetz | accountability | congress | attorney | report | enforcement | senator | congressional | accountable | bipartisan', 'honored | honor | her | caucus | senator | she | congressional | bipartisan | veteran | congress', 'disaster | aid | fema | funding | crisis | relief | efforts | congress | infrastructure | taxpayer', 'healthcare | rural | health | medicare | residents | farmers | services | benefits | communities | congressional', 'women | transgender | men | rights | victims | public | protecting | protect | her | enforcement', 'education | students | schools | school | accountability | funding | honored | agenda | honor | supporting', 'legislation | congress | congressional | senate | bill | passed | bipartisan | senator | policies | taxpayer', 'funding | infrastructure | congress | legislation | congressional | taxpayer | bipartisan | fema | states | policies', 'transgender | trans | celebrate | honor | honored | peace | victims | proud | rights | veterans', 'economy | taxpayer | spending | economic | tax | congress | funding | debt | congressional | bipartisan', 'senate | senator | bipartisan | congressional | congress | democrats | elected | election | committee | republicans', 'energy | policy | policies | climate | agenda | congress | bipartisan | elect | funding | infrastructure', 'veteran | veterans | honored | honor | served | military | legacy | dedication | victims | bill', 'fema | federal | congressional | taxpayer | accountability | democrats | congress | bipartisan | aid | caucus', 'birthday | celebrate | congratulations | honored | happy | grateful | day | president | proud | honor', 'enforcement | protecting | protect | security | rights | freedom | accountability | secure | policy | policies', 'federal | agencies | assistance | county | office | district | department | washington | residents | admin', 'farmers | farm | rural | funding | senator | bipartisan | congress | taxpayer | congressional | caucus', 'infrastructure | transportation | legislation | bipartisan | congress | funding | congressional | taxpayer | policies | government', 'students | honored | honor | veterans | veteran | schools | committee | congressional | served | military', 'congressional | congress | taxpayer | legislation | bipartisan | accountability | vote | agenda | democrats | federal', 'tomorrow | tune | watch | on | today | coming | around | doing | going | joined', 'medicare | healthcare | taxpayer | policies | bipartisan | congressional | policy | funding | spending | congress', 'debt | spending | funding | congress | taxpayer | economy | federal | bills | congressional | bipartisan', 'right | know | glad | good | why | still | very | but | see | not', 'funding | infrastructure | taxpayer | aid | safety | ensuring | policies | transportation | policy | benefits', 'families | children | funding | agenda | family | healthcare | accountability | policy | ensuring | policies', 'won | excited | celebrate | team | we | united | congratulations | going | tomorrow | hope', 'honored | meeting | chairman | honor | senator | visit | congressional | congress | biden | leaders', 'victims | violence | crisis | peace | protecting | safety | justice | fighting | community | protect', 'senator | chairman | elect | energy | donald | bill | president | bipartisan | secretary | congress', 'celebrate | honored | nation | honor | efforts | proud | our | farmers | we | caucus', 'accountability | taxpayer | accountable | congress | federal | congressional | agencies | funding | government | senate', 'anti | hate | hamas | violence | israel | peace | agenda | victims | supporting | against']","[243, 230, 209, 158, 158, 149, 132, 130, 129, 128, 128, 119, 118, 117, 113, 111, 111, 109, 108, 108, 107, 98, 96, 90, 90, 89, 89, 88, 78, 77, 74, 73, 72, 71, 62, 61, 56, 55, 53, 53, 50, 50]"
2024-11-19 00:00:01,2024-11-26 00:00:01,5401,0.36189481156086684,-0.33050104338120534,-12.443681018042398,0.881184668989547,0.3178453052646945,"['congressional | bipartisan | congress | caucus | senate | senator | committee | elected | election | honored', 'hamas | israel | accountability | accountable | peace | icc | bipartisan | defend | war | agenda', 'funding | infrastructure | congress | legislation | congressional | bipartisan | policies | fema | policy | benefits', 'border | congressional | agenda | congress | trump | bipartisan | protecting | policies | senator | americans', 'energy | policy | policies | congress | elect | bipartisan | infrastructure | funding | agenda | congressional', 'veterans | va | congressional | bipartisan | bill | legislation | served | honored | healthcare | congress', 'congress | bipartisan | congressional | trump | agenda | president | election | elected | democrats | elect', 'thanksgiving | celebrate | serving | served | honored | farmers | food | serve | grateful | deliver', 'justice | accountability | trump | court | accountable | congressional | congress | victims | president | federal', 'women | transgender | men | victims | rights | protecting | public | protect | her | she', 'ukraine | russia | war | hamas | biden | israel | defend | bipartisan | trump | policy', 'healthcare | rural | health | medicare | residents | congressional | medical | farmers | services | benefits', 'spending | debt | funding | congress | federal | economy | congressional | government | waste | economic', 'justice | laken | victims | riley | senator | accountability | senate | court | trump | deserve', 'disaster | funding | fema | crisis | relief | congress | efforts | infrastructure | congressional | assistance', 'bipartisan | democrats | congressional | economy | congress | spending | tax | republicans | economic | funding', 'visit | city | residents | communities | washington | businesses | st | met | industry | rural', 'transgender | trans | celebrate | honored | honor | victims | peace | proud | rights | veterans', 'legislation | congress | congressional | senate | bipartisan | passed | policies | senator | policy | bill', 'honored | honor | veterans | served | dedication | passed | grateful | legacy | leader | military', 'birthday | celebrate | congratulations | honored | happy | day | grateful | president | proud | honor', 'senate | senator | bipartisan | congressional | congress | democrats | election | elected | republicans | committee', 'security | accountability | protecting | secure | protect | freedom | hamas | policy | accountable | policies', 'federal | assistance | county | district | department | residents | agency | washington | admin | dc', 'students | congressional | congress | education | school | caucus | honored | district | capitol | leaders', 'glad | very | right | why | continues | good | incredible | proud | still | know', 'fema | federal | congressional | democrats | accountability | victims | political | bipartisan | congress | caucus', 'won | team | congratulations | excited | celebrate | we | going | go | united | honored', 'gaetz | accountability | report | congress | attorney | congressional | bipartisan | senator | accountable | federal', 'congressional | legislation | congress | accountability | agenda | bipartisan | vote | federal | accountable | policies', 'children | kids | healthcare | benefits | families | policies | accountability | funding | health | policy', 'honored | meeting | honor | biden | met | leaders | congress | visit | president | senator', 'tune | on | working | coming | up | today | joined | doing | around | watch', 'medicare | healthcare | congressional | democrats | policies | congress | bipartisan | republicans | policy | spending', 'farmers | farm | rural | funding | businesses | industry | states | infrastructure | food | benefits', 'honored | her | honor | she | dedication | veterans | proud | congratulations | grateful | served', 'harris | honored | victims | lives | hope | honor | senator | veterans | loved | passed', 'care | families | support | healthcare | veterans | congressional | family | medicare | supporting | funding', 'congressional | senator | bipartisan | congress | elected | caucus | her | senate | election | she', 'secretary | president | elected | senator | trump | bipartisan | donald | congratulations | elect | bill', 'native | honored | celebrate | nation | honor | efforts | proud | our | thanksgiving | caucus', 'disaster | safety | washington | infrastructure | protecting | protect | residents | dangerous | fema | safe']","[240, 225, 206, 201, 140, 138, 129, 129, 126, 126, 125, 123, 122, 111, 109, 108, 107, 104, 104, 97, 94, 90, 90, 90, 87, 87, 86, 81, 77, 77, 74, 69, 68, 67, 66, 65, 63, 63, 62, 58, 57, 53]"
2024-11-22 00:00:01,2024-11-29 00:00:01,3852,0.31447915715198776,-0.30319830840589046,-11.116081203476387,0.8375384615384616,0.26277285720730637,"['thanksgiving | thankful | gratitude | blessings | celebrate | happy | holiday | wishing | grateful | honored', 'thanksgiving | holiday | turkey | celebrate | serving | thankful | gratitude | serve | honored | farmers', 'congressional | congress | bipartisan | senate | democrats | republicans | district | committee | political | president', 'border | congressional | trump | congress | biden | bipartisan | security | president | crisis | protect', 'honored | honor | gratitude | congratulations | grateful | thankful | students | blessings | celebrate | proud', 'funding | congress | benefits | efforts | congressional | spending | legislation | million | policies | bipartisan', 'harris | honored | bill | honor | passed | senate | congressional | him | veterans | congress', 'trump | bipartisan | congress | congressional | president | democrats | republicans | senate | plan | americans', 'legislation | federal | congress | congressional | policies | security | rights | law | protect | bipartisan', 'justice | trump | congressional | bipartisan | congress | news | law | democrats | senate | president', 'ceasefire | hezbollah | hamas | israel | peace | crisis | efforts | news | bipartisan | fighting', 'congratulations | celebrate | team | honored | going | we | go | honor | proud | our', 'spending | funding | congress | federal | government | economy | congressional | costs | policies | legislation', 'thanksgiving | veterans | gratitude | honored | honor | holiday | thankful | celebrate | care | grateful', 'women | rights | violence | protect | support | her | peace | she | fighting | justice', 'energy | policies | congress | bipartisan | funding | congressional | economy | economic | bill | president', 'rural | health | medicare | bipartisan | congressional | benefits | policies | funding | legislation | congress', 'tax | economy | economic | spending | bipartisan | congress | congressional | democrats | funding | federal', 'federal | district | admin | county | service | washington | office | call | access | state', 'veterans | honored | congressional | honor | bipartisan | military | benefits | bill | care | efforts', 'joined | on | working | around | up | join | going | am | great | open', 'farmers | rural | funding | congress | congressional | states | legislation | bill | federal | state', 'funding | congress | congressional | crisis | efforts | policies | housing | federal | bipartisan | bill', 'military | congressional | biden | bipartisan | congress | ceasefire | senate | president | policies | veterans', 'read | more | see | much | learn | here | this | about | better | know', 'hamas | hezbollah | israel | bipartisan | political | biden | trump | democrats | america | policies']","[436, 189, 145, 143, 135, 117, 115, 113, 113, 112, 109, 108, 107, 106, 83, 79, 79, 73, 71, 68, 66, 66, 64, 58, 58, 56]"
2024-11-25 00:00:01,2024-12-02 00:00:01,3245,0.36284860532240687,-0.25356430987396833,-8.456393444133058,0.8438735177865613,0.30945960919307547,"['thanksgiving | thankful | gratitude | blessings | celebrate | happy | holiday | grateful | wishing | congratulations', 'businesses | business | shop | shopping | economy | small | holiday | local | communities | economic', 'funding | congress | legislation | spending | housing | policies | federal | states | bipartisan | businesses', 'honor | military | members | gratitude | leaders | congratulations | serve | proud | congress | join', 'border | bipartisan | trump | congress | president | security | protect | policies | biden | senate', 'thanksgiving | holiday | serving | celebrate | thankful | gratitude | serve | food | blessings | grateful', 'celebrate | congratulations | proud | honor | team | we | thanksgiving | happy | our | thankful', 'spending | funding | federal | congress | tax | government | economy | legislation | costs | policies', 'ceasefire | hezbollah | israel | peace | bipartisan | hope | fighting | continue | blessings | violence', 'trump | president | congress | america | bipartisan | americans | next | senate | future | american', 'energy | bipartisan | policies | congress | president | funding | economy | bill | trump | economic', 'economy | economic | tax | spending | trump | congress | bipartisan | policies | federal | businesses', 'gratitude | thanksgiving | thankful | honor | blessings | grateful | holiday | celebrate | serve | military', 'medicare | policies | funding | bipartisan | health | congress | legislation | spending | costs | care', 'federal | service | call | county | access | district | need | joined | office | state', 'trump | law | congress | bipartisan | president | federal | legislation | senate | act | violence', 'funding | federal | congress | policies | supporting | bipartisan | bill | support | ceasefire | states', 'israel | hezbollah | bipartisan | ceasefire | policies | america | biden | trump | military | americans', 'bipartisan | trump | congress | leaders | senate | president | hezbollah | supporting | biden | americans', 'violence | safety | protect | security | secure | peace | safe | trump | ceasefire | public', 'harris | hope | honor | loved | lives | who | wishing | care | gratitude | family', 'celebrate | honor | thanksgiving | nation | our | gratitude | thankful | we | holiday | proud', 'bipartisan | legislation | policies | congress | funding | medicare | safety | public | support | children']","[407, 241, 226, 147, 136, 129, 127, 127, 103, 100, 88, 88, 87, 84, 76, 75, 68, 58, 53, 52, 52, 51, 50]"
2024-11-28 00:00:01,2024-12-05 00:00:01,3698,0.3517883396415281,-0.3296586000324127,-11.563274194373475,0.8423280423280424,0.296268395602958,"['thanksgiving | thankful | gratitude | blessings | celebrate | holiday | happy | grateful | wishing | congratulations', 'bipartisan | democrats | congressional | congress | republicans | trump | president | economy | spending | political', 'businesses | business | shop | economy | small | holiday | local | communities | economic | service', 'honor | veterans | represent | gratitude | proud | thankful | congratulations | grateful | happy | leaders', 'pardon | biden | president | justice | senate | bipartisan | trump | bill | veterans | security', 'funding | legislation | policies | congress | congressional | states | state | federal | government | bipartisan', 'border | congressional | trump | congress | bipartisan | federal | policies | americans | protecting | president', 'congressional | senate | congress | bipartisan | honor | congratulations | leadership | president | leaders | thankful', 'energy | congress | funding | bipartisan | bill | congressional | policies | president | economy | trump', 'county | federal | district | funding | state | support | congressional | represent | service | needs', 'congratulations | celebrate | proud | we | team | happy | our | honor | going | texas', 'rights | bipartisan | legislation | children | justice | congressional | policies | republicans | law | protecting', 'security | legislation | federal | protecting | secure | policies | protect | congress | fbi | congressional', 'holiday | celebrate | thanksgiving | december | represent | washington | season | gratitude | wonderful | happy', 'biden | trump | bipartisan | senate | pardon | democrats | president | congressional | republicans | joe', 'meeting | today | joined | around | saturday | on | going | join | represent | working', 'hamas | israel | leaders | news | democrats | leadership | trump | hope | protecting | protect', 'fbi | trump | harris | president | congressional | congress | senate | bipartisan | administration | leadership', 'hamas | neutra | israel | omer | hope | news | lives | who | blessings | honor', 'trump | veterans | military | president | biden | leadership | administration | leaders | defense | congressional', 'medicare | bipartisan | funding | policies | costs | spending | republicans | democrats | congressional | congress', 'safety | lives | veterans | hope | honor | families | protecting | protect | family | justice', 'medicare | saturday | week | may | open | passed | december | policies | over | when', 'biden | bipartisan | president | trump | her | she | bill | meeting | honor | senate', 'funding | health | policies | legislation | medicare | spending | congress | congressional | support | food', 'congress | policies | america | economy | security | protecting | safety | us | bipartisan | economic', 'hamas | bipartisan | israel | policies | trump | political | biden | america | news | democrats', 'senate | bipartisan | congress | congressional | president | republicans | democrats | trump | federal | biden']","[481, 241, 230, 190, 159, 155, 151, 127, 96, 93, 93, 92, 91, 87, 78, 70, 70, 66, 60, 59, 58, 57, 57, 57, 52, 52, 51, 50]"
2024-12-01 00:00:01,2024-12-08 00:00:01,4920,0.3511982897753239,-0.34543170165673437,-12.807194661856318,0.8546230440967283,0.29909259234710756,"['funding | infrastructure | congress | legislation | congressional | bipartisan | policies | efforts | disaster | policy', 'honored | congressional | senate | congress | caucus | bipartisan | congratulations | leader | committee | honor', 'honor | harbor | honored | veterans | pearl | bravery | civilians | war | remember | fought', 'pardon | biden | justice | president | senate | trump | bipartisan | accountable | bill | democrats', 'border | congressional | congress | agenda | trump | federal | enforcement | americans | bipartisan | policies', 'honored | honor | veterans | served | grateful | happy | anniversary | congratulations | proud | bravery', 'secretary | bipartisan | honored | biden | trump | president | meeting | senate | congressional | leader', 'students | enrollment | honored | caucus | education | district | school | meeting | seniors | congressional', 'read | glad | thanks | thank | congratulations | said | this | report | grateful | see', 'congress | congressional | caucus | bipartisan | senate | agenda | legislation | committee | funding | doge', 'secretary | trump | veterans | president | pete | military | biden | leader | leading | leadership', 'congratulations | excited | proud | we | team | honored | happy | our | honor | hope', 'president | trump | leadership | leaders | leader | leading | congressional | biden | bipartisan | congress', 'rights | bipartisan | children | amendment | legislation | policy | justice | congressional | policies | freedom', 'holiday | christmas | december | excited | honored | washington | january | happy | anniversary | going', 'legislation | policies | funding | congress | policy | spending | infrastructure | congressional | bill | bipartisan', 'economy | congressional | trump | congress | bipartisan | republicans | democrats | economic | president | jobs', 'energy | infrastructure | funding | congress | bill | president | bipartisan | us | economy | policy', 'legislation | businesses | business | congress | federal | congressional | policies | funding | bipartisan | policy', 'senate | bipartisan | congress | congressional | republicans | committee | democrats | president | secretary | trump', 'healthcare | health | medicare | rural | veterans | services | benefits | communities | enrollment | servicemembers', 'medicare | enrollment | plan | plans | healthcare | tomorrow | coverage | week | may | open', 'federal | congressional | government | congress | workers | office | administration | department | tax | fbi', 'morning | tune | tomorrow | today | on | up | coming | watch | working | live', 'enforcement | federal | financial | security | secure | protecting | legislation | funding | fbi | policies', 'china | foreign | enforcement | congress | infrastructure | protecting | policy | security | policies | protect', 'funding | president | infrastructure | congress | economy | financial | trump | bipartisan | economic | secretary', 'veterans | healthcare | served | benefits | military | congressional | honored | support | funding | servicemembers', 'assistance | federal | district | department | county | congressional | services | washington | service | office', 'fbi | secretary | trump | harris | president | director | congressional | senate | congress | bipartisan', 'democrats | republicans | bipartisan | republican | congressional | economy | spending | caucus | congress | medicare', 'hamas | neutra | israel | omer | hope | disaster | crisis | news | peace | lives', 'rosa | bus | parks | bravery | honor | freedom | honored | courage | stand | justice', 'meeting | district | joined | congress | congressional | join | passed | caucus | tomorrow | around', 'security | fbi | enforcement | protecting | secure | congress | leadership | congressional | military | secretary', 'farmers | funding | rural | congress | legislation | congressional | bill | infrastructure | caucus | bipartisan', 'spending | economy | funding | congress | federal | financial | economic | government | congressional | bipartisan', 'students | education | enrollment | school | funding | accountable | congress | kids | congressional | efforts']","[266, 261, 249, 249, 180, 164, 135, 127, 124, 116, 116, 115, 110, 108, 106, 98, 96, 88, 75, 75, 72, 71, 71, 71, 70, 68, 67, 64, 62, 62, 61, 61, 61, 60, 58, 57, 55, 51]"
2024-12-04 00:00:01,2024-12-11 00:00:01,5183,0.33322801413262493,-0.3212213667521638,-11.373082050267815,0.8660022148394241,0.28884509739771963,"['chairman | congressional | honored | committee | congress | congratulations | caucus | bipartisan | senate | leader', 'honor | honored | veterans | harbor | bravery | pearl | civilians | war | fought | remember', 'immigration | border | congressional | congress | agenda | trump | americans | bipartisan | amendment | federal', 'funding | infrastructure | legislation | congress | policies | congressional | bipartisan | harbor | efforts | water', 'honored | leader | honor | courage | caucus | served | her | chairman | leadership | she', 'holiday | christmas | december | honored | excited | washington | capitol | happy | anniversary | deliver', 'chairman | bipartisan | secretary | congress | committee | congressional | bill | leaders | president | caucus', 'senate | bipartisan | congress | congressional | trump | president | republicans | caucus | democrats | vote', 'congratulations | excited | win | proud | team | we | honored | our | going | happy', 'district | congressional | washington | federal | congress | assistance | may | meeting | department | tomorrow', 'thanks | thank | glad | welcome | congratulations | incredible | grateful | great | happy | best', 'leadership | leaders | leader | trump | president | biden | leading | bipartisan | democracy | agenda', 'secretary | veterans | trump | president | military | assad | pete | chairman | leader | leading', 'energy | policy | policies | efficiency | infrastructure | congress | bipartisan | funding | economy | bill', 'legislation | enforcement | amendment | congressional | policy | congress | protecting | bipartisan | policies | rights', 'rights | bipartisan | children | legislation | policy | amendment | justice | policies | congressional | enforcement', 'healthcare | health | rural | communities | veterans | medicare | community | benefits | funding | services', 'syria | assad | iran | regime | israel | civilians | war | agenda | democracy | crisis', 'morning | tomorrow | on | tune | today | watch | coming | working | up | about', 'republicans | democrats | medicare | bipartisan | republican | congressional | congress | caucus | policies | senate', 'congress | congressional | caucus | bipartisan | senate | agenda | doge | funding | legislation | committee', 'students | district | washington | visit | education | school | meeting | honored | capitol | congressional', 'spending | congress | economy | funding | federal | government | congressional | economic | bipartisan | legislation', 'medicare | healthcare | policies | bipartisan | drug | funding | policy | congressional | benefits | costs', 'hope | lives | honor | vital | sacrifice | family | disaster | honored | peace | families', 'disaster | relief | funding | congress | crisis | bipartisan | legislation | bill | congressional | caucus', 'legislation | congress | federal | congressional | businesses | bipartisan | business | policies | funding | policy', 'china | security | protecting | infrastructure | protect | enforcement | congress | secure | policy | foreign', 'enforcement | financial | federal | funding | congress | agency | legislation | accountable | businesses | policies', 'veterans | va | healthcare | served | military | congressional | benefits | honored | war | support', 'secretary | honored | bipartisan | trump | her | biden | meeting | chairman | president | she', 'farmers | rural | funding | congress | caucus | legislation | infrastructure | bill | congressional | bipartisan', 'justice | biden | bipartisan | accountable | senate | president | trump | enforcement | bill | democrats', 'penny | justice | daniel | bravery | court | honored | accountable | secretary | trump | bill', 'healthcare | medicare | policies | policy | agenda | legislation | funding | health | ensuring | benefits', 'security | fbi | enforcement | protecting | secure | leadership | congress | congressional | secretary | military', 'tax | spending | economy | congress | congressional | cuts | bipartisan | federal | economic | funding', 'israel | syria | civilians | peace | iran | assad | crisis | news | war | disaster', 'economy | economic | jobs | businesses | millions | spending | president | trump | thousands | business', 'infrastructure | funding | amp | congress | congressional | businesses | legislation | benefits | states | jobs', 'students | education | school | accountable | funding | agenda | bipartisan | amendment | efforts | congress', 'medicare | plan | tomorrow | healthcare | week | may | today | passed | open | when', 'ndaa | funding | veterans | military | benefits | federal | national | servicemembers | infrastructure | congressional']","[264, 263, 186, 166, 132, 131, 128, 124, 124, 119, 117, 116, 116, 115, 114, 113, 111, 105, 104, 102, 102, 101, 100, 96, 93, 89, 89, 81, 77, 73, 72, 68, 68, 66, 65, 62, 60, 56, 54, 53, 51, 50, 50]"
2024-12-07 00:00:01,2024-12-14 00:00:01,5444,0.33358528044208025,-0.3209434449966272,-11.260691465557466,0.8940199335548172,0.2977501381290533,"['chairman | committee | congressional | congress | bipartisan | nominee | caucus | senator | honored | congratulations', 'honor | veterans | honored | harbor | bravery | pearl | civilians | war | troops | fought', 'ndaa | veterans | funding | troops | military | federal | congressional | national | congress | benefits', 'funding | infrastructure | legislation | congress | policies | congressional | bipartisan | efforts | harbor | policy', 'birthday | honored | veterans | celebrate | honor | congratulations | military | anniversary | happy | proud', 'immigration | border | congressional | congress | agenda | trump | bipartisan | enforcement | president | policies', 'holiday | celebrate | honored | december | happy | anniversary | going | excited | day | grateful', 'legislation | congressional | congress | bipartisan | bill | policies | funding | policy | medicare | passed', 'bipartisan | democrats | republicans | congressional | spending | economy | congress | tax | funding | medicare', 'bipartisan | senate | congressional | congress | senator | republicans | caucus | democrats | nominee | trump', 'healthcare | health | funding | benefits | medicare | services | veterans | care | support | visit', 'nominee | her | honored | she | secretary | senator | bipartisan | leader | caucus | congressional', 'disaster | crisis | relief | funding | infrastructure | policies | policy | ensuring | congress | assistance', 'syria | syrian | assad | regime | israel | iran | civilians | troops | war | agenda', 'won | congratulations | excited | win | team | celebrate | we | proud | our | hope', 'hope | lives | disaster | vital | family | honored | care | served | honor | families', 'secretary | nominee | trump | president | chairman | senator | bipartisan | biden | bill | senate', 'infrastructure | funding | amp | benefits | congress | congressional | businesses | economy | services | service', 'tune | morning | today | on | coming | going | joined | watch | around | up', 'medicare | healthcare | policies | bipartisan | policy | funding | benefits | congressional | health | spending', 'fbi | secretary | senator | agency | senate | trump | administration | congress | assad | federal', 'justice | accountability | president | enforcement | bipartisan | senator | nominee | senate | served | honored', 'drones | civilians | threats | enforcement | protecting | security | protect | congressional | fbi | troops', 'energy | policy | agenda | policies | power | bipartisan | infrastructure | economic | economy | funding', 'marriage | honor | legislation | respect | honored | rights | peace | bipartisan | law | act', 'china | protecting | security | protect | threats | congress | enforcement | accountability | policy | secure', 'funding | financial | federal | spending | congress | accountability | policies | legislation | enforcement | costs', 'president | trump | america | leader | leaders | leadership | americans | biden | assad | war', 'congressional | congress | district | meeting | joined | join | washington | caucus | passed | may', 'thank | thanks | glad | grateful | congratulations | incredible | happy | great | excited | best', 'penny | justice | daniel | bravery | honored | accountability | trump | bill | nominee | secretary', 'education | students | accountability | funding | school | agenda | policies | policy | efforts | bipartisan', 'students | honored | congressional | district | congratulations | served | congress | colleagues | meeting | grateful', 'federal | assistance | department | agency | district | county | authorization | congressional | access | servicemembers', 'spending | funding | economy | congress | federal | economic | financial | congressional | bipartisan | government', 'israel | syria | civilians | syrian | peace | iran | assad | threats | crisis | threat', 'veterans | healthcare | troops | military | benefits | served | congressional | medicare | legislation | servicemembers', 'president | trump | nominee | honored | congratulations | leader | celebrate | chairman | greatest | award', 'secretary | veterans | nominee | military | trump | troops | president | chairman | assad | leading', 'violence | enforcement | protecting | safety | legislation | protect | policy | accountability | police | bravery', 'deliver | holiday | service | federal | department | accountability | office | infrastructure | washington | issues', 'nominee | veterans | servicemembers | honored | honor | military | committee | students | served | award', 'rights | freedom | peace | accountability | bravery | civilians | honor | respect | justice | honored']","[278, 262, 231, 188, 181, 169, 169, 160, 134, 127, 127, 124, 122, 118, 113, 106, 94, 93, 93, 91, 91, 91, 90, 89, 88, 82, 77, 77, 76, 73, 71, 68, 67, 65, 62, 60, 57, 56, 53, 53, 51, 50, 50]"
2024-12-10 00:00:01,2024-12-17 00:00:01,5477,0.34996831935061234,-0.2906014136025526,-11.39847233338357,0.8724738675958189,0.3053913324184266,"['congress | congressional | bipartisan | spending | funding | federal | democrats | economy | republicans | tax', 'chairman | committee | congressional | congress | caucus | bipartisan | senator | senate | honored | congratulations', 'ndaa | veterans | troops | funding | military | federal | congressional | national | congress | navy', 'holiday | celebrate | christmas | honored | december | happy | anniversary | going | excited | honor', 'border | congressional | agenda | congress | trump | bipartisan | policies | enforcement | federal | president', 'legislation | congress | bill | congressional | funding | bipartisan | caucus | passed | policies | support', 'birthday | veterans | honored | celebrate | honor | navy | military | congratulations | anniversary | army', 'dc | district | washington | congressional | congress | meeting | federal | department | may | agencies', 'secretary | president | trump | chairman | senator | bipartisan | biden | bill | congress | leading', 'infrastructure | funding | legislation | congress | water | congressional | policies | efforts | bipartisan | projects', 'drones | drone | enforcement | threats | congressional | protecting | congress | fbi | troops | security', 'energy | infrastructure | elect | funding | congress | policy | bipartisan | policies | agenda | power', 'veterans | honored | honor | troops | served | celebrate | dedication | holiday | anniversary | sacrifice', 'honored | honor | served | lives | veterans | vital | hope | victims | disaster | loved', 'healthcare | policies | bipartisan | policy | funding | costs | benefits | spending | health | congressional', 'secretary | her | senator | honored | she | leader | bipartisan | president | congressional | chairman', 'disaster | crisis | relief | infrastructure | funding | policies | efforts | caucus | policy | victims', 'marriage | legislation | honor | constitution | honored | rights | respect | peace | freedoms | bipartisan', 'justice | accountability | biden | senator | bipartisan | president | senate | enforcement | victims | accountable', 'congratulations | won | excited | celebrate | proud | team | win | we | honored | hope', 'healthcare | funding | health | benefits | services | veterans | visit | care | service | support', 'honored | congratulations | served | grateful | congressional | students | colleagues | glad | veterans | staff', 'fbi | secretary | agencies | senator | trump | senate | congress | administration | president | federal', 'china | congress | protecting | policy | bipartisan | threats | congressional | protect | accountability | policies', 'tune | morning | coming | on | today | watch | going | soon | up | around', 'president | america | trump | americans | american | congress | congressional | war | celebrate | elect', 'shooting | victims | violence | gun | crisis | disaster | accountability | school | peace | safety', 'funding | infrastructure | benefits | agencies | secure | security | protecting | enforcement | protect | ensuring', 'victims | shooting | gun | violence | kids | accountability | children | sandy | hook | disaster', 'thank | thanks | glad | great | grateful | incredible | congratulations | happy | best | on', 'honored | award | honor | won | proud | congressional | constitution | congress | president | grateful', 'funding | financial | federal | agencies | accountability | legislation | enforcement | congress | policies | accountable', 'students | education | funding | accountability | school | agenda | congressional | congress | accountable | efforts', 'navy | army | military | veterans | troops | honor | combat | war | fighting | defend', 'farmers | funding | congress | congressional | bipartisan | senator | legislation | economy | caucus | infrastructure', 'freedoms | constitution | rights | freedom | legislation | bill | honored | congress | day | today', 'navy | veterans | honor | servicemembers | honored | students | military | army | served | committee', 'deliver | holiday | service | agencies | federal | department | accountability | elect | office | letter', 'children | legislation | kids | enforcement | accountability | child | policy | policies | congressional | victims', 'veterans | healthcare | benefits | troops | legislation | congressional | military | served | victims | authorization', 'senate | senator | bipartisan | congressional | democrats | congress | caucus | republicans | republican | biden', 'congressional | congress | bipartisan | republicans | trump | president | senate | democrats | republican | caucus']","[327, 241, 221, 173, 172, 164, 156, 151, 146, 143, 136, 125, 117, 110, 108, 107, 106, 101, 99, 95, 94, 92, 89, 87, 83, 82, 81, 79, 68, 67, 64, 62, 62, 58, 55, 55, 54, 54, 52, 52, 51, 51]"
2024-12-13 00:00:01,2024-12-20 00:00:01,5670,0.3340637585416111,-0.27626116940633116,-10.984993868476113,0.8466898954703831,0.28298819752007937,"['congressional | bipartisan | republicans | democrats | congress | musk | republican | shutdown | trump | political', 'honored | honor | served | veterans | congressional | congress | caucus | congratulations | committee | serve', 'justice | fbi | enforcement | congressional | bipartisan | congress | victims | senate | trump | federal', 'secretary | president | trump | chairman | bipartisan | meeting | congress | biden | donald | congressional', 'committee | congressional | chairman | congress | caucus | senate | bipartisan | honored | democrats | president', 'border | biden | congressional | bipartisan | congress | trump | agenda | president | reform | senate', 'disaster | funding | aid | taxpayer | relief | crisis | infrastructure | efforts | congress | bills', 'right | best | so | but | continues | again | shut | let | continuing | don', 'funding | infrastructure | legislation | congress | congressional | bipartisan | senate | policies | bill | swamp', 'holiday | holidays | celebrate | christmas | honored | december | happy | st | going | anniversary', 'trump | president | congress | donald | congressional | agenda | elect | bipartisan | leadership | america', 'birthday | veterans | honored | celebrate | honor | navy | military | congratulations | anniversary | army', 'israel | peace | victims | agenda | war | news | efforts | crisis | democrats | bipartisan', 'drones | drone | congressional | congress | enforcement | military | protecting | fbi | protect | agencies', 'veterans | served | congressional | honored | bill | bipartisan | taxpayer | healthcare | congress | legislation', 'shooting | victims | violence | gun | crisis | school | disaster | safety | peace | students', 'ndaa | funding | federal | veterans | congress | congressional | national | taxpayer | military | legislation', 'funding | infrastructure | aid | benefits | fund | taxpayer | agencies | dc | federal | efforts', 'spending | budget | funding | debt | congress | taxpayer | economy | economic | government | congressional', 'marriage | honor | legislation | honored | constitution | respect | rights | peace | freedoms | reform', 'energy | economy | elect | economic | policy | funding | bipartisan | policies | infrastructure | taxpayer', 'congratulations | won | excited | celebrate | proud | team | honored | win | we | happy', 'healthcare | bipartisan | taxpayer | policies | reform | drug | funding | policy | costs | congressional', 'veterans | honored | wreaths | honor | celebrate | dedication | holiday | served | anniversary | holidays', 'farmers | farm | funding | taxpayer | rural | aid | congress | infrastructure | bipartisan | congressional', 'taxpayer | congressional | reform | federal | legislation | congress | bipartisan | senate | policies | voting', 'legislation | congressional | children | enforcement | congress | kids | bipartisan | policy | act | policies', 'honored | lives | honor | served | victims | veterans | vital | disaster | hope | care', 'caucus | congressional | congress | doge | bipartisan | agenda | senate | funding | reform | legislation', 'healthcare | health | aid | funding | benefits | services | taxpayer | policies | veterans | care', 'christmas | holiday | holidays | congress | december | celebrate | spending | congressional | bills | federal', 'china | protecting | security | protect | enforcement | policy | infrastructure | military | foreign | policies', 'victims | shooting | gun | violence | kids | children | sandy | hook | disaster | safety', 'town | meeting | district | congressional | congress | around | joined | join | caucus | calling', 'tune | watch | on | live | up | joined | around | join | working | going', 'debt | spending | funding | bills | congress | budget | economy | taxpayer | bill | bipartisan', 'page | read | congress | reform | legislation | report | constitution | congressional | policy | news', 'freedoms | constitution | rights | freedom | legislation | bill | honored | congress | bills | congressional', 'healthcare | policies | legislation | policy | taxpayer | funding | benefits | bipartisan | reform | congressional', 'app | won | honored | congressional | congratulations | congress | district | efforts | birthday | caucus', 'navy | army | military | battle | veterans | honor | war | fighting | honored | serve', 'taxpayer | tax | federal | congress | reform | congressional | funding | democrats | spending | bipartisan']","[341, 289, 276, 183, 178, 166, 166, 165, 161, 155, 145, 145, 131, 126, 117, 117, 114, 104, 103, 100, 97, 96, 94, 93, 89, 87, 87, 86, 85, 77, 72, 72, 70, 68, 66, 66, 60, 59, 59, 59, 54, 52]"
2024-12-16 00:00:01,2024-12-23 00:00:01,5757,0.3150691790918947,-0.2795835748225739,-10.618636664181704,0.8390243902439026,0.2635211299167147,"['bipartisan | congressional | democrats | republicans | congress | gop | musk | shutdown | republican | trump', 'biden | trump | bipartisan | congressional | president | congress | agenda | reform | border | democrats', 'honored | caucus | congressional | bipartisan | honor | congress | chairman | elected | senate | veterans', 'debt | spending | funding | congress | budget | trillion | bipartisan | taxpayer | congressional | bills', 'said | statement | see | read | know | continuing | learn | than | report | say', 'congressional | congress | bipartisan | agencies | trump | enforcement | justice | federal | gop | agenda', 'chairman | congressional | committee | congress | caucus | senate | bipartisan | honored | elected | president', 'funding | infrastructure | legislation | congress | provisions | funded | bipartisan | senate | congressional | policies', 'holiday | holidays | christmas | celebrate | january | honored | happy | going | season | day', 'disasters | disaster | hurricane | funding | aid | crisis | relief | efforts | infrastructure | taxpayer', 'shooting | victims | violence | gun | crisis | disasters | disaster | safety | peace | madison', 'congressional | taxpayer | federal | legislation | reform | congress | senate | medicare | bipartisan | benefits', 'taxpayer | medicare | congressional | tax | bipartisan | congress | reform | republicans | democrats | spending', 'relief | congress | congressional | aid | bipartisan | reform | agenda | taxpayer | funding | legislation', 'secretary | trump | president | bipartisan | chairman | meeting | donald | biden | elected | bill', 'shutdown | reform | vote | congressional | voting | bipartisan | shut | legislation | congress | statement', 'israel | peace | troops | victims | news | crisis | agenda | efforts | disaster | aid', 'energy | policy | policies | elect | infrastructure | congress | bipartisan | congressional | agenda | economy', 'ndaa | funding | federal | veterans | troops | military | congressional | congress | taxpayer | legislation', 'medicare | drug | bipartisan | policies | taxpayer | reform | policy | funding | legislation | congressional', 'farmers | farm | funding | rural | taxpayer | infrastructure | provisions | aid | legislation | economy', 'veterans | troops | taxpayer | honored | bill | benefits | congressional | servicemembers | bipartisan | service', 'birthday | congratulations | honored | celebrate | military | happy | veterans | holiday | day | honor', 'funding | funded | infrastructure | benefits | fund | aid | taxpayer | funds | agencies | dc', 'legislation | congressional | congress | children | bipartisan | act | reform | enforcement | passed | kids', 'dc | federal | district | agencies | washington | department | congressional | office | madison | congress', 'veterans | honored | honor | troops | military | celebrate | servicemembers | legacy | grateful | holiday', 'congratulations | carolina | proud | won | celebrate | excited | honored | team | honor | happy', 'christmas | holiday | holidays | congress | spending | congressional | bills | federal | celebrate | taxpayer', 'justice | senate | bipartisan | congressional | congress | legislation | democrats | enforcement | federal | law', 'drones | congressional | congress | troops | enforcement | military | protecting | protect | agencies | agenda', 'honored | honor | lives | vital | veterans | victims | who | harris | bill | him', 'tonight | caucus | congress | congressional | news | bipartisan | meeting | agenda | today | soon', 'china | security | protecting | protect | secure | enforcement | infrastructure | policy | policies | ensuring', 'page | read | congress | reform | legislation | congressional | report | trillion | policy | taxpayer', 'workers | colleagues | jobs | congressional | rights | businesses | pay | agencies | work | firefighters', 'caucus | doge | congressional | congress | bipartisan | senate | funding | agenda | legislation | reform', 'congressional | congress | reform | continuing | continue | bipartisan | legislation | caucus | senate | agenda', 'tonight | week | meeting | district | today | congress | joined | congressional | passed | around', 'tune | tonight | joined | watch | on | join | live | up | around | working', 'water | safety | infrastructure | policy | legislation | policies | protecting | safe | risk | protect']","[548, 238, 225, 208, 189, 172, 170, 156, 154, 143, 131, 131, 128, 128, 125, 116, 115, 114, 112, 112, 105, 96, 91, 91, 89, 86, 84, 83, 83, 82, 79, 71, 70, 67, 63, 60, 57, 52, 52, 51, 50]"
2024-12-19 00:00:01,2024-12-26 00:00:01,4175,0.3606340722842407,-0.2614105077991977,-10.052885234561074,0.8219373219373219,0.2964663956321705,"['merry | christmas | holidays | holiday | celebrating | celebrate | joy | blessings | happy | wishing', 'bipartisan | congressional | democrats | republicans | congress | musk | shutdown | gop | republican | trump', 'funding | aid | congress | relief | disaster | congressional | bipartisan | bill | agenda | crisis', 'congress | congressional | bipartisan | senate | president | bill | trump | leadership | biden | agenda', 'hanukkah | celebrating | celebrate | merry | holiday | holidays | festival | christmas | happy | peace', 'biden | trump | border | congressional | bipartisan | president | agenda | congress | gop | democrats', 'legislation | funding | congress | congressional | bipartisan | senate | bill | states | government | benefits', 'medicare | bipartisan | funding | congressional | congress | legislation | agenda | aid | health | democrats', 'congress | congressional | bipartisan | legislation | agenda | senate | continuing | funding | continue | vote', 'debt | spending | funding | congress | bipartisan | bills | budget | congressional | bill | economy', 'honor | veterans | who | bill | celebrating | lives | loved | deserve | leadership | congressional', 'congressional | federal | legislation | medicare | congress | senate | benefits | bipartisan | passed | democrats', 'funding | benefits | aid | congress | jobs | fund | businesses | congressional | states | economy', 'statement | see | read | know | continuing | that | than | more | again | shut', 'veterans | celebrating | honor | holidays | holiday | troops | christmas | celebrate | military | blessings', 'tonight | today | news | on | going | working | around | about | up | join', 'justice | enforcement | law | lives | president | fairness | deserve | senate | honor | bipartisan', 'shutdown | statement | congressional | vote | legislation | government | shut | bipartisan | congress | federal', 'birthday | congratulations | celebrating | military | celebrate | veterans | happy | holiday | honor | grateful', 'congratulations | team | celebrating | proud | celebrate | won | we | joy | our | honor', 'china | security | protect | enforcement | secure | congress | america | military | safety | government', 'peace | troops | news | agenda | holiday | crisis | democrats | disaster | hanukkah | aid', 'medicare | republicans | democrats | congressional | bipartisan | republican | spending | congress | gop | funding', 'federal | assistance | congressional | funding | aid | congress | tax | veterans | support | service', 'energy | economy | elect | economic | congress | bipartisan | biden | funding | power | bill', 'veterans | troops | military | bill | congressional | bipartisan | honor | service | benefits | legislation', 'johnson | bipartisan | senate | congress | gop | congressional | biden | democrats | bill | president']","[492, 492, 253, 189, 173, 162, 157, 145, 139, 139, 131, 122, 121, 114, 112, 110, 106, 98, 80, 76, 72, 71, 67, 60, 59, 55, 54]"
2024-12-22 00:00:01,2024-12-29 00:00:01,2541,0.3846222352483074,-0.16013164532105842,-6.893605348397972,0.7941176470588235,0.30194349507566226,"['merry | christmas | holidays | holiday | celebrating | celebrate | kwanzaa | blessings | joy | joyous', 'hanukkah | celebrate | kwanzaa | celebrating | merry | holiday | holidays | festival | christmas | happy', 'congress | celebrating | bipartisan | president | celebrate | veterans | may | next | district | hope', 'funding | congress | legislation | bipartisan | bill | federal | government | state | million | veterans', 'border | congress | trump | bipartisan | federal | americans | president | america | government | bring', 'justice | biden | president | law | bipartisan | trump | bill | honor | for | of', 'tax | congress | bipartisan | federal | funding | legislation | trump | bill | government | president', 'veterans | holidays | holiday | celebrating | honor | christmas | celebrate | merry | blessings | serve', 'veterans | honor | bill | who | bipartisan | her | loved | biden | wishing | hope', 'celebrating | festival | holiday | celebrate | holidays | kwanzaa | christmas | joy | honor | joyous', 'kwanzaa | holidays | holiday | celebrating | christmas | celebrate | hanukkah | merry | festival | wishing', 'legislation | congress | bipartisan | federal | veterans | bill | honor | government | social | funding', 'funding | health | bipartisan | legislation | congress | care | federal | veterans | support | government', 'federal | funding | congress | support | government | service | legislation | district | veterans | tax', 'peace | jewish | holiday | hanukkah | hope | bring | protect | holidays | blessings | we', 'legislation | congress | federal | bipartisan | funding | law | government | bill | public | justice', 'more | here | see | this | great | about | of | than | again | blessings', 'celebrate | proud | team | celebrating | happy | joy | keep | we | thanks | our']","[431, 262, 193, 165, 142, 119, 117, 98, 98, 89, 82, 78, 67, 63, 58, 55, 55, 50]"
2024-12-25 00:00:01,2025-01-01 00:00:01,2804,0.4441852471130812,-0.14426645324915155,-6.572895145877072,0.7000000000000001,0.2987702406592039,"['congress | bipartisan | funding | federal | bill | president | veterans | states | government | washington', 'carter | president | condolences | honor | jimmy | leadership | veterans | prayers | trump | humanitarian', 'merry | christmas | holiday | celebrating | celebrate | kwanzaa | joy | blessings | happy | joyous', 'hanukkah | kwanzaa | celebrate | celebrating | merry | holiday | festival | christmas | happy | peace', 'kwanzaa | holiday | celebrating | christmas | celebrate | hanukkah | merry | festival | wishing | blessings', 'blessings | christmas | merry | prayers | celebrating | joy | holiday | faith | celebrate | hanukkah']","[1419, 463, 395, 283, 94, 51]"
2024-12-28 00:00:01,2025-01-04 00:00:01,3672,0.3807995595320298,-0.36060819151775314,-13.04053657710504,0.8307359307359309,0.31211550636722857,"['happy | congratulations | year | future | may | january | excited | wishing | going | hope', 'congressional | congress | sworn | senate | senator | honored | bipartisan | president | elected | federal', 'carter | president | condolences | honor | leader | honored | jimmy | leadership | veterans | prayers', 'orleans | victims | prayers | humanitarian | praying | terrorist | agenda | peace | condolences | responders', 'funding | federal | congressional | congress | efforts | responders | million | government | represent | senate', 'agenda | bipartisan | congressional | congress | democrats | trump | president | republicans | vote | efforts', 'senator | speaker | senate | bipartisan | congressional | congress | elected | president | johnson | vote', 'congress | congressional | bipartisan | funding | tax | federal | economy | democrats | inflation | republicans', 'congratulations | delivering | proud | honored | working | congressional | congress | work | deliver | bipartisan', 'border | congressional | agenda | bipartisan | congress | enforcement | trump | policies | protect | security', 'honored | honor | veterans | sworn | senator | served | president | governor | proud | humanitarian', 'medicare | prescription | seniors | costs | affordable | funding | policies | inflation | tax | bipartisan', 'fbi | terrorist | security | senate | enforcement | congressional | congress | senator | news | federal', 'congratulations | excited | proud | happy | go | thanks | honored | going | keep | loss', 'legislation | enforcement | policies | congress | congressional | law | act | protect | agenda | federal', 'congratulations | elected | bipartisan | senator | senate | congressional | congress | excited | honored | speaker', 'orleans | state | responders | florida | prayers | condolences | safe | live | humanitarian | georgia', 'biden | senator | trump | senate | bipartisan | justice | president | congressional | innocent | democrats', 'live | on | up | going | morning | today | around | join | working | during', 'congressional | congress | sworn | senate | senator | represent | federal | governor | honored | bipartisan', 'security | enforcement | secure | fbi | protect | us | terrorist | congress | america | attack', 'washington | office | congress | congressional | district | represent | state | federal | senate | housing']","[436, 399, 366, 261, 200, 173, 172, 132, 107, 104, 94, 93, 87, 85, 85, 75, 73, 63, 60, 57, 56, 53]"
2024-12-31 00:00:01,2025-01-07 00:00:01,4465,0.3864628730961441,-0.3348543597541441,-13.260264299329256,0.8301587301587301,0.3188369245694448,"['sworn | congressional | congress | oath | senate | honored | senator | honor | presidential | elected', 'orleans | victims | terrorists | prayers | terrorist | praying | agenda | news | responders | innocent', 'celebrate | happy | congratulations | future | year | wishing | may | excited | hope | january', 'bipartisan | agenda | presidential | congressional | congress | democrats | election | republicans | president | mandate', 'congress | congressional | senate | bipartisan | election | presidential | senator | sworn | soon | president', 'capitol | violence | terrorists | democracy | terrorist | victims | violent | election | victory | congressional', 'federal | congress | congressional | million | responders | district | dc | legislation | government | washington', 'honored | medal | honor | veterans | sworn | presidential | president | senator | represent | bill', 'legislation | benefits | federal | congressional | policies | medicare | congress | honored | bipartisan | veterans', 'election | democracy | elected | elect | vote | victory | presidential | democrats | congressional | congress', 'congratulations | welcome | proud | thanks | working | honored | work | grateful | excited | congressional', 'congress | bipartisan | congressional | tax | economy | federal | inflation | democrats | medicare | republicans', 'medicare | prescription | seniors | costs | policies | drug | inflation | bipartisan | benefits | congressional', 'border | protecting | congressional | agenda | protect | enforcement | security | bipartisan | securing | congress', 'election | presidential | certify | elected | elect | vote | votes | president | congress | congratulations', 'biden | presidential | trump | energy | president | bipartisan | elect | bill | donald | senator', 'johnson | presidential | senator | senate | speaker | bipartisan | election | president | biden | congress', 'statement | but | fair | best | right | so | see | than | know | good', 'snow | safety | safe | protecting | orleans | state | protect | live | going | florida', 'snow | washington | presidential | sworn | election | dc | january | celebrate | president | congress', 'victory | excited | we | go | celebrate | win | team | won | our | going', 'congress | federal | enforcement | legislation | congressional | policies | law | fairness | tax | bipartisan', 'speaker | senator | senate | bipartisan | congressional | congress | election | elected | presidential | vote', 'congratulations | elected | speaker | bipartisan | senator | senate | election | congressional | congress | welcome', 'presidential | election | elected | president | bipartisan | victory | elect | sworn | honored | congress', 'happy | celebrate | january | year | congratulations | excited | florida | state | going | snow', 'congressional | congress | sworn | senate | represent | honored | senator | federal | oath | bipartisan', 'celebrate | january | going | happy | may | congratulations | excited | wishing | day | bring']","[384, 317, 292, 249, 194, 192, 189, 167, 158, 153, 129, 112, 110, 99, 96, 95, 90, 86, 79, 77, 71, 68, 67, 65, 55, 55, 53, 50]"
2025-01-03 00:00:01,2025-01-10 00:00:01,6418,0.39195670867459714,-0.31917026480100785,-12.45493478953543,0.8809661835748794,0.3444599579241169,"['congressional | congress | sworn | senate | oath | senator | honored | presidential | proudly | election', 'immigration | congressional | congress | legislation | senate | senator | bipartisan | immigrants | enforcement | citizens', 'wildfires | fires | firefighters | disaster | fire | emergency | california | prayers | responders | safer', 'honor | honored | officers | appreciation | enforcement | veterans | proudly | protect | duty | protecting', 'capitol | violence | terrorists | democracy | election | crisis | violent | congressional | victory | democratic', 'senator | presidential | senate | bipartisan | speaker | election | congressional | elected | congress | president', 'carter | president | presidential | honor | honored | appreciation | leader | leaders | dedication | veterans', 'presidential | president | election | elected | trump | elect | sworn | donald | congress | victory', 'election | democracy | democratic | voting | elected | elect | constitutional | vote | victory | presidential', 'bipartisan | democrats | republicans | congressional | republican | congress | senate | democratic | election | presidential', 'presidential | senator | trump | president | bipartisan | congress | senate | elected | governor | congressional', 'presidential | agenda | president | mandate | trump | congress | america | congressional | bipartisan | election', 'spending | tax | economy | congress | debt | bipartisan | congressional | funding | economic | inflation', 'congressional | congress | bipartisan | democrats | senate | election | legislation | senator | fighting | represent', 'funding | infrastructure | benefits | housing | million | spending | congress | businesses | washington | efforts', 'weather | snow | winter | climate | wildfires | safer | north | fires | safety | emergency', 'medicare | benefits | federal | honored | congressional | legislation | policies | honor | social | policy', 'congratulations | working | proudly | work | proud | welcome | thanks | delivering | congressional | congress', 'congress | congressional | legislation | bipartisan | federal | senate | bill | constitutional | policies | government', 'legislation | constitutional | congress | enforcement | congressional | proudly | mandate | federal | policy | policies', 'biden | oil | energy | trump | presidential | drilling | president | offshore | bipartisan | elect', 'icc | israel | hamas | terrorists | legislation | allies | accountable | enforcement | justice | bipartisan', 'congratulations | victory | won | go | excited | proudly | going | win | team | we', 'committee | congress | congressional | senate | senator | bipartisan | presidential | honored | member | members', 'snow | winter | washington | weather | presidential | dc | sworn | election | january | president', 'women | men | rights | constitutional | fairness | honor | privilege | defend | congressional | policy', 'joined | joining | tomorrow | tune | join | on | watch | live | coming | up', 'working | work | ready | coming | ahead | job | going | let | worked | go', 'legislation | funding | infrastructure | congress | policies | congressional | bill | bipartisan | policy | mandate', 'venezuela | maduro | democracy | presidential | democratic | president | election | trump | elected | mexico', 'offshore | drilling | protecting | protect | oil | policy | infrastructure | wildfires | florida | policies', 'veterans | benefits | legislation | bill | honored | congressional | bipartisan | congress | honor | served', 'spending | accountable | infrastructure | governor | policy | funding | tax | congress | policies | legislation', 'news | enforcement | policy | agenda | trump | freedom | report | public | constitutional | bipartisan', 'lives | devastating | violence | disaster | firefighters | justice | honored | violent | criminals | crimes', 'congress | congressional | bipartisan | agenda | legislation | senate | funding | efforts | presidential | policies', 'office | washington | dc | tomorrow | district | federal | admin | open | may | access', 'disaster | wildfires | relief | emergency | firefighters | assistance | fires | apply | impacted | affected', 'federal | assistance | district | county | congressional | congress | dc | state | admin | citizens', 'security | infrastructure | allies | protecting | offshore | securing | military | enforcement | protect | secure', 'offshore | steel | drilling | economy | america | infrastructure | immigration | us | policy | congress', 'biden | presidential | trump | president | election | bipartisan | senator | democrats | senate | donald', 'hamas | terrorists | israel | detain | peace | disaster | allies | crisis | news | soon', 'court | constitutional | justice | congress | enforcement | law | legislation | congressional | certify | certifying', 'congressional | sworn | congress | california | honored | oath | honor | proud | proudly | senate', 'medicare | seniors | spending | costs | affordable | inflation | funding | debt | policies | dollars']","[532, 419, 296, 249, 191, 189, 185, 179, 174, 161, 159, 151, 142, 138, 121, 114, 114, 113, 111, 107, 106, 105, 103, 102, 94, 83, 82, 73, 73, 68, 65, 64, 64, 64, 64, 62, 61, 60, 57, 57, 56, 56, 56, 55, 53, 50]"
2025-01-06 00:00:01,2025-01-13 00:00:01,6344,0.3722506744573487,-0.3283497972116886,-12.977348734408835,0.8936120789779328,0.3321225142157058,"['wildfires | fires | firefighters | disaster | fire | fema | emergency | responders | california | victims', 'immigration | congressional | congress | legislation | senate | bipartisan | enforcement | immigrants | policies | citizens', 'election | presidential | inauguration | democracy | elect | victory | elected | president | democratic | congressional', 'sworn | congressional | honored | congress | senate | inauguration | represent | elected | honor | presidential', 'honor | honored | officers | appreciation | enforcement | veterans | protect | duty | protecting | firefighters', 'carter | president | presidential | honored | honor | inauguration | appreciation | leader | leaders | dedication', 'presidential | bipartisan | president | trump | agenda | congressional | congress | inauguration | democrats | senate', 'thanks | thank | glad | finally | great | congratulations | report | here | more | continues', 'funding | infrastructure | benefits | fema | congress | spending | housing | million | building | congressional', 'biden | oil | energy | trump | presidential | offshore | bipartisan | drilling | president | elect', 'bipartisan | congressional | congress | legislation | bill | senate | federal | constitutional | mandate | bills', 'taxes | tax | bipartisan | spending | congressional | congress | democrats | republicans | economy | funding', 'justice | court | crimes | innocent | constitutional | trump | presidential | criminal | criminals | nominee', 'committee | congressional | chairman | congress | senate | bipartisan | nominee | presidential | elected | honored', 'congressional | represent | farmers | congress | residents | washington | state | district | states | efforts', 'weather | snow | winter | climate | wildfires | safer | north | safety | safe | fires', 'icc | israel | legislation | hamas | terrorists | accountable | enforcement | allies | justice | bipartisan', 'joined | join | on | coming | today | around | doing | going | meeting | morning', 'snow | winter | washington | inauguration | weather | presidential | dc | january | sworn | election', 'benefits | federal | legislation | congressional | honored | policies | social | honor | fema | veterans', 'venezuela | maduro | presidential | democracy | president | democratic | election | trump | leader | elected', 'federal | assistance | department | ca | residents | congressional | admin | district | dc | county', 'funding | infrastructure | legislation | congress | fema | policies | congressional | policy | bipartisan | gulf', 'victory | congratulations | won | excited | go | win | going | we | team | bills', 'presidential | nominee | secretary | chairman | president | trump | bipartisan | congress | donald | bill', 'offshore | gulf | drilling | protecting | policy | risk | protect | safety | oil | infrastructure', 'vance | presidential | election | nominee | elected | bipartisan | president | inauguration | elect | congress', 'congress | congressional | senate | inauguration | election | bipartisan | legislation | presidential | soon | committee', 'news | trump | agenda | report | policy | enforcement | political | public | donald | freedom', 'china | allies | security | offshore | infrastructure | military | terrorists | protecting | trafficking | hamas', 'biden | terrorists | detain | presidential | innocent | president | trump | crisis | hamas | allies', 'nominee | secretary | meeting | met | chairman | presidential | her | trump | bipartisan | meet', 'congressional | congress | legislation | federal | bipartisan | government | constitutional | senate | citizens | dc', 'constitutional | legislation | enforcement | laws | rights | freedom | federal | congress | congressional | policy', 'victims | lives | violence | criminals | devastating | disaster | violent | justice | crimes | firefighters', 'veterans | va | benefits | honored | legislation | honor | congressional | served | bill | congress', 'inauguration | days | soon | presidential | president | never | until | week | when | long', 'offshore | trump | america | allies | presidential | president | borders | immigration | foreign | israel', 'hamas | terrorists | israel | victims | detain | disaster | news | peace | crisis | soon', 'honored | bill | honor | sworn | vance | represent | presidential | dc | deliver | president', 'debt | credit | medical | health | bills | funding | risk | recovery | spending | pay', 'spending | congress | fema | bipartisan | taxes | congressional | tax | funding | accountable | infrastructure']","[512, 455, 453, 292, 245, 210, 192, 167, 161, 156, 138, 137, 137, 135, 131, 114, 110, 107, 98, 94, 93, 92, 91, 91, 89, 85, 85, 84, 76, 75, 73, 72, 72, 64, 63, 63, 59, 57, 53, 53, 53, 52]"
2025-01-09 00:00:01,2025-01-16 00:00:01,6786,0.38813096503733585,-0.2974393794977711,-12.244920506566501,0.9147435897435898,0.35538072695849665,"['congressional | congress | bipartisan | senate | senator | committee | nomination | chairman | honored | governor', 'wildfires | fires | firefighters | disaster | fema | fire | emergency | california | responders | humanitarian', 'funding | infrastructure | congress | fema | benefits | sponsor | congressional | policies | federal | states', 'sports | women | girls | protecting | female | victims | compete | congressional | protect | legislation', 'hamas | ceasefire | hostages | gaza | hostage | humanitarian | peace | israeli | israel | terrorists', 'congress | legislation | congressional | bipartisan | federal | accountability | senate | policies | bill | senator', 'honor | honored | officers | appreciation | enforcement | veterans | protect | protecting | firefighters | citizens', 'immigration | border | immigrants | congressional | trafficking | citizens | congress | bipartisan | enforcement | agenda', 'hegseth | pete | donald | trump | secretary | veterans | nominee | nomination | him | biden', 'senate | nominee | nomination | bipartisan | senator | congress | congressional | trump | president | agenda', 'federal | assistance | residents | department | county | ca | district | admin | washington | state', 'justice | court | innocent | trump | criminal | criminals | accountability | nominee | crime | president', 'republicans | bipartisan | democrats | gop | congressional | republican | congress | spending | taxes | funding', 'congratulations | won | celebrate | compete | fellow | excited | we | bills | honored | team', 'inauguration | president | days | soon | trump | week | tomorrow | day | today | until', 'biden | trump | president | bipartisan | war | allies | secretary | gop | senator | democrats', 'carter | president | honor | honored | appreciation | inauguration | leader | dedication | veterans | leaders', 'read | said | report | statement | more | see | learn | hear | yet | about', 'laken | riley | legislation | senate | senator | congressional | congress | act | bipartisan | policies', 'bipartisan | congressional | agenda | congress | democrats | legislation | supporting | support | democracy | policy', 'secretary | senator | nominee | senate | nomination | trump | president | chairman | governor | bipartisan', 'healthcare | insurance | policies | affordable | benefits | health | policy | costs | funding | congressional', 'military | secretary | veterans | officers | president | congressional | combat | nominee | allies | administration', 'icc | legislation | israeli | accountability | israel | accountable | enforcement | hamas | terrorists | justice', 'immigration | immigrants | criminals | enforcement | crime | legislation | citizens | criminal | illegal | justice', 'honored | honor | veterans | governor | who | represent | bill | victims | lives | legacy', 'climate | wildfires | safer | north | safety | east | safe | florida | fires | southern', 'taxes | tax | economy | cuts | federal | spending | economic | congress | congressional | bipartisan', 'enforcement | legislation | rights | freedom | federal | protect | policy | protecting | policies | law', 'nominee | nomination | biden | senator | bipartisan | secretary | congressional | president | senate | justice', 'healthcare | coverage | plan | insurance | tomorrow | month | january | may | week | today', 'celebrate | honored | honor | appreciation | day | inauguration | dedication | birthday | members | happy', 'economy | economic | jobs | biden | businesses | president | spending | opportunities | immigrants | debt', 'venezuela | maduro | democracy | regime | governor | president | leaders | leader | accountability | freedom', 'china | allies | foreign | trafficking | immigration | economy | america | immigrants | infrastructure | economic', 'veterans | benefits | honored | healthcare | honor | military | legislation | victims | bill | congressional', 'korean | celebrate | honored | immigrants | appreciation | immigration | american | inauguration | honor | americans', 'bipartisan | taxes | tax | congress | governor | spending | congressional | fema | democrats | senator', 'ceasefire | hamas | gaza | peace | israeli | israel | statement | agreement | humanitarian | terrorists', 'housing | funding | homes | congressional | congress | residents | spending | affordable | infrastructure | house']","[892, 542, 325, 323, 305, 257, 239, 179, 157, 143, 134, 134, 131, 130, 129, 126, 125, 125, 121, 115, 107, 104, 102, 98, 97, 90, 89, 87, 85, 82, 79, 77, 75, 72, 65, 64, 63, 57, 54, 50]"
2025-01-12 00:00:01,2025-01-19 00:00:01,7234,0.3866535956864801,-0.30475268706245334,-13.018747837645003,0.9123433583959899,0.35231146562097015,"['hamas | ceasefire | gaza | hostages | hostage | peace | israel | terrorists | crisis | survivors', 'committee | subcommittee | chairman | congressional | congress | senate | caucus | senator | bipartisan | nomination', 'immigration | immigrants | congressional | legislation | citizens | enforcement | victims | congress | laws | amendment', 'funding | infrastructure | sponsor | benefits | housing | transportation | fema | spending | aid | congress', 'hegseth | secretary | veterans | military | trump | donald | nominee | president | nomination | biden', 'biden | president | trump | bipartisan | senator | inauguration | democrats | secretary | crisis | war', 'taxes | tax | congressional | bipartisan | congress | spending | medicare | funding | republicans | democrats', 'sports | women | compete | girls | female | men | defend | protecting | protect | honor', 'inauguration | ceremony | attend | tickets | washington | celebrate | president | capitol | plans | honored', 'legislation | congress | congressional | laws | federal | amendment | policies | constitution | bipartisan | law', 'immigration | border | immigrants | congressional | bipartisan | agenda | protecting | citizens | enforcement | congress', 'inauguration | days | monday | president | soon | tomorrow | week | day | today | trump', 'tonight | working | welcome | excited | coming | on | tomorrow | joined | thanks | up', 'agenda | inauguration | meeting | president | congressional | bipartisan | congress | chairman | trump | thrilled', 'disaster | wildfires | fires | california | fema | firefighters | aid | congressional | bipartisan | democrats', 'honored | honor | lives | veterans | victims | survivors | governor | fellow | loved | hope', 'energy | biden | policy | policies | bipartisan | elect | infrastructure | economic | funding | congress', 'congress | congressional | caucus | senate | committee | senator | subcommittee | inauguration | bipartisan | nomination', 'residents | district | city | washington | town | governor | honored | capitol | visit | met', 'farmers | funding | sponsor | congress | infrastructure | congressional | washington | senator | caucus | bill', 'nominees | nominee | senate | nomination | senator | bipartisan | trump | secretary | cabinet | congress', 'governor | caucus | nomination | inauguration | state | honored | thrilled | nominee | congress | congratulations', 'bills | we | excited | celebrate | win | won | our | team | tonight | going', 'doj | justice | crimes | trump | accountability | criminal | court | innocent | nominee | president', 'wildfires | fires | firefighters | fire | disaster | fema | policy | safer | safety | policies', 'federal | district | assistance | agencies | county | residents | washington | ca | dc | department', 'medicare | healthcare | drugs | drug | bipartisan | costs | funding | seniors | policies | spending', 'pam | bondi | nominee | nominees | nomination | attorney | secretary | biden | senator | governor', 'riley | laken | legislation | amendment | senator | senate | act | congressional | caucus | congress', 'amendment | constitution | rights | legislation | equal | inauguration | congressional | freedom | honored | accountability', 'firefighters | wildfires | fires | fire | survivors | disaster | fema | ceasefire | veterans | california', 'spending | debt | budget | funding | congress | inflation | federal | economy | congressional | economic', 'women | republicans | victims | democrats | female | republican | her | girls | rights | protect', 'amendment | enforcement | constitution | legislation | rights | laws | policy | protecting | federal | protect', 'celebrate | honored | honor | day | birthday | inauguration | thrilled | members | happy | proud', 'amp | congressional | congress | bipartisan | caucus | rep | senate | joining | senator | dc', 'salt | bipartisan | caucus | taxes | tax | congress | governor | spending | congressional | fema', 'children | kids | bipartisan | republicans | congressional | child | legislation | voting | agenda | democrats', 'medicare | healthcare | coverage | plan | tomorrow | insurance | plans | monday | today | may', 'honored | king | honor | celebrate | inauguration | president | birthday | dc | leader | donald', 'senator | senate | florida | nomination | governor | nominee | bipartisan | caucus | congressional | congress', 'proud | honor | congratulations | honored | support | supporting | rights | constitution | bipartisan | agenda', 'statement | true | sense | said | yet | fair | see | but | right | that', 'secretary | nominee | nomination | senator | trump | congress | congressional | intelligence | president | nominees', 'industry | innovation | manufacturing | infrastructure | technology | funding | sponsor | investment | businesses | opportunities', 'veterans | honored | honor | congressional | bill | military | victims | legislation | healthcare | congress', 'tiktok | enforcement | policy | amendment | policies | ban | preventing | technology | legislation | allow', 'justice | crimes | enforcement | criminal | crime | victims | accountability | drug | court | honored', 'freedom | religious | constitution | faith | rights | amendment | celebrate | ceremony | inauguration | peace', 'secretary | senator | nominee | nomination | trump | president | senate | governor | chairman | biden', 'china | taiwan | communist | economy | foreign | immigration | congress | immigrants | policy | economic', 'korean | celebrate | immigrants | honored | immigration | american | inauguration | americans | honor | taiwan', 'regime | war | hamas | israel | terrorists | foreign | trump | cuba | bipartisan | policies', 'healthcare | insurance | medicare | coverage | benefits | policies | health | affordable | policy | costs', 'wildfires | fires | disaster | firefighters | la | ca | fire | california | assistance | fema', 'cuba | communist | regime | trump | biden | terrorists | democrats | policy | hostage | president', 'congressional | bipartisan | congress | families | caucus | senate | democrats | voting | senator | legislation']","[413, 284, 250, 238, 232, 220, 219, 209, 179, 179, 159, 152, 149, 149, 144, 143, 123, 113, 108, 107, 102, 100, 97, 94, 90, 89, 87, 86, 86, 84, 84, 82, 80, 78, 78, 76, 73, 73, 72, 70, 70, 69, 69, 69, 64, 63, 62, 62, 61, 60, 60, 59, 58, 55, 55, 50, 50]"
2025-01-15 00:00:01,2025-01-22 00:00:01,8414,0.37321936696568114,-0.30520901357092145,-12.945990216804589,0.8987103174603175,0.33537735098509946,"['luther | mlkday | mlk | king | honor | honored | peace | martin | celebrate | leader', 'hamas | hostages | ceasefire | hostage | gaza | peace | israel | terrorists | survivors | crisis', 'congress | spending | congressional | taxes | funding | federal | bipartisan | tax | economy | prosperity', 'committee | congress | congressional | subcommittee | chairman | caucus | senate | bipartisan | senator | nomination', 'inauguration | inaugural | presidential | president | celebrate | sworn | honored | ceremony | day | trump', 'secretary | senator | nomination | nominee | presidential | senate | governor | president | sworn | bipartisan', 'biden | presidential | president | trump | bipartisan | senator | inauguration | secretary | decades | democrats', 'wildfires | disaster | fire | survivors | emergency | aid | california | relief | congressional | crisis', 'congressional | congress | bipartisan | democrats | presidential | immigration | president | citizens | senator | leader', 'immigration | borders | border | presidential | immigrants | trump | congressional | congress | mexico | president', 'funding | infrastructure | congress | benefits | aid | policies | legislation | congressional | policy | spending', 'presidential | president | trump | inauguration | inaugural | donald | prosperity | america | immigration | progress', 'immigration | congressional | immigrants | legislation | victims | enforcement | democrats | amendment | congress | senator', 'legislation | congress | congressional | bipartisan | federal | policies | mandate | senate | amendment | constitution', 'residents | district | governor | washington | town | congressional | city | capitol | meeting | congress', 'inauguration | tickets | ceremony | inaugural | attend | washington | presidential | sworn | celebrate | capitol', 'pardons | pardon | criminals | convicted | crimes | justice | criminal | innocent | victims | hostages', 'honored | governor | honor | vance | harris | veterans | jr | lives | survivors | courage', 'secretary | nominee | nomination | senator | presidential | trump | president | chairman | senate | leader', 'day | today | celebrate | mlkday | inauguration | inaugural | tomorrow | america | morning | president', 'president | presidential | inauguration | sworn | donald | trump | inaugural | nomination | executive | nominee', 'riley | laken | legislation | senate | senator | amendment | act | congressional | congress | caucus', 'medicare | prescription | drugs | drug | bipartisan | funding | policies | costs | spending | congressional', 'weather | cold | climate | wildfires | safer | florida | north | emergency | southern | residents', 'immigration | immigrants | citizenship | citizens | borders | criminals | border | mexico | americans | aliens', 'inauguration | honored | inaugural | veterans | honor | sworn | officers | presidential | washington | grateful', 'tiktok | enforcement | policy | policies | amendment | ban | mlk | legislation | mlkday | protecting', 'promises | promise | presidential | trump | president | inauguration | mandate | policies | progress | policy', 'nominee | senate | nomination | presidential | bipartisan | senator | trump | congress | democrats | congressional', 'amendment | constitution | rights | equality | legislation | equal | inauguration | congressional | democracy | freedom', 'farmers | funding | congress | caucus | congressional | senator | bill | infrastructure | legislation | aid', 'pardons | pardon | biden | convicted | sworn | presidential | senator | president | innocent | hostages', 'won | congratulations | celebrate | we | go | going | excited | team | bills | our', 'energy | elect | presidential | economy | president | trump | power | economic | infrastructure | policy', 'richards | cecile | her | she | courage | luther | martin | governor | victims | honored', 'medicare | health | benefits | policies | policy | funding | aid | legislation | mandate | spending', 'inauguration | inaugural | attend | honored | celebrate | ceremony | excited | proud | honor | congratulations', 'allies | regime | terrorists | hamas | terrorist | war | trump | israel | bipartisan | ceasefire', 'women | men | presidential | president | nominee | trump | girls | equality | her | bipartisan', 'veterans | honored | military | bill | congressional | honor | congress | bipartisan | caucus | dc', 'county | agencies | district | washington | federal | department | dc | residents | assistance | state', 'congratulations | thanks | welcome | thank | glad | happy | grateful | incredible | excited | progress', 'back | return | restore | presidential | president | continuing | continues | finally | again | rest', 'tune | tonight | joined | on | tomorrow | coming | join | up | watch | working', 'ceasefire | hamas | gaza | israel | peace | peaceful | statement | agreement | war | terrorists', 'justice | convicted | pardons | crimes | criminals | victims | criminal | enforcement | pardon | court', 'sports | women | girls | protecting | defend | protect | honor | men | legislation | enforcement', 'days | soon | inauguration | until | longer | long | tomorrow | monday | mlkday | day', 'rubio | marco | senator | presidential | secretary | senate | trump | bipartisan | president | nominee', 'decades | golden | inauguration | begins | prosperity | inaugural | america | generations | era | president', 'china | chinese | communist | taiwan | policy | immigrants | economy | foreign | policies | immigration', 'infrastructure | energy | funding | policies | policy | benefits | economy | elect | legislation | economic', 'biden | presidential | trump | policies | policy | bipartisan | senator | president | congress | bill', 'inauguration | inaugural | caucus | presidential | excited | congressional | celebrate | governor | sworn | washington', 'proud | honor | honored | congratulations | courage | advocate | lives | support | vital | supporting', 'inauguration | inaugural | statement | speech | presidential | president | trump | sworn | said | donald', 'bondi | pam | pardons | nominee | presidential | biden | pardon | sworn | hostages | secretary', 'citizenship | constitution | amendment | immigration | citizens | inauguration | immigrants | rights | freedom | president', 'reproductive | congressional | pres | agenda | bipartisan | policies | medicare | rights | policy | advocate', 'salt | caucus | bipartisan | taxes | tax | governor | spending | congress | accountable | congressional', 'democracy | citizens | congressional | congress | government | constitution | political | funding | bipartisan | presidential', 'secretary | donald | trump | presidential | nominee | nomination | biden | republican | president | senator', 'inauguration | rotunda | capitol | inaugural | sworn | presidential | president | washington | ceremony | congress', 'vance | inauguration | presidential | sworn | inaugural | president | nomination | honored | bipartisan | trump']","[455, 348, 306, 281, 263, 226, 221, 218, 215, 201, 200, 195, 178, 165, 163, 157, 153, 126, 122, 113, 109, 107, 96, 93, 92, 90, 89, 88, 87, 85, 83, 79, 76, 76, 73, 72, 71, 70, 70, 68, 67, 66, 66, 65, 65, 64, 64, 61, 61, 61, 61, 60, 59, 59, 58, 58, 57, 56, 56, 55, 52, 51, 51, 50]"
2025-01-18 00:00:01,2025-01-25 00:00:01,8588,0.34334741527020984,-0.3108374702872543,-12.79919989369103,0.8963125548726953,0.30726762878278885,"['pardons | pardoning | pardoned | pardon | convicted | criminals | crimes | justice | innocent | criminal', 'luther | mlkday | mlk | king | honor | honored | celebrating | peace | martin | president', 'immigration | borders | border | presidential | trump | president | immigrants | agenda | congressional | immigrant', 'presidential | trump | president | inauguration | inaugural | donald | america | americans | progress | leader', 'congress | congressional | committee | bipartisan | senator | subcommittee | senate | nomination | bill | presidential', 'riley | laken | legislation | congressional | congress | senate | senator | act | amendment | policies', 'inauguration | inaugural | celebrating | presidential | president | celebrate | sworn | honored | march | day', 'immigration | immigrants | immigrant | citizenship | borders | citizens | trump | agenda | border | crisis', 'abortion | roe | birthright | freedoms | rights | constitution | unborn | freedom | amendment | advocate', 'congressional | congress | bipartisan | presidential | democrats | president | immigration | trump | senator | citizens', 'energy | presidential | trump | president | economy | policy | infrastructure | donald | policies | economic', 'thank | thanks | glad | great | finally | congratulations | incredible | welcome | best | bless', 'citizenship | birthright | immigration | amendment | constitution | immigrant | citizens | inauguration | immigrants | born', 'honored | honor | grateful | welcome | proud | congressional | glad | celebrating | congratulations | efforts', 'inauguration | inaugural | washington | celebrating | celebrate | presidential | sworn | honored | dc | ceremony', 'secretary | nomination | senator | nominee | presidential | senate | sworn | president | congratulations | bipartisan', 'day | today | celebrate | celebrating | inauguration | mlkday | inaugural | tomorrow | america | president', 'abortion | birthright | unborn | babies | democrats | born | bipartisan | advocate | survivors | republicans', 'legislation | bill | congress | congressional | bipartisan | mandate | federal | policies | senate | laws', 'district | town | washington | meeting | communities | visit | capitol | honored | organization | met', 'biden | presidential | president | trump | bipartisan | senator | secretary | inauguration | donald | decades', 'district | congressional | washington | county | congress | hall | dc | town | meeting | federal', 'birthright | unborn | abortion | march | born | celebrating | freedoms | lives | honor | peace', 'abortion | bipartisan | medicare | republicans | gop | congressional | democrats | birthright | republican | healthcare', 'president | presidential | inauguration | sworn | donald | trump | inaugural | nomination | executive | celebrating', 'honored | inauguration | honor | veterans | inaugural | sworn | officers | officer | celebrating | presidential', 'veterans | va | congressional | military | healthcare | congress | bipartisan | bill | dc | honored', 'hostages | hamas | israel | terrorists | survivors | terrorist | disaster | peace | hope | crisis', 'wildfires | forests | forest | legislation | congress | policies | policy | congressional | fire | bipartisan', 'weather | cold | climate | wildfires | florida | north | southern | safer | emergency | ice', 'presidential | executive | orders | president | mandate | inauguration | priorities | policies | trump | priority', 'senate | nominee | nomination | bipartisan | presidential | senator | democrats | cabinet | congress | congressional', 'richards | cecile | her | she | courage | luther | martin | honored | woman | abortion', 'dei | congressional | policies | congress | amendment | policy | agenda | executive | immigration | bipartisan', 'women | men | woman | presidential | abortion | bipartisan | equality | president | trump | republicans', 'hope | survivors | lives | emergency | disaster | aid | peace | honor | care | honored', 'tonight | tune | on | tomorrow | morning | joined | watch | up | around | coming', 'hegseth | pete | secretary | nominee | donald | presidential | trump | nomination | biden | senator', 'funding | infrastructure | benefits | aid | agencies | housing | spending | assistance | pay | services', 'infrastructure | funding | congress | bipartisan | congressional | policies | legislation | federal | policy | mandate', 'medicare | republicans | democrats | bipartisan | congressional | healthcare | gop | republican | funding | spending', 'wildfires | fire | disaster | emergency | survivors | safety | safer | relief | forests | aid', 'federal | congressional | congress | presidential | executive | government | agencies | staff | secretary | policies', 'inauguration | ceremony | inaugural | washington | celebrating | presidential | celebrate | sworn | capitol | march', 'cia | secretary | senator | director | nominee | nomination | senate | presidential | executive | president', 'healthcare | health | policy | aid | prevent | trump | risk | presidential | policies | donald', 'tax | economy | spending | congress | economic | federal | congressional | legislation | cuts | bipartisan', 'president | presidential | trump | honored | inauguration | donald | congratulations | bill | sworn | inaugural', 'gun | violence | survivors | protecting | freedoms | safety | amendment | enforcement | protect | safer', 'decades | golden | inauguration | begins | america | era | inaugural | president | presidential | trump', 'inauguration | hamas | terrorist | gop | bipartisan | agenda | trump | political | donald | democrats', 'legislation | students | bipartisan | congressional | funding | congress | children | families | agenda | benefits', 'honored | honor | veterans | students | congratulations | inaugural | celebrating | members | military | officer', 'carolina | congratulations | we | celebrate | won | excited | go | going | team | our', 'inauguration | tonight | tomorrow | morning | agenda | today | presidential | bipartisan | plan | congress', 'disaster | wildfires | aid | relief | fire | crisis | survivors | funding | policy | emergency', 'democracy | citizens | congressional | congress | government | political | constitution | voting | bipartisan | amendment', 'prescription | medicare | drugs | trump | drug | healthcare | donald | presidential | bipartisan | president', 'spending | congress | funding | congressional | bipartisan | federal | legislation | government | economy | agenda', 'rubio | senator | secretary | presidential | senate | bipartisan | trump | president | nominee | nomination', 'ice | immigration | enforcement | criminals | citizens | police | cartels | crimes | immigrants | officers', 'read | statement | said | learn | see | results | below | information | about | continuing', 'billionaires | trump | presidential | donald | congressional | president | congress | executive | secretary | leaders', 'inauguration | inaugural | honored | students | celebrating | celebrate | honor | washington | ceremony | excited', 'vance | inauguration | presidential | inaugural | sworn | president | nomination | honored | bipartisan | trump', 'climate | trump | policy | disaster | agenda | crisis | presidential | wildfires | policies | donald', 'cartels | criminals | mexico | terrorists | drugs | drug | enforcement | immigration | terrorist | cia', 'disaster | wildfires | crisis | emergency | aid | mandate | agenda | policies | federal | survivors']","[455, 430, 291, 244, 237, 216, 190, 180, 174, 163, 161, 156, 137, 135, 134, 134, 131, 129, 129, 128, 127, 123, 119, 116, 105, 100, 97, 95, 94, 92, 90, 88, 87, 85, 80, 79, 77, 76, 73, 72, 71, 70, 69, 69, 68, 68, 67, 66, 66, 65, 65, 65, 65, 64, 62, 60, 60, 58, 58, 56, 56, 56, 55, 55, 54, 53, 52, 52]"
2025-01-21 00:00:01,2025-01-28 00:00:01,8220,0.3237097817924379,-0.2953193563252815,-11.632556763061322,0.9145454545454547,0.2972761356653783,"['honored | washington | inauguration | congressional | fellow | honor | dc | meeting | congress | district', 'pardons | pardoned | pardon | criminals | convicted | crimes | justice | assaulted | criminal | innocent', 'holocaust | remembrance | auschwitz | antisemitism | jews | jewish | honor | hatred | honored | victims', 'immigration | borders | border | trump | immigrants | president | immigrant | congressional | agenda | citizenship', 'president | trump | america | inauguration | americans | american | donald | leader | immigration | reform', 'congress | congressional | committee | subcommittee | senate | bipartisan | senator | nomination | members | member', 'riley | laken | legislation | congressional | reform | congress | act | amendment | senate | senator', 'abortion | roe | birthright | rights | constitution | unborn | freedom | amendment | healthcare | bipartisan', 'hegseth | secretary | pete | nominee | trump | donald | nomination | biden | president | leading', 'energy | president | economy | trump | policy | power | infrastructure | policies | economic | donald', 'immigration | immigrants | immigrant | trump | borders | citizenship | agenda | homeland | reform | citizens', 'taxes | tax | bipartisan | congressional | reform | congress | spending | democrats | funding | republicans', 'abortion | bipartisan | republicans | gop | birthright | congressional | democrats | republican | healthcare | legislation', 'citizenship | birthright | immigration | amendment | constitution | citizens | immigrant | inauguration | immigrants | born', 'agenda | bipartisan | congressional | congress | inauguration | tonight | meeting | plan | democrats | morning', 'abortion | birthright | unborn | born | babies | democrats | bipartisan | survivors | republicans | congressional', 'birthright | unborn | abortion | born | remembrance | march | proud | lives | peace | honor', 'glad | thank | thanks | great | right | incredible | good | finally | grateful | happy', 'legislation | bill | congress | congressional | bipartisan | reform | policies | federal | senate | laws', 'immigration | enforcement | citizens | citizenship | ice | immigrants | immigrant | criminals | rights | laws', 'senate | bipartisan | nominee | nomination | senator | democrats | congress | congressional | committee | cabinet', 'schools | education | parents | students | children | kids | school | families | priorities | funding', 'dei | reform | congressional | policies | amendment | immigration | agenda | congress | policy | executive', 'drugs | drug | healthcare | trump | bipartisan | funding | policies | costs | spending | reform', 'immigration | mexico | cartels | regime | trump | president | immigrants | cia | biden | america', 'secretary | congratulations | officer | nominee | military | nomination | troops | confirmation | president | senator', 'veterans | va | troops | military | healthcare | congressional | honored | bill | committee | bipartisan', 'wildfires | forests | forest | legislation | congress | fema | reform | policies | policy | congressional', 'disaster | wildfires | aid | fema | relief | crisis | policy | survivors | policies | funding', 'funding | infrastructure | aid | benefits | housing | fema | spending | projects | agencies | efforts', 'agencies | assistance | department | dc | federal | admin | agency | district | washington | address', 'news | media | democrats | bipartisan | republicans | agenda | political | gop | congressional | trump', 'tonight | tune | on | watch | morning | coming | joined | doing | during | today', 'secretary | congratulations | nomination | nominee | president | cabinet | senator | senate | biden | excited', 'israel | terrorists | terrorist | allies | peace | survivors | liberation | holocaust | victims | jews', 'climate | wildfires | florida | north | ice | southern | south | going | california | safer', 'executive | orders | president | inauguration | trump | policies | agenda | priorities | order | policy', 'honor | king | honored | remembrance | celebrate | dc | peace | inauguration | liberation | leader', 'infrastructure | water | congress | legislation | wildfires | land | fema | congressional | policies | funding', 'healthcare | health | policy | prevent | risk | medical | aid | policies | trump | agenda', 'secretary | nominee | nomination | senator | farmers | funding | congress | executive | congressional | bill', 'climate | trump | policy | agenda | policies | disaster | wildfires | donald | crisis | president', 'financial | funding | agencies | reform | congress | federal | infrastructure | economy | executive | innovation', 'infrastructure | congress | funding | bipartisan | congressional | legislation | policies | fema | federal | policy', 'enforcement | accountable | congress | cia | congressional | federal | officers | reform | criminals | department', 'federal | congressional | workforce | congress | executive | workers | staff | fema | government | reform', 'survivors | victims | hope | troops | emergency | peace | officers | disaster | safer | safety', 'now | coming | next | time | promise | let | hope | excited | after | finally', 'cia | secretary | senator | nominee | director | nomination | senate | president | trump | committee', 'women | men | bipartisan | woman | abortion | congressional | president | republicans | birthright | gop', 'carolina | north | south | southern | florida | washington | inauguration | fema | west | state', 'congratulations | carolina | won | celebrate | excited | fellow | win | team | florida | proud', 'regime | allies | trump | israel | war | terrorist | terrorists | bipartisan | cia | policy', 'spending | congress | funding | congressional | reform | bipartisan | economy | federal | legislation | government', 'china | allies | foreign | cia | america | immigration | economy | immigrants | congress | bipartisan', 'survivors | gun | violence | victims | violent | safer | safety | remembrance | murdered | crisis']","[572, 418, 340, 265, 222, 220, 216, 171, 159, 150, 146, 140, 137, 137, 137, 136, 135, 123, 120, 120, 116, 104, 96, 92, 90, 87, 87, 86, 85, 84, 83, 81, 79, 79, 75, 72, 71, 70, 70, 70, 69, 69, 68, 67, 66, 65, 65, 62, 62, 57, 57, 53, 53, 52, 51, 51]"
2025-01-24 00:00:01,2025-01-31 00:00:01,8352,0.3458787272512867,-0.30661387429118936,-12.372189957310033,0.9145863570391871,0.3174266813183976,"['survivors | rescue | prayers | disaster | emergency | victims | praying | remembrance | devastating | tragedy', 'funding | federal | taxpayer | grants | aid | congress | fema | congressional | policies | trump', 'holocaust | remembrance | antisemitism | auschwitz | jews | jewish | honor | honored | remember | victims', 'president | trump | reagan | donald | congress | congressional | agenda | america | bipartisan | leader', 'honored | honor | congressional | remembrance | celebrating | veterans | congress | nomination | washington | senator', 'medicaid | healthcare | taxpayer | policies | bipartisan | congressional | funding | health | fema | aid', 'district | town | meeting | congress | congressional | city | washington | capitol | communities | funding', 'abortion | unborn | remembrance | born | bipartisan | celebrating | supporting | medicaid | congressional | rights', 'riley | laken | legislation | act | laws | policies | enforcement | policy | constitution | senator', 'thank | great | thanks | glad | right | incredible | finally | best | very | welcome', 'congress | spending | funding | congressional | taxpayer | bipartisan | federal | agenda | legislation | policies', 'immigration | immigrants | illegally | immigrant | criminals | citizens | homeland | crimes | borders | criminal', 'taxpayer | taxes | tax | legislation | congress | federal | prosperity | congressional | spending | funding', 'fema | disaster | firefighters | rescue | aid | crisis | fire | survivors | policies | policy', 'immigration | borders | border | immigrants | immigrant | trump | president | agenda | protecting | policies', 'students | schools | honored | education | school | district | celebrating | seniors | honor | congratulations', 'schools | education | students | school | parents | kids | children | priorities | agenda | choice', 'rfk | vaccine | healthcare | health | donald | trump | jr | senator | healthy | fema', 'hegseth | secretary | pete | nominee | nomination | trump | donald | president | biden | leading', 'tonight | on | joining | today | joined | watch | meeting | morning | doing | coming', 'victims | trump | disaster | donald | tragedy | accountable | crisis | tragic | devastating | news', 'birthday | celebrating | celebrate | congratulations | honored | happy | march | day | born | honor', 'veterans | va | healthcare | honored | service | services | visit | medicaid | care | dca', 'criminals | crimes | enforcement | criminal | justice | innocent | officers | victims | corruption | trump', 'committee | subcommittee | congress | congressional | senate | senator | bipartisan | nomination | veterans | members', 'senate | senator | bipartisan | democrats | congressional | congress | nominee | nomination | republicans | trump', 'energy | power | policy | infrastructure | policies | economy | fema | economic | president | bipartisan', 'farmers | funding | congress | senator | congressional | committee | bill | bipartisan | taxpayer | infrastructure', 'congressional | congress | democrats | bipartisan | trump | fighting | fight | republicans | fema | won', 'corruption | investigation | accountable | enforcement | fbi | congress | federal | congressional | officials | officers', 'secretary | nominee | nomination | senator | senate | trump | biden | bipartisan | agenda | her', 'federal | taxpayer | trump | executive | donald | congressional | fema | secretary | congress | corruption', 'carolina | north | rescue | fema | disaster | southern | south | washington | efforts | florida', 'ice | immigration | enforcement | citizens | illegally | crimes | criminals | police | immigrants | investigation', 'abortion | children | kids | policy | policies | concerns | child | agenda | parents | legislation', 'executive | senator | nomination | nominee | president | administration | policy | leader | congressional | bipartisan', 'secretary | military | congratulations | nominee | president | nomination | veterans | army | honored | officers', 'celebrating | celebrate | year | lunar | snake | march | birthday | january | happy | day', 'bipartisan | republicans | democrats | agenda | political | accountable | democracy | freedom | citizens | immigrants', 'war | foreign | military | bipartisan | hamas | america | israel | agenda | protecting | trump', 'secretary | nomination | transportation | executive | nominee | senator | president | bipartisan | congratulations | congress', 'lunar | celebrating | celebrate | happy | march | january | birthday | year | congratulations | wishing', 'hamas | regime | israel | trump | agenda | war | news | biden | reagan | bipartisan', 'congress | constitution | congressional | federal | president | bipartisan | legislation | government | senate | taxpayer', 'hamas | survivors | israel | liberation | rescue | peace | victims | disaster | crisis | hope', 'agencies | district | dc | department | staff | office | assistance | agency | federal | washington', 'we | goes | ahead | going | excited | celebrate | carolina | team | tonight | win', 'patel | fbi | kash | investigation | senator | secretary | corruption | criminal | trump | criminals', 'immigration | immigrants | borders | immigrant | trump | regime | homeland | illegally | foreign | america', 'aid | funding | immigration | policy | agenda | foreign | policies | trump | concerns | grant', 'hall | district | town | congressional | county | congress | meeting | washington | capitol | subcommittee', 'secretary | nominee | nomination | senator | senate | vote | congratulations | committee | president | executive', 'funding | taxpayer | grants | omb | federal | aid | policies | agencies | grant | medicaid']","[518, 484, 365, 307, 258, 237, 236, 207, 197, 183, 180, 179, 167, 158, 148, 143, 137, 134, 131, 118, 118, 113, 110, 108, 108, 107, 99, 97, 96, 93, 90, 86, 85, 84, 79, 79, 77, 76, 72, 72, 71, 70, 68, 67, 63, 62, 61, 60, 58, 57, 56, 54, 54]"
2025-01-27 00:00:01,2025-02-03 00:00:01,8308,0.37253227104972264,-0.3107577710975456,-12.205902314543884,0.9237647058823529,0.3446460698109346,"['funding | federal | taxpayer | congressional | congress | taxpayers | medicaid | policies | tariffs | aid', 'survivors | rescue | prayers | disaster | emergency | victims | remembrance | praying | tragedy | tragic', 'holocaust | remembrance | antisemitism | auschwitz | jews | jewish | honor | honored | hatred | victims', 'immigration | immigrants | immigrant | illegally | borders | citizens | criminals | enforcement | border | tariffs', 'mayor | district | residents | town | congressional | congress | meeting | washington | capitol | communities', 'president | trump | agenda | congress | congressional | reagan | bipartisan | america | tariffs | donald', 'taxpayer | tariffs | taxpayers | congress | taxes | spending | funding | federal | legislation | tax', 'glad | congratulations | great | thanks | thank | continues | appreciate | excited | finally | incredible', 'democrats | bipartisan | congressional | republicans | congress | trump | republican | tariffs | political | agenda', 'tariffs | economy | economic | taxes | costs | tax | taxpayers | spending | trump | prices', 'students | schools | student | honored | education | contributions | school | district | celebrating | honor', 'riley | laken | legislation | act | laws | policies | enforcement | policy | senator | constitution', 'tonight | congressional | congress | bipartisan | meeting | tomorrow | committee | watch | senate | along', 'trump | victims | donald | accountable | congressional | disaster | agenda | crisis | faa | executive', 'disaster | firefighters | rescue | fire | survivors | emergency | responders | aid | crisis | efforts', 'schools | education | students | school | student | parents | kids | children | priorities | choice', 'fbi | investigation | secretary | senator | agencies | patel | agency | criminal | criminals | terrorists', 'veterans | va | healthcare | honored | visit | residents | service | remembrance | services | care', 'tariffs | china | foreign | america | congress | infrastructure | immigration | policy | hamas | policies', 'immigration | immigrant | immigrants | citizens | congressional | supporting | agenda | concerns | borders | community', 'honored | honor | congressional | congress | celebrating | nomination | mayor | senator | celebrate | state', 'remembrance | history | celebrating | honored | celebrate | contributions | black | honor | civil | efforts', 'rfk | vaccine | jr | donald | healthcare | trump | senator | cancer | democrats | musk', 'policy | children | concerns | policies | victims | bipartisan | rights | agenda | enforcement | kids', 'honored | veterans | remembrance | honor | contributions | military | reagan | mayor | bill | who', 'criminals | crimes | criminal | justice | enforcement | innocent | trump | hostages | victims | violence', 'medicaid | bipartisan | taxpayer | policy | agenda | policies | legislation | congressional | medicare | democrats', 'celebrating | celebrate | year | lunar | snake | birthday | january | happy | february | day', 'birthday | celebrating | celebrate | congratulations | honored | happy | grateful | day | welcome | may', 'executive | mayor | senator | nomination | nominee | president | administration | policy | leader | congress', 'hostages | hamas | terrorists | israel | keith | rescue | survivors | liberation | disaster | crisis', 'investigation | enforcement | accountable | fbi | federal | congressional | criminals | officials | congress | trump', 'energy | tariffs | power | president | policy | infrastructure | economy | trump | policies | economic', 'farmers | congress | senator | congressional | funding | committee | bill | contributions | tariffs | food', 'lunar | celebrating | celebrate | happy | birthday | january | year | congratulations | wishing | february', 'healthy | health | healthcare | policy | bipartisan | america | policies | prosperity | vaccine | benefits', 'funding | taxpayer | families | children | parents | aid | medicaid | grants | taxpayers | kids', 'amp | faa | enforcement | concerns | protecting | congressional | congress | dc | safety | protect', 'excited | conference | congratulations | celebrate | celebrating | we | won | team | ahead | going', 'taxes | irs | tax | taxpayer | taxpayers | federal | file | congress | direct | forms', 'fentanyl | tariffs | mexico | drug | trump | policies | federal | bipartisan | america | policy', 'federal | taxpayers | taxpayer | tariffs | trump | secretary | congressional | donald | executive | pay', 'aid | funding | tariffs | immigration | crisis | agenda | war | policy | concerns | rescue', 'news | media | agenda | congress | investigation | fbi | congressional | accountable | concerns | political', 'medicare | medicaid | seniors | benefits | federal | taxpayer | security | veterans | secure | social', 'israel | hamas | bipartisan | senate | terrorists | jews | holocaust | democrats | tariffs | agenda', 'secretary | transportation | executive | nomination | mayor | delivering | infrastructure | senator | congress | president', 'secretary | nominee | nomination | congratulations | senate | senator | president | executive | committee | administration', 'agencies | office | district | residents | staff | joining | near | assistance | agency | department', 'musk | billionaire | billionaires | donald | trump | taxpayer | taxpayers | executive | congressional | congress', 'spending | tariffs | affordable | taxpayer | economy | priorities | economic | funding | taxpayers | raise']","[724, 594, 367, 332, 311, 308, 291, 268, 264, 237, 205, 191, 185, 181, 154, 140, 134, 128, 127, 120, 120, 119, 118, 109, 107, 95, 93, 89, 88, 87, 81, 77, 76, 74, 71, 69, 68, 64, 59, 57, 56, 56, 56, 55, 55, 54, 54, 53, 53, 50, 50]"
2025-01-30 00:00:01,2025-02-06 00:00:01,8702,0.3575237384078953,-0.3103141323093905,-12.759854199749501,0.9162337662337663,0.32753971987593056,"['rescue | disaster | victims | prayers | emergency | tragedy | crisis | devastating | tragic | praying', 'musk | taxpayer | billionaire | congressional | corruption | congress | taxpayers | donald | trump | billionaires', 'tariffs | economy | economic | taxes | goods | costs | trump | spending | taxpayers | tax', 'usaid | tariffs | agenda | americans | trump | america | immigration | donald | taxpayer | congressional', 'mayor | district | meeting | residents | congressional | town | congress | washington | visit | citizens', 'on | great | about | here | continuing | ahead | doing | along | following | next', 'sports | athletes | women | girls | honor | female | men | honored | celebrate | nominees', 'immigration | borders | border | illegally | citizens | enforcement | tariffs | cartels | congressional | criminals', 'fbi | investigation | corruption | accountability | criminals | enforcement | criminal | terrorists | secretary | trump', 'energy | secretary | president | executive | tariffs | nomination | congress | bipartisan | congressional | bill', 'funding | federal | taxpayer | aid | congressional | taxpayers | congress | policies | fund | tariffs', 'taxpayer | taxpayers | tariffs | federal | spending | congress | corruption | accountability | government | funding', 'congress | congressional | bipartisan | agenda | senate | committee | meeting | discussed | legislation | bill', 'leader | leadership | leaders | president | trump | leading | elected | nomination | democracy | executive', 'history | honored | contributions | celebrate | black | civil | honor | efforts | veterans | supporting', 'students | schools | honored | education | meeting | school | district | visit | contributions | honor', 'congress | congressional | bipartisan | accountability | president | constitution | trump | senate | legislation | tariffs', 'farmers | rural | funding | congress | businesses | congressional | tariffs | infrastructure | contributions | industry', 'federal | congressional | employees | taxpayers | congress | taxpayer | workforce | tariffs | workers | staff', 'education | schools | students | school | accountability | kids | parents | children | funding | agenda', 'disaster | fire | rescue | responders | emergency | aid | safer | residents | efforts | safety', 'democrats | bipartisan | republicans | congressional | republican | congress | political | senate | democracy | agenda', 'officers | enforcement | mayor | police | department | agencies | fbi | attorney | district | residents', 'policy | medicare | taxpayer | policies | healthcare | legislation | bipartisan | rights | agenda | freedom', 'healthcare | medicare | health | benefits | policies | taxpayer | bipartisan | policy | congressional | taxpayers', 'birthday | celebrate | congratulations | honored | happy | day | grateful | honor | welcome | fellow', 'fentanyl | tariffs | cartels | mexico | trump | immigration | borders | drug | bipartisan | border', 'veterans | va | troops | military | healthcare | honor | honored | victims | army | taxpayer', 'gaza | hamas | israel | trump | terrorists | war | tariffs | peace | democracy | crisis', 'water | infrastructure | funding | farmers | congress | rural | congressional | bipartisan | policies | efforts', 'rfk | jr | donald | trump | healthcare | democrats | musk | cancer | bipartisan | congressional', 'nominees | senate | nomination | secretary | bipartisan | cabinet | trump | congress | president | congressional', 'china | chinese | tariffs | communist | allies | foreign | countries | immigration | economy | hamas', 'hostages | hamas | gaza | terrorists | israel | keith | rescue | disaster | hope | peace', 'veterans | secretary | va | honored | troops | committee | nomination | bipartisan | senate | president', 'safer | safety | protecting | protect | safe | secure | security | threat | dangerous | protection', 'iran | israel | regime | hamas | allies | terrorists | reagan | agenda | policy | trump', 'cancer | healthcare | health | prayers | care | peace | war | lives | disease | support', 'fentanyl | drug | cartels | policy | policies | federal | legislation | tariffs | taxpayers | enforcement', 'honored | honor | celebrate | birthday | civil | reagan | contributions | her | mayor | she', 'military | troops | army | veterans | allies | war | officers | strengthen | defense | protecting', 'media | news | agenda | congress | taxpayer | congressional | public | accountability | taxpayers | bipartisan', 'attorney | nomination | honored | justice | secretary | advocate | nominees | executive | bipartisan | congressional', 'regime | hostages | cartels | mexico | corruption | victims | panama | accountability | democracy | terrorists', 'financial | funding | agencies | accountability | taxpayer | treasury | payments | corruption | federal | funds', 'honored | athletes | honor | sports | special | achievements | veterans | incredible | contributions | glad', 'constitution | legislation | enforcement | federal | rights | policies | policy | freedom | protecting | protect', 'residents | assistance | district | agencies | county | near | address | washington | office | access', 'republicans | democrats | left | bipartisan | rights | republican | radical | remain | congressional | hamas', 'celebrate | birthday | year | happy | february | day | honored | may | congratulations | excited', 'secretary | nomination | senate | fbi | nominees | bipartisan | congressional | intelligence | congress | committee', 'biden | trump | president | bipartisan | donald | senate | secretary | tariffs | democrats | congressional', 'bondi | pam | attorney | treasury | nomination | secretary | biden | dca | nominees | president', 'hall | district | town | meeting | capitol | congressional | tomorrow | residents | washington | near', 'israel | hamas | gaza | allies | iran | bipartisan | trump | america | president | us', 'students | immigration | bipartisan | anti | accountability | congressional | agenda | gaza | concerns | honored']","[703, 434, 411, 315, 297, 262, 242, 237, 236, 218, 216, 215, 203, 189, 187, 183, 171, 153, 144, 140, 128, 108, 106, 105, 104, 104, 100, 100, 92, 89, 89, 89, 82, 82, 81, 76, 75, 72, 70, 69, 69, 67, 67, 65, 64, 63, 60, 60, 60, 58, 56, 56, 55, 54, 54, 50]"
2025-02-02 00:00:01,2025-02-09 00:00:01,9044,0.34800263222313793,-0.29783377724069454,-12.404727052847413,0.9025423728813559,0.3143452479205944,"['musk | taxpayer | billionaire | taxpayers | donald | congressional | congressman | congress | corruption | privacy', 'usaid | medicaid | tariffs | agenda | americans | america | immigration | trump | taxpayer | agencies', 'sports | athletes | women | girls | honor | female | men | honored | nominees | celebrate', 'about | great | doing | on | heard | next | working | watch | now | continues', 'democrats | bipartisan | congressional | congress | republicans | democratic | senate | congressman | trump | republican', 'tariffs | economy | economic | demand | taxes | trump | costs | taxpayers | spending | congress', 'tariffs | energy | congress | bipartisan | congressional | policy | bill | congressman | policies | funding', 'fentanyl | drug | drugs | legislation | cartels | policy | policies | bipartisan | federal | enforcement', 'taxpayer | taxpayers | spending | tariffs | waste | accountability | congress | federal | corruption | funding', 'town | district | meeting | visit | congressman | communities | city | washington | met | congress', 'federal | employees | congressional | taxpayers | workforce | taxpayer | congress | workers | congressman | staff', 'congressional | congress | congressman | district | meeting | hall | caucus | washington | capitol | senate', 'enforcement | officers | congressman | police | department | congressional | agencies | federal | citizens | attorney', 'education | schools | students | accountability | school | funding | congress | congressional | agenda | bipartisan', 'funding | taxpayer | federal | aid | taxpayers | medicaid | policies | fund | congressional | medicare', 'honored | history | honor | civil | black | efforts | celebrate | veterans | caucus | supporting', 'borders | immigration | border | tariffs | trump | president | congressional | agenda | trafficking | congress', 'leader | leadership | president | trump | leaders | elected | leading | nomination | win | unprecedented', 'nominee | nomination | vought | bipartisan | congressman | congress | senate | nominees | congressional | trump', 'students | schools | education | honored | meeting | congressman | school | visit | district | caucus', 'farmers | rural | funding | congress | congressional | tariffs | legislation | congressman | ag | caucus', 'immigration | illegally | citizens | enforcement | criminals | cartels | borders | trafficking | laws | concerns', 'trump | president | agenda | donald | congress | congressional | tariffs | bipartisan | political | immigration', 'gaza | hamas | israel | trump | terrorists | peace | war | crisis | tariffs | agenda', 'healthcare | health | medicaid | aid | veterans | medical | honored | services | care | benefits', 'china | tariffs | communist | chinese | allies | congress | accountability | corruption | foreign | countries', 'disaster | fire | safety | policies | crisis | aid | policy | safer | taxpayer | efforts', 'fentanyl | tariffs | mexico | cartels | immigration | trump | borders | trafficking | border | bipartisan', 'nominees | nominee | senate | nomination | bipartisan | congress | secretary | congressional | cabinet | trump', 'disaster | prayer | veterans | honored | honor | hope | lives | crisis | mission | aid', 'honored | veterans | honor | military | troops | fellow | congressman | mission | serve | proud', 'hearing | congress | congressional | senate | congressman | subcommittee | caucus | bipartisan | committee | heard', 'fbi | secretary | corruption | congressman | enforcement | criminals | congressional | accountability | agencies | criminal', 'financial | agencies | funding | accountability | corruption | taxpayer | treasury | legislation | infrastructure | oversight', 'prayer | god | peace | breakfast | honor | honored | celebrate | morning | president | bipartisan', 'israel | hamas | gaza | allies | iran | bipartisan | trump | peace | president | us', 'democrats | left | republicans | terrorists | radical | democratic | bipartisan | rights | news | hamas', 'water | infrastructure | funding | farmers | rural | flow | efforts | congressman | states | canal', 'amendment | constitution | constitutional | enforcement | legislation | laws | rights | policies | policy | federal', 'veterans | secretary | va | congressman | nominee | honored | troops | committee | caucus | nomination', 'assistance | agencies | office | federal | hours | department | district | washington | address | access', 'doge | taxpayer | taxpayers | accountability | funding | federal | treasury | government | agencies | tariffs', 'honored | athletes | honor | special | meeting | sports | celebrate | veterans | visit | incredible', 'medicaid | medicare | healthcare | bipartisan | taxpayer | congressional | democrats | policies | republicans | taxpayers', 'cancer | healthcare | health | prayer | care | peace | war | disease | lives | risk', 'veterans | troops | va | military | healthcare | taxpayer | honor | congressional | benefits | support', 'secretary | scott | congressman | executive | nomination | elected | nominee | biden | president | congress', 'bill | legislation | congress | congressional | congressman | bipartisan | taxpayer | laws | federal | senate', 'iran | israel | terrorists | agenda | hamas | regime | allies | reagan | policy | policies', 'celebrate | fellow | tonight | we | our | week | hope | tomorrow | today | congratulations', 'bondi | pam | nominee | attorney | nomination | treasury | congressman | biden | secretary | nominees', 'rfk | jr | trump | nominee | donald | democrats | healthcare | nomination | congressman | bipartisan', 'bipartisan | republicans | congressional | democrats | republican | spending | medicare | funding | congress | tariffs', 'tariffs | taxes | tax | taxpayer | taxpayers | cuts | congress | economy | trump | spending', 'gaza | anti | israel | hamas | immigration | honored | agenda | congressional | honor | peace', 'attorney | congressman | honored | nominee | nomination | advocate | congressional | congratulations | congress | constitutional', 'birthday | honored | celebrate | congratulations | honor | happy | day | veterans | proud | grateful', 'immigration | trafficking | mexico | criminals | illegally | cartels | terrorists | citizens | regime | panama', 'honored | honor | celebrate | birthday | her | she | civil | reagan | freedom | justice', 'reagan | birthday | president | celebrate | honored | day | honor | donald | veterans | trump']","[750, 404, 308, 300, 294, 292, 270, 265, 189, 183, 171, 158, 156, 150, 142, 141, 138, 136, 136, 132, 126, 123, 120, 118, 115, 114, 112, 109, 102, 102, 100, 96, 96, 85, 83, 83, 76, 76, 76, 75, 74, 73, 71, 70, 70, 69, 69, 69, 68, 65, 65, 65, 59, 59, 59, 56, 54, 54, 54, 51]"
2025-02-05 00:00:01,2025-02-12 00:00:01,8595,0.32629433177421174,-0.3020326541740601,-12.012153650242183,0.8763296317942724,0.28674173896963523,"['musk | trump | donald | congressional | congressman | congress | billionaire | executive | political | elon', 'sports | athletes | women | girls | female | honor | men | honored | celebrate | officials', 'privacy | musk | taxpayer | taxpayers | security | data | congressional | congressman | accountability | federal', 'immigration | tariffs | congressional | congress | border | agenda | trump | bipartisan | congressman | president', 'fentanyl | drug | drugs | fema | legislation | policy | policies | bipartisan | federal | enforcement', 'taxpayer | taxpayers | spending | tariffs | federal | corruption | congress | funding | taxes | debt', 'congressional | congress | congressman | meeting | hall | district | representatives | washington | caucus | capitol', 'usaid | medicaid | tariffs | taxpayer | agenda | americans | agencies | america | funding | immigration', 'tariffs | energy | bipartisan | congress | policy | fema | policies | congressional | bill | funding', 'meeting | congressman | congress | communities | congressional | infrastructure | visit | meet | funding | met', 'constitutional | courts | constitution | court | bipartisan | congress | congressional | justice | enforcement | congressman', 'bowl | celebrate | tonight | won | we | carolina | congratulations | team | going | honored', 'federal | employees | congressional | taxpayers | workforce | staff | taxpayer | workers | congress | congressman', 'students | honored | schools | congressman | education | congressional | congress | school | meeting | caucus', 'tonight | tune | tomorrow | watch | on | live | working | doing | today | soon', 'funding | healthcare | aid | cancer | fund | medical | taxpayer | medicaid | research | taxpayers', 'democrats | republicans | bipartisan | democratic | congressional | republican | congress | corruption | political | bureaucrats', 'honored | honor | history | black | civil | efforts | veterans | celebrate | caucus | supporting', 'nominee | vought | nomination | bipartisan | congressman | congress | trump | senate | russ | congressional', 'education | schools | students | accountability | school | congress | funding | congressional | bipartisan | congressman', 'tariffs | economy | economic | demand | congress | trump | bipartisan | immigration | taxes | policies', 'cfpb | financial | banks | debt | funding | agencies | federal | congress | taxpayer | consumer', 'healthcare | medicaid | health | aid | veterans | medical | services | medicare | honored | care', 'congressional | proud | congressman | bipartisan | caucus | congress | democrats | honored | supporting | representatives', 'said | statement | so | exactly | truth | more | see | true | great | yet', 'officers | enforcement | congressman | department | agencies | congressional | citizens | fbi | attorney | protecting', 'fema | disaster | fire | policies | policy | funding | taxpayer | congress | legislation | aid', 'senate | nominee | nomination | bipartisan | congress | committee | caucus | congressional | democrats | secretary', 'farmers | farm | rural | funding | tariffs | infrastructure | congress | taxpayer | production | ag', 'secretary | nomination | congressman | executive | elected | nominee | chairman | president | biden | trump', 'medicaid | medicare | healthcare | taxpayer | bipartisan | policies | taxpayers | democrats | congressional | health', 'china | tariffs | chinese | congress | congressional | ccp | accountability | policy | policies | enforcement', 'israel | hamas | gaza | allies | iran | bipartisan | honored | meeting | trump | congressman', 'veterans | honored | honor | military | mission | dedication | congressman | serve | officers | grateful', 'funding | taxpayer | aid | federal | taxpayers | accountability | policies | fema | fund | medicaid', 'disaster | victims | prayer | emergency | honored | lives | devastating | hope | veterans | honor', 'bill | legislation | congress | congressional | taxpayer | bipartisan | congressman | tariffs | policies | federal', 'prayer | breakfast | peace | honor | god | honored | morning | celebrate | bipartisan | agenda', 'gaza | hamas | israel | trump | tariffs | war | donald | crisis | agenda | democracy', 'birthday | celebrate | president | honored | day | congratulations | happy | honor | veterans | year', 'banks | financial | funding | agencies | regulations | institutions | accountability | treasury | corruption | taxpayer', 'veterans | va | taxpayer | congressional | military | congressman | caucus | bipartisan | congress | bill', 'taxes | tariffs | tax | taxpayer | taxpayers | spending | congress | congressional | cuts | federal', 'welcome | glad | thanks | thank | grateful | happy | support | helped | loved | honored', 'doge | taxpayer | congressional | agenda | tariffs | funding | bipartisan | congress | political | congressman', 'republicans | bipartisan | democrats | congressional | republican | congress | medicare | tariffs | spending | congressman', 'military | veterans | allies | officers | war | combat | protecting | protect | strengthen | honor', 'honored | athletes | sports | special | honor | washington | meeting | veterans | visit | efforts', 'fbi | secretary | congressman | senate | nominee | corruption | congressional | director | criminal | congress', 'left | democrats | republicans | bipartisan | democratic | radical | political | news | republican | rights', 'legislation | businesses | regulations | taxpayer | tariffs | business | congress | bipartisan | accountability | policies', 'attorney | congressman | nominee | honored | nomination | advocate | court | justice | congressional | congress', 'hamas | gaza | hostages | israel | peace | victims | disaster | crisis | allies | democracy', 'bondi | nominee | attorney | nomination | secretary | treasury | congressman | biden | president | constitutional', 'rural | water | farmers | infrastructure | funding | iowa | fema | aid | states | banks', 'treasury | taxpayer | taxpayers | federal | agencies | doge | privacy | congress | accountability | congressional', 'office | hours | agencies | district | assistance | tomorrow | telephone | staff | access | admin', 'fema | taxpayer | taxpayers | tariffs | federal | funding | immigration | congressional | aid | citizens', 'accountability | corruption | enforcement | accountable | fbi | senate | congress | fraud | agencies | congressional']","[338, 312, 280, 271, 261, 260, 254, 229, 213, 188, 172, 167, 160, 155, 151, 150, 144, 143, 142, 141, 135, 130, 125, 123, 121, 121, 119, 116, 115, 104, 103, 101, 93, 92, 91, 88, 87, 86, 84, 83, 81, 79, 78, 76, 75, 74, 72, 71, 62, 61, 61, 59, 59, 59, 57, 57, 56, 54, 50]"
2025-02-08 00:00:01,2025-02-15 00:00:01,8277,0.34975851696472865,-0.29660066003879026,-12.452053443982582,0.9054326923076924,0.316474513416276,"['medicaid | medicare | bipartisan | republicans | democrats | congressional | gop | taxpayer | republican | spending', 'taxpayer | taxpayers | congress | corruption | tariffs | federal | spending | congressional | accountability | funding', 'congressional | congressman | congress | meeting | representatives | hall | district | caucus | washington | senate', 'honored | congressman | congressional | caucus | honor | visit | congress | meeting | veterans | residents', 'fema | congress | legislation | policies | funding | congressional | policy | taxpayer | bipartisan | congressman', 'congressional | federal | congressman | congress | employees | workforce | representatives | taxpayers | workers | bipartisan', 'musk | billionaire | donald | trump | corruption | executive | billionaires | congressional | taxpayer | congress', 'funding | healthcare | fund | aid | medical | research | cancer | medicaid | fema | medicare', 'courts | judge | constitution | court | bipartisan | justice | congressional | congress | senate | amendment', 'usaid | tariffs | medicaid | agenda | taxpayer | funding | americans | america | accountability | immigration', 'inflation | tariffs | spending | economic | economy | trump | costs | funding | budget | prices', 'bowl | celebrate | won | tonight | excited | we | congratulations | honored | team | win', 'tariffs | economy | economic | congress | bipartisan | immigrants | trump | immigration | america | congressional', 'college | universities | students | university | education | schools | student | teachers | institutions | funding', 'tonight | tomorrow | tune | watch | today | on | listen | morning | during | doing', 'healthcare | medicaid | medicare | medical | health | residents | rural | aid | services | veterans', 'trump | president | donald | congress | agenda | promises | congressional | elected | accountability | tariffs', 'immigration | border | tariffs | immigrants | congressional | congress | agenda | trump | president | policies', 'veterans | va | taxpayer | congressional | healthcare | served | congressman | taxpayers | victims | virginia', 'tariffs | energy | policy | bipartisan | policies | congress | fema | funding | agenda | economy', 'cfpb | financial | corporations | funding | banks | federal | agencies | congress | taxpayer | debt', 'veterans | military | officers | officer | honored | honor | mission | patrol | firefighters | members', 'rfk | jr | trump | donald | healthcare | democrats | congressman | nomination | bipartisan | senate', 'education | teachers | schools | students | accountability | student | funding | school | universities | college', 'putin | ukraine | russia | allies | trump | war | bipartisan | hamas | threat | foreign', 'immigration | immigrants | citizens | illegally | criminals | enforcement | protecting | criminal | accountability | justice', 'caucus | bipartisan | congressional | congressman | committee | honored | senate | congress | nomination | chairman', 'enforcement | gonzalez | congressman | immigration | congressional | officer | legislation | illegally | laws | officers', 'farmers | agriculture | farm | rural | funding | tariffs | ag | producers | taxpayer | congress', 'taxpayer | musk | data | taxpayers | security | information | accountability | federal | access | congressional', 'victims | justice | violence | accountability | criminals | abuse | criminal | protect | statement | protecting', 'china | tariffs | chinese | allies | immigration | foreign | concerns | congress | hamas | policy', 'hamas | hostages | peace | crisis | allies | victims | disaster | news | democracy | threat', 'senate | bipartisan | nomination | congress | caucus | congressional | democrats | committee | republicans | congressman', 'secretary | healthcare | chairman | president | health | nomination | congratulations | congressman | healthy | elected', 'exactly | right | fair | so | truth | but | yet | know | that | then', 'valentines | valentine | veterans | celebrate | honored | honor | day | grateful | served | birthday', 'amendment | freedom | congress | congressional | public | accountability | enforcement | speech | news | rights', 'history | historic | black | honored | civil | honor | celebrate | efforts | caucus | veterans', 'secretary | agriculture | farmers | nomination | chairman | farm | caucus | congressman | congratulations | elected', 'honored | disaster | victims | lives | veterans | rip | emergency | hope | honor | congressman', 'congress | funding | agenda | congressional | spending | bipartisan | budget | legislation | tariffs | accountability', 'funding | aid | taxpayer | freeze | crisis | tariffs | policies | federal | fema | taxpayers', 'corruption | accountability | fbi | accountable | enforcement | congress | fraud | taxpayers | federal | criminals', 'fema | taxpayer | taxpayers | tariffs | federal | funding | immigration | congressional | immigrants | congress', 'birthday | celebrate | congratulations | honored | happy | day | grateful | year | excited | february', 'valentine | valentines | love | day | happy | celebrate | birthday | loved | heart | grateful', 'allies | hamas | meeting | peace | putin | meet | bipartisan | agenda | joining | war', 'agencies | assistance | office | federal | residents | admin | department | district | bureau | dc', 'firefighters | fire | fema | honored | congressman | veterans | safety | residents | department | federal', 'tulsi | gabbard | putin | fbi | secretary | intelligence | congressman | nomination | bipartisan | senate', 'musk | taxpayer | doge | taxpayers | congressional | congress | congressman | federal | accountability | corruption', 'proud | congressional | congressman | congress | caucus | bipartisan | honored | honor | democrats | representatives', 'marc | fogel | putin | biden | trump | immigration | bring | hostages | nomination | honored', 'doge | taxpayer | congressional | congress | agenda | funding | oversight | accountability | tariffs | legislation', 'north | residents | southern | florida | disaster | south | emergency | washington | state | fema', 'consumer | consumers | tariffs | banks | fraud | financial | agencies | bureau | corporations | corruption', 'legislation | regulations | congress | congressional | policies | amendment | senate | laws | policy | constitution', 'victims | violence | gun | schools | crisis | safety | fema | accountability | act | disaster', 'fentanyl | drug | fema | enforcement | legislation | policies | policy | federal | bipartisan | illegally', 'businesses | legislation | business | corporations | regulations | taxpayer | taxpayers | congress | accountability | policies', 'welcome | grateful | glad | thank | thanks | happy | congratulations | loved | honored | helped', 'fbi | putin | secretary | senate | congressman | agent | congressional | nomination | chairman | director', 'secretary | fbi | intelligence | nomination | congressman | executive | congress | chairman | officer | president', 'healthy | health | healthcare | america | aid | policy | americans | medicaid | agriculture | food']","[356, 352, 306, 238, 221, 210, 204, 178, 176, 176, 175, 168, 150, 145, 143, 138, 132, 129, 128, 127, 125, 119, 117, 116, 115, 115, 115, 115, 113, 109, 109, 105, 103, 101, 100, 99, 97, 96, 95, 88, 83, 83, 79, 78, 77, 76, 76, 73, 73, 73, 72, 68, 68, 67, 66, 66, 62, 61, 60, 59, 58, 57, 56, 53, 50]"
2025-02-11 00:00:01,2025-02-18 00:00:01,7715,0.3384165181167329,-0.30418194042048846,-12.601799040578216,0.9084134615384617,0.3077558826436509,"['medicaid | medicare | bipartisan | republicans | democrats | congressional | taxpayer | gop | spending | republican', 'musk | taxpayer | congressional | congress | taxpayers | corruption | congressman | tariffs | bipartisan | donald', 'taxpayer | taxpayers | corruption | accountability | congress | federal | tariffs | accountable | spending | funding', 'congressional | congressman | congress | hall | meeting | district | caucus | town | tonight | senate', 'students | college | education | university | schools | congressman | meeting | residents | congressional | congress', 'presidents | president | honored | celebrate | honor | day | leader | trump | leaders | proud', 'inflation | tariffs | spending | economy | economic | trump | costs | funding | budget | affordable', 'constitution | court | justice | bipartisan | congressional | congress | senate | congressman | amendment | enforcement', 'putin | ukraine | russia | allies | war | trump | hamas | bipartisan | threat | general', 'usaid | medicaid | tariffs | agenda | americans | taxpayer | america | immigration | accountability | funding', 'tariffs | economy | economic | congress | immigrants | america | bipartisan | immigration | industry | americans', 'funding | healthcare | fund | aid | research | medical | cancer | medicaid | health | medicare', 'veterans | military | veteran | honored | officer | officers | honor | mission | firefighters | patrol', 'enforcement | gonzalez | congressman | immigration | congressional | officer | legislation | illegally | officers | protect', 'caucus | bipartisan | congressional | congressman | senate | congress | committee | chairman | nomination | subcommittee', 'immigration | criminals | immigrants | illegally | enforcement | citizens | criminal | protecting | justice | accountability', 'education | schools | students | funding | accountability | school | taxpayer | college | bipartisan | agenda', 'tariffs | energy | bipartisan | policy | policies | congress | funding | fema | agenda | economy', 'democrats | republicans | bipartisan | gop | congressional | republican | congress | corruption | democracy | political', 'federal | congressional | union | congress | employees | congressman | workers | workforce | firefighters | staff', 'rfk | jr | trump | donald | democrats | healthcare | congressman | bipartisan | nomination | senate', 'victims | justice | criminals | violence | criminal | protect | accountability | protecting | enforcement | abuse', 'farmers | agriculture | farm | tariffs | rural | funding | taxpayer | congress | legislation | economy', 'honored | history | civil | honor | black | who | efforts | veteran | veterans | caucus', 'valentines | valentine | celebrate | veterans | honored | day | honor | birthday | grateful | veteran', 'immigration | border | immigrants | tariffs | congressional | congress | trump | president | illegally | agenda', 'honored | celebrate | won | congratulations | greatest | honor | excited | proud | incredible | glad', 'exactly | said | statement | right | so | good | see | very | glad | fair', 'senate | bipartisan | nomination | congress | congressional | caucus | democrats | congressman | committee | republicans', 'healthcare | medicaid | medicare | medical | health | rural | residents | aid | congressional | benefits', 'allies | hamas | meeting | peace | putin | foreign | meet | war | ukraine | russia', 'cfpb | financial | corporations | agencies | funding | federal | congress | debt | taxpayer | tariffs', 'secretary | healthcare | congratulations | health | chairman | president | nomination | healthy | congressman | ensuring', 'congress | regulations | legislation | policies | bipartisan | states | policy | congressional | funding | congressman', 'agriculture | secretary | farmers | nomination | chairman | farm | caucus | congressman | congratulations | committee', 'congress | agenda | funding | congressional | spending | bipartisan | budget | legislation | tariffs | accountability', 'hamas | hostages | victims | peace | allies | crisis | disaster | news | democracy | threat', 'amendment | freedom | speech | enforcement | accountability | constitution | rights | congress | congressional | public', 'emergency | disaster | residents | north | state | southern | safety | south | florida | concerns', 'allies | war | military | defense | strengthen | threat | defend | protecting | tariffs | protect', 'veterans | veteran | va | taxpayer | healthcare | served | military | benefits | congressional | legislation', 'firefighters | fire | fema | safety | residents | veterans | honored | veteran | congressman | disaster', 'tune | tonight | tomorrow | today | watch | morning | on | up | coming | live', 'federal | assistance | agencies | office | dc | washington | residents | department | admin | va', 'firefighters | fema | fire | firing | disaster | policies | federal | policy | fired | congress', 'fema | taxpayer | taxpayers | tariffs | funding | federal | immigration | congressional | immigrants | congress', 'valentine | valentines | day | love | celebrate | happy | birthday | loved | grateful | congratulations', 'congressional | proud | congress | congressman | caucus | union | amendment | bipartisan | legislation | honored', 'tulsi | gabbard | putin | fbi | secretary | intelligence | congressman | nomination | bipartisan | senate', 'victims | gun | violence | firing | fema | safety | crisis | criminals | schools | accountability', 'victims | honored | veterans | lives | veteran | hope | disaster | honor | emergency | firefighters', 'marc | fogel | putin | biden | trump | bring | immigration | nomination | hostages | donald', 'bill | legislation | congress | congressional | bipartisan | federal | taxpayer | congressman | tariffs | caucus', 'day | happy | presidents | president | celebrate | honored | today | birthday | glad | grateful', 'veterans | veteran | va | employees | taxpayers | staff | taxpayer | victims | military | fired', 'safety | firefighters | firing | officers | fema | enforcement | protecting | security | congressional | oversight', 'china | tariffs | immigration | foreign | allies | immigrants | security | concerns | enforcement | corporations', 'regulations | legislation | congress | policies | congressional | amendment | senate | policy | constitution | federal', 'fbi | putin | secretary | senate | congressman | nomination | agent | congressional | chairman | congress', 'healthcare | health | fema | safety | policies | policy | victims | taxpayers | medical | trump', 'welcome | glad | grateful | thank | thanks | happy | enjoyed | helped | support | congratulations', 'republicans | democrats | left | rights | gop | bipartisan | congressional | political | hamas | agenda', 'birthday | celebrate | congratulations | honored | day | happy | valentine | may | february | valentines', 'amp | congress | congressional | congressman | bipartisan | legislation | caucus | bill | senate | benefits', 'businesses | business | corporations | legislation | taxpayer | regulations | taxpayers | congress | accountability | policies']","[367, 330, 289, 249, 237, 220, 200, 160, 146, 140, 137, 127, 123, 122, 120, 117, 116, 115, 114, 113, 112, 110, 108, 107, 103, 103, 103, 102, 102, 99, 98, 96, 91, 91, 90, 90, 90, 90, 90, 87, 85, 84, 82, 81, 78, 73, 72, 69, 68, 68, 65, 64, 61, 61, 59, 56, 56, 55, 53, 53, 52, 51, 51, 50, 50]"
2025-02-14 00:00:01,2025-02-21 00:00:01,6686,0.3422930677203805,-0.2812599232642711,-11.188855808155608,0.9255012531328322,0.3164541779010954,"['medicaid | medicare | bipartisan | republicans | democrats | congressional | healthcare | taxpayer | gop | republican', 'putin | ukraine | russia | russian | allies | trump | war | hamas | bipartisan | threat', 'musk | taxpayer | taxpayers | corruption | congressional | congress | billionaire | irs | taxes | bipartisan', 'presidents | president | honored | celebrate | honor | day | trump | leaders | proud | bill', 'taxpayer | taxpayers | corruption | spending | congress | federal | funding | congressional | accountable | taxes', 'congressional | congress | bipartisan | district | meeting | washington | senate | hall | concerns | dc', 'fbi | secretary | putin | patel | senate | director | congressional | congress | bipartisan | trump', 'congress | congressional | bipartisan | agenda | funding | spending | bill | legislation | senate | plan', 'students | college | schools | education | school | visit | meeting | honored | joining | congressional', 'firing | fired | employees | musk | trump | taxpayers | disaster | workers | fire | safety', 'justice | constitution | congressional | congress | bipartisan | enforcement | senate | legislation | law | federal', 'legislation | congress | congressional | bill | taxpayer | bipartisan | federal | policies | policy | senate', 'veterans | veteran | va | taxpayer | taxpayers | military | congressional | employees | served | staff', 'veterans | military | veteran | honor | honored | mission | served | joining | faa | serve', 'district | residents | town | city | meeting | congress | leaders | congressional | efforts | county', 'enforcement | criminal | justice | border | illegal | terrorists | law | concerns | congressional | fbi', 'honored | honor | celebrate | history | civil | black | veteran | virginia | efforts | birthday', 'border | trump | protecting | president | agenda | protect | security | congressional | secure | bipartisan', 'allies | israel | hamas | putin | agenda | peace | war | meeting | foreign | terrorists', 'valentines | valentine | celebrate | veterans | honored | day | honor | birthday | grateful | veteran', 'education | schools | students | funding | school | bipartisan | congress | college | congressional | taxpayer', 'democrats | bipartisan | republicans | gop | congressional | republican | corruption | congress | agenda | democracy', 'funding | healthcare | medical | research | fund | medicaid | health | medicare | congress | benefits', 'tune | tonight | tomorrow | watch | on | up | live | joined | coming | today', 'farmers | rural | funding | congress | congressional | concerns | bill | businesses | taxpayer | efforts', 'valentine | valentines | love | day | celebrate | happy | birthday | loved | heart | grateful', 'veterans | veteran | va | served | virginia | honored | military | service | honor | healthcare', 'hamas | israel | terrorists | hostages | peace | hostage | disaster | allies | news | crisis', 'businesses | town | innovation | workforce | district | city | rural | economy | business | jobs', 'energy | policy | policies | congress | president | bipartisan | power | bill | agenda | economy', 'congratulations | celebrate | tonight | we | won | honored | team | going | our | hope', 'congress | funding | bipartisan | legislation | congressional | states | policy | taxpayer | policies | state', 'speech | freedom | democracy | bipartisan | speak | agenda | threat | allies | political | rights', 'senate | bipartisan | congressional | congress | republicans | democrats | gop | republican | trump | committee', 'faa | safety | firing | fired | executive | employees | disaster | taxpayers | congressional | federal', 'responders | fire | residents | honored | safety | department | veterans | veteran | disaster | honor', 'china | allies | foreign | concerns | america | security | congress | policy | us | americans', 'trump | president | presidents | biden | donald | month | since | gop | years | putin', 'costs | economy | spending | economic | cost | prices | affordable | housing | budget | funding', 'hall | meeting | town | district | joining | joined | call | join | calling | meet', 'right | good | great | exactly | so | very | but | isn | that | well', 'disaster | fire | firing | federal | taxpayers | policies | taxpayer | funding | policy | fired', 'businesses | business | executive | funding | billionaire | congratulations | agencies | secretary | bipartisan | agency', 'day | presidents | president | happy | celebrate | honored | today | birthday | grateful | glad', 'secretary | executive | commerce | trump | billionaire | president | delivering | biden | bill | leading', 'innocent | justice | said | speech | protect | freedom | peace | violence | speak | accountable', 'gun | violence | firing | safety | schools | crisis | devastating | disaster | act | peace', 'veteran | honored | lives | vital | veterans | honor | loved | death | legacy | served', 'hamas | hostages | hostage | terrorists | israel | days | crisis | today | disaster | news', 'medicaid | healthcare | concerns | agenda | generation | policy | families | funding | policies | rights', 'medicare | medicaid | taxpayer | taxpayers | security | fraud | federal | secure | irs | social', 'terrorists | enforcement | fbi | criminal | hostages | threat | corruption | protecting | protect | congressional', 'farmers | funding | food | taxpayers | taxpayer | spending | economic | economy | agenda | donald', 'weather | north | residents | freeze | safety | february | live | going | safe | west', 'usaid | medicaid | taxpayer | funding | agenda | americans | federal | america | agencies | us', 'disaster | responders | residents | devastating | virginia | concerns | state | crisis | efforts | ensuring', 'read | more | discussed | learn | said | resources | below | see | about | here']","[331, 282, 231, 225, 223, 206, 190, 167, 165, 164, 121, 118, 117, 111, 110, 108, 106, 106, 103, 102, 98, 95, 91, 88, 86, 85, 84, 84, 82, 82, 81, 81, 78, 77, 76, 75, 74, 74, 74, 73, 69, 68, 66, 62, 62, 60, 59, 59, 56, 54, 54, 53, 52, 52, 51, 50, 50]"
2025-02-17 00:00:01,2025-02-24 00:00:01,6943,0.31793302643175675,-0.2946073622185145,-11.419193081869452,0.9214935064935065,0.29260107276006814,"['medicaid | medicare | bipartisan | republicans | congressional | democrats | taxpayer | gop | republican | congress', 'putin | ukraine | russia | russian | allies | trump | war | hamas | bipartisan | terrorists', 'congress | congressional | bipartisan | agenda | senate | funding | legislation | bill | plan | spending', 'congressional | congress | hall | meeting | district | washington | bipartisan | senate | town | dc', 'presidents | president | honored | celebrate | honor | day | leader | leaders | trump | constitution', 'taxpayer | taxpayers | spending | funding | congress | federal | taxes | trillion | accountability | congressional', 'hamas | israel | terrorists | hostages | peace | allies | disaster | crisis | ariel | news', 'district | residents | town | meeting | city | congressional | congress | washington | leaders | communities', 'musk | taxpayers | congressional | taxpayer | executive | congress | trump | federal | employees | donald', 'students | college | schools | education | school | honored | visit | meeting | district | seniors', 'honored | honor | black | history | civil | celebrate | efforts | who | veterans | virginia', 'businesses | business | town | opportunities | washington | city | co | visit | rural | workforce', 'trump | president | presidents | donald | biden | congress | continues | gop | congressional | america', 'immigration | border | president | trump | protecting | congressional | agenda | protect | bipartisan | congress', 'veterans | honored | military | honor | officers | served | mission | faa | committee | members', 'firing | fired | employees | taxpayers | federal | workers | workforce | staff | congressional | taxpayer', 'farmers | agriculture | rural | funding | businesses | concerns | efforts | congress | benefits | congressional', 'education | funding | schools | students | taxpayer | accountability | bipartisan | aid | agenda | congressional', 'faa | safety | firing | executive | congressional | employees | enforcement | officers | taxpayers | fired', 'patel | fbi | putin | secretary | kash | director | senate | terrorists | trump | congressional', 'military | veterans | officers | firing | secretary | fired | general | presidents | president | leaders', 'veterans | va | served | military | virginia | taxpayer | healthcare | congressional | taxpayers | staff', 'hall | town | meeting | joining | joined | join | district | tonight | tomorrow | call', 'trump | economy | spending | economic | funding | donald | debt | president | wealthy | billionaire', 'musk | taxpayer | irs | taxpayers | billionaire | fraud | taxes | data | security | federal', 'tonight | tune | tomorrow | live | watch | on | joined | up | morning | working', 'constitution | senate | amendment | bipartisan | congressional | justice | congress | enforcement | legislation | law', 'china | allies | immigration | foreign | congress | concerns | security | america | accountability | policy', 'disaster | veterans | devastating | hope | lives | murdered | honored | honor | death | crisis', 'fbi | senate | secretary | agencies | congress | agency | federal | president | congressional | putin', 'healthcare | medicaid | rural | residents | visit | health | medical | medicare | services | communities', 'accountability | transparency | congress | fbi | accountable | agenda | congressional | federal | security | enforcement', 'disaster | fire | federal | policies | firing | policy | responders | congress | taxpayer | funding', 'right | isn | know | see | but | yet | so | not | real | then', 'doge | taxpayer | funding | taxpayers | accountability | accountable | agenda | congress | spending | congressional', 'healthcare | aid | medicaid | congressional | veterans | responders | bipartisan | medicare | policy | agenda', 'funding | healthcare | cuts | aid | health | medical | benefits | medicaid | agenda | medicare', 'we | team | celebrate | our | won | united | tonight | congratulations | win | honored', 'enforcement | children | justice | protecting | accountability | concerns | kids | protect | policy | innocent', 'energy | economy | policy | economic | policies | funding | bipartisan | taxpayer | congress | bill', 'day | presidents | president | happy | celebrate | honored | today | birthday | grateful | glad', 'secretary | executive | commerce | trump | president | billionaire | biden | delivering | bipartisan | bill', 'freedom | amendment | democracy | rights | speak | accountability | enforcement | policy | terrorists | public', 'honored | responders | fire | disaster | honor | officers | residents | veterans | safety | joining', 'thank | thanks | enjoyed | happy | glad | grateful | honored | congratulations | great | loved', 'amp | bipartisan | congressional | congress | dc | legislation | concerns | faa | support | supporting', 'disaster | aid | responders | residents | efforts | crisis | assistance | devastating | concerns | virginia', 'office | tomorrow | washington | district | residents | tonight | may | county | dc | staff', 'terrorists | immigration | enforcement | fbi | criminal | protecting | congressional | hostages | protect | officers', 'medicaid | healthcare | concerns | amendment | agenda | families | generation | policy | immigration | funding', 'executive | congratulations | business | businesses | billionaire | secretary | leader | admin | agency | administration', 'lewis | birthday | honored | honor | who | bill | old | celebrate | john | day', 'medicare | medicaid | security | secure | taxpayer | fraud | taxpayers | federal | immigration | irs', 'north | freeze | residents | safety | february | going | safe | live | west | tomorrow', 'agriculture | farmers | funding | taxpayers | flu | taxpayer | food | economic | spending | agenda', 'delivering | deliver | responders | letter | federal | service | taxpayer | accountability | agencies | taxpayers']","[487, 353, 275, 231, 228, 227, 219, 180, 155, 152, 139, 137, 122, 121, 116, 115, 110, 109, 109, 108, 103, 101, 98, 96, 93, 89, 87, 87, 85, 83, 79, 79, 78, 78, 75, 73, 73, 71, 69, 68, 66, 65, 65, 65, 62, 60, 59, 59, 57, 56, 55, 54, 53, 51, 51, 51]"
2025-02-20 00:00:01,2025-02-27 00:00:01,8642,0.369274448844111,-0.2973020130844041,-12.491746573867784,0.8950273224043716,0.33103706095927854,"['medicaid | medicare | bipartisan | democrats | republicans | congressional | gop | taxpayer | republican | fiscal', 'putin | ukraine | russia | ukrainian | russian | vladimir | allies | war | trump | iran', 'fiscal | congress | agenda | congressional | funding | bipartisan | spending | proposal | plans | mandate', 'glad | continuing | thanks | congratulations | said | great | continues | thank | truth | read', 'veterans | veteran | honored | honor | served | military | army | va | congressman | congressional', 'congressional | congressman | congress | district | washington | meeting | bipartisan | hall | senate | residents', 'energy | bipartisan | congress | policy | congressional | policies | biden | agenda | bill | power', 'residents | congressman | district | meeting | congressional | congress | communities | town | efforts | community', 'honored | honor | congressman | senate | veteran | congressional | served | congress | veterans | bipartisan', 'students | student | college | schools | education | school | honored | visit | meeting | seniors', 'federal | employees | workers | taxpayers | workforce | congressional | taxpayer | congressman | congress | colleagues', 'musk | billionaire | donald | trump | corruption | billionaires | executive | taxpayer | congress | congressional', 'president | trump | america | donald | decades | elected | biden | americans | gop | american', 'honored | history | black | honor | civil | march | efforts | celebrate | event | who', 'taxpayer | taxpayers | fiscal | corruption | spending | congress | federal | funding | congressional | accountability', 'disaster | funding | congress | policies | fire | federal | taxpayer | responders | congressional | policy', 'immigration | borders | border | immigrants | congressional | congress | president | agenda | trump | bipartisan', 'hamas | israel | terrorists | hostages | peace | victims | ariel | disaster | allies | crisis', 'china | allies | congress | foreign | corporations | infrastructure | policy | policies | immigration | congressional', 'hall | meeting | town | tonight | district | telephone | calling | tomorrow | call | joining', 'patel | fbi | kash | putin | secretary | director | congressman | vladimir | chairman | senate', 'accountability | news | accountable | media | corruption | congress | amendment | congressional | agenda | freedom', 'businesses | industry | companies | manufacturing | business | opportunities | innovation | production | corporations | town', 'veterans | veteran | va | victims | taxpayer | taxpayers | military | employees | firing | fired', 'farmers | agriculture | farm | rural | funding | taxpayer | infrastructure | congress | proposal | agenda', 'military | officers | firing | veterans | veteran | secretary | army | fired | general | president', 'healthcare | medicaid | health | visit | rural | residents | medical | medicare | services | aid', 'congress | congressional | bipartisan | hearing | senate | oversight | congressman | subcommittee | committee | legislation', 'veterans | veteran | victims | honor | honored | congressman | served | lives | vital | reconciliation', 'funding | healthcare | aid | health | medical | agenda | proposal | benefits | medicaid | policy', 'inflation | trump | economy | spending | economic | costs | raise | budget | donald | fiscal', 'secretary | congressman | chairman | donald | biden | committee | executive | dan | president | senate', 'israel | hamas | allies | ally | iran | bipartisan | agenda | peace | reconciliation | honored', 'doge | taxpayer | funding | taxpayers | agenda | corruption | accountability | congressional | accountable | congress', 'veterans | congressional | healthcare | responders | aid | policy | medicaid | victims | congress | congressman', 'birthday | lewis | honored | congressman | celebrate | honor | day | veteran | president | anniversary', 'immigration | immigrants | criminals | enforcement | illegal | borders | terrorists | concerns | victims | border', 'court | senate | bipartisan | justice | constitution | congressional | congressman | congress | amendment | accountability', 'fbi | agencies | agency | federal | secretary | congressman | congress | senate | putin | officers', 'congratulations | we | won | team | celebrate | win | losing | our | proud | united', 'industry | innovation | economy | companies | corporations | manufacturing | businesses | investment | economic | production', 'legislation | businesses | taxpayer | bill | bipartisan | congress | business | congressional | funding | corporations', 'senate | vote | voting | tonight | bipartisan | congressional | congress | voted | night | amendment', 'safety | protecting | enforcement | protect | congressional | officers | firing | oversight | ensuring | concerns', 'tune | tonight | tomorrow | morning | watch | up | on | listen | coming | today', 'funding | infrastructure | legislation | congress | proposal | taxpayer | policies | congressional | policy | congressman', 'democrats | parents | bipartisan | democratic | medicaid | agenda | republicans | amendment | victims | legislation', 'amp | congressman | congressional | congress | bipartisan | rep | chairman | legislation | concerns | dc', 'taxpayer | irs | taxpayers | data | accountability | federal | taxes | corruption | fraud | information', 'taxpayer | funding | aid | taxpayers | fiscal | terrorists | corruption | donors | trillion | americans', 'legislation | policies | bipartisan | policy | accountability | congressional | congress | taxpayer | agenda | children', 'taxpayer | immigration | taxpayers | immigrants | taxes | federal | congressional | fiscal | tax | irs', 'musk | executive | responders | federal | employees | congressional | congressman | secretary | taxpayer | taxpayers', 'education | schools | students | funding | student | school | college | accountability | bipartisan | agenda', 'delivering | deliver | responders | service | federal | taxpayer | agencies | accountability | letter | congress', 'medicare | medicaid | federal | taxpayer | benefits | taxpayers | benefit | policies | security | seniors', 'fbi | congress | president | accountability | administration | transparency | agenda | congressional | government | trump', 'debt | fiscal | trillion | deficit | spending | economy | billions | funding | budget | inflation', 'president | constitution | congressman | law | amendment | congressional | executive | congress | trump | legislation', 'priorities | congress | congressional | congressman | plans | everything | concerns | agenda | actions | bipartisan', 'irs | taxes | taxpayers | taxpayer | tax | fired | firing | federal | fiscal | corruption']","[1045, 433, 359, 251, 206, 202, 198, 192, 179, 169, 166, 163, 153, 152, 149, 144, 143, 132, 132, 126, 124, 124, 121, 121, 117, 106, 101, 98, 85, 84, 84, 83, 81, 80, 79, 77, 76, 76, 75, 72, 71, 68, 67, 66, 65, 65, 63, 63, 62, 61, 59, 59, 58, 58, 57, 55, 55, 54, 53, 53, 50]"
2025-02-23 00:00:01,2025-03-02 00:00:01,8968,0.3683534843761383,-0.3116103440599329,-12.841639005867746,0.9072881355932201,0.3341537330902441,"['medicaid | medicare | bipartisan | democrats | republicans | congressional | taxpayer | fiscal | gop | republican', 'putin | ukraine | ukrainian | russia | allies | russian | vladimir | trump | bipartisan | war', 'musk | congressional | taxpayers | congress | taxpayer | congressman | federal | tariffs | executive | accountability', 'congress | fiscal | congressional | agenda | funding | bipartisan | spending | proposal | plans | tariffs', 'town | meeting | district | visit | communities | congressman | contributions | rural | caucus | congressional', 'taxpayer | fiscal | spending | taxpayers | tariffs | funding | corruption | congress | federal | deficit', 'tariffs | energy | bipartisan | fuel | congress | biden | congressional | senate | policy | bill', 'veterans | veteran | honored | served | honor | military | va | army | congressman | virginia', 'president | america | trump | americans | american | donald | bipartisan | tariffs | dictator | us', 'honored | history | contributions | black | civil | honor | march | efforts | celebrate | veterans', 'legislation | congressional | congressman | policy | congress | accountability | policies | protect | enforcement | contributions', 'veterans | veteran | va | taxpayer | victims | taxpayers | military | congressional | firing | fired', 'students | student | college | schools | honored | congressman | visit | school | education | congressional', 'immigration | border | immigrants | tariffs | citizens | congressional | trump | enforcement | agenda | congress', 'agriculture | farmers | rural | funding | tariffs | infrastructure | iowa | congress | production | contributions', 'truth | shameful | right | exactly | very | tell | fair | sense | wrong | hear', 'ramadan | celebrate | mubarak | march | wishing | may | peace | anniversary | grateful | day', 'president | honored | honor | congressman | trump | leader | bill | congressional | contributions | elected', 'medicare | medicaid | taxpayer | taxpayers | federal | benefits | policies | congressional | security | benefit', 'infrastructure | funding | congress | water | proposal | congressman | congressional | legislation | bipartisan | states', 'congressman | congressional | congress | district | hall | caucus | town | washington | senate | meeting', 'judges | court | senate | justice | bipartisan | congressional | congress | congressman | enforcement | accountability', 'healthcare | funding | medical | health | patients | aid | medicare | medicaid | donors | cancer', 'veteran | honored | veterans | honor | victims | rip | served | congressman | lives | reconciliation', 'media | news | freedom | public | accountability | rights | congressional | congress | bipartisan | agenda', 'congress | congressional | accountability | transparency | oversight | bipartisan | senate | congressman | agenda | committee', 'budget | spending | fiscal | funding | deficit | funds | taxpayer | fund | debt | economy', 'education | schools | students | college | funding | student | school | accountability | agenda | congress', 'inflation | tariffs | trump | economy | economic | spending | donald | wealthy | raise | deficit', 'medicare | healthcare | medicaid | patients | medical | policies | taxpayer | bipartisan | tariffs | policy', 'cfpb | corporations | congress | federal | congressional | financial | fraud | agencies | corruption | tariffs', 'tariffs | china | congress | policy | congressional | corporations | policies | bipartisan | foreign | enforcement', 'hall | meeting | district | town | tomorrow | telephone | tonight | calling | joining | congressman', 'congratulations | honored | won | honor | proud | celebrate | college | caucus | happy | held', 'taxpayer | irs | taxpayers | fraud | corruption | taxes | data | accountability | federal | accountable', 'tariffs | industry | economy | innovation | corporations | companies | businesses | investment | economic | manufacturing', 'fbi | secretary | putin | congressman | trump | president | agency | donald | administration | agencies', 'energy | infrastructure | congress | congressman | tariffs | proposal | congressional | funding | power | washington', 'agencies | federal | assistance | taxpayer | department | irs | district | agency | county | staff', 'military | allies | army | war | defense | combat | veterans | tariffs | invasion | protecting', 'israel | hamas | allies | ally | iran | meeting | bipartisan | agenda | supporting | peace', 'secretary | bipartisan | senate | congressman | congress | chairman | congressional | proposal | biden | executive', 'aid | tariffs | funding | taxpayer | immigration | america | trillion | americans | corruption | agenda', 'businesses | business | legislation | bipartisan | corporations | funding | infrastructure | taxpayer | contributions | rural', 'military | officers | firing | veterans | firings | secretary | veteran | army | fired | president', 'week | washington | news | congressional | caucus | congress | congressman | dc | today | district', 'congressional | bipartisan | congressman | democrats | parents | gop | republicans | caucus | congress | republican', 'women | celebrate | honored | honor | march | anniversary | proud | her | history | she', 'dictator | regime | tariffs | gop | policy | trump | policies | accountability | corruption | president', 'celebrate | congratulations | anniversary | ohio | happy | honored | march | year | day | iowa', 'immigrants | immigration | taxpayer | tariffs | citizens | taxpayers | federal | congressional | democrats | americans', 'measles | flu | cancer | healthcare | prevent | risk | donald | health | aid | concerns', 'tune | tonight | tomorrow | up | watch | on | morning | coming | listen | today', 'dreamers | dream | immigration | promises | immigrants | promise | promised | citizens | agenda | proposal', 'thanks | welcome | thank | grateful | glad | happy | sent | honored | needed | congratulations', 'hamas | israel | victims | peace | allies | disaster | crisis | news | iran | reconciliation', 'read | more | here | stories | story | discussed | below | about | heard | much', 'climate | tariffs | political | policy | fuel | agenda | corruption | risk | taxpayer | bipartisan', 'priorities | congress | congressional | congressman | everything | plans | contributions | caucus | bipartisan | agenda', 'fentanyl | legislation | federal | bipartisan | enforcement | policies | policy | tariffs | congressional | taxpayers']","[839, 639, 556, 352, 285, 222, 216, 215, 188, 186, 185, 177, 166, 146, 143, 141, 136, 131, 121, 121, 114, 114, 106, 104, 103, 103, 101, 96, 94, 92, 90, 87, 86, 86, 83, 82, 81, 77, 73, 71, 70, 69, 68, 68, 66, 64, 63, 62, 62, 59, 59, 58, 56, 56, 53, 53, 51, 51, 51, 50]"
2025-02-26 00:00:01,2025-03-05 00:00:01,9069,0.34656408877279243,-0.30246503941088615,-11.996197084080345,0.898221153846154,0.31117427335804604,"['medicaid | medicare | bipartisan | democrats | congressional | republicans | taxpayer | gop | healthcare | spending', 'putin | ukraine | ukrainian | russia | allies | trump | russian | bipartisan | zelensky | zelenskyy', 'tariffs | economy | inflation | economic | trump | spending | costs | taxes | prices | cost', 'congressman | congressional | washington | congress | district | contributions | caucus | honored | capitol | representatives', 'congress | congressional | president | congressman | trump | bipartisan | plan | tonight | tomorrow | agenda', 'congress | congressional | funding | agenda | bipartisan | spending | budget | legislation | tariffs | congressman', 'president | trump | america | americans | bipartisan | american | leader | donald | democracy | tariffs', 'taxpayer | taxpayers | spending | congress | tariffs | funding | federal | taxes | congressional | government', 'read | more | see | said | hear | discussed | heard | glad | truth | about', 'musk | mubarak | congress | executive | congressional | donald | billionaire | congressman | taxpayer | trump', 'judges | justice | court | congressional | bipartisan | congressman | senate | congress | enforcement | law', 'immigration | border | tariffs | trump | congressional | president | biden | mexico | agenda | congress', 'veterans | veteran | va | honored | served | honor | military | virginia | congressman | congressional', 'students | schools | student | college | teachers | education | school | honored | congressman | district', 'ramadan | celebrate | mubarak | celebrating | march | wishing | may | peace | birthday | grateful', 'honored | history | historic | contributions | civil | black | honor | celebrating | veterans | efforts', 'agriculture | farmers | rural | funding | tariffs | infrastructure | taxpayer | legislation | congress | economy', 'democrats | republicans | bipartisan | democratic | congressional | political | agenda | gop | democracy | democrat', 'honored | honor | loved | victims | lives | veteran | veterans | vital | death | devastating', 'federal | firefighters | firing | fired | firings | taxpayers | employees | workers | workforce | congressional', 'hall | meeting | district | congressional | congressman | town | congress | representatives | tonight | capitol', 'military | veterans | allies | war | protecting | veteran | defense | strengthen | security | protect', 'energy | tariffs | power | bipartisan | economy | republicans | agenda | infrastructure | policy | trump', 'sports | women | girls | men | congressional | caucus | defend | bipartisan | officials | senate', 'businesses | corporations | business | tariffs | taxpayer | funding | legislation | taxpayers | industry | congress', 'tariffs | china | congress | corporations | congressional | infrastructure | bipartisan | industry | economy | america', 'healthcare | medical | patients | health | medicaid | funding | aid | medicare | cancer | dr', 'tariffs | bipartisan | congress | senate | biden | congressional | gas | legislation | taxpayer | energy', 'iowa | farmers | agriculture | caucus | congressman | rural | ohio | congressional | washington | state', 'immigration | enforcement | justice | victims | criminal | congressman | federal | taxpayers | congressional | washington', 'congressman | honored | union | bill | guest | congressional | caucus | honor | congress | her', 'doge | taxpayer | funding | taxpayers | tariffs | agenda | congressional | congress | accountable | executive', 'birthday | celebrating | celebrate | ohio | congratulations | happy | honored | state | march | iowa', 'usaid | aid | funding | tariffs | medicaid | taxpayer | immigration | trump | america | billions', 'honored | honor | president | congressman | trump | celebrating | congressional | leader | contributions | bill', 'tonight | tune | tomorrow | coming | watch | doing | going | up | on | excited', 'veterans | veteran | va | military | victims | taxpayer | firing | fired | taxpayers | firings', 'education | schools | students | teachers | funding | school | student | college | taxpayer | taxpayers', 'legislation | honored | congress | congressional | bill | congressman | contributions | proud | caucus | taxpayer', 'infrastructure | water | funding | congress | farmers | congressman | agriculture | congressional | wildfires | efforts', 'medicare | healthcare | medicaid | patients | medical | policies | taxpayer | funding | bipartisan | policy', 'women | honored | celebrating | honor | celebrate | her | she | proud | history | veterans', 'cfpb | congress | corporations | federal | congressional | financial | agencies | fraud | funding | tariffs', 'firefighters | wildfires | fired | firing | firings | fire | employees | taxpayers | staff | workers', 'caucus | congressional | senate | congress | bipartisan | congressman | committee | representatives | agenda | voting', 'congratulations | won | excited | celebrating | proud | honored | celebrate | carolina | happy | team', 'federal | assistance | agencies | taxpayer | offices | department | taxpayers | district | county | congressman', 'medicare | medicaid | taxpayers | congressional | taxpayer | federal | donald | musk | benefits | democrats', 'secretary | congressman | bipartisan | senate | chairman | congress | biden | president | congressional | donald', 'dreamers | dream | immigration | agenda | promises | promised | promise | act | proud | bipartisan', 'media | news | public | congress | congressional | freedom | bipartisan | agenda | speech | taxpayer', 'victims | justice | criminal | enforcement | protecting | protect | advocate | protection | threats | law', 'secretary | education | teachers | executive | student | chairman | students | congressman | senate | college', 'medicare | medicaid | taxpayer | billionaire | billionaires | wealthy | taxpayers | benefits | spending | secure', 'firefighters | wildfires | fire | honored | veterans | firings | firing | disaster | veteran | congressman', 'veterans | veteran | va | taxpayer | military | congressional | served | healthcare | taxpayers | victims', 'fentanyl | tariffs | federal | bipartisan | policies | policy | mexico | enforcement | taxpayers | legislation', 'infrastructure | energy | tariffs | congress | congressman | congressional | funding | power | representatives | washington', 'wildfires | firefighters | disaster | fire | news | agencies | agenda | florida | firings | threats', 'legislation | act | enforcement | congressional | congress | policy | bill | passed | policies | congressman', 'thanks | thank | welcome | grateful | pleasure | glad | happy | incredible | honored | helped', 'measles | flu | cancer | disease | healthcare | risk | prevent | health | donald | aid', 'hamas | israel | victims | peace | allies | disaster | crisis | democracy | iran | news', 'israel | hamas | allies | ally | iran | meeting | bipartisan | agenda | peace | together', 'safety | congressional | congress | protecting | air | ensuring | protect | firefighters | security | administration']","[647, 583, 341, 283, 275, 261, 209, 192, 179, 173, 164, 162, 161, 158, 141, 140, 132, 128, 127, 123, 120, 117, 113, 113, 113, 112, 110, 106, 101, 100, 99, 97, 96, 96, 96, 94, 93, 88, 86, 85, 84, 84, 83, 79, 78, 77, 77, 76, 70, 69, 68, 68, 67, 67, 67, 65, 63, 62, 55, 54, 53, 52, 51, 50, 50]"
2025-03-01 00:00:01,2025-03-08 00:00:01,10853,0.37492519734887986,-0.3024432851181245,-12.175536812473714,0.9121385083713852,0.34211929759886683,"['congress | congressional | president | congressman | trump | bipartisan | plans | plan | agenda | speech', 'putin | ukraine | ukrainian | russia | russian | allies | trump | bipartisan | war | hamas', 'immigration | borders | border | immigrants | illegally | tariffs | congressional | trump | citizens | president', 'medicaid | medicare | healthcare | bipartisan | taxpayer | congressional | democrats | republicans | policies | funding', 'democrats | democrat | republicans | bipartisan | gop | democratic | republican | congressional | political | caucus', 'musk | taxpayer | congressional | congress | taxpayers | tariffs | executive | congressman | bipartisan | billionaire', 'taxpayer | spending | tariffs | funding | congress | taxpayers | federal | tariff | debt | congressional', 'see | read | says | said | more | continuing | truth | discussed | this | statement', 'mayors | washington | district | dc | mayor | congressional | congress | capitol | represent | congressman', 'medicare | medicaid | taxpayer | taxpayers | federal | billionaires | benefits | billionaire | wealthy | secure', 'veterans | veteran | va | military | taxpayer | wars | victims | congressional | taxpayers | served', 'congressman | honored | president | bill | mayor | congressional | senator | mayors | guest | congress', 'athletes | sports | women | girls | female | men | republicans | democrats | bipartisan | congressional', 'federal | fired | employees | firing | firefighters | taxpayers | firings | workers | workforce | congressional', 'tariffs | tariff | economy | economic | taxes | tax | goods | inflation | trump | costs', 'president | trump | america | americans | american | leader | leadership | prosperity | donald | leaders', 'firefighters | disaster | fire | responders | emergency | firings | safety | firing | safer | congressman', 'students | congressman | student | congressional | college | schools | mayors | congress | caucus | represent', 'legislation | congress | congressional | bipartisan | bill | congressman | caucus | senate | honored | mandate', 'energy | tariffs | tariff | power | nuclear | efficiency | economy | policy | infrastructure | president', 'congressman | guest | honored | veteran | bill | congressional | colleague | senator | veterans | secretary', 'veterans | veteran | va | honored | served | honor | military | virginia | congressman | represent', 'mayor | mayors | sanctuary | citizens | enforcement | immigration | criminals | cities | police | federal', 'turner | sylvester | congressman | mayor | congressional | mayors | honored | veteran | senator | riley', 'tariffs | spending | costs | afford | trump | tariff | cost | budget | inflation | affordable', 'medicaid | healthcare | aid | medicare | health | medical | funding | dr | congressman | congressional', 'infrastructure | funding | congress | farmers | legislation | efforts | policy | policies | benefits | congressional', 'taxes | tax | tariffs | taxpayer | tariff | taxpayers | spending | bipartisan | democrats | congressional', 'tariffs | economy | tariff | industry | investments | economic | prosperity | manufacturing | businesses | billionaires', 'hall | town | meeting | district | congressional | congressman | congress | wednesday | representatives | capitol', 'tune | tonight | watch | on | tomorrow | listen | live | coming | up | along', 'court | justice | congressional | congress | bipartisan | senate | congressman | enforcement | senator | legislation', 'honored | president | congressman | honor | celebrating | trump | congressional | congress | bill | meeting', 'women | honored | honor | female | celebrating | celebrate | her | she | veterans | proud', 'mandate | congress | congressional | president | bipartisan | trump | congressman | legislation | agenda | tariffs', 'tariffs | tariff | economy | taxes | cartels | immigration | mexico | economic | congress | federal', 'military | veterans | officers | safety | veteran | firefighters | protecting | protect | congressional | security', 'back | america | americans | restoring | return | american | restore | nation | president | us', 'tariffs | tariff | farmers | economy | economic | immigrants | prosperity | taxpayers | immigration | taxpayer', 'education | schools | students | school | student | college | funding | agenda | taxpayer | congress', 'tariffs | china | tariff | congress | foreign | policy | congressional | immigration | allies | enforcement', 'hamas | terrorist | allies | peace | democracy | crisis | victims | ally | leaders | leader', 'congressman | congressional | senator | green | congress | bipartisan | representatives | democrat | trump | donald', 'economy | inflation | trump | economic | tariffs | crisis | investments | donald | president | tariff', 'birthday | celebrating | celebrate | congratulations | ohio | happy | state | march | honored | year', 'lies | lie | truth | claims | says | fraud | statement | trump | speech | promises', 'tariffs | tariff | biden | policies | policy | legislation | regulations | bipartisan | congress | congressional', 'fentanyl | cartels | tariffs | drug | tariff | federal | mexico | bipartisan | policies | policy', 'criminals | enforcement | justice | criminal | trump | crime | officers | president | laws | police', 'federal | assistance | taxpayer | agencies | renewal | taxpayers | department | wednesday | district | dc', 'fought | honor | honored | civil | rights | celebrating | march | wednesday | lewis | celebrate', 'congratulations | won | excited | proud | honored | celebrating | celebrate | team | win | happy', 'dream | america | agenda | americans | trump | promises | president | promise | american | woke', 'ramadan | celebrate | march | celebrating | wishing | prayers | may | peace | january | birthday', 'secretary | education | mcmahon | executive | student | senator | congressman | students | college | senate', 'tariffs | prices | costs | inflation | tariff | cost | raise | affordable | economic | less', 'rights | gop | trump | freedom | donald | immigration | children | policy | victims | immigrants', 'riley | laken | senator | victims | immigration | president | bill | senate | congressman | honored', 'businesses | tariffs | business | tariff | regulations | taxpayer | policies | prosperity | legislation | funding', 'hamas | immigration | students | terrorist | immigrants | college | agenda | unelected | student | aid', 'union | congressional | legislation | congress | workers | policies | benefits | policy | colleagues | employees', 'congress | congressional | federal | financial | agencies | consumer | tariffs | fraud | consumers | taxpayer', 'prayers | sunday | wednesday | celebrating | day | honor | celebrate | peace | wishing | week', 'funding | healthcare | cancer | medical | health | aid | medicaid | medicare | fund | trump', 'voting | vote | lewis | democracy | rights | democratic | congressman | congressional | caucus | democrat', 'usaid | medicaid | aid | taxpayer | agencies | tariffs | funding | immigration | agenda | americans', 'congressman | trump | congressional | speech | lie | leave | fired | lies | congress | gop', 'decades | golden | prosperity | america | generations | president | era | celebrating | celebrate | war', 'victims | justice | criminals | protecting | protect | advocate | criminal | crime | enforcement | protection', 'dj | honored | donald | represent | honor | congressman | listen | who | amp | celebrating', 'medicare | democrats | medicaid | bipartisan | republicans | democrat | congressional | republican | gop | caucus', 'tariffs | inflation | groceries | grocery | raise | farmers | trump | funding | tariff | food', 'terrorist | victims | justice | devastating | honored | accountable | honor | threat | allies | trump']","[466, 464, 383, 321, 251, 239, 232, 216, 209, 208, 202, 193, 189, 188, 184, 181, 177, 172, 170, 165, 161, 160, 152, 151, 145, 137, 133, 130, 129, 127, 118, 116, 115, 113, 110, 108, 97, 93, 92, 92, 92, 91, 89, 86, 85, 82, 82, 79, 79, 78, 76, 75, 75, 72, 71, 71, 69, 68, 68, 65, 63, 62, 61, 61, 59, 59, 57, 56, 56, 56, 56, 53, 52]"
2025-03-04 00:00:01,2025-03-11 00:00:01,10417,0.3784227279900265,-0.30311639011852326,-12.775695485542936,0.9000360360360361,0.3402081993542884,"['tariffs | tariff | economy | economic | inflation | trump | spending | costs | taxes | prosperity', 'congress | president | congressional | congressman | trump | bipartisan | plans | plan | agenda | bill', 'medicaid | medicare | healthcare | bipartisan | congressional | taxpayer | democrats | republicans | policies | gop', 'putin | ukraine | russia | allies | trump | war | bipartisan | hamas | iran | terrorist', 'democrats | democrat | republicans | bipartisan | democratic | gop | republican | congressional | caucus | political', 'taxpayer | spending | tariffs | taxpayers | funding | congress | accountability | debt | tariff | federal', 'veterans | veteran | va | taxpayer | military | taxpayers | victims | congressional | served | war', 'women | woman | honored | honor | celebrate | female | proud | her | she | day', 'legislation | congress | bill | congressional | bipartisan | congressman | taxpayer | tariffs | federal | tariff', 'turner | congressman | sylvester | mayor | honored | mayors | congressional | veteran | honor | veterans', 'medicare | medicaid | taxpayer | taxpayers | federal | benefits | secure | billionaires | congressional | security', 'honor | fought | honored | rights | voting | selma | congressman | democracy | freedom | civil', 'sports | women | girls | female | men | republicans | democrats | bipartisan | congressional | democrat', 'congressman | guest | honored | veteran | bill | congressional | colleague | veterans | secretary | union', 'firefighters | fire | disaster | responders | firing | firings | safety | congressman | safer | aid', 'honored | honor | president | congressman | congressional | congress | trump | bipartisan | celebrate | bill', 'energy | tariffs | tariff | nuclear | power | efficiency | economy | president | economic | policy', 'students | student | schools | college | congressman | caucus | honored | mayors | congressional | education', 'taxes | tax | tariffs | taxpayer | taxpayers | tariff | irs | spending | congressional | bipartisan', 'true | really | exactly | agree | truth | fact | very | right | so | fair', 'mayor | mayors | sanctuary | citizens | enforcement | immigration | accountability | criminals | residents | cities', 'washington | represent | dc | mayors | congressman | congressional | congress | caucus | state | residents', 'hall | town | district | meeting | wednesday | tonight | congressional | congressman | congress | around', 'borders | border | immigration | security | protecting | immigrants | congressional | bipartisan | securing | secure', 'musk | donald | congressman | congressional | executive | elon | billionaire | trump | congress | bipartisan', 'veterans | veteran | honored | va | served | honor | military | congressman | congressional | represent', 'president | trump | america | americans | leader | strengthen | leadership | leaders | prosperity | strong', 'honored | veterans | veteran | honor | military | served | mission | congressman | members | fellow', 'medicaid | healthcare | aid | medicare | health | medical | funding | congressional | congressman | dr', 'tariffs | industry | economy | manufacturing | tariff | investments | prosperity | innovation | companies | economic', 'farmers | farm | rural | funding | iowa | congress | congressman | congressional | grocery | caucus', 'education | students | schools | student | accountability | school | college | funding | agenda | congressman', 'fired | firing | firings | firefighters | employees | taxpayers | federal | workers | workforce | staff', 'immigration | immigrants | illegally | borders | citizens | cartels | tariffs | border | illegal | criminals', 'criminals | justice | enforcement | criminal | accountability | crime | trump | victims | laws | president', 'bipartisan | congressional | republicans | democrats | gop | congress | funding | medicare | republican | medicaid', 'tune | tonight | listen | watch | on | live | up | coming | tomorrow | doing', 'tariffs | china | tariff | congress | allies | immigration | foreign | accountability | congressional | policy', 'hamas | terrorist | allies | peace | victims | accountability | democracy | crisis | iran | disaster', 'hamas | immigration | accountability | terrorist | anti | immigrants | students | unelected | victims | agenda', 'court | justice | congress | congressional | bipartisan | senate | congressman | accountability | federal | enforcement', 'borders | immigration | border | crossings | immigrants | illegally | president | mexico | trump | across', 'fentanyl | cartels | tariffs | drug | tariff | mexico | federal | illegally | policy | policies', 'back | america | americans | restoring | return | american | restore | nation | us | president', 'president | trump | congressman | donald | leader | congress | bill | putin | congressional | mayor', 'congressman | congressional | green | congress | representatives | bipartisan | accountability | democrat | trump | donald', 'union | congress | caucus | congressional | agencies | representatives | congressman | mayors | capitol | dc', 'doge | taxpayer | accountability | funding | tariffs | taxpayers | legislation | congress | accountable | tariff', 'union | congressional | legislation | congress | benefits | policies | workers | bipartisan | representatives | policy', 'tariffs | tariff | biden | legislation | policy | policies | congress | bipartisan | congressional | regulations', 'lies | lie | truth | trump | fraud | gop | news | claims | promises | says', 'funding | farmers | legislation | congress | congressman | congressional | mayors | efforts | regulations | veterans', 'secretary | senate | bipartisan | president | executive | trump | congressman | biden | congressional | committee', 'biden | borders | immigration | border | tariffs | bipartisan | trump | immigrants | president | congressional', 'read | discussed | more | below | see | said | learn | here | about | continuing', 'federal | employees | workforce | taxpayers | workers | congressional | taxpayer | congress | firefighters | union', 'congratulations | won | excited | honored | celebrate | proud | held | competition | win | team', 'peace | iran | hamas | war | terrorist | nuclear | allies | agenda | trump | bipartisan', 'federal | offices | irs | taxpayer | assistance | agencies | residents | department | district | congressional', 'shutdown | congressional | democrats | bipartisan | congress | republicans | gop | federal | senate | democrat', 'days | president | decades | weeks | trump | longer | progress | years | long | since', 'dream | america | president | americans | agenda | promises | promise | trump | american | renewal', 'terrorist | victims | justice | devastating | accountability | trump | honored | honor | putin | disastrous', 'agenda | donald | accountability | trump | immigration | policy | policies | bipartisan | rights | gop', 'sunday | wednesday | day | honor | celebrate | week | peace | reminder | honored | grateful', 'dj | honored | donald | represent | honor | listen | who | congressman | him | amp', 'riley | laken | bill | senate | victims | immigration | congressman | caucus | president | honored', 'safety | firefighters | security | enforcement | officers | safer | protecting | agencies | firing | congressional', 'decades | golden | prosperity | america | generations | generation | celebrate | president | war | peace', 'congressman | speech | leave | lie | trump | congressional | fired | congress | lies | shutdown', 'musk | doge | tariffs | taxpayer | taxpayers | congressional | executive | congress | tariff | pettus', 'usaid | medicaid | taxpayer | agenda | tariffs | agencies | accountability | federal | funding | aid', 'bipartisan | cr | congress | congressional | senate | caucus | congressman | agenda | voting | accountability', 'military | veterans | veteran | officers | war | allies | mission | defend | fighting | congressional', 'night | morning | tomorrow | day | hour | tonight | weekend | today | sunday | reminder']","[531, 478, 304, 294, 244, 227, 227, 202, 198, 193, 192, 187, 174, 172, 169, 167, 163, 158, 154, 151, 151, 148, 148, 138, 135, 129, 128, 125, 125, 120, 118, 112, 111, 108, 107, 103, 101, 98, 98, 92, 92, 91, 89, 88, 87, 87, 86, 86, 86, 84, 82, 82, 80, 79, 76, 75, 74, 73, 72, 72, 69, 68, 67, 63, 61, 60, 59, 58, 57, 57, 54, 53, 52, 51, 50]"
2025-03-07 00:00:01,2025-03-14 00:00:01,7823,0.3430610811745317,-0.2563322792504582,-10.697099747475123,0.8725925925925926,0.3012217992301302,"['bipartisan | congressional | congress | democrats | republicans | partisan | gop | funding | republican | congressman', 'mayor | residents | congressman | meeting | congress | represent | district | congressional | washington | communities', 'immigration | border | congressional | tariffs | enforcement | congress | congressman | trump | agenda | president', 'education | schools | students | teachers | student | school | funding | college | taxpayer | taxpayers', 'on | read | hear | progress | great | about | here | said | listen | continuing', 'president | trump | congress | congressional | bipartisan | agenda | tariffs | america | congressman | americans', 'medicaid | medicare | healthcare | taxpayer | bipartisan | democrats | congressional | republicans | policies | gop', 'bipartisan | congressional | congress | congressman | senate | vote | voting | cr | legislation | agenda', 'musk | medicare | taxpayer | medicaid | taxpayers | congressional | billionaires | donald | democrats | billionaire', 'women | woman | celebrate | honored | honor | proud | day | her | anniversary | she', 'students | student | schools | college | university | teachers | education | school | honored | congressman', 'shutdown | democrats | bipartisan | congressional | republicans | congress | gop | senate | democrat | partisan', 'honor | selma | honored | fought | civil | rights | celebrate | freedom | represent | march', 'putin | ukraine | russia | allies | war | trump | hamas | peace | mahmoud | terrorist', 'secretary | chairman | senator | executive | congressman | president | biden | senate | bipartisan | trump', 'grijalva | congressman | honored | veteran | mayor | chairman | veterans | bipartisan | senator | represent', 'healthcare | medicaid | medicare | congressional | health | congress | funding | aid | advocate | benefits', 'hall | town | district | meeting | tonight | congressional | congressman | around | congress | meet', 'tariffs | economy | economic | bipartisan | congress | taxes | trump | congressional | inflation | spending', 'spending | funding | congress | budget | bipartisan | congressional | tariffs | taxpayer | federal | funds', 'veterans | veteran | va | taxpayer | military | taxpayers | congressional | war | congressman | firing', 'fire | disaster | congressman | firing | veterans | safety | federal | honored | efforts | congressional', 'economy | trump | tariffs | economic | inflation | billionaire | spending | billionaires | donald | crisis', 'fired | firing | federal | employees | taxpayers | congressional | workers | workforce | enforcement | congress', 'congratulations | won | celebrate | honored | proud | team | win | held | happy | fellow', 'farmers | rural | funding | tariffs | congress | infrastructure | congressional | represent | congressman | agenda', 'financial | federal | tariffs | funding | congress | legislation | taxpayer | secure | infrastructure | funds', 'university | students | immigration | hamas | college | student | terrorist | anti | education | agenda', 'trump | donald | billionaire | congressional | billionaires | musk | congress | politics | tariffs | congressman', 'offices | federal | assistance | agencies | residents | district | department | county | washington | address', 'policies | policy | tariffs | farmers | water | amendment | congress | bipartisan | funding | congressional', 'taxes | tariffs | taxpayer | tax | spending | taxpayers | congress | federal | economy | congressional', 'congressman | congressional | senator | congress | bipartisan | partisan | bill | mayor | trump | democrat', 'tariffs | energy | policy | policies | economy | economic | infrastructure | agenda | innovation | bipartisan', 'mahmoud | terrorist | khalil | trump | enforcement | immigration | amendment | freedom | rights | putin', 'bipartisan | congressional | vote | funding | democrats | extension | congress | democrat | friday | tomorrow', 'congressional | congress | art | may | congressman | washington | competition | tomorrow | district | submit', 'tariffs | china | congress | congressional | policies | policy | bipartisan | enforcement | allies | foreign', 'veterans | veteran | honored | served | va | honor | military | congressman | congressional | represent', 'washington | congressional | dc | congress | news | week | congressman | sunday | capitol | district', 'doge | taxpayer | taxpayers | pettus | congressional | federal | congress | accountable | tariffs | funding', 'hamas | terrorist | mahmoud | immigration | peace | allies | supporting | threat | aid | freedom', 'military | veterans | veteran | mission | protecting | protect | allies | ensuring | war | security', 'tariffs | manufacturing | industry | economy | workforce | jobs | labor | businesses | innovation | workers', 'amendment | enforcement | legislation | policy | policies | federal | protecting | protect | congressional | rights', 'schumer | shutdown | bipartisan | democrats | senate | congressional | congress | senator | gop | partisan', 'left | republicans | democrats | partisan | bipartisan | politics | gop | republican | political | democrat', 'night | morning | tomorrow | day | weekend | friday | sunday | tonight | today | celebrate', 'farmers | food | funding | rural | tariffs | taxpayer | agenda | aid | medicaid | policies', 'fraud | taxpayers | taxpayer | agencies | accountable | federal | legislation | enforcement | congress | funding', 'safety | security | enforcement | firing | taxpayers | tariffs | safer | congressional | agencies | congress', 'union | congressional | congress | legislation | workers | employees | colleagues | benefits | labor | tariffs', 'fentanyl | legislation | policy | federal | policies | bipartisan | enforcement | taxpayers | firing | tariffs', 'tariffs | environment | policies | policy | trump | agenda | taxpayer | donald | politics | accountable', 'honored | celebrate | honor | senator | chairman | anniversary | fellow | mayor | agenda | represent']","[462, 300, 262, 246, 223, 211, 207, 207, 206, 197, 183, 175, 173, 168, 163, 158, 150, 149, 144, 141, 134, 133, 131, 114, 112, 109, 106, 102, 101, 101, 100, 98, 92, 90, 88, 87, 84, 84, 84, 81, 81, 78, 77, 75, 74, 69, 61, 60, 59, 57, 55, 52, 52, 51, 50]"
2025-03-10 00:00:01,2025-03-17 00:00:01,8106,0.35823543436493555,-0.3018055442796314,-12.621264884065235,0.8930333817126272,0.31989404033753993,"['bipartisan | congressional | congress | partisan | democrats | congressman | senate | caucus | funding | gop', 'immigration | border | congressional | tariffs | enforcement | trump | congress | congressman | terrorists | terrorist', 'mayor | residents | congressman | washington | district | meeting | congress | communities | congressional | city', 'read | hear | said | glad | great | see | thanks | thank | continuing | more', 'education | schools | students | teachers | student | school | appropriations | funding | college | taxpayer', 'shutdown | shutting | democrats | bipartisan | dems | congressional | republicans | congress | gop | democrat', 'medicaid | medicare | healthcare | taxpayer | bipartisan | dems | democrats | congressional | policies | republicans', 'terrorists | terrorist | allies | hamas | war | trump | peace | tariffs | president | putin', 'tariffs | economy | economic | trump | inflation | spending | bipartisan | congress | president | taxes', 'grijalva | congressman | honored | veteran | mayor | chairman | bipartisan | saddened | veterans | senator', 'medicare | medicaid | taxpayer | musk | taxpayers | congressional | democrats | billionaires | federal | benefits', 'fired | federal | taxpayers | firing | congressional | employees | taxpayer | congress | congressman | enforcement', 'putin | ukraine | russia | allies | war | hamas | trump | peace | mahmoud | terrorist', 'hall | halls | town | district | meeting | congressional | congressman | congress | capitol | tonight', 'secretary | chairman | executive | senator | congressman | biden | president | trump | staff | senate', 'tonight | tomorrow | today | going | doing | news | plan | watch | coming | morning', 'students | schools | student | college | teachers | congressman | meeting | visit | residents | district', 'musk | executive | taxpayer | taxpayers | tariffs | congressional | donald | political | congressman | trump', 'healthcare | medicaid | health | dr | medicare | congressional | aid | congressman | advocate | congress', 'veterans | veteran | va | taxpayer | military | taxpayers | congressional | war | served | firing', 'congratulations | won | celebrating | celebrate | win | proud | tonight | joy | honored | happy', 'justice | court | bipartisan | enforcement | senate | congressional | congressman | partisan | amendment | senator', 'schumer | shutdown | shutting | bipartisan | dems | democrats | senate | congressional | senator | congress', 'epa | policies | policy | water | tariffs | environmental | farmers | agriculture | amendment | congress', 'tariffs | china | enforcement | policy | policies | congress | immigration | allies | foreign | congressional', 'disaster | weather | prayers | safety | devastating | residents | florida | hope | state | arizona', 'hamas | terrorist | terrorists | mahmoud | immigration | peace | anti | violence | students | aid', 'federal | agencies | assistance | residents | district | department | congressman | congressional | services | agency', 'mahmoud | terrorist | khalil | amendment | trump | enforcement | freedom | rights | immigration | terrorists', 'fire | disaster | taxpayers | firing | federal | policies | congressional | policy | taxpayer | congress', 'taxes | tax | taxpayer | tariffs | taxpayers | congress | congressional | federal | bipartisan | spending', 'farmers | agriculture | rural | funding | tariffs | industry | businesses | congress | economy | infrastructure', 'veterans | veteran | va | honored | served | congressman | military | honor | bill | congressional', 'fentanyl | legislation | bipartisan | federal | policies | policy | enforcement | firing | tariffs | congressional', 'tariffs | energy | epa | economy | policy | policies | economic | infrastructure | power | agenda', 'republicans | democrats | gop | partisan | bipartisan | republican | dems | democratic | left | political', 'bipartisan | congressional | vote | funding | democrats | congress | extension | democrat | dems | tomorrow', 'her | congressman | she | nita | senator | congressional | caucus | honored | bipartisan | congress', 'veterans | veteran | honored | honor | military | served | grateful | celebrating | va | dedication', 'housing | homes | funding | appropriations | congressional | congress | residents | taxpayer | house | congressman', 'holi | celebrating | celebrate | festival | joy | honored | happy | may | day | wishing', 'military | veterans | veteran | mission | allies | protecting | protect | war | congress | serve', 'financial | funding | legislation | tariffs | federal | congress | innovation | spending | economy | fund', 'celebrating | celebrate | honored | festival | honor | st | march | proud | visit | friday', 'trump | donald | billionaire | billionaires | congressional | tariffs | congress | president | musk | congressman', 'honor | honored | celebrating | celebrate | march | proud | congressman | civil | peace | veteran', 'schools | education | teachers | students | school | student | college | funding | supporting | honored', 'agriculture | farmers | food | funding | tariffs | rural | agenda | taxpayer | policies | economy', 'congressional | congress | art | competition | may | congressman | tomorrow | caucus | washington | march', 'fraud | taxpayers | taxpayer | accountable | agencies | legislation | federal | congress | enforcement | appropriations', 'inflation | economy | tariffs | economic | raise | spending | prices | crisis | growth | budget', 'women | bipartisan | legislation | congressional | partisan | republicans | men | democrats | gop | amendment', 'epa | environmental | tariffs | policies | environment | policy | agenda | taxpayer | trump | prevent']","[1023, 281, 272, 262, 250, 248, 234, 231, 229, 201, 187, 184, 177, 177, 168, 161, 150, 140, 122, 119, 119, 113, 109, 109, 107, 107, 106, 104, 101, 101, 97, 97, 94, 94, 93, 90, 89, 88, 84, 82, 77, 76, 75, 71, 71, 70, 68, 62, 62, 60, 57, 52, 51]"
2025-03-13 00:00:01,2025-03-20 00:00:01,7510,0.35743358104051476,-0.29825398937830405,-12.327548028812883,0.9011611030478955,0.3223108520118371,"['bipartisan | congressional | senate | congress | senator | partisan | democrats | gop | congressman | republicans', 'medicaid | medicare | healthcare | bipartisan | dems | democrats | congressional | taxpayer | republicans | democrat', 'immigration | citizens | border | enforcement | trump | tariffs | terrorists | congressional | president | congressman', 'residents | congressman | district | congressional | congress | meeting | washington | citizens | town | city', 'agriculture | farmers | farm | ranchers | ag | celebrating | rural | celebrate | nation | arizona', 'hall | district | congressional | town | meeting | congressman | congress | capitol | residents | tonight', 'patrick | celebrate | celebrating | st | irish | day | honored | friday | proud | festival', 'terrorists | hamas | allies | war | trump | peace | putin | president | agenda | israel', 'grijalva | congressman | activist | honored | bipartisan | saddened | senator | veterans | congressional | bill', 'fired | federal | firing | taxpayers | congressional | employees | congress | congressman | musk | workers', 'veterans | honored | honor | served | military | congressman | grateful | celebrating | dedication | chief', 'students | schools | student | school | education | activist | honored | district | meeting | visit', 'emergency | weather | safety | prayers | devastating | fire | residents | florida | arizona | hope', 'congressman | congressional | bipartisan | congress | honored | accountable | ensuring | honor | leadership | president', 'putin | ukraine | russia | allies | hamas | war | terrorists | trump | peace | partisan', 'medicare | medicaid | taxpayer | taxpayers | congressional | federal | benefits | security | secure | policies', 'democrats | dems | bipartisan | democrat | partisan | republicans | democratic | congressional | gop | republican', 'judges | judge | courts | court | justice | senate | bipartisan | congressman | congressional | senator', 'congratulations | won | celebrating | celebrate | proud | win | joy | tonight | honored | happy', 'spending | appropriations | budget | taxpayer | funding | congress | bipartisan | tariffs | congressional | economy', 'education | schools | students | student | school | appropriations | funding | agenda | taxpayer | policies', 'tariffs | economy | economic | trump | spending | costs | congress | bipartisan | immigration | policies', 'industry | businesses | opportunities | workforce | innovation | business | jobs | co | visit | employees', 'shutdown | democrats | bipartisan | congressional | dems | republicans | congress | gop | shut | senate', 'tariffs | energy | fuel | policy | policies | bipartisan | economy | congress | biden | economic', 'tonight | tomorrow | joined | tune | coming | going | join | doing | on | working', 'tariffs | china | policy | accountable | allies | policies | congress | hamas | america | immigration', 'veterans | va | taxpayer | military | served | healthcare | congressional | taxpayers | war | benefits', 'healthcare | medicaid | medicare | patients | medical | health | congressional | veterans | congressman | congress', 'but | right | true | too | so | that | yet | also | or | great', 'schumer | bipartisan | dems | democrats | shutdown | senate | senator | gop | congressional | congress', 'agriculture | farmers | farm | funding | tariffs | taxpayer | ranchers | appropriations | rural | ag', 'justice | trump | enforcement | criminal | judge | president | courts | terrorists | court | protecting', 'hamas | israel | terrorists | peace | allies | war | crisis | democracy | news | efforts', 'federal | taxpayer | agencies | assistance | department | taxpayers | county | offices | district | medicaid', 'congressional | congress | may | congressman | competition | art | district | schools | washington | tomorrow', 'holi | celebrating | celebrate | festival | joy | honored | happy | may | day | wishing', 'agriculture | funding | food | farmers | agenda | feed | taxpayer | tariffs | rural | bipartisan', 'tax | taxpayer | taxpayers | tariffs | federal | congress | congressional | bipartisan | legislation | democrats', 'lowey | her | congressman | activist | she | nita | congressional | honored | senator | congress', 'veterans | honor | military | honored | war | congressman | history | activist | congressional | legacy', 'fentanyl | legislation | bipartisan | federal | policies | policy | enforcement | congressional | firing | tariffs', 'read | discussed | news | story | below | resources | information | heard | here | learn', 'honored | activist | celebrating | women | honor | her | celebrate | she | march | veterans', 'bipartisan | funding | congressional | democrats | vote | extension | congress | dems | democrat | friday', 'doge | taxpayer | taxpayers | musk | accountable | appropriations | congressional | congress | tariffs | funding', 'water | funding | appropriations | environment | farmers | congress | congressional | efforts | legislation | agriculture', 'housing | house | funding | congressional | congressman | home | residents | congress | appropriations | families', 'policy | women | taxpayer | veterans | legislation | rights | congressional | taxpayers | policies | enforcement', 'tariffs | environment | policies | policy | agenda | trump | harmful | prevent | donald | protecting', 'healthcare | cancer | funding | health | medical | patients | research | risk | dr | medicaid', 'tariffs | military | allies | veterans | congress | immigration | america | appropriations | war | protect', 'gas | fuel | tariffs | prices | economy | economic | costs | cost | biden | affordable']","[371, 360, 293, 231, 228, 210, 206, 186, 180, 180, 177, 176, 174, 167, 166, 164, 163, 148, 147, 139, 127, 126, 125, 124, 121, 115, 114, 110, 103, 100, 92, 91, 89, 88, 87, 79, 77, 75, 72, 71, 71, 71, 70, 70, 65, 65, 62, 59, 59, 59, 57, 54, 51]"
2025-03-16 00:00:01,2025-03-23 00:00:01,7114,0.35124709898692735,-0.307468101424481,-11.787407323997389,0.9231020408163265,0.32377452508660265,"['medicaid | medicare | healthcare | bipartisan | congressional | democrats | taxpayer | aid | policies | republicans', 'education | schools | students | teachers | student | school | college | funding | agenda | congress', 'bipartisan | democrats | congressional | republicans | congress | gop | republican | democratic | senate | tariffs', 'congressional | congress | district | hall | meeting | represent | mayor | bipartisan | senate | washington', 'mayor | district | town | residents | meeting | city | represent | county | washington | efforts', 'farmers | agriculture | farm | ranchers | ag | celebrating | rural | celebrate | nation | day', 'congratulations | carolina | celebrate | celebrating | won | tonight | win | we | team | proud', 'medicaid | medicare | taxpayer | federal | congressional | benefits | seniors | security | secure | policies', 'musk | congressional | taxpayer | congress | tariffs | executive | federal | bipartisan | trump | donald', 'judges | judge | courts | court | constitution | justice | senate | bipartisan | congressional | congress', 'fire | devastating | safety | aid | residents | crisis | ensuring | florida | efforts | neighbors', 'patrick | celebrate | celebrating | st | irish | day | honored | proud | march | happy', 'students | schools | teachers | student | honored | college | school | education | celebrating | activist', 'tariffs | economy | economic | trump | spending | costs | congress | bipartisan | policies | businesses', 'industry | facility | production | businesses | workforce | building | jobs | opportunities | innovation | co', 'president | trump | leader | putin | gop | bipartisan | leaders | leadership | donald | war', 'veterans | honored | honor | served | military | celebrating | represent | activist | dedication | mission', 'veterans | va | taxpayer | military | served | virginia | healthcare | congressional | war | benefits', 'criminals | enforcement | citizens | trump | justice | criminal | tariffs | illegal | terrorists | congressional', 'agriculture | farmers | farm | funding | tariffs | taxpayer | ranchers | policies | ag | legislation', 'hall | town | meeting | district | joined | joining | tonight | join | around | meet', 'putin | ukraine | russia | hamas | terrorists | trump | war | bipartisan | peace | israel', 'energy | tariffs | fuel | economy | policy | bipartisan | economic | power | policies | innovation', 'hamas | israel | terrorists | hostages | peace | war | crisis | continues | violence | democracy', 'funding | food | agriculture | farmers | agenda | aid | feed | taxpayer | medicaid | benefits', 'china | tariffs | foreign | russia | putin | america | agenda | policy | policies | accountable', 'terrorists | hamas | war | israel | putin | agenda | tariffs | attack | trump | attacks', 'congressional | congress | art | may | competition | washington | district | senate | april | honored', 'funding | water | congress | policies | farmers | efforts | policy | legislation | agriculture | congressional', 'women | policy | bipartisan | congressional | veterans | enforcement | policies | rights | agenda | men', 'lowey | her | activist | she | nita | honored | congressional | bipartisan | congress | bill', 'offices | federal | agencies | office | assistance | residents | ca | address | april | facility', 'firing | federal | congress | tariffs | congressional | enforcement | fraud | taxpayer | accountable | trump', 'veterans | honor | honored | military | war | history | activist | congressional | president | donald', 'tonight | joined | tune | joining | join | tomorrow | coming | doing | going | on', 'read | discussed | more | here | stories | below | story | about | learn | see', 'women | activist | honored | celebrating | her | honor | she | celebrate | veterans | march', 'terrorists | republicans | democrats | violence | congressional | rights | activist | hamas | musk | gop', 'legislation | bill | congress | taxpayer | policies | congressional | policy | federal | law | funding', 'border | mexico | congressional | citizens | tariffs | congress | enforcement | criminals | security | federal', 'funding | research | healthcare | aid | medical | fund | innovation | health | benefits | policy', 'celebrating | celebrate | happy | honored | day | wishing | peace | march | honor | grateful', 'military | veterans | mission | war | fighting | defense | defend | innovation | congress | secure', 'right | but | too | so | also | yet | fair | glad | sense | well', 'thanks | thank | amazing | welcome | great | congratulations | glad | appreciate | incredible | grateful', 'enforcement | legislation | policies | policy | federal | congressional | congress | citizens | agencies | law', 'terrorists | mexico | criminals | hostages | hamas | citizens | enforcement | foreign | nation | tariffs', 'gas | fuel | tariffs | prices | economy | economic | costs | cost | affordable | biden', 'hamas | terrorists | israel | activist | citizens | criminals | freedom | agenda | students | violence', 'agencies | federal | agency | criminal | criminals | secretary | department | enforcement | congress | congressional']","[501, 448, 281, 276, 254, 241, 225, 207, 202, 197, 191, 189, 178, 174, 164, 145, 142, 127, 124, 112, 109, 97, 94, 90, 89, 87, 87, 86, 82, 82, 82, 82, 81, 79, 79, 76, 74, 74, 71, 67, 66, 64, 64, 64, 64, 56, 56, 56, 55, 51]"
2025-03-19 00:00:01,2025-03-26 00:00:01,7308,0.36434160271473837,-0.315436596939634,-12.138055057080184,0.9240391334730956,0.3361120471308964,"['education | schools | students | teachers | accountability | student | school | college | funding | agenda', 'security | accountability | incompetence | terrorists | enforcement | secure | congressional | threat | protecting | accountable', 'medicare | medicaid | taxpayer | taxpayers | federal | congressional | security | secure | paycheck | benefits', 'citizens | enforcement | tariffs | border | congressional | trump | criminal | mexico | terrorists | justice', 'congressional | congress | mayor | district | washington | bipartisan | meeting | hall | citizens | capitol', 'medicaid | medicare | healthcare | bipartisan | congressional | democrats | taxpayer | republicans | policies | democrat', 'congratulations | celebrate | carolina | won | tonight | win | we | proud | honored | march', 'judges | judge | court | constitution | justice | bipartisan | senate | congressional | congress | enforcement', 'honor | honored | medal | veterans | duty | military | dedication | served | mission | courage', 'tariffs | energy | funding | infrastructure | economic | economy | policy | bipartisan | congress | policies', 'mayor | district | town | residents | county | city | meeting | washington | capitol | met', 'democrats | democrat | republicans | bipartisan | democratic | gop | republican | congressional | political | congress', 'farmers | farm | rural | iowa | funding | infrastructure | tariffs | congress | taxpayer | congressional', 'facility | industry | businesses | building | workforce | farmers | infrastructure | jobs | town | business', 'spending | funding | congress | taxpayer | tariffs | budget | congressional | bipartisan | economy | federal', 'fire | devastating | crisis | residents | safety | infrastructure | efforts | florida | funding | coverage', 'students | student | schools | teachers | college | school | education | honored | visit | meeting', 'legislation | bipartisan | congress | congressional | bill | policies | senate | policy | taxpayer | tariffs', 'healthcare | medicaid | patients | facility | health | medicare | medical | residents | services | visit', 'wage | fairness | paycheck | workforce | equal | equalpayday | pay | women | paying | gender', 'hall | town | district | meeting | tonight | joined | around | joining | tomorrow | join', 'hamas | israel | terrorists | peace | war | crisis | threat | accountability | violence | democracy', 'musk | doge | taxpayer | congressional | executive | congress | taxpayers | accountability | legislation | accountable', 'president | trump | peace | war | leader | america | strengthen | leaders | leadership | donald', 'veterans | military | mission | honored | servicemembers | honor | medal | served | duty | staff', 'tariffs | economy | economic | trump | congress | policies | spending | bipartisan | policy | costs', 'great | good | glad | very | right | incredible | so | best | well | thank', 'funding | medicaid | food | agenda | taxpayer | farmers | bipartisan | consumers | tariffs | policies', 'veterans | va | taxpayer | military | served | servicemembers | healthcare | congressional | taxpayers | virginia', 'ukraine | russia | hamas | terrorists | war | trump | threat | israel | bipartisan | foreign', 'medicare | healthcare | medicaid | aca | policies | policy | congressional | legislation | democrats | health', 'joined | tune | joining | tonight | join | on | coming | doing | up | tomorrow', 'women | honored | her | she | honor | gender | committee | celebrate | veterans | march', 'violence | safety | enforcement | firing | legislation | protecting | accountability | crisis | terrorists | protect', 'terrorists | democrats | republicans | congressional | gop | bipartisan | democrat | musk | violence | republican', 'congressional | congress | art | competition | washington | may | honored | district | capitol | tomorrow', 'secretary | executive | president | leader | leading | leadership | donald | director | biden | trump', 'celebrate | honored | happy | honor | peace | march | grateful | day | visit | proud', 'tariffs | economy | industry | economic | innovation | businesses | funding | billionaires | america | billionaire', 'china | tariffs | foreign | congress | america | policy | accountability | russia | policies | hamas', 'her | loved | veterans | she | honor | honored | lives | hope | care | vital', 'taxpayer | tax | tariffs | congress | congressional | taxpayers | bipartisan | legislation | federal | paycheck', 'federal | taxpayer | offices | assistance | taxpayers | april | recipients | agency | may | department', 'businesses | economy | economic | tariffs | business | industry | funding | infrastructure | innovation | rural', 'housing | funding | residents | infrastructure | building | communities | rural | house | congressional | benefits', 'gender | women | congressional | policy | men | congress | legislation | accountability | policies | agenda', 'veterans | va | honored | served | servicemembers | honor | virginia | military | visit | service', 'infrastructure | funding | water | farmers | valley | policies | policy | farm | project | efforts', 'read | discussed | more | stories | story | learn | about | see | heard | said', 'terrorists | threat | hamas | israel | agenda | tariffs | trump | biden | war | gop', 'postal | recipients | deliver | taxpayer | taxpayers | tariffs | citizens | service | offices | letter', 'funding | research | healthcare | fund | health | benefits | medical | taxpayer | policy | agenda', 'mission | aliens | space | veterans | honored | welcome | visited | happy | visit | military', 'federal | firing | tariffs | congress | taxpayers | congressional | enforcement | fraud | taxpayer | incompetence']","[482, 390, 291, 270, 270, 240, 233, 211, 183, 171, 158, 148, 148, 144, 141, 141, 136, 130, 128, 123, 115, 109, 107, 102, 99, 97, 96, 96, 95, 93, 93, 92, 85, 80, 80, 76, 75, 74, 72, 69, 67, 66, 65, 64, 64, 61, 58, 57, 57, 56, 54, 53, 52, 52]"
2025-03-22 00:00:01,2025-03-29 00:00:01,7821,0.3633335548524382,-0.32423527667136814,-12.711925002207476,0.9207909604519775,0.3332139397368893,"['security | threats | accountability | incompetence | terrorists | investigation | resign | threat | enforcement | secure', 'medicare | medicaid | taxpayer | congressional | taxpayers | fema | musk | federal | donald | secure', 'congressional | congressman | congress | bipartisan | senate | senator | democrats | democrat | committee | legislation', 'spending | taxpayer | tariffs | funding | congress | taxpayers | congressional | federal | bipartisan | economy', 'honor | honored | medal | veterans | duty | military | troops | dedication | served | mission', 'students | schools | student | college | school | universities | residents | honored | visit | district', 'unions | union | congressional | congress | federal | tariffs | labor | workers | fema | employees', 'judge | judges | court | justice | bipartisan | congressional | congressman | senate | congress | enforcement', 'hall | town | district | congressional | meeting | congressman | congress | residents | joining | capitol', 'immigration | immigrants | citizens | criminals | border | enforcement | tariffs | congressional | terrorists | criminal', 'legislation | bipartisan | congress | congressional | bill | congressman | tariffs | taxpayer | senate | funding', 'medicaid | medicare | healthcare | bipartisan | taxpayer | congressional | democrats | republicans | policies | taxpayers', 'congratulations | won | celebrate | honored | carolina | proud | win | tonight | honor | held', 'tariffs | economy | economic | trump | industry | immigrants | congress | immigration | america | investment', 'education | schools | students | accountability | student | school | funding | universities | college | taxpayer', 'farmers | farm | tariffs | rural | funding | congress | congressional | iowa | taxpayer | legislation', 'wage | fairness | paycheck | workforce | equal | unions | equalpayday | pay | union | labor', 'washington | iowa | state | texas | morning | virginia | day | going | north | visit', 'democrats | democrat | republicans | bipartisan | republican | gop | elections | congressional | political | democracy', 'healthcare | medicaid | health | medicare | visit | medical | residents | veterans | services | benefits', 'women | honored | gender | celebrate | her | honor | committee | congressional | she | democrats', 'healthcare | health | cancer | funding | donald | trump | risk | prevent | medicaid | medical', 'energy | tariffs | infrastructure | nuclear | power | economy | fema | economic | policy | policies', 'npr | pbs | taxpayer | media | taxpayers | news | funding | bipartisan | congressional | congress', 'funding | legislation | congress | policies | regulations | infrastructure | policy | interests | taxpayer | fema', 'secretary | executive | senator | congressman | president | donald | trump | leader | biden | leading', 'hamas | terrorists | allies | peace | threats | adversaries | agenda | accountability | threat | crisis', 'great | good | said | but | so | glad | right | very | well | see', 'russia | allies | hamas | war | adversaries | trump | foreign | terrorists | bipartisan | troops', 'disaster | fema | fire | carolina | emergency | residents | crisis | efforts | rural | firing', 'medicare | healthcare | medicaid | aca | policies | policy | congressional | democrats | legislation | health', 'elections | vote | amendment | congressional | democracy | citizens | congressman | congress | accountability | agenda', 'infrastructure | funding | tariffs | fema | congress | congressional | legislation | progress | benefits | texas', 'congressional | art | congress | competition | may | congressman | washington | honored | april | march', 'enforcement | freedom | amendment | accountability | threats | terrorists | criminals | immigration | congressman | citizens', 'tune | tonight | watch | tomorrow | on | live | coming | immediately | morning | during', 'honored | congressman | senator | honor | who | bill | lives | leader | vital | veterans', 'criminals | enforcement | criminal | accountability | protecting | safety | officers | protect | justice | leader', 'postal | recipients | deliver | letter | taxpayer | citizens | offices | taxpayers | service | federal', 'universities | students | accountability | tariffs | immigration | consequences | student | education | legislation | accountable', 'america | president | americans | trump | american | us | donald | immigration | tariffs | nation', 'china | tariffs | foreign | immigration | allies | congress | policy | accountability | policies | enforcement', 'federal | offices | agencies | assistance | taxpayer | april | agency | residents | may | department', 'businesses | economy | economic | industry | capital | innovation | investment | infrastructure | funding | business', 'veterans | va | taxpayer | benefits | legislation | served | troops | bill | congressional | honored', 'funding | food | farmers | taxpayer | agenda | medicaid | consumers | tariffs | serving | accountability', 'tariffs | policies | policy | consumers | legislation | regulations | bipartisan | congress | congressional | accountability', 'medicaid | healthcare | agenda | policy | policies | medicare | taxpayer | legislation | congressional | rights', 'fema | disaster | fire | federal | infrastructure | policies | tariffs | crisis | agenda | congress', 'safety | danger | protecting | protect | safe | secure | security | risk | ensuring | dangerous', 'disaster | honor | veterans | crisis | emergency | peace | honored | hope | lives | troops', 'safety | officers | agencies | servicemembers | aca | agency | congressional | dc | ensuring | congress', 'veterans | va | troops | military | congressional | taxpayer | taxpayers | served | servicemembers | war', 'opening | start | celebrate | going | day | today | april | go | happy | open', 'her | loved | she | honor | veterans | lives | honored | care | hope | congressman', 'honored | celebrate | honor | visit | grateful | happy | meeting | congratulations | peace | glad', 'read | more | story | discussed | info | about | learn | heard | here | see', 'her | senator | she | congressman | leader | bipartisan | leadership | secretary | honored | leaders', 'financial | funding | bipartisan | federal | tariffs | taxpayer | senate | congress | congressional | spending', 'thanks | thank | welcome | congratulations | grateful | glad | happy | incredible | honored | great']","[716, 281, 250, 227, 220, 205, 177, 173, 168, 160, 157, 156, 153, 148, 146, 146, 136, 129, 125, 123, 121, 111, 111, 105, 105, 102, 101, 100, 99, 95, 94, 91, 86, 85, 84, 84, 80, 78, 78, 72, 72, 72, 68, 68, 67, 66, 65, 62, 61, 61, 61, 59, 58, 55, 55, 55, 54, 52, 52, 50]"
2025-03-25 00:00:01,2025-04-01 00:00:01,7905,0.35391645977531716,-0.31075526901449013,-12.450226552526152,0.9213114754098362,0.325046739230396,"['security | threats | accountability | investigation | terrorists | enforcement | secure | protecting | congressional | incompetence', 'honored | meeting | congressman | students | celebrating | visit | honor | congressional | washington | student', 'immigration | immigrants | criminals | citizens | enforcement | safer | protecting | citizenship | protect | terrorists', 'medicare | medicaid | taxpayer | taxpayers | federal | congressional | secure | security | donald | benefits', 'taxpayer | spending | tariffs | congress | funding | taxpayers | congressional | bipartisan | federal | tax', 'tariffs | economy | economic | demand | trump | spending | congress | policies | immigrants | policy', 'judges | judge | constitutional | court | justice | constitution | congressional | bipartisan | congress | congressman', 'unions | union | congressional | congress | federal | tariffs | labor | workers | employees | congressman', 'farmers | farm | rural | iowa | tariffs | funding | congress | congressional | infrastructure | congressman', 'honor | medal | honored | veterans | bravery | duty | award | military | troops | celebrating', 'hall | district | town | congressional | meeting | congressman | congress | residents | caucus | capitol', 'veterans | vietnam | honored | honor | troops | served | medal | va | bravery | military', 'hegseth | resign | fired | secretary | incompetence | trump | donald | executive | him | his', 'legislation | bipartisan | congress | bill | congressional | congressman | senate | senator | caucus | taxpayer', 'medicaid | medicare | healthcare | bipartisan | taxpayer | congressional | democrats | policies | taxpayers | republicans', 'wage | fairness | paycheck | workforce | equal | unions | equalpayday | pay | union | labor', 'education | schools | students | accountability | student | school | funding | kids | policies | policy', 'democrats | republicans | bipartisan | gop | republican | elections | congressional | election | political | congress', 'healthcare | health | trump | donald | cancer | funding | medical | risk | medicaid | prevent', 'washington | dc | residents | visit | maryland | state | going | north | town | home', 'elections | voting | vote | citizenship | citizens | election | congressional | amendment | saving | democracy', 'congratulations | won | carolina | win | proud | celebrate | celebrating | team | honored | we', 'great | but | must | fair | so | good | don | said | right | see', 'russia | allies | trump | americans | war | america | bipartisan | terrorists | gop | political', 'women | honored | celebrating | celebrate | caucus | gender | honor | her | she | congressional', 'ramadan | celebrating | celebrate | mubarak | eid | wishing | honored | honor | april | march', 'npr | pbs | taxpayer | media | news | taxpayers | bipartisan | funding | congressional | congress', 'terrorists | allies | peace | agenda | threats | adversaries | accountability | supporting | bipartisan | threat', 'terrorists | adversaries | threats | threat | biden | attacks | allies | attack | troops | trump', 'housing | residents | communities | funding | community | infrastructure | town | rural | capitol | district', 'healthcare | medical | medicaid | medicare | health | nationwide | congressman | congressional | meeting | veterans', 'trans | rights | celebrate | proud | freedom | honored | celebrating | peace | honor | across', 'congressional | art | congress | competition | may | congressman | april | washington | tomorrow | caucus', 'secretary | executive | congressman | senator | president | donald | congratulations | director | bipartisan | committee', 'amendment | legislation | constitution | constitutional | enforcement | laws | regulations | federal | congress | congressional', 'honored | congressman | honor | who | bill | senator | lives | loved | served | leader', 'tune | tonight | tomorrow | watch | live | on | immediately | during | today | night', 'tariffs | policies | policy | bipartisan | congressional | congress | legislation | consumers | regulations | congressman', 'universities | students | tariffs | accountability | immigration | consequences | student | foreign | legislation | education', 'her | she | congressman | secretary | honored | leader | leadership | senator | leaders | biden', 'criminals | enforcement | immigration | terrorists | citizens | accountability | criminal | threats | justice | investigation', 'thanks | welcome | thank | congratulations | grateful | glad | happy | great | honored | incredible', 'tariffs | energy | infrastructure | power | demand | economy | economic | policy | policies | americans', 'tariffs | policy | policies | prevent | risk | trump | agenda | donald | taxpayer | congress', 'safety | officers | safer | congressional | traffic | ensuring | servicemembers | congress | agencies | congressman', 'disaster | fire | federal | policies | policy | infrastructure | crisis | tariffs | safer | congress', 'congressional | congressman | congress | senate | senator | bipartisan | caucus | democrats | bill | election', 'china | tariffs | vietnam | immigration | foreign | allies | enforcement | immigrants | accountability | threats', 'disaster | carolina | emergency | residents | crisis | neighbors | efforts | town | rural | communities', 'medicaid | agenda | policy | healthcare | policies | medicare | taxpayer | legislation | advocate | funding', 'legislation | regulations | amendment | funding | policies | congress | policy | taxpayer | farmers | interests', 'offices | residents | agencies | dc | office | district | staff | assistance | federal | maryland', 'deliver | citizens | letter | taxpayer | agencies | residents | offices | workforce | service | taxpayers', 'opening | celebrate | going | celebrating | day | today | april | tonight | go | may', 'food | funding | farmers | agenda | taxpayer | consumers | policies | medicaid | policy | tariffs', 'veterans | va | troops | congressional | taxpayer | congressman | bipartisan | military | war | taxpayers', 'accountability | agenda | congress | history | congressional | constitutional | constitution | tariffs | washington | accountable', 'resign | investigation | breach | incompetence | fired | terrorists | security | accountability | officers | secretary', 'read | story | discussed | more | about | heard | here | see | said | below', 'funding | medicaid | healthcare | fund | taxpayer | taxpayers | medicare | policies | funds | health', 'doge | taxpayer | bipartisan | congressional | congress | tariffs | funding | taxpayers | accountability | agenda']","[402, 319, 309, 220, 206, 197, 181, 179, 173, 166, 160, 157, 154, 150, 146, 138, 138, 133, 132, 127, 123, 117, 114, 114, 112, 109, 106, 106, 100, 92, 89, 82, 80, 79, 77, 76, 76, 75, 71, 70, 69, 68, 67, 65, 65, 65, 64, 63, 58, 57, 57, 56, 55, 55, 54, 53, 53, 53, 52, 51, 51]"
2025-03-28 00:00:01,2025-04-04 00:00:01,7830,0.3593727664517016,-0.29825286099948406,-11.303439390780813,0.9005639097744359,0.3230729645427765,"['tariffs | tariff | economy | economic | trump | taxes | congress | goods | spending | taxpayers', 'farmers | farm | rural | funding | iowa | nationwide | congress | congressional | businesses | efforts', 'senator | senate | congressional | bipartisan | congress | president | bill | election | trump | speech', 'healthcare | health | taxpayers | medicaid | medicare | medical | policies | policy | congressional | trump', 'security | enforcement | secretary | fraud | secure | news | firing | trump | putin | accountable', 'celebrating | celebrate | congratulations | honored | won | honor | proud | going | happy | tonight', 'judges | judge | court | constitution | congressional | justice | congress | bipartisan | senate | laws', 'veterans | honored | honor | vietnam | served | military | va | celebrating | dedication | grateful', 'students | student | schools | washington | meeting | visit | school | congressional | district | capitol', 'unions | union | congressional | congress | federal | tariffs | labor | bargaining | workers | employees', 'watch | tonight | tune | heard | great | live | next | on | about | doing', 'medicare | medicaid | taxpayer | taxpayers | congressional | musk | democrats | federal | benefits | donald', 'voter | elections | voting | vote | election | citizenship | citizens | congressional | democratic | democracy', 'immigration | border | tariffs | president | citizenship | protecting | trump | protect | safer | citizens', 'education | students | schools | student | funding | children | school | taxpayer | kids | bipartisan', 'spending | debt | taxpayer | tariffs | funding | budget | congress | bipartisan | tariff | congressional', 'congressional | bipartisan | voter | congress | elections | voting | senate | democrats | election | representatives', 'medicaid | medicare | healthcare | bipartisan | democrats | congressional | taxpayer | republicans | policies | gop', 'hall | town | district | meeting | capitol | congressional | around | washington | congress | tonight', 'ramadan | celebrating | celebrate | mubarak | eid | wishing | honored | honor | april | march', 'disaster | emergency | safety | state | safer | florida | iowa | texas | ensuring | neighbors', 'china | tariffs | vietnam | allies | immigration | tariff | foreign | america | iran | countries', 'trans | rights | celebrate | freedom | proud | liberation | honored | celebrating | peace | honor', 'congressional | congress | representatives | bipartisan | senator | senate | president | democrats | bill | honored', 'legislation | bill | congress | congressional | bipartisan | senate | senator | bills | constitution | federal', 'democrats | democratic | bipartisan | republicans | gop | republican | elections | election | congressional | voter', 'putin | russia | allies | iran | trump | war | bipartisan | israel | foreign | gop', 'immigration | citizenship | citizens | criminal | illegal | enforcement | laws | americans | border | trump', 'fraud | congress | federal | congressional | agencies | bipartisan | tariffs | enforcement | taxpayer | financial', 'tariffs | tariff | energy | policies | policy | congress | congressional | bipartisan | legislation | infrastructure', 'veterans | honored | honor | served | hope | vital | loved | disaster | lives | emergency', 'florida | honored | congressional | congress | president | senator | celebrating | election | trump | senate', 'women | her | honored | congressional | she | honor | unions | congress | bipartisan | celebrating', 'medicaid | healthcare | medicare | legislation | policies | bipartisan | taxpayer | patients | medical | congressional', 'congressional | art | congress | competition | may | april | washington | submit | representatives | honored', 'constitution | legislation | enforcement | laws | federal | congress | rights | policies | congressional | law', 'doge | taxpayer | funding | tariffs | taxpayers | congress | congressional | tariff | musk | bipartisan', 'veterans | va | military | taxpayer | served | service | healthcare | war | taxpayers | services', 'medicaid | snap | food | agenda | funding | farmers | benefits | taxpayer | policies | consumers', 'immigration | citizenship | trump | criminal | justice | citizens | enforcement | president | illegal | crisis', 'her | she | executive | secretary | who | leaders | role | billionaire | leadership | honored', 'tariffs | tariff | liberation | trump | economy | spending | freedom | day | taxes | gop', 'medicaid | medicare | healthcare | taxpayer | policy | policies | agenda | taxpayers | funding | gop', 'fire | firing | safety | disaster | federal | department | policies | emergency | safer | washington', 'democrats | harm | threat | gop | congressional | republicans | democratic | rights | political | agenda', 'israel | allies | peace | war | threat | news | agenda | crisis | iran | liberation', 'offices | dc | assistance | federal | office | va | april | hours | access | agencies', 'tariffs | debt | spending | funding | taxpayer | bipartisan | gop | fund | funds | republicans', 'allies | war | agenda | putin | bipartisan | foreign | iran | tariffs | military | democracy', 'iran | israel | agenda | allies | policy | threat | policies | putin | bipartisan | war', 'history | agenda | congress | president | trump | congressional | constitution | tariffs | donald | immigration', 'allies | senator | secretary | honored | bipartisan | biden | president | trump | putin | israel', 'fentanyl | bipartisan | tariffs | federal | tariff | policies | policy | agenda | taxpayers | enforcement', 'taxes | tax | taxpayer | tariffs | irs | taxpayers | tariff | spending | cuts | economy', 'housing | affordable | house | funding | spending | raise | congressional | taxpayer | policies | families', 'enforcement | immigration | justice | citizens | freedom | criminal | citizenship | crisis | liberation | laws', 'read | story | discussed | more | learn | heard | news | about | see | said']","[653, 282, 276, 251, 240, 205, 204, 201, 199, 192, 180, 178, 170, 168, 147, 146, 140, 133, 133, 112, 107, 106, 102, 101, 101, 99, 98, 97, 96, 95, 93, 90, 89, 82, 81, 80, 78, 76, 75, 74, 72, 67, 65, 64, 64, 63, 63, 63, 61, 60, 55, 54, 52, 52, 52, 50, 50]"
2025-03-31 00:00:01,2025-04-07 00:00:01,7833,0.357504246295663,-0.3040369467702089,-11.900295194573872,0.9009427609427609,0.32111128115485454,"['tariffs | tariff | economy | economic | recession | trump | taxes | congress | markets | spending', 'farmers | farm | rural | funding | infrastructure | businesses | nationwide | opportunities | industry | efforts', 'senator | senate | congressional | bipartisan | congress | bill | president | election | speech | trump', 'security | enforcement | fraud | secretary | secure | congressional | trump | congress | firing | accountable', 'healthcare | health | taxpayers | medicaid | policies | medical | policy | medicare | taxpayer | congressional', 'judges | judge | constitution | congressional | court | congress | bipartisan | amendment | legislation | justice', 'medicaid | medicare | bipartisan | healthcare | democrats | congressional | republicans | taxpayer | gop | republican', 'voter | elections | voting | vote | election | citizens | congressional | amendment | democratic | votes', 'students | student | college | schools | meeting | visit | washington | school | congressional | education', 'immigration | border | tariffs | president | protecting | citizens | tariff | trump | protect | congressional', 'medicare | retirement | medicaid | taxpayer | taxpayers | congressional | democrats | federal | republicans | benefits', 'congressional | bipartisan | voter | congress | elections | voting | democrats | election | senate | republicans', 'education | students | schools | funding | student | children | taxpayer | kids | school | agenda', 'visit | honored | celebrate | washington | going | town | st | grateful | place | capitol', 'disaster | emergency | weather | state | safety | safer | iowa | ensuring | florida | crisis', 'congratulations | carolina | won | celebrate | proud | tonight | team | honored | we | win', 'senate | congress | bipartisan | congressional | senator | funding | spending | legislation | agenda | tariffs', 'spending | debt | bipartisan | republicans | tariffs | taxpayer | congressional | congress | democrats | medicare', 'florida | honored | congressional | congress | president | senator | senate | election | bipartisan | trump', 'china | tariffs | allies | tariff | immigration | foreign | america | infrastructure | russia | us', 'medicaid | healthcare | medicare | legislation | patients | medical | policies | health | benefits | taxpayer', 'musk | tariffs | taxpayer | congressional | doge | congress | tariff | taxpayers | funding | bipartisan', 'immigration | citizens | criminal | enforcement | illegal | laws | justice | border | congressional | taxpayers', 'liberation | tariffs | freedom | day | tariff | celebrate | war | today | trump | gop', 'freedom | rights | congressional | democrats | enforcement | gop | agenda | threat | harm | amendment', 'groceries | food | medicaid | funding | farmers | agenda | taxpayer | benefits | snap | policies', 'tune | tonight | watch | tomorrow | on | coming | doing | up | today | working', 'trans | rights | celebrate | proud | liberation | freedom | honored | peace | honor | across', 'hall | town | district | meeting | capitol | around | congressional | congress | tonight | washington', 'taxpayer | taxpayers | federal | tariffs | spending | waste | congress | funding | tariff | taxes', 'veterans | honored | honor | va | military | dedication | grateful | mission | heroes | war', 'congressional | citizens | nationwide | washington | capitol | congress | public | election | stand | democrats', 'right | says | but | true | said | truth | glad | see | fair | hear', 'veterans | honor | honored | sacrifice | vital | loved | allies | mission | military | emergency', 'congressional | art | congress | competition | may | submit | april | washington | honored | tomorrow', 'congressional | congress | federal | tariffs | labor | workers | employees | tariff | democrats | workforce', 'veterans | va | taxpayer | military | healthcare | congressional | taxpayers | service | war | dc', 'assistance | district | federal | dc | agencies | access | county | service | joining | services', 'honor | honored | gold | veterans | dedication | sacrifice | spouses | heroes | star | deserve', 'women | honored | her | honor | she | celebrate | veterans | congressional | congress | leaders', 'amendment | constitution | legislation | enforcement | laws | federal | policies | congress | rights | policy', 'taxes | tax | tariffs | recession | taxpayer | irs | taxpayers | tariff | spending | economy', 'russia | allies | iran | bipartisan | war | trump | threat | peace | political | general', 'immigration | criminal | justice | trump | fraud | enforcement | laws | citizens | illegal | judge', 'medicaid | healthcare | medicare | taxpayer | policy | funding | policies | taxpayers | agenda | gop', 'irs | taxpayer | congress | taxes | legislation | congressional | federal | taxpayers | tax | passed', 'allies | war | military | peace | tariffs | iran | bipartisan | foreign | democracy | strengthen', 'iran | allies | agenda | threat | policy | policies | bipartisan | war | tariffs | crisis', 'energy | tariffs | tariff | power | policy | economy | policies | infrastructure | economic | bipartisan', 'tariffs | taxpayer | spending | funding | debt | gop | bipartisan | tariff | recession | republicans', 'secretary | senator | honored | allies | biden | president | bipartisan | trump | senate | honor', 'fentanyl | bipartisan | tariffs | federal | tariff | policies | policy | enforcement | agenda | taxpayers', 'college | schools | veterans | students | joining | april | honored | district | military | congressional', 'policies | tariffs | energy | policy | taxpayer | tariff | taxpayers | benefits | funding | housing', 'thanks | thank | welcome | enjoyed | glad | grateful | honored | happy | incredible | congratulations']","[982, 306, 280, 268, 219, 206, 195, 178, 173, 166, 162, 160, 147, 144, 144, 132, 130, 122, 122, 115, 112, 110, 106, 106, 104, 101, 97, 97, 89, 89, 88, 87, 85, 83, 81, 79, 79, 79, 78, 76, 74, 71, 69, 67, 66, 65, 64, 64, 63, 63, 58, 57, 54, 53, 50]"
2025-04-03 00:00:01,2025-04-10 00:00:01,7644,0.34344664547011866,-0.2885112927944819,-11.572275541089518,0.9047619047619048,0.31142133300131003,"['tariffs | tariff | taxes | economy | economic | tax | taxpayers | trump | taxpayer | demand', 'bipartisan | medicaid | congressional | medicare | congress | spending | democrats | funding | taxpayer | tariffs', 'congress | legislation | congressional | bipartisan | bill | senate | federal | agenda | committee | policies', 'tariffs | tariff | economy | america | economic | trump | president | americans | industry | markets', 'infrastructure | meeting | union | congress | funding | businesses | congressional | workforce | communities | farmers', 'recession | economy | savings | economic | tariffs | trump | wealthy | billionaire | financial | crisis', 'healthcare | health | medicaid | policy | policies | medicare | funding | cancer | prevent | trump', 'judge | judges | court | justice | congressional | enforcement | bipartisan | congress | legislation | amendment', 'students | student | college | schools | school | honored | education | seniors | meeting | visit', 'carolina | congratulations | won | celebrate | team | we | win | tonight | proud | honored', 'tariffs | china | tariff | infrastructure | america | congress | policy | economy | innovation | allies', 'security | secretary | firing | threat | accountability | protecting | enforcement | secure | trump | safety', 'celebrate | town | honored | visit | washington | city | iowa | place | capitol | going', 'tariffs | tariff | bipartisan | congressional | republicans | congress | gop | democrats | republican | senate', 'medicare | retirement | medicaid | taxpayer | savings | taxpayers | federal | security | benefits | secure', 'taxes | tax | tariffs | taxpayer | tariff | taxpayers | recession | cuts | congress | congressional', 'musk | congressional | congress | tariffs | taxpayer | taxpayers | bipartisan | donald | executive | trump', 'criminal | justice | citizens | enforcement | trump | illegal | accountability | foreign | judge | president', 'glad | see | right | but | exactly | know | sense | yet | continues | hear', 'tonight | tomorrow | tune | today | watch | live | morning | on | listen | working', 'farmers | rural | iowa | tariffs | tariff | funding | congress | producers | congressional | infrastructure', 'border | tariffs | protecting | tariff | protect | security | secure | citizens | president | trump', 'education | students | schools | student | funding | accountability | school | college | parents | children', 'veterans | va | taxpayer | congressional | military | honored | healthcare | congress | legislation | honor', 'veterans | honored | honor | military | va | grateful | mission | heroes | ambassador | war', 'hall | town | district | meeting | tonight | congressional | around | congress | capitol | tomorrow', 'disaster | emergency | state | ensuring | safety | relief | hope | devastating | iowa | florida', 'union | congressional | federal | congress | tariffs | workers | employees | taxpayers | tariff | workforce', 'healthcare | medicaid | health | medicare | dr | nationwide | services | visit | veterans | department', 'congressional | citizens | washington | nationwide | capitol | public | agenda | democrats | congress | bipartisan', 'jobs | recession | workforce | economy | industry | tariffs | workers | businesses | economic | growth', 'america | americans | american | president | trump | tariffs | nationwide | congressional | gop | us', 'veterans | honor | honored | sacrifice | military | heroes | mission | allies | ambassador | deserve', 'elections | voting | vote | citizens | congressional | amendment | democrats | democracy | save | savings', 'congressional | congress | art | may | submit | competition | april | tomorrow | march | honored', 'energy | tariffs | tariff | economy | coal | power | economic | infrastructure | policy | innovation', 'disaster | funding | crisis | taxpayer | infrastructure | devastating | congress | agenda | relief | efforts', 'congratulations | happy | thanks | welcome | thank | honored | glad | incredible | grateful | enjoyed', 'tariffs | banks | tariff | taxpayer | funding | debt | bipartisan | spending | taxpayers | financial', 'ambassador | israel | allies | biden | bipartisan | secretary | trump | president | honored | leader', 'district | agencies | assistance | federal | staff | county | department | washington | dc | services', 'israel | allies | peace | accountability | war | news | threat | crisis | accountable | disaster', 'coal | tariffs | tariff | congress | president | energy | states | congressional | bipartisan | policy', 'water | infrastructure | funding | bipartisan | congress | legislation | policies | policy | congressional | efforts', 'honor | honored | gold | veterans | star | spouses | sacrifice | heroes | deserve | celebrate', 'students | accountability | agenda | bipartisan | student | accountable | education | anti | schools | congressional', 'justice | lives | citizens | criminal | crisis | disaster | harm | devastating | law | congressional', 'legislation | fire | congress | federal | policies | policy | congressional | funding | infrastructure | taxpayer', 'ukraine | allies | war | bipartisan | threat | peace | defend | israel | democracy | trump', 'families | children | taxpayer | medicaid | parents | funding | kids | taxpayers | recession | medicare', 'taxpayer | taxpayers | federal | housing | congress | trillion | funding | infrastructure | spending | congressional', 'medicaid | healthcare | medicare | taxpayer | policy | policies | agenda | legislation | taxpayers | bipartisan', 'funding | farmers | taxpayer | food | medicaid | agenda | tariffs | policies | accountability | crisis', 'trump | recession | president | donald | economy | tariffs | billionaire | spending | savings | business', 'enforcement | amendment | legislation | policy | policies | federal | accountability | protecting | firing | safety', 'allies | war | military | tariffs | united | foreign | ukraine | protect | countries | america', 'congressional | bipartisan | voting | congress | elections | vote | senate | democrats | republicans | gop']","[576, 460, 256, 252, 238, 231, 211, 201, 175, 165, 161, 154, 149, 139, 132, 123, 123, 120, 120, 118, 111, 110, 109, 108, 104, 97, 97, 97, 93, 85, 85, 85, 82, 81, 80, 79, 78, 78, 75, 74, 73, 68, 68, 66, 65, 64, 59, 59, 59, 59, 58, 57, 55, 54, 53, 53, 50]"
2025-04-06 00:00:01,2025-04-13 00:00:01,7808,0.3469186286447241,-0.29649148436893485,-11.721038860430511,0.8991854636591479,0.3123405246242324,"['tariffs | tariff | economy | economic | trump | recession | congress | bipartisan | taxes | congressional', 'voter | voters | elections | voting | vote | saving | election | congressional | savings | citizenship', 'medicaid | medicare | bipartisan | republicans | democrats | congressional | gop | republican | taxpayer | healthcare', 'congress | spending | congressional | bipartisan | funding | agenda | tariffs | budget | senate | legislation', 'honored | honor | veterans | celebrating | military | activist | mission | ambassador | celebrate | congressman', 'tariffs | tariff | economy | trump | america | president | economic | markets | immigration | americans', 'healthcare | health | policy | medicaid | cancer | policies | medicare | funding | prevent | benefits', 'judges | judge | rulings | court | congressional | bipartisan | justice | congress | senate | legislation', 'china | tariffs | tariff | chinese | allies | foreign | communist | america | immigration | economy', 'championship | congratulations | celebrating | won | celebrate | honored | proud | team | we | win', 'hall | congressional | congressman | district | meeting | congress | town | joining | capitol | tonight', 'students | student | schools | college | school | meeting | honored | district | visit | education', 'passover | celebrating | celebrate | pass | honor | wishing | passing | honored | reconciliation | chag', 'banks | funding | businesses | infrastructure | agencies | rural | farmers | communities | nationwide | meeting', 'republicans | democrats | bipartisan | gop | republican | congressional | elections | voters | election | congress', 'retirement | medicare | medicaid | taxpayer | savings | taxpayers | federal | security | secure | seniors', 'accountability | security | enforcement | congressional | accountable | ensuring | protecting | congressman | secure | congress', 'veterans | va | congressional | military | taxpayer | congressman | congress | bipartisan | healthcare | bill', 'legislation | bill | congress | congressional | senate | congressman | bipartisan | federal | bills | policies', 'statement | said | sense | see | hear | fair | but | know | yet | decision', 'taxes | tax | tariffs | taxpayer | taxpayers | tariff | recession | congress | congressional | cuts', 'immigration | citizenship | immigrants | justice | mexico | citizens | trump | enforcement | criminal | congressman', 'week | weekend | washington | dc | tonight | day | celebrating | today | district | going', 'musk | congressional | taxpayer | congress | congressman | tariffs | taxpayers | donald | executive | trump', 'farmers | rural | tariffs | tariff | funding | congress | congressional | infrastructure | states | legislation', 'immigration | immigrants | border | citizenship | tariffs | citizens | trump | tariff | congressional | biden', 'congressman | bipartisan | congressional | senate | congress | leader | her | election | activist | democrats', 'education | schools | students | accountability | student | school | college | funding | agenda | taxpayer', 'tonight | tune | tomorrow | live | watch | today | listen | morning | up | on', 'ukraine | allies | war | threat | defend | foreign | israel | bipartisan | trump | military', 'enforcement | legislation | protecting | policy | protect | accountability | policies | federal | bipartisan | congressional', 'lives | crisis | devastating | hope | news | care | family | reconciliation | veterans | honored', 'congressional | art | congress | submit | may | competition | congressman | april | tomorrow | honored', 'coal | tariffs | tariff | energy | congress | president | states | congressional | bipartisan | policy', 'energy | tariffs | tariff | infrastructure | economy | power | savings | economic | policy | innovation', 'union | federal | congressional | taxpayers | taxpayer | congress | tariffs | employees | workers | tariff', 'ambassador | israel | allies | biden | honored | bipartisan | president | trump | secretary | leader', 'visit | healthcare | communities | nationwide | meeting | honored | veterans | community | activist | efforts', 'union | congressional | workers | congress | workforce | colleagues | congressman | joining | employees | meeting', 'snap | medicaid | funding | benefits | agenda | taxpayer | serving | recession | bipartisan | policies', 'tariffs | tariff | markets | market | fraud | billionaire | stock | trump | billionaires | news', 'water | infrastructure | policies | policy | funding | bipartisan | congress | coal | tariffs | waste', 'congressional | app | congress | congressman | challenges | honored | challenge | district | won | washington', 'banks | tariffs | fees | debt | funding | tariff | bipartisan | spending | taxpayer | financial', 'israel | peace | passover | allies | ambassador | jewish | crisis | accountability | news | threat', 'relief | ensuring | devastating | efforts | state | veterans | crisis | safety | hope | infrastructure', 'agencies | federal | district | assistance | department | county | staff | agency | dc | office', 'funding | crisis | infrastructure | risk | devastating | policies | agenda | policy | congress | tariffs', 'amp | congressman | congressional | congress | bipartisan | legislation | funding | bill | supporting | act', 'taxpayer | medicaid | children | families | funding | taxes | taxpayers | tax | spending | kids', 'enforcement | accountability | protecting | justice | protect | abuse | legislation | harm | policy | act', 'legislation | congress | fire | policies | policy | congressional | federal | bipartisan | congressman | funding', 'housing | congressional | congress | house | congressman | afford | funding | legislation | building | bipartisan', 'students | accountability | immigration | college | student | agenda | accountable | education | immigrants | congressional', 'read | here | discussed | more | below | about | story | see | heard | resources', 'taxpayer | taxpayers | federal | housing | congress | infrastructure | funding | trillion | spending | tariffs', 'inflation | recession | economy | tariffs | economic | demand | raise | markets | growth | tariff']","[586, 403, 336, 294, 253, 230, 225, 220, 175, 169, 165, 155, 146, 145, 144, 130, 129, 124, 123, 122, 121, 119, 118, 115, 109, 99, 98, 97, 95, 94, 94, 91, 90, 88, 87, 84, 83, 80, 76, 75, 73, 73, 70, 69, 69, 68, 67, 66, 63, 57, 54, 53, 53, 52, 52, 51, 51]"
2025-04-09 00:00:01,2025-04-16 00:00:01,7864,0.3560130490810294,-0.2699902357768038,-10.959899743598797,0.9132075471698115,0.3251497126808217,"['tariffs | tariff | economy | congress | trump | economic | bipartisan | taxes | congressional | markets', 'deported | immigration | immigrants | citizenship | citizens | enforcement | trump | prison | justice | criminal', 'voter | voters | elections | voting | vote | election | congressional | citizenship | citizens | savings', 'medicaid | medicare | bipartisan | republicans | democrats | congressional | healthcare | gop | taxpayer | republican', 'congress | spending | bipartisan | funding | congressional | agenda | tariffs | budget | legislation | senate', 'medicare | medicaid | taxpayer | savings | taxpayers | federal | security | secure | benefits | congressional', 'farmers | rural | congress | funding | represent | nationwide | congressional | congressman | tariffs | infrastructure', 'passover | celebrating | celebrate | pass | honor | honored | wishing | passing | reconciliation | chag', 'taxes | tax | taxpayer | irs | taxpayers | tariffs | tariff | federal | income | congress', 'policy | policies | funding | infrastructure | congress | concerns | agenda | congressman | congressional | accountability', 'hall | meeting | town | district | congressional | congressman | congress | tonight | capitol | represent', 'china | tariffs | tariff | chinese | communist | foreign | allies | america | economy | immigration', 'students | student | schools | meeting | congressman | honored | district | college | school | visit', 'town | city | building | neighbors | washington | communities | represent | meeting | infrastructure | district', 'constitutional | judges | constitution | rulings | bipartisan | congressional | congress | court | senate | legislation', 'violence | safety | deported | shapiro | justice | threat | governor | accountability | concerns | firing', 'honored | celebrating | congratulations | honor | celebrate | won | competition | proud | college | team', 'read | said | see | more | discussed | learn | statement | hear | heard | about', 'veterans | honor | honored | military | celebrating | ambassador | represent | reconciliation | congressman | war', 'healthcare | health | concerns | prevent | policy | policies | taxpayers | taxpayer | accountability | risk', 'legislation | bill | congress | congressional | congressman | senate | bipartisan | federal | laws | bills', 'sunday | blessed | celebrating | celebrate | palm | day | wishing | honor | honored | peace', 'crisis | lives | resilience | hope | news | care | honor | honored | reconciliation | veterans', 'honored | celebrating | veterans | honor | celebrate | congratulations | day | military | happy | proud', 'tariffs | manufacturing | tariff | industry | economy | companies | businesses | america | economic | innovation', 'tariffs | tariff | energy | infrastructure | policy | policies | economy | congress | economic | innovation', 'veterans | va | congressional | military | taxpayer | congressman | congress | healthcare | bill | bipartisan', 'congressional | congress | congressman | senate | today | days | celebrating | election | president | day', 'tariffs | tariff | markets | trading | market | billionaire | fraud | trump | billionaires | news', 'artwork | congressional | art | deadline | congress | may | submit | competition | congressman | tomorrow', 'congressman | bipartisan | congressional | senate | election | congress | leader | her | democrats | governor', 'taxes | irs | tax | taxpayer | deadline | april | tomorrow | federal | today | taxpayers', 'education | schools | students | accountability | student | funding | school | taxpayer | college | kids', 'tonight | tune | tomorrow | watch | today | morning | night | live | on | sunday', 'students | college | schools | education | student | accountability | tariffs | funding | congressional | accountable', 'news | bipartisan | shapiro | congressional | democrats | agenda | congress | republicans | taxpayer | gop', 'ukraine | allies | war | threat | defend | israel | trump | peace | attack | foreign', 'musk | taxpayer | executive | taxpayers | billionaire | donald | congressional | elon | congressman | congress', 'tariffs | tariff | economy | china | trump | foreign | president | economic | biden | america', 'enforcement | protecting | protect | legislation | safety | accountability | policies | security | policy | laws', 'food | medicaid | serving | funding | farmers | agenda | snap | benefits | taxpayer | policies', 'banks | tariffs | fees | debt | funding | tariff | bipartisan | spending | taxpayer | financial', 'ambassador | israel | honored | allies | biden | secretary | honor | governor | bipartisan | president', 'innovation | ai | industry | infrastructure | manufacturing | tariffs | economy | companies | economic | china', 'inflation | economy | tariffs | economic | demand | raise | markets | growth | tariff | spending', 'offices | office | district | deadline | federal | staff | april | washington | assistance | county', 'taxpayer | taxes | tax | funding | children | medicaid | taxpayers | income | families | spending', 'app | congressional | congress | congressman | challenges | district | challenge | honored | washington | programs', 'enforcement | policy | women | concerns | protecting | laws | men | rulings | children | accountability', 'taxpayers | taxpayer | union | federal | employees | tariffs | taxes | irs | tariff | congressional', 'housing | congressional | congress | house | legislation | congressman | funding | bipartisan | vote | building', 'she | her | musk | don | trump | letter | statement | threat | concerns | stop', 'space | military | congress | congressional | aliens | congressman | washington | dc | capitol | donald']","[442, 399, 399, 398, 267, 262, 255, 237, 199, 198, 181, 177, 173, 173, 171, 151, 147, 134, 123, 121, 121, 116, 114, 111, 111, 108, 108, 108, 94, 91, 90, 90, 87, 87, 85, 81, 79, 75, 70, 68, 66, 65, 63, 58, 56, 55, 54, 54, 52, 51, 51, 51, 50]"
2025-04-12 00:00:01,2025-04-19 00:00:01,6534,0.350209145402826,-0.27343159238063225,-10.52286174467611,0.9039893617021276,0.3169434493946665,"['deported | immigration | illegally | garcia | justice | trump | prison | enforcement | president | congressman', 'meeting | town | district | hall | congressional | congressman | residents | congress | washington | joining', 'medicaid | healthcare | bipartisan | taxpayer | democrats | congressional | republicans | policies | funding | republican', 'tariffs | tariff | economy | economic | trump | congress | bipartisan | businesses | policies | taxes', 'medicaid | taxpayer | security | benefits | secure | federal | congressional | seniors | democrats | social', 'passover | celebrating | celebrate | pass | honor | honored | wishing | bring | chag | passed', 'friday | sunday | celebrating | celebrate | day | blessed | sacrifice | honor | honored | jesus', 'taxes | tax | taxpayer | irs | tariffs | tariff | federal | congressional | congress | bipartisan', 'victims | hope | resilience | safety | veterans | crisis | violence | peace | fsu | florida', 'democrats | deported | immigration | immigrants | congressional | senator | bipartisan | victims | republicans | senate', 'funding | policies | policy | congress | infrastructure | federal | taxpayer | congressional | concerns | congressman', 'facility | residents | visit | healthcare | communities | community | town | medicaid | district | services', 'immigration | deported | immigrants | border | illegally | citizens | tariffs | enforcement | congressional | tariff', 'students | student | college | schools | congressman | congressional | university | school | meeting | education', 'violent | victims | violence | safety | shapiro | threat | deported | justice | governor | concerns', 'congressional | congress | congressman | senate | senator | bipartisan | today | days | efforts | celebrating', 'china | tariffs | tariff | foreign | america | economy | industry | immigration | congress | infrastructure', 'congratulations | celebrating | honored | won | celebrate | proud | honor | happy | glad | team', 'businesses | facility | business | industry | companies | offices | building | town | infrastructure | washington', 'fraud | congressman | enforcement | criminal | justice | law | congress | congressional | trump | illegally', 'read | said | see | more | great | thanks | glad | thank | heard | hear', 'legislation | bill | congress | congressional | congressman | taxpayer | federal | funding | tariffs | tariff', 'veterans | honored | military | honor | celebrating | celebrate | day | happy | congratulations | proud', 'education | students | schools | student | school | college | funding | kids | university | taxpayer', 'farmers | rural | funding | senator | governor | infrastructure | congress | tariffs | concerns | congressional', 'sunday | blessed | palm | celebrating | celebrate | day | friday | wishing | honor | wish', 'ukraine | war | threat | trump | peace | military | attack | foreign | policy | news', 'musk | taxpayer | billionaire | tariffs | congressional | fraud | congress | federal | congressman | security', 'artwork | congressional | deadline | art | congress | may | tomorrow | congressman | submit | april', 'harvard | university | college | students | schools | fsu | education | tariffs | funding | student', 'honored | honor | veterans | celebrating | congressman | military | earned | bill | president | grateful', 'taxes | irs | tax | taxpayer | deadline | april | tomorrow | federal | today | may', 'tariffs | energy | tariff | economy | infrastructure | economic | policy | bipartisan | policies | congress', 'offices | federal | assistance | district | facility | washington | department | residents | deadline | office', 'bipartisan | meeting | foreign | tariffs | agenda | immigration | america | biden | concerns | congressman', 'irs | taxes | taxpayer | tax | federal | tariffs | tariff | congress | congressional | accountable', 'news | taxpayer | congress | congressional | public | federal | shapiro | agenda | bipartisan | tariffs', 'salvador | deported | trump | president | america | democracy | immigration | tariffs | americans | citizens', 'housing | homes | funding | house | congressional | residents | congress | affordable | taxpayer | benefits', 'funding | farmers | food | taxpayer | agenda | medicaid | funds | tariffs | rural | policies', 'maternal | healthcare | health | black | victims | medicaid | families | care | support | women', 'vote | congressional | democrats | save | citizens | democracy | bipartisan | senator | congressman | agenda', 'healthcare | donald | health | trump | concerns | news | political | funding | policy | victims', 'veterans | va | taxpayer | congressional | military | healthcare | virginia | victims | war | bill', 'manufacturing | texas | industry | companies | tariffs | businesses | workforce | states | tariff | farmers', 'veterans | va | virginia | honored | visit | military | healthcare | valley | facility | service', 'manufacturing | tariffs | industry | tariff | economy | america | economic | immigrants | companies | americans', 'women | men | victims | rights | shapiro | law | congressional | enforcement | officials | her']","[335, 330, 296, 292, 270, 237, 217, 197, 193, 180, 178, 176, 159, 150, 149, 147, 117, 117, 115, 115, 114, 105, 104, 101, 100, 88, 83, 83, 82, 80, 78, 77, 77, 77, 75, 73, 72, 71, 70, 63, 62, 60, 58, 55, 54, 54, 52, 52]"
2025-04-15 00:00:01,2025-04-22 00:00:01,6547,0.3445210647454542,-0.3037647437663201,-10.968582772800263,0.8959025470653378,0.30940884632745497,"['easter | celebrating | celebrate | resurrection | joyful | risen | prayers | day | church | wishing', 'pope | francis | catholic | catholics | prayers | honored | resurrection | mourning | praying | honor', 'deported | garcia | constitutional | justice | enforcement | prison | trump | congressman | immigrants | citizens', 'medicaid | healthcare | bipartisan | taxpayer | congressional | democrats | policies | republicans | funding | health', 'tariffs | economy | economic | trump | businesses | congress | business | spending | bipartisan | industry', 'medicaid | taxpayer | benefits | security | seniors | secure | congressional | federal | democrats | veterans', 'farmers | rural | businesses | industry | funding | washington | companies | states | congress | tariffs', 'taxes | tax | taxpayer | irs | tariffs | spending | federal | congressional | congress | bipartisan', 'friday | sunday | prayers | easter | celebrating | resurrection | day | celebrate | praying | blessed', 'democrats | deported | immigrants | congressional | bipartisan | republicans | senator | victims | senate | congressman', 'congressional | congressman | district | congress | bipartisan | washington | meeting | hall | town | residents', 'funding | policies | policy | congress | concerns | congressman | congressional | taxpayer | efforts | crisis', 'students | student | schools | congressman | honored | university | school | congressional | district | education', 'harvard | students | education | schools | university | student | funding | school | fsu | congressional', 'honored | veterans | honor | congressman | military | residents | service | staff | joyful | celebrating', 'deported | enforcement | congressional | congressman | news | bipartisan | violence | justice | violent | political', 'shooting | victims | violence | gun | fsu | prayers | safety | florida | violent | students', 'facility | visit | residents | healthcare | families | communities | medicaid | community | services | rural', 'border | immigrants | deported | tariffs | citizens | congressional | president | congress | enforcement | trump', 'hegseth | secretary | fired | trump | donald | president | threat | administration | his | him', 'congressional | congress | congressman | senate | federal | senator | days | efforts | citizens | bipartisan', 'read | said | thanks | here | great | congratulations | more | thank | about | heard', 'hall | town | meeting | district | residents | joined | join | around | meet | visit', 'prayers | mourning | praying | hope | honored | wishing | veterans | resurrection | lives | vital', 'congressional | art | congress | deadline | competition | congressman | may | honored | tomorrow | submit', 'tariffs | china | america | foreign | industry | policy | economy | congress | policies | concerns', 'congratulations | honored | celebrating | fsu | joyful | honor | celebrate | joy | proud | won', 'musk | taxpayer | tariffs | congressional | congress | congressman | donald | funding | billionaires | federal', 'ukraine | war | trump | peace | foreign | threat | democracy | policy | bipartisan | political', 'tariffs | bipartisan | foreign | war | concerns | military | biden | meeting | america | peace', 'tariffs | energy | policy | bipartisan | congress | policies | economy | congressional | states | economic', 'veterans | va | virginia | military | healthcare | congressional | taxpayer | honored | victims | service', 'irs | taxes | taxpayer | tax | federal | tariffs | congress | congressional | accountable | legislation', 'congressman | congress | congressional | concerns | news | trump | enforcement | deported | accountable | federal', 'farmers | food | funding | taxpayer | medicaid | tariffs | poor | policies | rural | spending', 'housing | funding | residents | house | congressional | taxpayer | congress | spending | benefits | building', 'peace | war | crisis | efforts | victims | democracy | deported | threat | news | tariffs', 'healthcare | policies | taxpayer | policy | congressional | funding | medicaid | donald | congressman | trump', 'freedom | history | war | honor | honored | veterans | celebrating | celebrate | virginia | america', 'taxes | irs | tax | deadline | taxpayer | april | tomorrow | federal | today | may', 'federal | fired | congress | tariffs | congressional | trump | taxpayer | deported | accountable | agency', 'offices | deadline | april | tomorrow | office | facility | may | district | residents | washington', 'healthcare | health | black | victims | medicaid | families | care | support | compassion | death']","[467, 340, 334, 286, 280, 259, 249, 224, 222, 210, 174, 170, 159, 158, 157, 143, 127, 124, 118, 117, 115, 111, 104, 103, 97, 94, 93, 87, 84, 78, 77, 76, 74, 72, 69, 68, 63, 62, 61, 61, 56, 55, 50]"
2025-04-18 00:00:01,2025-04-25 00:00:01,6291,0.3582045811693718,-0.30967704160906045,-12.06320889129727,0.9126923076923077,0.3267666893864073,"['easter | celebrating | celebrate | resurrection | prayers | joyful | friday | day | risen | church', 'immigration | congressional | citizens | congressman | bipartisan | trump | justice | congress | democrats | senator', 'pope | francis | catholic | catholics | prayers | mourn | honored | resurrection | remembrance | mourning', 'facility | businesses | manufacturing | farmers | infrastructure | building | rural | washington | innovation | residents', 'medicaid | healthcare | bipartisan | congressional | policies | funding | health | democrats | policy | republicans', 'earthday | earth | environmental | environment | climate | day | policy | planet | peace | celebrate', 'hegseth | secretary | fired | trump | donald | security | threat | president | administration | congressman', 'tariffs | economy | economic | trump | taxes | businesses | congress | bipartisan | policies | costs', 'congressman | congressional | congress | district | hall | meeting | town | residents | washington | capitol', 'veterans | honored | honor | remembrance | military | congressman | serve | congressional | service | war', 'taxes | tax | tariffs | congress | congressional | bipartisan | federal | economy | democrats | funding', 'holocaust | remembrance | antisemitism | genocide | jews | jewish | yom | victims | remember | honor', 'students | student | congressman | schools | congressional | school | congress | honored | education | meeting', 'tariffs | congress | congressional | policies | policy | government | immigration | security | federal | china', 'fire | residents | crisis | infrastructure | florida | safety | efforts | state | rural | funding', 'trump | economy | economic | tariffs | donald | billionaires | president | crisis | investment | business', 'senator | congressman | senate | bipartisan | bill | congressional | president | leader | congress | secretary', 'terrorist | victims | genocide | peace | prayers | peaceful | india | mourn | holocaust | threat', 'here | read | thanks | said | thank | glad | more | welcome | great | about', 'county | district | town | washington | congressman | capitol | congressional | state | residents | valley', 'congressional | art | congress | honored | competition | congressman | may | washington | senate | won', 'energy | tariffs | infrastructure | congress | economy | power | policy | bipartisan | policies | funding', 'education | students | schools | student | school | funding | policies | policy | bipartisan | congressional', 'trump | donald | congressional | democrats | bipartisan | congress | democracy | threat | congressman | fighting', 'housing | residents | funding | house | congressional | congress | congressman | building | infrastructure | rural', 'park | visit | visited | north | valley | earthday | washington | celebrating | national | tour', 'putin | ukraine | russia | war | trump | peace | peaceful | terrorist | threat | bipartisan', 'health | farmers | food | tariffs | funding | healthcare | policy | policies | benefits | medicaid', 'hall | town | district | meeting | residents | congressional | congressman | tonight | around | capitol', 'medicaid | security | secure | congressional | benefits | federal | immigration | policies | social | democrats', 'manufacturing | tariffs | innovation | economy | economic | businesses | investment | america | infrastructure | states', 'congratulations | won | honored | joyful | proud | happy | joy | competition | celebrating | team', 'infrastructure | environmental | funding | environment | efforts | water | san | congress | congressman | congressional', 'president | trump | leader | promise | bipartisan | leaders | leadership | continues | donald | prayers', 'gun | victims | violence | murdered | safety | crisis | florida | mourning | protecting | saddened', 'tonight | joined | join | on | coming | doing | going | today | live | enjoy', 'honored | celebrating | celebrate | remembrance | veterans | honor | joyful | congratulations | military | day', 'remembrance | genocide | armenian | holocaust | victims | honored | mourning | honor | remember | celebrating', 'foreign | bipartisan | tariffs | military | america | war | us | meeting | putin | immigration', 'prayers | praying | mourn | mourning | hope | wishing | resurrection | family | remembrance | compassion']","[639, 453, 369, 315, 241, 236, 194, 185, 181, 151, 150, 142, 131, 127, 114, 112, 99, 98, 96, 96, 92, 90, 87, 85, 84, 83, 83, 83, 78, 75, 72, 70, 67, 65, 65, 64, 61, 58, 56, 50]"
2025-04-21 00:00:01,2025-04-28 00:00:01,6319,0.3733888719544477,-0.3008620076829335,-11.870766702497916,0.9027685492801775,0.3375961638403797,"['pope | francis | catholic | catholics | prayers | mourn | honored | remembrance | mourning | church', 'earthday | environmental | environment | earth | climate | day | park | policy | lands | protecting', 'facility | industry | manufacturing | businesses | infrastructure | texas | washington | building | innovation | residents', 'immigration | citizens | congressional | border | democrats | enforcement | congressman | terrorist | bipartisan | congress', 'hall | meeting | congressional | district | congressman | town | congress | tonight | joining | residents', 'tariffs | economy | economic | trump | costs | businesses | congress | tax | bipartisan | business', 'hegseth | resign | secretary | fired | trump | donald | security | threat | president | executive', 'judges | judge | justice | court | enforcement | law | criminal | senate | congressional | congressman', 'medicaid | healthcare | bipartisan | democrats | congressional | republicans | funding | policies | republican | tariffs', 'education | students | schools | student | school | bipartisan | agenda | congressional | policy | congress', 'county | district | town | washington | residents | congressman | congressional | rural | state | congress', 'students | student | congressman | congressional | schools | congress | education | school | district | bipartisan', 'tax | tariffs | congress | congressional | bipartisan | federal | economy | legislation | funding | cuts', 'legislation | congress | federal | congressional | policies | enforcement | policy | tariffs | funding | congressman', 'fire | safer | safety | crisis | ensuring | risk | residents | infrastructure | policy | protecting', 'congress | tariffs | president | policies | policy | congressional | government | america | immigration | trump', 'congressional | congress | bipartisan | congressman | democracy | fighting | supporting | support | progress | democrats', 'medicaid | congressional | federal | seniors | benefits | security | veterans | democrats | secure | policies', 'healthcare | facility | medicaid | residents | visit | visiting | medical | health | services | washington', 'kashmir | terrorist | victims | peace | genocide | prayers | mourn | india | praying | holocaust', 'thanks | here | great | thank | read | said | congratulations | discussed | welcome | more', 'congressional | art | congress | honored | competition | congressman | won | may | washington | congratulations', 'holocaust | remembrance | antisemitism | genocide | jews | yom | jewish | hashoah | remember | victims', 'economy | trump | economic | tariffs | donald | crisis | president | investment | business | businesses', 'veterans | honored | remembrance | honor | military | army | dedication | mission | grateful | proud', 'energy | tariffs | policy | bipartisan | infrastructure | policies | power | economy | congress | funding', 'putin | ukraine | russia | trump | war | threat | terrorist | peace | bipartisan | genocide', 'industry | manufacturing | tariffs | innovation | economy | businesses | economic | infrastructure | workforce | investment', 'housing | funding | house | residents | congressional | infrastructure | benefits | building | rural | congress', 'healthcare | health | medical | risk | cancer | safer | funding | policy | genocide | research', 'congratulations | honored | students | won | happy | schools | proud | competition | student | honor', 'celebrate | day | honored | birthday | earthday | remembrance | visiting | church | going | april', 'farmers | rural | innovation | grow | lands | facility | valley | industry | manufacturing | washington', 'immigration | trump | citizens | el | congressman | enforcement | justice | president | congressional | judge', 'congressman | bipartisan | bill | senate | congressional | president | leader | secretary | congress | trump', 'genocide | remembrance | armenian | holocaust | victims | honored | mourning | remember | honor | forget', 'birthday | honored | celebrate | remembrance | veterans | honor | congratulations | happy | day | grateful', 'federal | district | residents | assistance | facility | department | april | county | washington | staff', 'mourn | mourning | prayers | remembrance | victims | loved | lives | hope | saddened | praying', 'medicaid | healthcare | families | generations | policies | funding | policy | agenda | benefits | support', 'veterans | va | remembrance | honored | military | congressional | congressman | honor | congress | healthcare', 'funding | victims | benefits | policies | policy | medicaid | agenda | veterans | federal | enforcement', 'senate | congressman | bipartisan | congressional | congress | honored | vote | president | democrats | veterans']","[396, 319, 290, 290, 261, 181, 181, 181, 163, 163, 156, 136, 135, 134, 130, 126, 115, 114, 113, 112, 108, 106, 105, 104, 102, 98, 95, 93, 93, 85, 80, 77, 74, 72, 72, 72, 69, 66, 62, 59, 59, 57, 50]"
2025-04-24 00:00:01,2025-05-01 00:00:01,7579,0.35514467923113535,-0.28248285197572515,-10.78431066465063,0.9106010928961749,0.32394296688993607,"['congressional | congressman | congress | district | meeting | washington | town | hall | capitol | senate', 'president | trump | decades | immigration | progress | donald | tariffs | success | promises | agenda', 'tariffs | tariff | economy | economic | trump | congress | taxes | bipartisan | inflation | businesses', 'medicaid | medicare | healthcare | bipartisan | taxpayer | democrats | congressional | republicans | funding | policies', 'congressional | bipartisan | congress | senate | congressman | democracy | democrats | elections | constitution | republicans', 'immigration | borders | border | deported | immigrants | president | trump | tariffs | protecting | citizens', 'trump | decades | president | donald | days | crisis | news | today | corruption | disaster', 'veterans | veteran | honored | honor | remembrance | military | army | va | mission | survivors', 'healthcare | medicaid | facility | medicare | medical | visit | health | veterans | services | care', 'students | student | college | schools | university | education | academy | school | honored | congressman', 'congress | spending | funding | legislation | bipartisan | tariffs | congressional | bill | agenda | tariff', 'manufacturing | industry | facility | innovation | companies | building | businesses | infrastructure | iowa | washington', 'education | students | student | schools | college | university | funding | congressional | school | bipartisan', 'economy | tariffs | inflation | economic | trump | tariff | president | spending | donald | investments', 'district | congressman | county | washington | city | town | congressional | meeting | funding | communities', 'deported | immigration | immigrants | criminals | citizens | criminal | borders | illegal | justice | trump', 'trump | donald | president | tariffs | decades | spending | crisis | corruption | inflation | economy', 'disaster | emergency | fire | safer | survivors | safety | crisis | infrastructure | ensuring | devastating', 'celebrate | honored | visit | tour | visiting | central | town | park | facility | event', 'healthcare | health | cancer | funding | medical | risk | medicaid | policy | prevent | donald', 'military | war | bipartisan | congress | strengthen | army | congressional | agenda | ensuring | veterans', 'putin | ukraine | russia | trump | war | threat | genocide | bipartisan | peace | biden', 'musk | taxpayer | taxpayers | tariffs | congressional | congress | corruption | doge | executive | tariff', 'taxes | tax | taxpayer | tariffs | tariff | taxpayers | congress | congressional | federal | bipartisan', 'legislation | act | enforcement | passed | congress | protecting | policy | congressional | laws | rights', 'farmers | rural | funding | iowa | tariffs | tariff | congress | congressman | congressional | infrastructure', 'energy | tariffs | tariff | power | economy | infrastructure | policy | economic | policies | president', 'secretary | biden | congressman | bipartisan | honored | senate | president | trump | congratulations | leader', 'judge | judges | court | justice | enforcement | criminals | criminal | deported | innocent | amendment', 'fentanyl | drug | policy | enforcement | federal | policies | taxpayers | tariffs | deported | criminals', 'infrastructure | energy | rural | congress | congressional | tariffs | power | tariff | funding | farmers', 'medicare | medicaid | security | taxpayers | taxpayer | federal | seniors | secure | benefits | congressional', 'congressional | workers | employees | federal | congress | workforce | colleagues | congressman | staff | taxpayers', 'judges | judge | constitution | senate | court | congressional | bipartisan | justice | congress | amendment', 'holocaust | remembrance | antisemitism | genocide | yom | jewish | hashoah | remember | victims | forget', 'decades | days | president | today | day | celebrate | year | yesterday | progress | april', 'immigration | funding | borders | congressional | tariffs | congress | border | agenda | tariff | policies', 'genocide | armenian | remembrance | holocaust | victims | honored | reconciliation | survivors | remember | honor', 'honored | art | won | academy | congratulations | competition | congressional | congress | congressman | students', 'lgbtq | rights | amendment | honor | proud | honored | legislation | congressional | independence | civil', 'democrats | republicans | bipartisan | congressional | republican | immigrants | immigration | deported | senate | elections', 'corruption | trump | donald | billionaires | fraud | president | funding | investments | financial | tariffs', 'congratulations | proud | promised | happy | we | signed | hope | our | team | michigan', 'california | legislation | congressional | policies | policy | bipartisan | tariffs | congress | congressman | tariff', 'victims | survivors | disaster | devastating | murdered | emergency | hope | remembrance | killed | crisis', 'manufacturing | industry | tariffs | innovation | companies | businesses | investments | tariff | economy | infrastructure', 'honor | honored | remembrance | peace | reconciliation | celebrate | vital | mission | trump | bill', 'tonight | tune | coming | tomorrow | joining | joined | up | going | doing | watch', 'water | funding | infrastructure | florida | efforts | texas | farmers | congress | mexico | congressional', 'housing | homes | house | funding | congressional | congress | bipartisan | benefits | affordable | congressman', 'funding | victims | policies | medicaid | benefits | policy | taxpayer | legislation | agenda | efforts', 'federal | assistance | agency | taxpayer | department | county | district | admin | taxpayers | congressman', 'funding | congress | federal | financial | congressional | bipartisan | taxpayer | republicans | tariffs | democrats', 'china | tariffs | tariff | foreign | economy | russia | america | industry | corruption | economic', 'president | today | news | congressional | trump | plan | congress | celebrate | meeting | congressman', 'park | celebrate | day | valley | farmers | honored | washington | april | climate | iowa', 'celebrate | honored | congratulations | happy | day | remembrance | honor | april | grateful | year', 'read | more | discussed | see | about | results | here | below | continued | said', 'elections | voting | vote | amendment | saving | citizens | congressional | democracy | congressman | bipartisan', 'victims | genocide | peace | threat | violence | survivors | disaster | innocent | holocaust | attack', 'investments | tariffs | economy | investment | billionaires | economic | president | tariff | trump | businesses']","[226, 218, 207, 196, 186, 177, 172, 169, 167, 164, 158, 153, 147, 136, 132, 130, 129, 128, 120, 111, 106, 100, 99, 96, 95, 93, 93, 89, 89, 89, 86, 80, 78, 77, 76, 75, 75, 74, 74, 73, 72, 70, 67, 66, 65, 64, 63, 63, 63, 62, 60, 58, 56, 56, 55, 55, 55, 54, 53, 52, 52]"
2025-04-27 00:00:01,2025-05-04 00:00:01,8005,0.3459963069700262,-0.29140271996616235,-10.900473745897564,0.9067796610169493,0.3135456399358834,"['spending | funding | congress | tariffs | taxpayer | bipartisan | congressional | tariff | budget | legislation', 'deported | deporting | immigration | enforcement | criminals | justice | immigrants | laws | judge | citizens', 'trump | president | decades | donald | days | crisis | news | today | deporting | day', 'president | trump | decades | immigration | progress | donald | tariffs | deporting | promises | success', 'honored | visit | celebrate | district | town | going | meeting | represent | event | may', 'medicaid | medicare | healthcare | bipartisan | taxpayer | congressional | democrats | republicans | insurance | policies', 'immigration | borders | border | deporting | deported | immigrants | president | trump | tariffs | mexico', 'tariffs | tariff | economy | economic | bipartisan | congress | deporting | trump | taxes | congressional', 'healthcare | medicaid | medicare | medical | health | veterans | meeting | visit | honored | contributions', 'students | student | schools | university | college | education | school | represent | academy | congressman', 'farmers | congressional | congress | congressman | funding | rural | partnership | bill | caucus | tariffs', 'prayer | praying | faith | peace | honor | god | celebrate | honored | reconciliation | day', 'read | discussed | report | more | see | glad | about | said | continuing | here', 'honored | academy | competition | won | congressional | congratulations | art | congress | caucus | contributions', 'economy | economic | trump | tariffs | inflation | president | billionaire | tariff | donald | spending', 'musk | taxpayer | tariffs | taxpayers | congress | corruption | congressional | tariff | funding | federal', 'ukraine | russia | allies | trump | war | tariffs | bipartisan | tariff | israel | peace', 'congressman | secretary | bipartisan | honored | biden | president | allies | partnership | senate | trump', 'senate | congressional | congress | bipartisan | congressman | constitution | democrats | republicans | amendment | caucus', 'military | army | veterans | war | allies | strengthen | congressional | defend | protecting | strengthening', 'healthcare | funding | health | cancer | medical | medicaid | risk | policy | donald | agenda', 'disaster | fire | policy | safer | policies | safety | emergency | insurance | devastating | infrastructure', 'students | education | funding | student | schools | college | taxpayer | congressional | bipartisan | congress', 'legislation | california | congressional | policies | bipartisan | policy | tariffs | congress | congressman | tariff', 'workers | immigrants | workforce | employees | honor | honored | colleagues | congressional | represent | immigration', 'congress | tariffs | infrastructure | tariff | congressional | mission | immigration | congressman | military | bring', 'industry | manufacturing | tariffs | innovation | economy | tariff | businesses | infrastructure | companies | states', 'legislation | act | enforcement | accountability | policy | protecting | passed | congress | rights | protections', 'veterans | honor | honored | military | army | served | grateful | dedication | proud | celebrate', 'energy | tariffs | tariff | infrastructure | economy | policy | bipartisan | economic | power | policies', 'decades | president | days | today | celebrate | day | year | trump | yesterday | april', 'victims | prayer | disaster | praying | devastating | hope | emergency | lives | reconciliation | honored', 'legislation | regulations | congress | policy | policies | congressional | amendment | congressman | enforcement | infrastructure', 'tariffs | inflation | tariff | trump | economy | economic | prices | spending | costs | cost', 'tune | joined | joining | coming | watch | join | doing | tomorrow | live | started', 'tariffs | china | tariff | allies | economy | foreign | deporting | corruption | immigration | america', 'fentanyl | drug | deporting | policy | policies | enforcement | federal | taxpayers | tariffs | mexico', 'medicare | medicaid | taxpayer | federal | seniors | taxpayers | benefits | congressional | deporting | secure', 'congratulations | celebrate | honored | going | happy | proud | team | bills | we | glad', 'today | president | news | trump | plan | celebrate | tomorrow | meeting | congressional | days', 'rights | amendment | honor | proud | honored | congressional | legislation | independence | civil | policy', 'corruption | trump | billionaire | billionaires | donald | fraud | funding | congress | investments | president', 'veterans | honored | honor | served | va | military | virginia | visit | represent | grateful', 'investments | tariffs | economy | investment | economic | industry | tariff | innovation | invest | businesses', 'democrats | republicans | bipartisan | democratic | congressional | republican | immigrants | deported | criminals | deporting', 'media | news | congress | agenda | congressional | bipartisan | donald | taxpayer | federal | congressman', 'heritage | celebrate | aanhpi | may | pacific | native | culture | honored | month | april', 'rural | electric | infrastructure | farmers | congress | congressional | partnership | congressman | power | energy', 'workers | congressional | employees | trump | federal | congress | workforce | tariffs | donald | congressman', 'hegseth | donald | trump | secretary | president | administration | executive | leading | him | disastrous', 'federal | agencies | assistance | agency | taxpayer | department | congressional | congressman | district | taxpayers', 'amendment | congressional | republicans | bipartisan | constitution | democrats | congress | congressman | republican | federal', 'workforce | jobs | wages | workers | economy | employees | tariffs | job | industry | businesses', 'housing | house | funding | congressional | congress | affordable | rural | benefits | congressman | infrastructure', 'hall | town | meeting | district | joining | congressional | congress | joined | join | congressman', 'deported | deporting | enforcement | freedom | criminals | justice | accountability | criminal | amendment | immigration', 'veterans | va | taxpayer | military | served | virginia | congressional | healthcare | victims | taxpayers', 'funding | medicaid | schools | mental | healthcare | benefits | fund | victims | bipartisan | policies', 'amendment | enforcement | assault | legislation | policy | violence | protecting | protect | policies | protections', 'deporting | deported | immigration | immigrants | children | child | trump | cancer | victims | justice']","[405, 305, 265, 241, 217, 215, 206, 203, 166, 161, 159, 156, 141, 139, 126, 125, 125, 124, 124, 118, 115, 108, 107, 107, 105, 98, 97, 96, 96, 96, 92, 92, 89, 83, 83, 82, 81, 80, 79, 78, 76, 71, 71, 70, 68, 68, 67, 64, 63, 63, 62, 60, 59, 58, 56, 55, 55, 53, 52, 50]"
2025-04-30 00:00:01,2025-05-07 00:00:01,7796,0.3481826078522879,-0.2791536536311021,-10.918076043595716,0.9032786885245903,0.3143978788279986,"['immigration | criminals | citizens | enforcement | justice | criminal | congressional | mexican | illegal | corruption', 'trump | president | decades | donald | days | today | congressional | news | congress | gop', 'washington | visit | represent | district | dc | meeting | town | honored | virginia | capitol', 'medicaid | healthcare | bipartisan | taxpayer | insurance | democrats | congressional | republicans | policies | taxpayers', 'tariffs | tariff | economy | economic | bipartisan | congress | taxes | trump | congressional | taxpayers', 'honor | honored | congressional | proud | workers | represent | citizens | congress | workforce | contributions', 'farmers | congress | rural | congressional | farm | funding | represent | proposal | committee | contributions', 'spending | budget | funding | tariffs | fund | funds | taxpayer | congress | trump | agenda', 'economy | economic | tariffs | trump | prosperity | tariff | president | billionaire | spending | donald', 'businesses | business | prosperity | economy | companies | industry | small | opportunities | farmers | rural', 'honored | won | art | congressional | congratulations | competition | celebrating | congress | academy | honor', 'educators | teachers | teacher | appreciation | honored | students | celebrating | grateful | contributions | honor', 'infrastructure | congress | funding | congressional | bipartisan | proposal | legislation | tariffs | policies | policy', 'funding | healthcare | health | medical | cancer | trump | donald | policy | research | taxpayer', 'prayer | faith | peace | honor | celebrating | god | celebrate | honored | appreciation | day', 'bill | congress | congressional | bipartisan | legislation | agenda | bills | proposal | tariffs | funding', 'healthcare | medicaid | medical | nurses | health | visit | meeting | veterans | benefits | services', 'democrats | vote | bipartisan | republicans | congressional | senate | democracy | republican | congress | political', 'hegseth | trump | secretary | donald | president | him | executive | leading | accountability | leader', 'students | student | schools | educators | meeting | visit | washington | teachers | school | academy', 'veterans | veteran | va | taxpayer | healthcare | congressional | virginia | served | bill | legislation', 'veterans | honor | veteran | honored | appreciation | military | army | celebrating | served | dedication', 'manufacturing | tariffs | industry | tariff | innovation | economy | america | prosperity | companies | businesses', 'tariffs | china | tariff | accountability | policy | corruption | america | immigration | policies | foreign', 'legislation | california | congressional | bipartisan | policies | policy | congress | tariffs | republicans | tariff', 'media | news | public | accountability | agenda | freedom | congress | amendment | bipartisan | taxpayer', 'judges | court | justice | enforcement | constitution | accountability | criminals | congress | law | congressional', 'taxes | tax | tariffs | taxpayer | congressional | taxpayers | democrats | bipartisan | tariff | congress', 'educators | students | education | schools | funding | student | teachers | bipartisan | teacher | school', 'spending | funding | congress | bipartisan | congressional | taxpayer | tariffs | reconciliation | tariff | budget', 'constitution | amendment | president | congress | congressional | enforcement | legislation | trump | law | rights', 'energy | tariffs | tariff | infrastructure | economy | economic | policy | power | policies | funding', 'immigration | border | tariffs | president | congressional | trump | tariff | agenda | bipartisan | protecting', 'corruption | trump | billionaire | donald | fraud | billionaires | congress | funding | president | fund', 'ukraine | tariffs | tariff | war | bipartisan | trump | iran | proposal | funding | policy', 'nurses | appreciation | healthcare | honored | honor | care | veterans | prayer | celebrating | dedication', 'israel | iran | independence | jewish | peace | antisemitism | war | efforts | crisis | democracy', 'prayer | honored | veteran | honor | veterans | lives | emergency | served | hope | reconciliation', 'tune | joined | coming | watch | join | up | tomorrow | on | doing | going', 'president | today | trump | news | congressional | congress | donald | agenda | plan | celebrating', 'employees | federal | workers | congressional | workforce | congress | taxpayers | colleagues | staff | tariffs', 'federal | assistance | agencies | taxpayer | district | congressional | department | agency | taxpayers | dc', 'rural | infrastructure | farmers | funding | iowa | housing | electric | congressional | congress | agencies', 'bipartisan | congressional | honored | senate | veteran | congress | veterans | honor | democrats | president', 'tariffs | tariff | taxpayer | bipartisan | funding | gop | policy | republicans | policies | energy', 'good | great | very | thank | right | glad | thanks | best | so | beautiful', 'id | citizens | april | immigration | medicaid | passed | tomorrow | state | international | federal', 'congratulations | won | win | celebrate | team | happy | celebrating | going | go | starting', 'congratulations | celebrating | honored | students | student | honor | celebrate | seniors | academy | success', 'safety | dc | infrastructure | enforcement | ensuring | congress | policy | regulations | policies | accountability', 'veterans | veteran | honored | honor | appreciation | celebrating | va | war | reconciliation | peace', 'fire | safer | safety | emergency | florida | ensuring | protecting | risk | crisis | policy', 'fentanyl | drug | criminals | enforcement | federal | tariffs | taxpayers | policy | policies | tariff', 'innovation | tariffs | infrastructure | legislation | tariff | congress | financial | funding | investments | technology', 'hawaiian | celebrating | heritage | aanhpi | celebrate | pacific | native | culture | appreciation | honored', 'funding | schools | mental | healthcare | medicaid | educators | benefits | education | policies | fund', 'retirement | medicaid | seniors | taxpayer | benefits | taxpayers | federal | security | secure | veterans', 'musk | taxpayer | tariffs | corruption | taxpayers | billionaire | tariff | billionaires | congress | donald', 'enforcement | criminals | immigration | criminal | justice | freedom | amendment | court | accountability | rights', 'women | congressional | bipartisan | men | congress | agenda | republicans | accountability | advocate | democrats', 'antisemitism | jewish | israel | anti | agenda | threats | immigration | accountability | peace | bipartisan', 'workforce | jobs | wages | workers | economy | employees | tariffs | industry | job | businesses']","[262, 259, 221, 207, 187, 187, 183, 178, 176, 172, 152, 151, 147, 146, 146, 127, 122, 122, 120, 120, 119, 118, 116, 115, 112, 112, 111, 97, 95, 95, 95, 93, 91, 90, 89, 88, 85, 79, 78, 77, 77, 76, 74, 73, 72, 69, 64, 62, 62, 61, 61, 61, 61, 60, 60, 59, 58, 54, 53, 52, 51, 50]"
2025-05-03 00:00:01,2025-05-10 00:00:01,7785,0.34893563239529424,-0.2911021471043565,-11.317382383888543,0.8949650349650349,0.31285914113173685,"['medicaid | healthcare | bipartisan | democrats | congressional | taxpayer | republicans | insurance | gop | reform', 'campuses | visit | students | district | meeting | washington | schools | honored | educators | college', 'pope | catholic | catholics | leo | honored | president | church | celebrating | trump | celebrate', 'educators | teachers | teacher | appreciation | honored | students | celebrating | grateful | honor | contributions', 'businesses | entrepreneurs | business | economy | industry | small | rural | farmers | thrive | opportunities', 'congressional | congressman | congress | bipartisan | caucus | washington | senate | election | district | elected', 'fiscal | spending | debt | congress | tariffs | bipartisan | funding | congressional | taxpayer | economy', 'infrastructure | congress | funding | washington | congressional | congressman | capitol | meeting | district | caucus', 'honored | won | congratulations | celebrating | competition | victory | art | congressional | honor | caucus', 'gulf | bipartisan | congressional | congress | florida | texas | agenda | congressman | republicans | mexico', 'nurses | healthcare | appreciation | compassion | patients | honored | care | honor | veterans | celebrating', 'farmers | farm | rural | funding | congress | congressman | congressional | infrastructure | contributions | taxpayer', 'federal | congressional | congressman | citizens | honor | veterans | staff | congress | taxpayer | veteran', 'funding | fema | accountability | safer | violence | resilience | agenda | protecting | safety | policy', 'veterans | veteran | va | taxpayer | congressional | served | healthcare | military | virginia | congressman', 'honor | victory | honored | celebrating | war | allies | celebrate | veterans | appreciation | veteran', 'court | justice | constitution | enforcement | congress | congressional | congressman | accountability | bipartisan | law', 'congressman | honored | chairman | congressional | president | congress | honor | bill | met | leaders', 'healthcare | patients | medicaid | medical | health | nurses | meeting | veterans | visit | services', 'tune | joined | coming | joining | watch | join | doing | on | tomorrow | going', 'tariffs | economy | taxes | economic | fiscal | taxpayers | congress | taxpayer | tax | bipartisan', 'energy | tariffs | infrastructure | power | nuclear | economy | fema | economic | policy | policies', 'parents | moms | families | medicaid | legislation | agenda | taxpayer | support | policy | funding', 'immigration | citizens | mexican | crime | enforcement | criminal | illegal | mexico | corruption | fbi', 'legislation | congress | bill | congressional | congressman | honored | taxpayer | reform | bipartisan | contributions', 'safety | congress | traffic | infrastructure | congressional | ensuring | fema | accountability | dc | policy', 'tariffs | economy | trump | economic | president | spending | donald | billionaire | fiscal | crisis', 'infrastructure | funding | congress | building | traffic | fema | congressional | tariffs | congressman | legislation', 'media | news | public | accountability | agenda | freedom | political | congress | bipartisan | democracy', 'antisemitism | jewish | campuses | anti | israel | students | accountability | educators | agenda | threats', 'women | sports | men | defend | protecting | fighting | her | rights | honor | accountability', 'honored | honor | veteran | veterans | fire | served | celebrating | courage | appreciation | contributions', 'taxes | tax | fiscal | tariffs | taxpayer | taxpayers | reform | spending | federal | congress', 'corruption | trump | fraud | billionaire | donald | billionaires | tariffs | funding | congress | accountability', 'trump | president | decades | congressional | donald | reform | congress | election | gop | agenda', 'federal | assistance | district | department | taxpayer | agency | congressional | congressman | dc | county', 'tariffs | taxpayer | bipartisan | congressional | congress | republicans | gop | taxpayers | democrats | policy', 'fbi | congressional | congress | congressman | federal | accountability | agency | corruption | news | report', 'manufacturing | tariffs | industry | economy | innovation | america | americans | businesses | economic | infrastructure', 'id | citizens | immigration | medicaid | passed | federal | state | pass | recognize | address', 'china | chinese | tariffs | communist | corruption | foreign | economy | accountable | policy | immigration', 'budget | spending | funding | fiscal | trump | tariffs | fund | taxpayer | donald | agenda', 'veterans | honor | veteran | military | honored | appreciation | dedication | celebrating | served | mission', 'tariffs | innovation | congress | legislation | funding | financial | infrastructure | reform | bill | bipartisan', 'hayden | congressman | bipartisan | congress | congressional | president | fired | senate | fbi | executive', 'tariffs | businesses | business | entrepreneurs | economy | small | economic | bipartisan | industry | trump', 'veterans | honor | veteran | appreciation | honored | military | spouses | dedication | served | grateful', 'right | good | truth | isn | but | see | said | know | great | very', 'funding | healthcare | fund | medicaid | trump | agenda | medical | donald | health | cancer', 'immigration | border | tariffs | congressional | mexico | citizens | mexican | congress | agenda | president', 'healthcare | health | mental | crisis | resilience | compassion | medicaid | support | care | patients', 'musk | taxpayer | tariffs | congressional | corruption | donald | trump | billionaire | congress | executive', 'lands | congress | legislation | congressman | congressional | caucus | funding | agenda | policy | policies', 'ukraine | allies | war | iran | bipartisan | trump | israel | foreign | political | tariffs', 'tariffs | children | trump | kids | families | spending | parents | donald | economy | taxpayer', 'israel | peace | allies | war | crisis | accountability | efforts | threats | news | antisemitism', 'accountability | enforcement | ice | citizens | justice | congressman | congressional | officials | immigration | corruption', 'tariffs | economy | america | trump | economic | immigration | americans | allies | innovation | biden', 'tariffs | president | economy | trump | congress | america | immigration | economic | bipartisan | americans', 'immigration | legislation | enforcement | criminal | crime | justice | law | citizens | mexican | congressional', 'campuses | universities | ccp | communist | tariffs | china | university | students | accountability | chinese', 'seniors | medicaid | taxpayer | congressional | taxpayers | benefits | federal | veterans | democrats | policies', 'congratulations | celebrating | honored | college | university | student | proud | celebrate | students | honor', 'constitution | president | congress | trump | congressional | congressman | freedom | federal | enforcement | accountability', 'fema | mexico | enforcement | tariffs | federal | trump | policy | policies | safer | agenda', 'housing | house | rural | funding | infrastructure | reform | congressional | congress | building | home']","[428, 238, 235, 221, 199, 196, 194, 168, 149, 140, 131, 131, 129, 123, 121, 120, 116, 114, 113, 108, 106, 105, 104, 104, 101, 96, 92, 91, 91, 90, 88, 87, 86, 85, 82, 82, 82, 81, 81, 81, 77, 75, 74, 72, 72, 71, 70, 70, 67, 67, 66, 65, 60, 60, 57, 57, 55, 55, 54, 54, 53, 53, 53, 52, 52, 50]"
2025-05-06 00:00:01,2025-05-13 00:00:01,8214,0.37360618797117073,-0.2810935513309448,-11.752389481554735,0.9103496503496504,0.34042728579901943,"['medicaid | medicare | healthcare | bipartisan | insurance | taxpayer | democrats | republicans | congressional | policies', 'mothers | mother | moms | mom | celebrating | celebrate | appreciation | day | honor | honored', 'congressional | congress | washington | meeting | caucus | bipartisan | mayor | district | dc | contributions', 'pope | catholic | catholics | leo | honored | president | church | celebrating | mayor | celebrate', 'tariffs | tariff | bipartisan | congress | congressional | funding | energy | taxpayer | policies | reform', 'educators | teachers | teacher | appreciation | honored | students | celebrating | grateful | honor | contributions', 'officers | honor | honored | enforcement | police | protect | protecting | duty | courage | veterans', 'businesses | entrepreneurs | business | economy | companies | industry | small | farmers | rural | thrive', 'tariffs | tariff | economy | economic | businesses | taxes | trump | taxpayers | business | fiscal', 'hostage | hostages | edan | hamas | alexander | gaza | israel | hope | captivity | biden', 'farmers | farm | rural | funding | congress | congressional | infrastructure | producers | taxpayer | contributions', 'fiscal | debt | spending | tariffs | taxpayer | funding | congress | economy | bipartisan | tariff', 'honored | honor | contributions | congressional | chairman | mayor | congress | met | mission | celebrating', 'federal | congressional | congress | taxpayers | staff | fema | citizens | taxpayer | veterans | employees', 'nurses | healthcare | appreciation | compassion | patients | honored | care | honor | veterans | celebrating', 'gulf | bipartisan | congressional | congress | florida | texas | mexico | republicans | agenda | caucus', 'campuses | students | educators | college | schools | student | university | teachers | meeting | district', 'bill | congress | congressional | bipartisan | legislation | caucus | agenda | honored | tariffs | reform', 'read | glad | thanks | discussed | thank | said | report | great | amazing | congratulations', 'healthcare | patients | medicaid | medical | medicare | health | nurses | veterans | dr | visit', 'constitution | congress | congressional | enforcement | accountability | oversight | justice | bipartisan | senate | federal', 'infrastructure | funding | congress | fema | congressional | building | tariffs | tariff | traffic | legislation', 'veterans | va | taxpayer | congressional | healthcare | virginia | served | congress | legislation | taxpayers', 'honor | victory | honored | celebrating | celebrate | allies | war | veterans | appreciation | day', 'medicaid | medicare | bipartisan | snap | congressional | democrats | caucus | republicans | gop | healthcare', 'tune | watch | doing | coming | joined | joining | tomorrow | on | up | going', 'newark | safety | congress | infrastructure | congressional | oversight | fema | traffic | ensuring | accountability', 'immigration | border | tariffs | citizens | congressional | agenda | tariff | mexico | protecting | congress', 'honored | won | art | competition | congressional | congratulations | celebrating | victory | congress | caucus', 'antisemitism | campuses | jewish | students | universities | educators | accountability | student | college | university', 'fbi | congressional | congress | federal | accountability | oversight | corruption | agency | enforcement | senate', 'caucus | congressional | bipartisan | lands | congress | legislation | farmers | senate | taxpayer | committee', 'accountability | enforcement | officials | mayor | congressional | citizens | police | oversight | officers | corruption', 'veterans | honor | appreciation | honored | military | dedication | served | duty | spouses | grateful', 'taxes | tax | fiscal | taxpayer | tariffs | tariff | taxpayers | reform | congress | spending', 'women | men | defend | fighting | her | protecting | mothers | rights | honor | republicans', 'educators | education | students | schools | teachers | funding | teacher | student | school | college', 'federal | assistance | district | department | congressional | dc | agency | facility | washington | county', 'tariffs | tariff | economy | president | trump | america | congress | economic | immigration | americans', 'china | tariffs | communist | chinese | ccp | tariff | accountability | congress | campuses | congressional', 'democrats | immigration | republicans | congressional | citizens | bipartisan | gop | republican | enforcement | criminal', 'tariffs | families | tariff | children | parents | trump | mothers | spending | kids | billionaires', 'funding | fund | agenda | donald | trump | taxpayer | healthcare | policy | fema | spending', 'hayden | librarian | bipartisan | congress | congressional | fired | senate | president | fbi | executive', 'corruption | trump | fraud | billionaire | donald | billionaires | tariffs | congress | taxpayer | funding', 'manufacturing | tariffs | industry | tariff | economy | innovation | companies | businesses | america | economic', 'passport | id | citizens | immigration | medicaid | passed | federal | state | address | tomorrow', 'corruption | tariffs | fraud | foreign | trump | tariff | taxpayer | taxpayers | immigration | federal', 'peace | president | trump | leader | leadership | leaders | strengthen | resilience | war | victory', 'biden | bipartisan | congressional | reform | bill | congress | trump | tariffs | democrats | senate', 'tariffs | tariff | economy | america | economic | trump | immigration | americans | innovation | allies', 'housing | homes | house | funding | rural | infrastructure | affordable | building | congressional | reform', 'musk | taxpayer | billionaire | corruption | executive | tariffs | taxpayers | congressional | donald | billionaires', 'honored | congratulations | celebrating | won | celebrate | proud | appreciation | michigan | honor | held', 'allies | israel | foreign | reconciliation | meeting | hamas | iran | biden | peace | leaders', 'immigration | legislation | criminal | enforcement | crime | law | justice | citizens | congressional | federal', 'medicaid | medicare | bipartisan | congressional | federal | democrats | republican | republicans | reform | senate', 'healthcare | health | mental | crisis | resilience | medicaid | patients | compassion | support | care', 'media | news | public | accountability | congress | agenda | congressional | donald | taxpayer | fbi', 'veterans | honored | honor | appreciation | served | va | military | celebrating | grateful | fellow', 'iran | nuclear | israel | threat | allies | hamas | agenda | tariffs | war | policy', 'taxpayer | medicaid | taxpayers | funding | legislation | policy | policies | agenda | medicare | healthcare', 'gaza | hamas | israel | war | peace | allies | accountability | crisis | efforts | hostages', 'ukraine | allies | iran | war | hamas | trump | israel | countries | europe | bipartisan', 'tariffs | tariff | china | chinese | economy | trump | foreign | manufacturing | immigration | industry', 'enforcement | children | protecting | accountability | safety | safer | protect | kids | security | secure']","[407, 388, 260, 234, 205, 188, 184, 176, 170, 163, 154, 154, 149, 146, 141, 136, 134, 126, 123, 121, 118, 116, 116, 108, 105, 99, 95, 92, 89, 88, 87, 87, 86, 86, 82, 82, 79, 78, 78, 78, 77, 76, 76, 75, 74, 72, 71, 67, 65, 65, 65, 64, 64, 63, 62, 61, 61, 61, 60, 60, 58, 57, 54, 53, 52, 51]"
2025-05-09 00:00:01,2025-05-16 00:00:01,8413,0.3647442411686193,-0.29427694463090454,-11.511494469788682,0.9072595281306716,0.3313458440264526,"['medicaid | medicare | healthcare | bipartisan | democrats | congressional | republicans | taxpayer | insurance | gop', 'congress | congressional | washington | congressman | infrastructure | capitol | funding | iowa | district | facility', 'congressional | taxes | congress | taxpayer | bipartisan | tariffs | tax | bill | reform | legislation', 'mothers | mother | mom | celebrating | moms | celebrate | appreciation | honoring | day | happy', 'officers | honoring | officer | honor | honored | police | enforcement | duty | protect | courage', 'hostage | hostages | hamas | gaza | edan | israel | alexander | hope | captivity | peace', 'medicaid | snap | bipartisan | taxpayer | cuts | medicare | democrats | republicans | agenda | funding', 'tariffs | energy | bipartisan | congress | policies | congressional | policy | taxpayer | reform | funding', 'students | honoring | college | honored | student | academy | celebrating | memorial | schools | fellow', 'qatar | trump | tariffs | foreign | corruption | fraud | taxpayer | billionaire | jet | hamas', 'spending | debt | funding | tariffs | taxpayer | budget | bipartisan | congress | medicare | economy', 'congress | congressional | senate | bipartisan | congressman | president | gop | democrats | voting | republicans', 'tariffs | economy | economic | taxes | taxpayers | inflation | congress | bipartisan | costs | trump', 'honoring | officers | memorial | officer | honor | honored | veterans | duty | military | heroes', 'healthcare | medical | health | donald | trump | funding | cancer | news | congressional | policy', 'officers | enforcement | officer | police | congressional | congressman | protecting | criminals | protect | policy', 'medicaid | taxpayer | medicare | mothers | healthcare | bipartisan | democrats | gop | republicans | funding', 'democrats | democrat | republicans | congressional | bipartisan | immigrants | democratic | immigration | gop | republican', 'tariffs | economy | china | economic | immigration | trump | america | foreign | immigrants | industry', 'farmers | rural | funding | tariffs | congress | taxpayer | congressional | congressman | infrastructure | legislation', 'biden | news | democrats | bipartisan | republicans | gop | trump | truth | democrat | corruption', 'immigration | border | immigrants | citizenship | tariffs | agenda | citizens | president | congressional | trump', 'businesses | business | companies | small | industry | economy | farmers | rural | opportunities | communities', 'military | veterans | officers | officer | mission | duty | security | congress | protecting | congressional', 'plane | safety | newark | jet | infrastructure | traffic | congress | oversight | congressional | ensuring', 'veterans | honoring | honored | honor | memorial | appreciation | military | celebrating | duty | grateful', 'immigration | immigrants | citizenship | citizens | criminals | trump | taxpayers | corruption | tariffs | border', 'disaster | fire | safety | safer | funding | policy | policies | risk | ensuring | crisis', 'enforcement | officials | congressman | oversight | congressional | mayor | officers | citizens | police | criminals', 'tune | tomorrow | watch | coming | today | working | up | listen | live | going', 'farmers | congressman | states | state | valley | congressional | rural | congress | virginia | bipartisan', 'court | justice | constitution | enforcement | law | congressional | congress | congressman | senate | amendment', 'corruption | trump | billionaire | fraud | tariffs | donald | billionaires | investments | fund | invest', 'hayden | librarian | bipartisan | congressman | congress | carla | congressional | fired | president | executive', 'honoring | federal | citizens | honor | congressional | congressman | veterans | taxpayer | congress | service', 'honored | art | congressional | honoring | won | competition | congress | congratulations | celebrating | academy', 'president | trump | reform | agenda | innovation | congress | bipartisan | tariffs | gop | congressional', 'veterans | va | honoring | taxpayer | healthcare | congressional | military | virginia | congressman | taxpayers', 'tariffs | china | innovation | industry | policy | policies | infrastructure | oversight | security | immigration', 'schools | education | students | teachers | school | student | children | kids | parents | college', 'healthcare | hospitals | medicaid | health | facility | medical | medicare | patients | community | communities', 'hamas | iran | israel | trump | qatar | peace | bipartisan | war | agenda | tariffs', 'veterans | honoring | honor | appreciation | honored | military | spouses | dedication | wife | duty', 'congratulations | honored | won | celebrating | competition | honoring | celebrate | proud | team | happy', 'firing | safety | fired | enforcement | taxpayers | tariffs | policies | congressional | federal | executive', 'inflation | economy | tariffs | economic | raise | spending | budget | growth | prices | trump', 'citizenship | immigration | constitution | citizens | amendment | immigrants | rights | freedom | american | congressional', 'read | more | see | heard | said | below | here | about | hear | news', 'medicare | tariffs | medicaid | drug | bipartisan | healthcare | policies | trump | funding | costs', 'federal | assistance | district | agency | department | county | congressional | taxpayer | facility | congressman', 'enforcement | policy | kids | protecting | security | policies | children | taxpayer | legislation | congressional', 'mental | health | healthcare | crisis | resilience | medicaid | support | care | disabilities | funding', 'medicare | medicaid | congressional | taxpayer | democrats | federal | bipartisan | republicans | taxpayers | reform', 'right | but | good | then | very | so | true | fair | isn | not', 'housing | homes | afford | house | affordable | funding | building | congressional | reform | infrastructure', 'iran | hamas | war | trump | israel | qatar | bipartisan | foreign | political | alexander', 'academy | veterans | honoring | military | college | honored | honor | officers | officer | congressman', 'hall | meeting | town | district | calling | joined | around | congressman | join | tomorrow']","[759, 413, 394, 363, 300, 221, 203, 171, 158, 156, 155, 149, 145, 134, 129, 122, 122, 118, 117, 113, 109, 108, 107, 106, 105, 105, 103, 102, 98, 98, 95, 93, 90, 90, 89, 89, 88, 84, 84, 76, 73, 72, 71, 69, 68, 67, 67, 67, 66, 65, 60, 60, 59, 58, 58, 56, 54, 53]"
2025-05-12 00:00:01,2025-05-19 00:00:01,8400,0.36418963726394443,-0.3218946957449208,-12.50732912369613,0.9026360544217686,0.3284797694773754,"['medicaid | bipartisan | healthcare | democrats | congressional | republicans | taxpayer | gop | republican | fiscal', 'officers | officer | honoring | honor | enforcement | sheriff | police | honored | uniform | duty', 'farmers | congress | funding | congressional | rural | congressman | infrastructure | iowa | bipartisan | tariffs', 'bill | congress | congressional | fiscal | taxes | tariffs | taxpayer | bipartisan | tax | legislation', 'immigrants | enforcement | citizens | congressional | citizenship | congressman | congress | border | tariffs | agenda', 'corruption | trump | tariffs | billionaire | taxpayer | fraud | president | billionaires | donald | taxpayers', 'democrats | congressional | bipartisan | republicans | gop | democrat | republican | congress | taxes | taxpayer', 'veterans | honoring | honor | honored | military | memorial | duty | uniform | served | proud', 'hostage | hostages | hamas | gaza | edan | israel | alexander | hope | captivity | disaster', 'snap | medicaid | bipartisan | cuts | republicans | democrats | hungry | agenda | taxpayer | congressional', 'tariffs | bipartisan | congress | policies | congressional | energy | taxpayer | policy | funding | reform', 'biden | bipartisan | democrats | republicans | trump | gop | congressional | news | reform | democrat', 'healthcare | medical | health | donald | trump | cancer | funding | medicaid | agenda | congressional', 'biden | prayers | praying | cancer | peace | president | relief | hope | honoring | trump', 'tariffs | economy | economic | inflation | taxes | costs | taxpayers | prices | fiscal | trump', 'meeting | hall | town | district | congressman | congressional | tomorrow | calling | congress | around', 'students | schools | school | academy | honoring | district | memorial | honored | visit | washington', 'reconciliation | reform | bipartisan | congress | fiscal | congressional | legislation | tariffs | bill | spending', 'tune | tomorrow | coming | up | watch | today | working | live | on | going', 'congress | fbi | congressional | bipartisan | congressman | corruption | trump | media | executive | news', 'military | veterans | security | protecting | duty | officers | protect | defense | ensuring | congress', 'safety | congress | plane | congressional | enforcement | infrastructure | policy | dc | ensuring | policies', 'tariffs | china | economy | trump | foreign | america | immigrants | deals | economic | congress', 'veterans | va | honoring | served | taxpayer | healthcare | military | congressional | congressman | honored', 'hamas | trump | iran | israel | president | tariffs | qatar | war | peace | donald', 'schools | education | students | school | funding | kids | children | parents | agenda | legislation', 'congratulations | honoring | honored | celebrate | students | proud | happy | honor | future | academy', 'honoring | memorial | honored | mayor | congressman | honor | bill | veterans | congress | historic', 'medicaid | birthright | healthcare | taxpayer | bipartisan | democrats | republicans | gop | agenda | funding', 'honored | won | art | honoring | competition | congressional | congratulations | academy | congressman | congress', 'inflation | economy | tariffs | economic | fiscal | raise | spending | budget | growth | trump', 'disaster | memorial | responders | devastating | prayers | crisis | neighbors | safer | relief | praying', 'right | but | fair | yet | not | good | then | so | truth | sense', 'birthright | citizenship | constitution | citizens | amendment | immigrants | rights | freedom | congressional | president', 'fbi | trump | president | threat | sheriff | donald | gop | secretary | next | hostages', 'federal | assistance | district | county | agency | department | congressional | washington | dc | taxpayer', 'read | discussed | here | see | more | below | said | stories | about | heard', 'tariffs | china | policies | enforcement | policy | congress | security | infrastructure | innovation | legislation', 'taxpayer | congress | doge | congressional | corruption | taxpayers | tariffs | legislation | accountable | congressman', 'housing | homes | afford | funding | affordable | house | congressional | infrastructure | congressman | reform', 'medicaid | tariffs | drug | healthcare | bipartisan | policies | trump | funding | taxpayer | costs', 'fraud | funding | congress | tariffs | federal | corruption | taxpayer | debt | legislation | agency', 'team | congratulations | we | celebrate | won | jersey | our | bills | competition | deserves', 'salt | taxpayer | tariffs | taxes | tax | taxpayers | bipartisan | reform | fiscal | congress', 'iran | nuclear | israel | agenda | policy | threat | bipartisan | hamas | plan | policies', 'immigrants | honored | legislation | congressional | citizenship | congressman | honoring | citizens | congress | federal', 'iran | war | hamas | trump | qatar | israel | bipartisan | threat | foreign | alexander', 'violence | crisis | women | devastating | memorial | justice | abuse | disaster | threat | veterans', 'fire | disaster | safety | safer | coverage | policies | policy | federal | responders | protecting']","[915, 661, 492, 458, 429, 245, 234, 224, 217, 194, 186, 138, 136, 134, 133, 123, 115, 107, 104, 102, 101, 101, 98, 98, 96, 95, 92, 92, 92, 87, 87, 82, 75, 73, 71, 70, 69, 64, 63, 62, 60, 60, 58, 56, 55, 55, 53, 51, 50]"
2025-05-15 00:00:01,2025-05-22 00:00:01,8548,0.36311814049029734,-0.31255409701066234,-12.892682969958704,0.8953246753246754,0.32404167387818245,"['medicaid | medicare | healthcare | bipartisan | taxpayer | democrats | republicans | congressional | insurance | gop', 'officers | officer | honor | enforcement | police | honored | memorial | congressman | duty | uniform', 'bipartisan | republicans | medicare | democrats | medicaid | congressional | gop | republican | congress | caucus', 'farmers | infrastructure | businesses | agriculture | rural | industry | funding | congress | washington | iowa', 'bill | bills | congress | bipartisan | congressional | legislation | tariffs | fiscal | reform | caucus', 'immigrants | border | citizenship | citizens | tariffs | congressional | enforcement | congress | congressman | agenda', 'biden | prayers | praying | cancer | wishing | relief | trump | peace | hope | president', 'veterans | honor | honored | military | memorial | duty | uniform | served | proud | armed', 'gerry | connolly | congressman | bipartisan | honored | memorial | congressional | caucus | congresswoman | bill', 'congresswoman | congressman | oversight | congressional | congress | accountability | enforcement | charges | justice | bipartisan', 'deficit | fiscal | spending | taxpayer | taxes | income | wealthy | tax | republicans | tariffs', 'taxes | tax | fiscal | taxpayer | tariffs | deficit | taxpayers | reform | spending | congress', 'healthcare | medicaid | health | funding | medical | medicare | trump | donald | policy | agenda', 'tariffs | economy | economic | trump | spending | fiscal | taxes | prices | costs | businesses', 'veterans | va | taxpayer | congressional | healthcare | served | congressman | legislation | honored | congress', 'snap | medicaid | bipartisan | democrats | republicans | hungry | cuts | medicare | agenda | taxpayer', 'students | schools | school | district | education | visit | washington | meeting | honored | memorial', 'right | true | truth | says | said | now | see | but | yet | fair', 'fiscal | spending | deficit | congress | funding | taxpayer | tariffs | debt | congressional | budget', 'trump | tariffs | billionaire | fraud | taxpayer | president | foreign | donald | congress | billionaires', 'families | aid | support | funding | supporting | family | memorial | healthcare | medicaid | care', 'reconciliation | bipartisan | congress | reform | congressional | fiscal | bill | legislation | caucus | spending', 'hall | town | district | meeting | congressman | congressional | joining | congress | around | tonight', 'musk | taxpayer | congressional | congress | taxpayers | tariffs | fraud | executive | congressman | accountability', 'congratulations | honored | students | celebrate | proud | progress | happy | future | success | honor', 'fbi | comey | trump | president | accountability | threats | gop | donald | oversight | threat', 'biden | democrats | republicans | bipartisan | trump | gop | congressional | news | republican | president', 'china | tariffs | ai | policies | policy | innovation | industry | congress | oversight | security', 'celebrate | we | won | congratulations | team | our | jersey | win | overtime | tonight', 'tariffs | energy | infrastructure | economy | economic | policies | policy | funding | benefits | power', 'congress | safety | enforcement | congressional | oversight | legislation | infrastructure | dc | congressman | military', 'education | schools | students | school | funding | accountability | agenda | kids | legislation | benefits', 'tune | tonight | tomorrow | up | on | watch | coming | joined | around | joining', 'disaster | emergency | prayers | neighbors | responders | devastating | praying | town | memorial | crisis', 'military | veterans | duty | officers | officer | uniform | mission | armed | congress | protecting', 'agenda | congress | president | trump | congressional | priorities | bipartisan | policies | reform | policy', 'bill | bills | bipartisan | congress | congressman | caucus | honored | congressional | senate | legislation', 'news | democracy | accountability | political | congressional | congress | trump | threats | agenda | bipartisan', 'birthright | citizenship | constitution | citizens | amendment | immigrants | constitutional | rights | freedom | laws', 'policies | water | funding | policy | taxpayer | tariffs | accountability | congress | infrastructure | congressional', 'court | constitutional | constitution | justice | enforcement | amendment | laws | law | legislation | congressional', 'justice | accountability | victims | enforcement | congressman | criminal | threats | trump | threat | court', 'amendment | congressional | bipartisan | medicare | medicaid | gop | republicans | democrats | reform | congress', 'ukraine | war | bipartisan | iran | trump | threat | plan | agenda | next | tariffs', 'act | legislation | enforcement | laws | law | passed | rights | policy | accountability | responsibility', 'federal | assistance | department | congressional | district | agency | taxpayer | congressman | dc | washington', 'victims | peace | crisis | accountability | disaster | aid | war | threats | democracy | responsibility', 'deficit | fiscal | debt | spending | taxpayer | trillion | funding | tariffs | bipartisan | congress', 'bipartisan | congressional | republicans | congress | legislation | tariffs | democrats | california | policies | congressman', 'innovation | legislation | congress | tariffs | oversight | bill | accountability | reform | financial | funding', 'protecting | victims | protect | enforcement | protections | accountability | threats | security | public | police', 'foreign | meeting | congressman | joining | congress | congressional | bipartisan | agenda | honored | america', 'trump | tariffs | president | economy | donald | investments | billionaire | america | economic | investment', 'emergency | honor | honored | memorial | responders | hospitals | veterans | aid | service | served', 'salt | taxpayer | tariffs | taxes | tax | taxpayers | caucus | bipartisan | reform | fiscal', 'disaster | emergency | safety | florida | safer | memorial | responders | coverage | rural | neighbors']","[438, 428, 426, 397, 303, 276, 270, 254, 228, 211, 206, 191, 156, 146, 144, 144, 136, 112, 108, 105, 103, 102, 99, 96, 95, 93, 89, 89, 86, 86, 84, 84, 83, 82, 81, 80, 75, 75, 72, 72, 70, 70, 68, 66, 65, 64, 62, 61, 61, 60, 59, 57, 57, 56, 53, 53]"
2025-05-18 00:00:01,2025-05-25 00:00:01,8485,0.3494590625582158,-0.2995011157363068,-11.991738201707525,0.9012336719883889,0.3150688655489051,"['bill | congress | bipartisan | congressional | tariffs | legislation | fiscal | bills | caucus | taxpayer', 'medicare | bipartisan | republicans | congressional | democrats | medicaid | gop | republican | congress | democrat', 'antisemitism | israeli | antisemitic | israel | jewish | victims | hatred | memorial | murder | violence', 'medicaid | medicare | bipartisan | healthcare | democrats | republicans | congressional | taxpayer | gop | republican', 'deficit | fiscal | spending | taxpayer | taxes | wealthy | income | tariffs | republicans | gop', 'biden | prayers | praying | wishing | cancer | relief | peace | hope | trump | recovery', 'gerry | connolly | congressman | condolences | bipartisan | honored | memorial | congressional | chairman | caucus', 'congresswoman | congressman | oversight | congressional | congress | accountability | enforcement | charges | justice | bipartisan', 'bipartisan | medicaid | congressional | gop | democrats | caucus | republicans | democrat | medicare | vote', 'disaster | emergency | aid | crisis | funding | memorial | ensuring | devastating | relief | infrastructure', 'infrastructure | industry | businesses | companies | washington | workforce | co | visit | opportunities | manufacturing', 'read | following | said | see | discussed | glad | hear | progress | great | statement', 'deficit | fiscal | debt | spending | funding | tariffs | trillion | congress | trillions | budget', 'memorial | veterans | honored | honor | condolences | celebrate | dedication | served | duty | fought', 'immigrants | citizens | borders | enforcement | criminal | congressional | justice | laws | congressman | tariffs', 'honored | congratulations | college | honor | students | student | proud | happy | progress | memorial', 'students | schools | student | college | school | district | meeting | washington | visit | education', 'medicaid | snap | bipartisan | hungry | taxpayer | democrats | republicans | funding | agenda | medicare', 'borders | border | tariffs | immigrants | congressional | congress | wall | agenda | protecting | bill', 'education | schools | students | school | student | accountability | college | bipartisan | constitutional | congress', 'farmers | rural | funding | tariffs | infrastructure | grow | industry | benefits | food | aid', 'healthcare | funding | health | aid | medicaid | cancer | medical | medicare | donald | taxpayer', 'veterans | honor | military | honored | duty | memorial | served | proud | serve | officers', 'veterans | va | taxpayer | legislation | healthcare | bill | served | honored | congressional | passed', 'families | family | healthcare | aid | funding | support | medicaid | condolences | hospitals | supporting', 'tariffs | economy | economic | trump | taxes | fiscal | spending | bipartisan | policies | taxpayers', 'tariffs | china | ai | infrastructure | industry | innovation | economy | nuclear | economic | policy', 'billionaire | trump | tariffs | fraud | funding | investments | bill | congress | fund | financial', 'hall | town | meeting | district | joining | joined | join | tonight | around | meet', 'peace | trump | president | israel | war | nuclear | bipartisan | leader | tariffs | leaders', 'taxpayer | taxpayers | fraud | federal | congressional | congress | taxes | musk | tariffs | billionaire', 'ems | emergency | memorial | honor | condolences | honored | veterans | aid | hospitals | served', 'bipartisan | congressional | legislation | california | congress | senate | republicans | policies | democrats | congressman', 'celebrate | congratulations | honored | won | we | going | team | win | happy | jersey', 'military | veterans | infrastructure | congress | duty | mission | serve | ems | tariffs | congressional', 'court | constitutional | justice | amendment | enforcement | laws | legislation | law | congressional | congress', 'tariffs | energy | infrastructure | economy | economic | savings | policies | policy | funding | power', 'tune | tonight | tomorrow | up | on | coming | joined | around | watch | joining', 'biden | democrats | bipartisan | republicans | congressional | senate | trump | president | congressman | gop', 'reconciliation | bipartisan | congress | legislation | caucus | congressional | passage | agenda | bill | fiscal', 'embassy | foreign | bipartisan | tariffs | biden | us | congressman | meeting | congress | america', 'enforcement | justice | congressman | accountability | criminal | court | police | victims | congressional | laws', 'federal | assistance | department | taxpayer | agency | congressional | district | congressman | dc | medicaid', 'policies | funding | policy | tariffs | taxpayer | congress | accountability | infrastructure | congressional | taxpayers', 'trump | secretary | president | bipartisan | accountability | policy | agenda | political | congressman | policies', 'trump | foreign | tariffs | fraud | taxpayer | president | billionaire | federal | funding | mandate', 'medicaid | medicare | democrats | republicans | gop | policies | healthcare | taxpayer | bipartisan | insurance', 'act | legislation | enforcement | laws | law | passed | rights | accountability | responsibility | policy', 'caucus | tariffs | congressional | taxes | taxpayer | bipartisan | fiscal | congress | federal | tax', 'gop | victims | tariffs | trump | immigrants | policies | citizens | enforcement | democracy | accountability', 'bipartisan | war | trump | lischinsky | peace | nuclear | next | agenda | policy | plan', 'jewish | celebrate | honored | honor | memorial | israeli | israel | antisemitism | proud | grateful', 'investments | congress | congressional | invest | tariffs | federal | chairman | taxpayer | legislation | bipartisan']","[793, 527, 510, 374, 299, 280, 230, 217, 202, 191, 188, 167, 161, 155, 130, 129, 129, 127, 122, 120, 107, 106, 103, 103, 102, 99, 97, 97, 93, 88, 88, 88, 86, 86, 85, 82, 82, 80, 79, 77, 72, 71, 71, 69, 66, 63, 61, 59, 58, 58, 53, 51, 50]"
2025-05-21 00:00:01,2025-05-28 00:00:01,7149,0.32476834842087,-0.30813696233129445,-11.394892440057111,0.8676633444075305,0.2832789349389668,"['memorialday | memorial | honoring | honor | honored | veterans | veteran | tribute | sacrifices | condolences', 'bill | congress | bipartisan | congressional | legislation | tariffs | fiscal | caucus | taxpayer | taxes', 'antisemitism | israeli | antisemitic | israel | jewish | victims | hatred | memorial | murder | violence', 'medicaid | medicare | healthcare | bipartisan | democrats | republicans | congressional | gop | insurance | taxpayer', 'enforcement | congressional | congressman | justice | congress | criminal | immigrants | bipartisan | tariffs | protecting', 'deficit | fiscal | spending | bipartisan | republicans | taxpayer | wealthy | gop | democrats | tariffs', 'gerry | connolly | congressman | condolences | honoring | bipartisan | honored | memorial | died | congressional', 'bipartisan | congressional | democrats | republicans | gop | morning | congress | democrat | caucus | republican', 'congressman | congressional | district | congress | dc | washington | meeting | caucus | honoring | honored', 'tariffs | economy | economic | trump | bipartisan | policies | businesses | congress | spending | fiscal', 'healthcare | health | aid | funding | cancer | medicaid | medical | medicare | policy | policies', 'tariffs | china | infrastructure | military | protecting | nuclear | security | protect | war | congress', 'honoring | honored | congratulations | honor | college | memorialday | students | proud | memorial | tribute', 'infrastructure | congressman | industry | businesses | texas | dc | funding | congressional | washington | congress', 'disaster | aid | memorial | relief | ensuring | caucus | devastating | efforts | state | funding', 'bipartisan | congressional | legislation | congress | senate | republicans | democrats | congressman | policies | policy', 'medicaid | hungry | bipartisan | food | funding | snap | agenda | taxpayer | aid | caucus', 'education | students | schools | school | congress | congressional | college | bipartisan | amendment | federal', 'medicaid | bipartisan | congressional | medicare | caucus | democrats | gop | democrat | republicans | vote', 'students | schools | college | congressman | meeting | school | congressional | district | education | congress', 'congressman | honoring | veteran | honored | leader | rangel | bill | congressional | veterans | memorial', 'putin | russia | ukraine | trump | war | bipartisan | policy | lischinsky | tariffs | agenda', 'thanks | glad | great | statement | thank | said | see | grateful | incredible | bless', 'congratulations | celebrate | won | team | honored | win | honoring | happy | proud | we', 'meeting | israel | embassy | israeli | meet | met | together | foreign | reconciliation | bipartisan', 'hall | town | meeting | district | congressional | washington | congress | congressman | tonight | around', 'farmers | rural | funding | infrastructure | grow | food | tariffs | agenda | congress | efforts', 'trump | billionaire | donald | billionaires | fraud | fund | president | funds | tariffs | funding', 'deficit | fiscal | debt | spending | trillion | funding | congress | tariffs | budget | bipartisan', 'gop | bipartisan | vote | caucus | voting | congressional | democrats | voted | republicans | republican', 'nuclear | energy | tariffs | power | policy | infrastructure | policies | president | agenda | congress', 'bipartisan | spending | fiscal | budget | gop | deficit | funding | congressional | congress | republicans', 'tariffs | manufacturing | industry | economy | america | states | businesses | americans | immigrants | infrastructure', 'congress | congressional | taxpayer | legislation | congressman | bipartisan | accountable | fraud | tariffs | agenda', 'housing | funding | tariffs | taxpayer | spending | congressional | congress | infrastructure | bipartisan | policies', 'tune | tonight | up | on | coming | joined | morning | doing | working | around', 'funding | infrastructure | aid | taxpayer | policies | policy | enforcement | risk | congress | protecting', 'bill | tonight | bipartisan | congressional | congress | congressman | caucus | senate | legislation | morning', 'federal | assistance | taxpayer | district | department | county | medicaid | congressional | congressman | services', 'safety | enforcement | protecting | protect | officers | congressional | oversight | security | congress | ensuring', 'biden | bipartisan | trump | democrats | president | congressional | gop | republicans | senate | congressman', 'floyd | justice | honoring | murder | murdered | victims | enforcement | killed | criminal | george', 'legislation | amendment | gun | enforcement | federal | policies | freedoms | congress | policy | shooting']","[904, 665, 506, 425, 301, 251, 227, 221, 171, 135, 130, 129, 120, 118, 118, 106, 104, 103, 100, 95, 94, 88, 88, 85, 83, 82, 82, 75, 74, 73, 72, 65, 63, 61, 59, 58, 56, 56, 55, 53, 52, 52, 51]"
2025-05-24 00:00:01,2025-05-31 00:00:01,5511,0.31900208208683856,-0.2891952782180683,-11.540703210540592,0.8879089615931722,0.28414441826268383,"['memorialday | memorial | honoring | honor | honored | veterans | veteran | tribute | sacrifices | cemetery', 'medicaid | medicare | healthcare | bipartisan | taxpayer | democrats | republicans | congressional | gop | policies', 'enforcement | border | congressional | criminal | tariffs | congressman | justice | corruption | protecting | trump', 'honoring | honored | academy | students | congratulations | honor | memorialday | memorial | veterans | seniors', 'meeting | hall | district | congressional | town | congress | congressman | washington | around | going', 'funding | infrastructure | building | efforts | memorial | housing | congress | project | mayor | congressional', 'taxes | tariffs | taxpayer | tax | bill | congress | spending | legislation | congressional | bipartisan', 'town | washington | memorial | rural | businesses | valley | texas | farmers | building | north', 'tariffs | economy | trump | economic | president | spending | america | gop | bipartisan | americans', 'tariffs | congress | federal | congressional | economy | bipartisan | taxes | policies | trump | economic', 'healthcare | visit | memorial | medical | services | veterans | health | service | tour | medicaid', 'bipartisan | bill | congressional | congress | democrats | gop | senate | congressman | republicans | legislation', 'congressman | honoring | honored | veteran | memorial | honor | mayor | bill | veterans | who', 'tariffs | energy | policies | congress | infrastructure | policy | bipartisan | funding | legislation | congressional', 'congress | congressional | doge | legislation | bipartisan | taxpayer | congressman | tariffs | funding | senate', 'officers | patrol | honoring | mayor | honored | police | memorial | honor | veteran | enforcement', 'putin | ukraine | russia | trump | war | bipartisan | defending | israel | policy | tariffs', 'farmers | rural | funding | bipartisan | tariffs | congress | infrastructure | congressional | taxpayer | congressman', 'congratulations | won | celebrate | win | proud | happy | team | honored | going | we', 'court | bipartisan | congressional | justice | congressman | congress | senate | law | enforcement | legislation', 'china | tariffs | foreign | military | russia | america | security | americans | war | us', 'patrol | honoring | memorialday | honored | border | officers | congressional | honor | congressman | glad', 'snap | medicaid | bipartisan | cuts | funding | taxpayer | democrats | medicare | republicans | congressional', 'healthcare | health | risk | medical | donald | policy | news | research | medicaid | medicare', 'corruption | trump | fraud | taxpayer | donald | president | billionaires | putin | tariffs | taxes', 'musk | elon | congress | congressional | trump | congressman | taxpayer | corruption | tariffs | donald', 'education | funding | students | children | kids | school | efforts | supporting | academy | families', 'israel | honoring | memorial | memorialday | bipartisan | democrats | peace | honored | violence | veterans', 'read | more | said | see | hear | here | much | learn | about | decision', 'workforce | jobs | workers | staff | veterans | businesses | rural | military | job | congressional', 'gun | violence | safety | freedoms | protecting | memorial | crisis | policy | protect | enforcement', 'corruption | fraud | taxpayer | congress | federal | tariffs | congressional | government | bipartisan | funding', 'emergency | fire | memorial | assistance | federal | relief | state | county | crisis | efforts', 'israel | peace | meeting | war | honoring | meet | together | met | america | visit', 'floyd | justice | honoring | mayor | george | criminal | enforcement | honored | bill | honor', 'health | healthcare | mental | memorialday | veterans | support | care | medicaid | crisis | benefits', 'secretary | putin | trump | corruption | president | congressman | bipartisan | congressional | congress | security', 'florida | plan | ensuring | risk | emergency | safety | crisis | live | protecting | going']","[893, 264, 264, 249, 238, 201, 193, 156, 152, 147, 131, 121, 120, 101, 96, 92, 90, 84, 81, 79, 78, 76, 73, 72, 70, 69, 66, 66, 65, 64, 63, 60, 60, 58, 55, 54, 53, 52]"
2025-05-27 00:00:01,2025-06-03 00:00:01,5909,0.35158360024901786,-0.28895509729415725,-11.484918567796406,0.9097132284921371,0.31978745846645745,"['antisemitism | antisemitic | terror | terrorist | hamas | israel | victims | jewish | violence | memorial', 'immigration | citizens | enforcement | borders | border | congressional | tariffs | congressman | criminal | terrorist', 'medicaid | medicare | healthcare | bipartisan | taxpayer | democrats | republicans | congressional | gop | policies', 'bill | tariffs | taxes | congress | taxpayer | legislation | tax | congressional | bipartisan | spending', 'memorial | honoring | honored | veterans | honor | veteran | ceremony | dedication | celebrate | served', 'infrastructure | building | facility | industry | funding | innovation | manufacturing | businesses | valley | washington', 'students | congressman | honoring | congressional | meeting | academy | congress | leaders | mayor | district', 'hall | meeting | town | district | joined | around | congressional | join | going | congressman', 'pride | proud | lgbtq | celebrate | honoring | honor | honored | courage | happy | peace', 'tariffs | congress | economy | congressional | federal | bipartisan | taxes | policies | trump | economic', 'town | st | facility | visit | city | memorial | residents | tour | place | rural', 'congress | congressional | bipartisan | legislation | taxpayer | congressman | tariffs | doge | funding | federal', 'academy | honoring | honored | congratulations | honor | students | proud | veterans | seniors | memorial', 'farmers | rural | funding | congress | congressional | tariffs | congressman | infrastructure | bipartisan | taxpayer', 'debt | spending | bipartisan | congress | budget | congressional | bill | funding | tariffs | medicare', 'putin | ukraine | russia | war | hamas | terrorist | threat | trump | bipartisan | israel', 'veterans | veteran | va | honoring | served | taxpayer | healthcare | military | congressional | honored', 'read | hear | more | glad | here | about | see | great | this | learn', 'infrastructure | funding | valley | disaster | hurricane | mayor | farmers | rural | efforts | colorado', 'gun | victims | violence | memorial | violent | safety | honoring | enforcement | protecting | protect', 'court | bipartisan | congressional | justice | congressman | congress | senate | enforcement | law | federal', 'patrol | honoring | immigration | honored | border | citizens | borders | congressional | congressman | celebrate', 'trump | fraud | donald | taxpayer | president | putin | billionaires | tariffs | hostages | accountable', 'musk | trump | elon | congressional | congress | donald | congressman | taxpayer | bipartisan | tariffs', 'federal | assistance | taxpayer | agency | medicaid | dc | department | admin | congressman | district', 'economy | tariffs | economic | spending | growth | raise | debt | budget | investment | crisis', 'snap | medicaid | cuts | bipartisan | agenda | democrats | medicare | cut | funding | aid', 'president | trump | america | tariffs | americans | bipartisan | gop | leadership | leaders | agenda', 'hurricane | disaster | florida | season | plan | risk | summer | ensuring | emergency | crisis', 'congratulations | won | celebrate | proud | honored | team | honoring | happy | win | held', 'healthcare | health | risk | donald | medical | news | policy | research | funding | trump', 'honoring | congressman | veteran | honored | memorial | honor | vital | veterans | mayor | bill', 'hurricane | disaster | crisis | emergency | aid | mayor | relief | efforts | funding | memorial', 'veterans | veteran | honoring | memorial | honor | honored | military | corps | served | dedication', 'education | students | funding | school | kids | children | aid | agenda | efforts | honoring', 'energy | tariffs | policies | policy | congress | agenda | infrastructure | power | bipartisan | congressional', 'biden | trump | president | bipartisan | democrats | republicans | gop | secretary | congressional | putin', 'china | tariffs | immigration | foreign | america | americans | hamas | us | russia | security', 'israel | hamas | peace | meeting | war | agenda | honoring | crisis | terrorist | met', 'workforce | corps | jobs | employees | staff | veterans | rural | workers | military | businesses', 'hamas | israel | terrorist | hostages | peace | terror | victims | disaster | crisis | war', 'taxpayer | news | bipartisan | funding | federal | congress | congressional | agenda | democrats | tariffs', 'housing | residents | house | building | affordable | rural | infrastructure | funding | communities | home', 'victims | immigration | her | justice | innocent | aid | child | horrific | lives | she', 'honoring | honored | celebrate | memorial | honor | visit | residents | washington | historic | efforts', 'health | healthcare | mental | veterans | prayers | crisis | aid | support | victims | medicaid', 'innovation | military | infrastructure | policy | congress | congressional | policies | agents | security | industry']","[378, 349, 289, 250, 241, 240, 197, 173, 166, 159, 154, 149, 123, 118, 115, 110, 103, 103, 98, 96, 95, 93, 90, 87, 86, 85, 79, 79, 77, 75, 75, 74, 74, 74, 74, 70, 67, 66, 65, 65, 62, 60, 56, 55, 54, 53, 50]"
2025-05-30 00:00:01,2025-06-06 00:00:01,7101,0.33270056004554277,-0.2939916354211944,-11.059385218987464,0.9081818181818182,0.3027377518463492,"['medicaid | fiscal | bipartisan | taxpayer | congressional | deficit | tariffs | spending | bill | congress', 'antisemitism | antisemitic | gaza | jewish | terror | terrorist | terrorists | israel | hamas | anti', 'congressional | congress | senate | bipartisan | washington | committee | democrats | meeting | bill | district', 'pride | proud | lgbtq | celebrate | celebrating | honor | honored | happy | peace | supporting', 'prayers | antisemitism | praying | terror | gaza | antisemitic | terrorist | hamas | terrorists | victims', 'tour | celebrating | going | st | town | visit | celebrate | city | honored | congratulations', 'read | said | see | hear | discussed | more | about | heard | statement | glad', 'housing | house | congressional | building | funding | home | congress | rural | communities | district', 'farmers | rural | funding | states | washington | state | congress | valley | congressional | colorado', 'veterans | honored | honor | celebrating | served | military | celebrate | grateful | mission | army', 'honored | congratulations | college | honor | students | celebrating | proud | schools | veterans | progress', 'tariffs | economy | economic | taxes | fiscal | congress | trump | bipartisan | taxpayers | policies', 'education | students | schools | accountability | college | funding | school | agenda | rescissions | accountable', 'court | justice | bipartisan | senate | congressional | congress | enforcement | federal | trump | law', 'biden | bipartisan | trump | congressional | president | accountability | democrats | senate | secretary | gop', 'china | tariffs | chinese | immigration | foreign | communist | immigrants | threats | ccp | enforcement', 'rescissions | congress | tariffs | funding | fiscal | taxpayer | congressional | legislation | agenda | package', 'federal | assistance | dc | taxpayer | congressional | district | washington | agency | service | services', 'students | schools | college | school | education | district | meeting | washington | honored | visit', 'workforce | corps | jobs | employees | staff | veterans | workers | training | military | congressional', 'musk | elon | trump | billionaire | donald | congressional | congress | corruption | bipartisan | tariffs', 'ukraine | putin | russia | war | hamas | threat | terrorists | terrorist | threats | bipartisan', 'immigration | border | immigrants | tariffs | biden | bipartisan | congressional | agenda | congress | citizens', 'military | veterans | army | war | officers | corps | protecting | defense | protect | security', 'officers | honored | honor | veterans | secretary | served | department | vital | victims | leaders', 'ice | enforcement | officers | immigration | citizens | accountability | hostages | terrorists | victims | justice', 'snap | medicaid | taxpayer | funding | agenda | cuts | bipartisan | aid | taxpayers | democrats', 'support | policies | legislation | policy | medicaid | aid | agenda | bipartisan | supporting | congressional', 'energy | tariffs | policies | bill | policy | bipartisan | congress | infrastructure | power | agenda', 'hurricane | disaster | crisis | news | florida | agenda | season | coverage | emergency | risk', 'industry | manufacturing | innovation | businesses | infrastructure | building | tariffs | workforce | states | co', 'immigration | immigrants | citizens | tariffs | border | terrorists | rescissions | enforcement | terrorist | aliens', 'doge | congress | congressional | cuts | legislation | cut | bipartisan | funding | tariffs | agenda', 'immigration | ban | trump | travel | immigrants | protecting | tariffs | policy | enforcement | policies', 'veterans | va | taxpayer | military | served | healthcare | victims | congressional | benefits | honored', 'funding | corruption | innovation | investment | billionaire | tariffs | secure | funds | congress | billionaires', 'businesses | business | bipartisan | legislation | congress | bill | tariffs | congressional | taxpayer | funding', 'ai | innovation | infrastructure | policy | congress | policies | industry | congressional | oversight | government', 'safety | oversight | enforcement | congressional | congress | safer | policy | policies | accountability | officers', 'tune | tomorrow | joining | joined | join | morning | watch | coming | going | doing', 'gun | violence | violent | safety | victims | legislation | protecting | accountability | safer | enforcement', 'healthcare | health | donald | aid | risk | trump | policy | medical | news | funding', 'tariffs | infrastructure | states | washington | energy | state | texas | bipartisan | congress | us', 'musk | bipartisan | bill | gop | congressional | congress | republicans | tariffs | democrats | taxpayer', 'hurricane | disaster | florida | season | emergency | summer | crisis | risk | coverage | safer', 'congratulations | won | celebrate | win | team | celebrating | proud | jersey | we | honored', 'sanctuary | enforcement | immigration | citizens | federal | accountability | washington | corruption | justice | protecting', 'medicaid | healthcare | policy | policies | agenda | medical | bipartisan | insurance | emergency | legislation', 'funding | aid | families | education | efforts | children | agenda | benefits | supporting | parents', 'taxpayer | funding | taxpayers | democrats | corruption | tariffs | aid | hamas | fund | congressional', 'boulder | immigration | terrorists | terrorist | terror | immigrants | colorado | citizens | border | tariffs', 'economy | deficit | economic | tariffs | fiscal | growth | spending | crisis | debt | raise', 'infrastructure | funding | tariffs | congress | california | taxpayer | congressional | legislation | federal | taxpayers', 'hall | town | meeting | district | joining | joined | meet | around | join | city', 'media | news | taxpayer | congress | taxpayers | congressional | bipartisan | funding | federal | agenda', 'israel | hamas | terrorists | gaza | putin | agenda | terrorist | war | bipartisan | peace']","[844, 253, 223, 199, 159, 150, 142, 142, 140, 139, 139, 133, 132, 131, 129, 121, 120, 115, 107, 106, 102, 101, 100, 99, 98, 98, 97, 97, 97, 91, 91, 90, 90, 85, 83, 82, 81, 80, 78, 76, 74, 74, 73, 73, 71, 65, 65, 64, 63, 62, 57, 56, 54, 53, 52, 50]"
2025-06-02 00:00:01,2025-06-09 00:00:01,7857,0.3693920221850274,-0.30684503096363913,-12.114764605376093,0.9120129870129869,0.3356429915477036,"['medicaid | medicare | healthcare | bipartisan | taxpayer | fiscal | deficit | congressional | democrats | spending', 'bill | congress | fiscal | tariffs | bipartisan | bills | congressional | legislation | spending | taxpayer', 'antisemitism | antisemitic | gaza | terror | terrorist | hamas | terrorists | israeli | israel | victims', 'normandy | allied | soldiers | allies | veterans | troops | honor | invasion | bravery | honored', 'honored | students | honor | celebrating | district | schools | congratulations | congressional | veterans | seniors', 'infrastructure | emergency | coverage | safer | ensuring | safety | crisis | policies | fire | policy', 'immigration | immigrants | immigrant | borders | border | citizens | tariffs | congressional | agenda | congress', 'tariffs | energy | infrastructure | policies | policy | funding | congress | bipartisan | states | bill', 'education | students | schools | accountability | school | rescissions | funding | accountable | agenda | bipartisan', 'farmers | rural | colorado | funding | congress | states | state | corps | valley | congressional', 'read | discussed | said | see | hear | heard | about | more | statement | truth', 'honored | honor | veterans | victims | bravery | courage | served | soldiers | prayers | troops', 'musk | bipartisan | trump | elon | congressional | bill | donald | congress | tariffs | mubarak', 'gun | violence | violent | bravery | victims | protecting | safety | protect | safer | peace', 'court | bipartisan | senate | justice | congressional | congress | trump | enforcement | federal | democrats', 'tariffs | economy | economic | trump | fiscal | demand | taxes | spending | congress | immigrants', 'realtors | housing | house | congressional | home | congress | building | funding | capitol | nationwide', 'pride | proud | lgbtq | celebrate | celebrating | honor | honored | bravery | courage | peace', 'medicaid | snap | funding | taxpayer | agenda | aid | spending | medicare | bipartisan | cuts', 'ice | enforcement | citizens | immigration | officers | accountability | policy | justice | hostages | policies', 'enforcement | guard | immigration | la | california | protecting | threat | threats | officers | troops', 'biden | bipartisan | trump | congressional | president | accountability | gop | secretary | senate | democrats', 'support | legislation | policies | policy | medicaid | agenda | aid | bipartisan | congressional | supporting', 'china | chinese | tariffs | immigration | communist | ccp | immigrants | foreign | threats | terrorists', 'rescissions | congress | tariffs | funding | congressional | taxpayer | fiscal | legislation | agenda | accountability', 'allies | allied | military | foreign | troops | tariffs | congress | invasion | agenda | hamas', 'republicans | bipartisan | democrats | gop | republican | tariffs | democrat | congressional | congress | political', 'celebrating | celebrate | honored | anniversary | june | honor | event | may | day | st', 'congress | accountability | congressional | oversight | legislation | bipartisan | accountable | taxpayer | senate | government', 'corps | workforce | jobs | veterans | staff | troops | military | training | workers | soldiers', 'federal | assistance | offices | department | agency | dc | district | taxpayer | washington | services', 'putin | ukraine | russia | allies | war | bipartisan | troops | threat | hamas | trump', 'won | congratulations | win | celebrating | celebrate | proud | team | jersey | honored | we', 'sba | legislation | taxpayer | funding | businesses | congress | business | congressional | bipartisan | federal', 'celebrating | celebrate | mubarak | honor | eid | honored | wishing | peace | anniversary | happy', 'economy | tariffs | workforce | jobs | economic | demand | fiscal | deficit | businesses | trump', 'ai | innovation | policy | agents | policies | congress | infrastructure | congressional | oversight | industry', 'hall | meeting | town | district | joined | around | join | may | tomorrow | coming', 'funding | tariffs | innovation | billionaire | investment | funds | congress | taxpayer | accountability | secure', 'doge | cuts | congress | congressional | cut | legislation | cutting | bipartisan | tariffs | funding', 'immigration | ban | trump | travel | immigrants | immigrant | tariffs | protecting | policies | policy', 'safety | oversight | congressional | congress | enforcement | officers | ensuring | policy | safer | policies', 'veterans | troops | soldiers | taxpayer | served | healthcare | military | congressional | victims | aid', 'healthcare | health | prevention | policy | donald | policies | aid | trump | accountability | safer', 'military | veterans | troops | soldiers | officers | corps | training | workforce | serve | staff', 'infrastructure | funding | congress | tariffs | congressional | legislation | taxpayer | california | federal | policies', 'immigration | terrorist | terrorists | terror | immigrants | immigrant | boulder | citizens | criminal | crime', 'tune | joined | join | tomorrow | watch | coming | morning | going | doing | live', 'gaza | hamas | israeli | israel | terrorists | terrorist | aid | peace | accountability | allies', 'healthcare | health | medical | visit | medicaid | nationwide | aid | corps | services | meeting', 'security | secure | taxpayer | federal | taxpayers | enforcement | medicaid | congressional | policies | congress', 'antisemitism | freedom | jewish | terrorist | tyranny | antisemitic | prayers | bravery | condemn | peace', 'medicaid | medicare | healthcare | policy | policies | medical | insurance | agenda | bipartisan | emergency', 'taxpayer | funding | taxpayers | democrats | tariffs | hamas | congressional | agenda | aid | fund', 'immigration | immigrant | justice | immigrants | criminal | enforcement | citizens | laws | trump | accountability', 'world | day | protecting | responsibility | beaches | life | protect | peace | policy | lives']","[520, 425, 391, 343, 327, 176, 167, 160, 156, 155, 146, 146, 143, 137, 133, 128, 128, 126, 123, 122, 118, 113, 112, 111, 110, 110, 109, 104, 102, 102, 93, 91, 91, 91, 91, 90, 84, 84, 83, 83, 82, 81, 80, 77, 74, 74, 72, 72, 71, 63, 63, 60, 58, 57, 51, 51]"
2025-06-05 00:00:01,2025-06-12 00:00:01,8145,0.37637616156593195,-0.32436719852059154,-12.893730742072538,0.9065044949762031,0.3403308047666524,"['fiscal | bill | deficit | tariffs | spending | congress | bills | bipartisan | taxpayer | congressional', 'medicaid | medicare | healthcare | taxpayer | bipartisan | insurance | congressional | democrats | republicans | fiscal', 'normandy | allied | soldiers | allies | veterans | troops | honor | invasion | bravery | marines', 'marines | troops | military | soldiers | enforcement | guard | deployment | officers | veterans | protecting', 'riots | protests | protest | rioters | peaceful | peacefully | violent | violence | angeles | peace', 'farmers | agriculture | rural | funding | iowa | infrastructure | caucus | congress | congressional | businesses', 'immigration | immigrants | immigrant | democrats | citizens | congressional | democrat | republicans | bipartisan | criminals', 'ice | protests | enforcement | immigration | protest | police | citizens | riots | criminals | accountability', 'angeles | california | los | la | protests | protest | ca | riots | immigration | trump', 'energy | tariffs | power | infrastructure | policies | policy | congress | bipartisan | bill | funding', 'congressman | congressional | congress | oversight | bipartisan | justice | trump | accountability | senate | enforcement', 'ensuring | emergency | policies | policy | infrastructure | crisis | mayor | coverage | fire | safer', 'district | may | tomorrow | meeting | ca | tonight | hall | june | washington | dc', 'gun | violence | protecting | protest | protect | safety | protests | safer | bravery | violent', 'bipartisan | congress | congressional | senate | caucus | bill | fiscal | legislation | reconciliation | gop', 'military | congress | veterans | congressional | troops | oversight | officers | congressman | army | ensuring', 'healthcare | medicaid | aid | health | veterans | services | medical | visit | support | meeting', 'students | congressman | washington | iowa | congressional | district | caucus | visit | meeting | college', 'said | see | truth | discussed | statement | sense | hear | good | glad | great', 'musk | trump | donald | bipartisan | congressional | elon | billionaire | congress | bill | congressman', 'honored | honor | veterans | congressman | mayor | lives | vital | bravery | courage | governor', 'congress | funding | congressional | tariffs | taxpayer | rescissions | agenda | legislation | bipartisan | accountability', 'veterans | va | troops | soldiers | congressional | military | taxpayer | congress | congressman | bill', 'tariffs | economy | economic | demand | taxes | fiscal | congress | inflation | trump | taxpayers', 'china | tariffs | immigration | ccp | enforcement | allies | immigrants | foreign | accountability | hamas', 'immigration | borders | border | immigrants | tariffs | congressional | agenda | bipartisan | immigrant | congress', 'climate | beaches | summer | day | celebrating | policy | celebrate | protecting | florida | infrastructure', 'birthday | celebrating | celebrate | honored | anniversary | congratulations | veterans | honor | happy | military', 'congressional | voting | vote | congressman | amendment | congress | citizens | democratic | bipartisan | legislation', 'economy | inflation | tariffs | economic | workforce | demand | jobs | fiscal | deficit | raise', 'antisemitism | antisemitic | protest | protests | jewish | anti | hamas | israel | riots | peacefully', 'celebrating | celebrate | honored | anniversary | event | honor | june | birthday | visit | st', 'funding | taxpayer | medicaid | spending | agriculture | tariffs | agenda | fiscal | fund | taxpayers', 'congratulations | won | celebrating | honored | proud | celebrate | michigan | win | happy | baseball', 'education | students | college | funding | accountability | school | immigration | congressional | parents | rescissions', 'housing | house | congressman | congressional | building | congress | funding | home | capitol | rural', 'ban | immigration | travel | trump | immigrants | protests | protest | immigrant | tariffs | policies', 'honored | college | students | honor | congratulations | celebrating | seniors | veterans | marines | proud', 'celebrating | mubarak | celebrate | eid | honor | honored | wishing | birthday | peace | anniversary', 'medicaid | medicare | healthcare | bipartisan | policies | policy | republicans | democrats | agenda | congressional', 'sanctuary | mayor | enforcement | citizens | federal | immigration | accountability | taxpayers | criminals | congressional', 'baseball | congressional | congress | congressman | celebrating | tonight | celebrate | washington | bills | senate', 'honored | art | congressional | congressman | capitol | washington | mayor | congress | won | celebrating', 'legislation | accountability | innovation | oversight | congress | funding | tariffs | taxpayer | clear | infrastructure', 'tune | tonight | tomorrow | watch | on | today | coming | working | morning | up', 'businesses | taxpayer | legislation | funding | business | immigrants | tariffs | citizens | taxpayers | federal', 'rfk | healthcare | donald | accountability | health | oversight | trump | risk | safer | democrats', 'security | secure | taxpayer | data | federal | enforcement | information | taxpayers | medicaid | congressional', 'ai | innovation | policy | agents | policies | legislation | congress | oversight | congressional | infrastructure', 'pride | proud | lgbtq | celebrating | celebrate | protests | honor | protest | honored | bravery', 'biden | congressional | trump | bipartisan | congressman | accountability | secretary | president | senate | oversight', 'legislation | policy | medicaid | policies | support | aid | agenda | bipartisan | congressional | protests', 'media | news | congress | taxpayer | congressional | agenda | bipartisan | funding | taxpayers | democrats', 'fraud | congress | federal | taxpayer | trump | tariffs | bipartisan | accountability | congressional | taxpayers', 'corps | workforce | jobs | veterans | staff | troops | military | marines | congressional | workers', 'immigration | justice | immigrant | criminals | congressman | criminal | immigrants | trump | enforcement | laws', 'allies | meeting | foreign | allied | meet | visit | congressman | reconciliation | agenda | tariffs', 'immigration | enforcement | congressman | protests | riots | protest | peacefully | immigrant | justice | assault', 'ukraine | allies | war | trump | bipartisan | threat | defending | hamas | troops | policy', 'antisemitism | freedom | jewish | protest | tyranny | antisemitic | protests | bravery | amendment | peace', 'hamas | israel | peacefully | allies | accountability | peace | aid | protests | war | efforts', 'daca | dreamers | immigration | immigrants | immigrant | congressional | citizens | medicaid | veterans | democrats']","[440, 369, 336, 232, 226, 220, 206, 194, 187, 167, 163, 161, 152, 145, 144, 139, 132, 129, 128, 120, 120, 120, 120, 117, 112, 111, 107, 107, 104, 103, 95, 93, 93, 91, 89, 87, 87, 86, 84, 83, 83, 82, 81, 81, 81, 79, 78, 74, 73, 70, 69, 68, 67, 67, 64, 56, 56, 55, 54, 52, 50, 50]"
2025-06-08 00:00:01,2025-06-15 00:00:01,8911,0.3649176624772026,-0.2860425462235879,-11.806452562684628,0.9265038444142922,0.33830110697491195,"['israel | iran | israeli | iranian | hamas | allies | nuclear | terrorist | terrorism | threat', 'senator | senate | congressman | accountability | congressional | handcuffed | arrest | assault | padilla | congress', 'veterans | honored | veteran | birthday | soldiers | celebrating | army | military | celebrate | honor', 'bill | fiscal | bills | tariffs | congress | taxes | taxpayer | spending | legislation | congressional', 'riots | protests | protest | rioters | peacefully | peaceful | violent | violence | angeles | terrorism', 'medicaid | healthcare | taxpayer | insurance | bipartisan | congressional | democrats | policies | taxpayers | republicans', 'troops | marines | military | soldiers | guard | enforcement | civilians | deployment | veterans | officers', 'appropriations | congress | taxpayer | fiscal | congressional | rescissions | funding | tariffs | bipartisan | accountability', 'angeles | la | los | california | protests | protest | ca | riots | trump | escalation', 'victims | hortman | assassination | violence | violent | hoffman | minnesota | devastating | tragedy | peacefully', 'ice | protests | enforcement | arrest | deport | police | immigration | protest | citizens | riots', 'read | see | more | further | said | discussed | statement | about | hear | truth', 'flags | flag | proudly | parade | represents | celebrating | liberty | stripes | celebrate | honor', 'congressman | students | congressional | congress | washington | meeting | district | represent | visit | honored', 'victims | violence | violent | riots | peacefully | minnesota | prayers | terrorism | protests | tragedy', 'democrats | democrat | republicans | democratic | bipartisan | gop | congressional | republican | immigrants | deport', 'tariffs | energy | policies | policy | power | congress | bipartisan | infrastructure | bill | agenda', 'healthcare | aid | medicaid | veterans | servicemembers | support | health | services | sponsor | funding', 'farmers | rural | sponsor | funding | iowa | congress | senator | congressional | infrastructure | efforts', 'fiscal | taxpayer | tariffs | spending | bipartisan | taxes | appropriations | tax | congressional | republicans', 'fire | policies | policy | emergency | safety | ensuring | safer | florida | governor | agenda', 'birthday | celebrating | celebrate | congratulations | president | honored | happy | anniversary | day | proudly', 'tariffs | economy | economic | demand | fiscal | spending | trump | prices | congress | costs', 'baseball | congressional | congress | celebrating | congressman | celebrate | lawmakers | conference | bills | senate', 'enforcement | lawmakers | legislation | laws | accountability | law | citizens | policies | government | policy', 'deport | immigration | immigrants | immigrant | citizens | borders | protests | protest | criminals | tariffs', 'honored | congressional | art | proudly | congressman | congress | sponsor | capitol | mayor | washington', 'immigration | borders | border | deport | tariffs | immigrants | congressional | congress | bipartisan | lawmakers', 'honored | honor | veteran | veterans | congressman | behalf | proudly | mayor | dedication | governor', 'veterans | veteran | va | troops | appropriations | soldiers | congressional | taxpayer | military | funding', 'pbs | npr | media | bipartisan | news | taxpayer | agenda | congress | congressional | funding', 'authoritarian | democracy | regime | democratic | terrorism | political | rescissions | authority | trump | freedom', 'honored | honor | celebrating | proudly | congratulations | college | students | sponsor | proud | dedication', 'tune | tonight | watch | live | tomorrow | on | coming | working | doing | ahead', 'military | veterans | troops | army | soldiers | marines | congress | veteran | appropriations | allies', 'congressional | voting | vote | lawmakers | congressman | citizens | democratic | amendment | congress | democrats', 'hall | meeting | town | tonight | joining | joined | tomorrow | around | meet | district', 'vaccine | rfk | healthcare | assassination | donald | accountability | oversight | democrats | jr | trump', 'congressman | oversight | congressional | accountability | congress | her | senator | arrest | assault | justice', 'legislation | accountability | congress | innovation | oversight | taxpayer | tariffs | funding | federal | appropriations', 'sanctuary | deport | lawmakers | immigration | citizens | federal | enforcement | mayor | governor | accountability', 'housing | homes | taxpayer | funding | congressional | appropriations | congress | taxpayers | congressman | tariffs', 'federal | may | assistance | june | ca | district | county | tomorrow | access | office', 'china | tariffs | immigration | foreign | allies | enforcement | immigrants | hamas | congress | threats', 'students | education | college | funding | school | appropriations | bipartisan | accountability | congressional | kids', 'doge | cuts | cut | congressional | congress | cutting | funding | legislation | bipartisan | agenda', 'antisemitism | protest | jewish | protests | terrorist | anti | terrorism | israeli | terror | hamas', 'congratulations | conference | proudly | celebrating | won | baseball | proud | celebrate | honored | iowa', 'housing | homes | building | congressman | congressional | congress | house | funding | lawmakers | home', 'millions | thousands | aid | funding | billion | million | hundreds | taxpayer | taxpayers | billionaires', 'parade | trump | troops | veterans | celebrating | donald | duty | protest | protests | celebrate', 'arrest | deport | enforcement | justice | immigration | criminals | terrorist | innocent | handcuffed | criminal', 'medicaid | republicans | bipartisan | democrats | gop | congressional | republican | democrat | healthcare | policies', 'congress | tariffs | trump | congressional | senate | bipartisan | senator | federal | congressman | lawmakers', 'pride | proud | parade | celebrating | proudly | celebrate | lgbtq | protests | protest | honor', 'ukraine | allies | trump | iran | bipartisan | terrorist | war | terrorism | hamas | ally', 'hegseth | secretary | military | veterans | troops | veteran | personnel | army | donald | duty', 'gun | shooting | armed | shootings | protecting | safety | violence | safer | enforcement | protect', 'fentanyl | legislation | policy | policies | enforcement | federal | protest | protests | taxpayers | bipartisan', 'celebrating | celebrate | president | honored | congressional | party | meeting | serving | washington | served', 'industry | tariffs | manufacturing | workforce | economy | businesses | jobs | states | farmers | infrastructure', 'daca | dreamers | immigration | immigrants | immigrant | deport | congressional | medicaid | citizens | veterans', 'victims | riots | violence | lgbtq | protests | shooting | violent | protest | rioters | assassination', 'farmers | funding | aid | agenda | tariffs | infrastructure | appropriations | npr | taxpayer | policy', 'medicaid | food | funding | agenda | taxpayer | snap | aid | farmers | bipartisan | cuts', 'data | security | secure | taxpayer | freedoms | information | protected | enforcement | medicaid | protecting', 'veterans | veteran | soldiers | honor | honored | women | troops | military | army | marines']","[528, 338, 283, 271, 267, 267, 253, 226, 186, 175, 170, 164, 164, 161, 149, 149, 147, 146, 145, 142, 137, 133, 129, 125, 124, 124, 124, 122, 122, 121, 110, 105, 105, 96, 91, 89, 86, 85, 82, 80, 80, 80, 80, 79, 76, 76, 75, 74, 72, 71, 71, 70, 70, 68, 64, 62, 58, 58, 57, 57, 57, 55, 52, 52, 51, 50, 50]"
2025-06-11 00:00:01,2025-06-18 00:00:01,8690,0.3950166859533098,-0.29311092420598744,-12.170307577938845,0.9205727644652251,0.3631107053046037,"['iran | iranian | israel | israeli | nuclear | allies | terrorism | threat | agenda | threats', 'congress | congressional | taxpayer | funding | appropriations | bipartisan | agenda | tariffs | taxpayers | legislation', 'congressman | congressional | congress | sponsor | funding | farmers | represent | washington | efforts | honored', 'senator | senate | congressman | accountability | handcuffed | congressional | padilla | assault | congress | enforcement', 'fathers | father | dad | celebrating | dads | celebrate | day | happy | family | dedication', 'veterans | honored | veteran | birthday | soldiers | celebrating | army | honor | military | celebrate', 'medicaid | healthcare | bipartisan | democrats | congressional | taxpayer | insurance | republicans | gop | lawmakers', 'bill | fiscal | bills | tariffs | congress | spending | legislation | taxes | taxpayer | congressional', 'victims | hortman | assassination | violence | minnesota | hoffman | violent | tragedy | devastating | senator', 'protests | protest | peaceful | angeles | violent | violence | la | los | citizens | enforcement', 'baseball | celebrating | celebrate | conference | tonight | congressional | proudly | bills | congress | congratulations', 'flag | proudly | parade | celebrating | represents | celebrate | memorial | liberty | stripes | honor', 'immigration | immigrants | immigrant | citizens | protests | criminals | tariffs | protest | lawmakers | trump', 'veterans | veteran | troops | military | soldiers | appropriations | congressional | va | funding | congress', 'fiscal | spending | tariffs | taxpayer | rich | taxes | bill | appropriations | debt | economy', 'enforcement | protests | ice | immigration | police | accountability | officers | protest | citizens | criminals', 'israel | prayers | israeli | praying | iran | pray | peace | iranian | allies | peaceful', 'honored | art | congressional | award | proudly | congress | congressman | sponsor | capitol | memorial', 'victims | minnesota | violence | violent | protests | threats | assassination | protest | terrorism | tragedy', 'fire | safety | safer | florida | infrastructure | policy | devastating | ensuring | crisis | policies', 'tonight | hall | tomorrow | meeting | town | around | joined | joining | meet | join', 'birthday | celebrating | celebrate | president | congratulations | honored | happy | day | anniversary | trump', 'honored | memorial | honor | veteran | veterans | dedication | proudly | celebrating | courage | served', 'tariffs | economy | economic | demand | fiscal | spending | costs | prices | trump | taxes', 'healthcare | hospitals | hospital | aid | servicemembers | medicaid | visit | meeting | sponsor | memorial', 'troops | marines | military | soldiers | civilians | enforcement | guard | veterans | officers | armed', 'read | further | more | see | discussed | said | continued | statement | about | much', 'federal | assistance | district | taxpayer | congressional | department | lawmakers | dc | washington | county', 'china | tariffs | allies | foreign | immigration | appropriations | economy | congress | policy | enforcement', 'ahead | continue | passed | tonight | next | continues | tomorrow | let | promise | plan', 'immigration | border | immigrants | tariffs | bipartisan | immigrant | congressional | protecting | congress | agenda', 'honored | award | honor | proudly | congratulations | congressman | celebrating | memorial | sponsor | congressional', 'congressman | oversight | accountability | congressional | her | justice | congress | assault | senator | enforcement', 'daca | dreamers | immigration | immigrants | immigrant | congressional | medicaid | citizens | veterans | democrats', 'honored | honor | proudly | award | proud | memorial | liberty | congressman | celebrating | behalf', 'tariffs | energy | policies | infrastructure | policy | power | congress | nuclear | bipartisan | congressional', 'israel | israeli | iran | iranian | statement | nuclear | conflict | agenda | strikes | terrorism', 'medicaid | funding | snap | food | aid | agenda | bipartisan | taxpayer | farmers | spending', 'kings | protest | protests | democracy | citizens | president | leaders | democratic | liberty | leader', 'sanctuary | lawmakers | immigration | citizens | enforcement | federal | governor | criminals | taxpayers | accountability', 'authoritarian | democracy | regime | democratic | terrorism | authority | political | freedom | rescissions | politically', 'students | education | bipartisan | funding | college | congressional | appropriations | congress | youth | school', 'legislation | congress | bill | tariffs | lawmakers | bipartisan | accountability | congressional | innovation | senate', 'president | trump | elected | gop | bipartisan | congress | constitution | tariffs | congressional | amendment', 'republicans | medicaid | democrats | bipartisan | gop | republican | democrat | congressional | healthcare | freedoms', 'parade | troops | celebrating | veterans | duty | trump | memorial | military | celebrate | soldiers', 'victims | violence | shooting | gun | violent | protests | assassination | protest | memorial | shootings', 'hegseth | military | secretary | veteran | veterans | troops | congressman | donald | behalf | duty', 'enforcement | lawmakers | accountability | government | citizens | legislation | taxpayers | safer | taxpayer | policies', 'violence | violent | peaceful | terrorism | peace | protest | conflict | threat | fighting | assault', 'infrastructure | water | policies | funding | valley | farmers | policy | enforcement | appropriations | tariffs', 'war | congress | congressional | constitution | military | amendment | troops | allies | bipartisan | congressman', 'tariffs | industry | economy | manufacturing | investment | innovation | businesses | funding | economic | infrastructure', 'congressional | legislation | california | congress | policy | congressman | tariffs | bipartisan | lawmakers | policies', 'appropriations | taxpayer | tariffs | congress | congressional | taxpayers | lawmakers | congressman | bipartisan | amendment', 'millions | thousands | aid | billion | funding | million | taxpayers | taxpayer | billionaires | medicaid', 'fentanyl | legislation | policies | policy | enforcement | federal | protest | protests | taxpayers | bipartisan', 'celebrating | celebrate | memorial | honored | president | party | congressional | serving | served | anniversary', 'data | security | taxpayer | information | secure | freedoms | enforcement | federal | taxpayers | medicaid']","[445, 412, 411, 371, 315, 311, 302, 295, 199, 199, 190, 176, 164, 163, 163, 160, 153, 140, 139, 124, 122, 121, 121, 120, 112, 106, 100, 93, 91, 90, 89, 89, 85, 82, 81, 80, 80, 80, 79, 78, 75, 74, 72, 69, 68, 68, 67, 64, 62, 61, 61, 56, 56, 56, 56, 54, 54, 54, 51]"
2025-06-14 00:00:01,2025-06-21 00:00:01,6980,0.36115019773221274,-0.30228842126936356,-11.675536184259348,0.8981382978723405,0.3252783698355337,"['iran | iranian | israel | nuclear | war | peace | threat | bipartisan | policy | conflict', 'victims | violence | assassination | devastating | threat | minnesota | shooting | crisis | prayers | conflict', 'juneteenth | celebrating | june | celebrate | celebration | proclamation | slavery | honored | august | liberty', 'bill | tariffs | taxes | spending | taxpayer | congress | tax | legislation | congressional | lawmakers', 'medicaid | healthcare | bipartisan | democrats | republicans | congressional | taxpayer | gop | lawmakers | republican', 'fathers | father | dad | celebrating | dads | celebrate | celebration | day | happy | family', 'veterans | honored | veteran | soldiers | birthday | army | celebrating | military | honor | celebrate', 'district | congressional | washington | congress | visit | honored | meeting | dc | participating | efforts', 'lgbtq | rights | victims | justice | policy | bipartisan | freedoms | legislation | policies | children', 'flag | parade | celebrating | celebrate | liberty | stripes | honor | proud | honored | celebration', 'meeting | students | congressional | met | visit | leaders | district | meet | washington | congress', 'enforcement | ice | police | officers | immigration | citizens | congressional | officials | policy | policies', 'veterans | veteran | honored | honor | served | soldiers | va | celebrating | military | parade', 'hall | meeting | around | town | joined | meet | join | going | coming | district', 'biden | bipartisan | senator | congressional | democrats | senate | trump | politics | republicans | congress', 'birthday | celebrate | celebrating | president | congratulations | celebration | honored | happy | trump | day', 'funding | efforts | congress | policies | policy | taxpayer | florida | bipartisan | congressional | project', 'peace | freedom | citizens | freedoms | rights | enforcement | violence | congressional | brave | protecting', 'tariffs | energy | bill | bipartisan | congress | spending | economy | funding | nuclear | congressional', 'officers | enforcement | police | honored | honor | safety | department | protecting | citizens | ensuring', 'congratulations | won | proud | celebration | celebrating | celebrate | win | happy | team | honored', 'immigration | immigrants | citizens | tariffs | lawmakers | congressional | americans | border | trump | enforcement', 'senator | senate | congressional | enforcement | trump | president | assassination | congress | secretary | accountable', 'honored | honor | veteran | congratulations | congressional | celebrating | veterans | participating | congress | won', 'read | more | see | said | ongoing | heard | about | statement | hear | story', 'military | army | soldiers | veterans | defend | protecting | veteran | defense | protect | strengthen', 'tariffs | economy | economic | taxes | congress | taxpayer | spending | costs | policies | bipartisan', 'kings | democracy | citizens | president | leaders | trump | america | nation | leader | liberty', 'immigration | border | protecting | tariffs | protect | president | secure | immigrants | trump | security', 'federal | assistance | taxpayer | lawmakers | congressional | department | district | dc | washington | staff', 'congress | funding | taxpayer | congressional | federal | news | lawmakers | bipartisan | politics | accountable', 'summer | neighbors | safety | florida | state | ensuring | devastating | south | resilience | west', 'debt | spending | budget | funding | tariffs | economy | congress | taxpayer | billion | bill', 'tariffs | china | industry | economy | policy | economic | policies | manufacturing | congress | immigration', 'housing | funding | affordable | congressional | benefits | congress | house | rural | spending | building', 'farmers | rural | tariffs | funding | industry | economy | businesses | taxpayer | congress | economic', 'food | medicaid | farmers | serving | funding | rural | snap | bipartisan | policies | crisis', 'tariffs | bill | congress | legislation | manufacturing | congressional | lawmakers | states | industry | economy', 'president | trump | elected | congress | gop | bipartisan | constitution | proclamation | government | leaders', 'academy | students | honored | honor | veterans | military | officers | army | veteran | served', 'veterans | veteran | va | soldiers | healthcare | taxpayer | military | congressional | served | medicaid', 'hospital | hospitals | rural | healthcare | facility | medicaid | medical | town | county | department', 'legislation | congress | tariffs | bill | lawmakers | congressional | senate | bipartisan | senator | funding', 'art | honored | congressional | congress | capitol | won | celebrating | congratulations | celebration | washington', 'immigration | border | bill | tariffs | congressional | lawmakers | congress | bipartisan | immigrants | federal', 'israel | immigration | iran | iranian | crisis | visit | citizens | bring | plan | assistance', 'funding | healthcare | medical | health | research | medicaid | donald | benefits | policy | congress', 'land | taxpayer | farmers | tariffs | congressional | congress | lawmakers | federal | states | rural']","[454, 427, 373, 344, 338, 331, 287, 254, 181, 180, 174, 149, 136, 132, 126, 112, 101, 96, 95, 91, 91, 86, 82, 80, 80, 78, 77, 74, 74, 71, 71, 71, 70, 69, 69, 68, 66, 65, 63, 62, 62, 59, 56, 56, 55, 55, 53, 50]"
2025-06-17 00:00:01,2025-06-24 00:00:01,6430,0.3526838224682828,-0.322411757869462,-11.657692040694219,0.917273954116059,0.3236728477153613,"['iran | diplomacy | iranian | nuclear | israel | allies | war | terrorism | peace | terrorist', 'medicaid | bipartisan | bill | congressional | spending | congress | funding | healthcare | taxes | democrats', 'juneteenth | june | celebrating | celebrate | proclamation | celebration | slavery | honored | august | may', 'businesses | sponsor | facility | industry | communities | building | rural | town | farmers | business', 'students | meeting | district | visit | youth | academy | sponsor | washington | congressional | dc', 'enforcement | ice | officers | immigration | citizens | officials | congressional | policy | policies | oversight', 'senator | senate | enforcement | congressional | secretary | officers | trump | congress | escalation | oversight', 'veterans | honored | honor | troops | va | military | celebrating | servicemembers | grateful | bill', 'hospital | facility | hospitals | visit | facilities | healthcare | services | medicaid | valley | sponsor', 'lgbtq | rights | constitutional | children | justice | constitution | legislation | bipartisan | policy | policies', 'hall | district | town | meeting | congressional | congress | tonight | capitol | around | washington', 'immigration | border | bill | congress | congressional | immigrants | bipartisan | legislation | federal | union', 'honored | honor | congressional | congress | constitution | constitutional | president | senator | liberty | democracy', 'tonight | tune | on | joined | today | around | watch | morning | going | doing', 'immigration | immigrants | citizens | justice | enforcement | proclamation | illegal | enslaved | border | slavery', 'violence | terrorism | threat | terrorist | terror | escalation | safer | peace | safety | devastating', 'honored | honor | veterans | senator | bill | who | vital | him | legacy | loved', 'china | diplomacy | industry | economy | policy | economic | policies | oversight | manufacturing | capabilities', 'funding | efforts | water | congress | policies | policy | project | legislation | farmers | florida', 'right | but | true | said | fair | so | sense | not | best | yet', 'violence | gun | armed | safety | resilience | safer | protecting | terrorism | protect | enforcement', 'biden | senator | bipartisan | democrats | senate | president | trump | republicans | congressional | gop', 'congratulations | won | proud | celebration | celebrating | celebrate | win | team | we | happy', 'border | immigration | immigrants | protecting | bipartisan | protect | security | congressional | diplomacy | secure', 'honored | congratulations | honor | participating | sponsor | celebrating | veterans | proud | won | congressional', 'funding | rural | bipartisan | legislation | congressional | education | congress | policies | students | benefits', 'veterans | va | troops | military | congressional | healthcare | war | bill | bipartisan | honor', 'energy | bill | nuclear | power | bipartisan | policies | diplomacy | policy | congress | economy', 'economy | economic | congress | taxes | bipartisan | policies | congressional | spending | businesses | slavery', 'federal | assistance | department | dc | district | washington | medicaid | congressional | services | access', 'legislation | congress | bill | congressional | senate | bipartisan | oversight | constitutional | senator | funding', 'devastating | florida | safety | neighbors | safer | relief | crisis | efforts | valley | escalation', 'lands | land | farmers | congressional | congress | bipartisan | senator | federal | constitutional | interests', 'israel | immigration | iranian | iran | citizens | crisis | visit | assistance | plan | bring', 'farmers | rural | industry | funding | businesses | sponsor | economy | manufacturing | economic | states', 'immigration | immigrants | resilience | freedom | peace | liberty | crisis | enslaved | emancipation | terrorist', 'funding | healthcare | medical | health | research | medicaid | cuts | policy | congressional | donald', 'medicaid | healthcare | bipartisan | policies | democrats | policy | republicans | gop | legislation | congressional', 'read | more | further | see | about | ongoing | here | watch | said | learn']","[1187, 850, 387, 189, 174, 151, 150, 148, 136, 134, 112, 106, 100, 97, 97, 95, 94, 92, 91, 88, 84, 81, 80, 79, 78, 78, 76, 76, 75, 72, 68, 67, 67, 66, 64, 63, 62, 51, 51]"
2025-06-20 00:00:01,2025-06-27 00:00:01,7882,0.3440562143603927,-0.2951307010154238,-11.909112422857504,0.917012987012987,0.3168960871175969,"['iran | iranian | diplomacy | nuclear | nato | war | ceasefire | bomb | threat | terrorism', 'medicaid | healthcare | bipartisan | democrats | congressional | taxpayer | republicans | insurance | gop | policies', 'abortion | parenthood | roe | constitutional | medicaid | constitution | bipartisan | overturned | rights | healthcare', 'bill | bills | congress | spending | appropriations | legislation | bipartisan | congressional | reform | funding', 'veterans | veteran | va | troops | congressional | appropriations | taxpayer | military | congress | bill', 'energy | bipartisan | congress | bill | funding | congressional | policies | taxpayer | reform | policy', 'congressman | district | congressional | sponsor | visit | students | washington | meeting | congress | iowa', 'progress | about | on | great | thanks | here | read | planned | continued | further', 'taxes | tax | taxpayer | bill | spending | taxpayers | bills | congress | reform | congressional', 'peace | diplomacy | ceasefire | president | leader | trump | victory | diplomatic | war | nato', 'infrastructure | funding | appropriations | caucus | congress | taxpayer | state | housing | rural | efforts', 'violence | terrorist | terrorism | threats | threat | peace | conflict | ceasefire | agenda | harm', 'immigration | immigrants | homeland | citizens | justice | congressional | reform | trump | laws | enforcement', 'congressman | bipartisan | congressional | caucus | chairman | elected | committee | senator | congress | senate', 'border | immigration | immigrants | agenda | bipartisan | protecting | diplomacy | congressional | security | biden', 'juneteenth | june | celebrate | honored | may | honor | summer | day | anniversary | historic', 'washington | district | congressional | meeting | congressman | congress | dc | state | valley | county', 'ice | enforcement | immigration | police | officers | accountability | citizens | policy | policies | immigrants', 'congressional | congress | oversight | accountability | congressman | bipartisan | enforcement | senate | fraud | accountable', 'honored | veterans | veteran | honor | troops | military | served | mission | commander | congressman', 'lgbtq | marriage | obergefell | constitutional | rights | constitution | legislation | amendment | equality | honored', 'healthcare | hospitals | patients | medicaid | medical | visit | veterans | health | facility | doctors', 'economy | economic | trump | bipartisan | spending | businesses | congress | taxes | business | costs', 'gun | safer | armed | safety | legislation | enforcement | protecting | protect | violence | policy', 'lands | land | appropriations | congressional | congress | taxpayer | congressman | bipartisan | amendment | taxpayers', 'education | students | schools | funding | appropriations | school | accountability | bipartisan | legislation | congressional', 'iran | iranian | nuclear | statement | diplomacy | terrorist | strikes | bomb | terrorism | policy', 'honored | congressman | bill | veteran | honor | senator | vital | who | chairman | veterans', 'ceasefire | praying | pray | troops | peace | iran | allies | protect | terrorism | veterans', 'nato | diplomacy | allies | diplomatic | military | troops | foreign | briefing | war | nuclear', 'healthcare | funding | donald | cancer | health | accountability | doctors | medical | patients | oversight', 'ceasefire | peace | israel | diplomacy | iran | nato | reconciliation | diplomatic | war | conflict', 'farmers | agriculture | taxpayer | funding | appropriations | rural | bill | legislation | taxpayers | taxes', 'farmers | agriculture | rural | sponsor | iowa | businesses | funding | industry | companies | senator', 'court | bipartisan | justice | constitutional | ruling | congressman | senator | senate | overturned | constitution', 'democrats | bipartisan | republicans | gop | congressional | republican | congress | senate | caucus | trump', 'policy | policies | fire | safer | lands | enforcement | safety | legislation | land | federal', 'honored | congratulations | sponsor | honor | successful | won | proud | celebrate | success | incredible', 'workforce | workers | congressional | congress | federal | colleagues | taxpayers | legislation | taxpayer | staff', 'medicaid | congressional | taxpayer | seniors | reform | federal | benefits | policies | taxpayers | congress', 'debt | trillion | spending | appropriations | funding | economy | budget | bills | billion | congress', 'victory | congratulations | won | proud | celebrate | win | team | we | honored | success', 'iran | iranian | diplomacy | israel | news | briefing | agenda | nato | allies | diplomatic', 'hall | town | district | meeting | around | congressional | washington | tonight | congressman | planned', 'federal | assistance | department | county | district | facility | agency | washington | hours | admin', 'celebrate | honored | anniversary | congratulations | honor | happy | day | proud | june | va', 'troops | veterans | military | veteran | bless | nato | allies | honor | honored | victory', 'heat | summer | safer | safety | safe | florida | emergency | ice | south | coverage', 'bill | manufacturing | industry | economy | congress | bills | businesses | congressional | nationwide | states', 'ai | intelligence | diplomacy | innovation | policies | policy | agents | congress | oversight | industry', 'briefing | agenda | congress | congressional | diplomacy | news | iran | bipartisan | planned | iranian', 'investments | funding | congress | innovation | infrastructure | reform | legislation | investment | interests | appropriations', 'news | trump | briefing | fraud | gop | truth | terrorism | republicans | diplomacy | trust', 'bipartisan | trump | gop | congressional | democrats | congress | senate | congressman | republicans | senator', 'operation | military | troops | ceasefire | briefing | nato | war | bomb | victory | honor', 'democrats | congressional | bipartisan | immigration | republicans | immigrants | congressman | gop | congress | senator']","[641, 540, 461, 295, 234, 221, 198, 184, 183, 172, 141, 131, 127, 119, 116, 110, 110, 110, 109, 108, 105, 104, 102, 100, 99, 98, 96, 95, 94, 93, 92, 89, 88, 86, 82, 80, 79, 77, 76, 74, 72, 72, 70, 69, 68, 68, 64, 64, 64, 63, 61, 59, 57, 56, 53, 53]"
2025-06-23 00:00:01,2025-06-30 00:00:01,8530,0.35494202583803774,-0.30805224930021863,-12.302219305014798,0.9013277428371766,0.3199520504206237,"['medicaid | bipartisan | bill | fiscal | congressional | taxpayer | congress | reform | spending | bills', 'abortion | parenthood | birthright | roe | unborn | constitutional | medicaid | constitution | bipartisan | overturned', 'energy | bipartisan | congress | bill | funding | congressional | policies | taxpayer | infrastructure | reform', 'iran | iranian | nuclear | nato | israel | agenda | threat | policy | allies | threats', 'constitutional | judges | constitution | judge | courts | injunctions | ruling | court | overturned | justice', 'veterans | veteran | va | troops | congressional | appropriations | taxpayer | congress | military | congressman', 'honored | students | activist | honor | congressman | caucus | successful | congratulations | schools | congressional', 'healthcare | medicaid | hospitals | patients | veterans | congressional | medical | meeting | nationwide | congressman', 'farms | farmers | agriculture | funding | rural | appropriations | taxpayer | bill | infrastructure | legislation', 'funding | congress | bipartisan | financial | reform | investments | chairman | appropriations | economy | oversight', 'congress | congressional | nato | constitution | war | amendment | bipartisan | iran | constitutional | ceasefire', 'bipartisan | congressman | chairman | congressional | committee | elected | caucus | congress | senator | senate', 'peace | ceasefire | president | trump | war | nato | victory | leader | reconciliation | leadership', 'congress | accountability | congressional | oversight | bipartisan | congressman | appropriations | accountable | taxpayer | federal', 'lgbtq | marriage | birthright | equality | rights | honor | honored | amendment | constitution | legislation', 'enforcement | ice | immigration | citizens | police | accountability | officers | criminal | justice | immigrants', 'district | congressional | congress | hall | congressman | washington | town | meeting | caucus | planned', 'iowa | farms | farmers | rural | caucus | washington | nationwide | state | virginia | valley', 'lands | land | congressional | amendment | congress | congressman | taxpayer | senator | appropriations | farmers', 'borders | border | immigration | immigrants | agenda | bipartisan | security | protecting | congressional | citizenship', 'immigration | immigrants | citizenship | homeland | citizens | borders | justice | criminal | laws | enforcement', 'nato | allies | military | troops | war | nuclear | briefing | bipartisan | foreign | ceasefire', 'birthright | citizenship | constitution | immigration | amendment | citizens | constitutional | born | immigrants | rights', 'infrastructure | funding | safer | driving | congress | legislation | safety | nationwide | policy | policies', 'workforce | workers | congressional | congress | taxpayers | federal | jobs | taxpayer | colleagues | legislation', 'healthcare | funding | accountability | donald | oversight | taxpayer | briefing | agenda | health | taxpayers', 'activist | honored | veteran | congressman | bill | senator | honor | veterans | him | chairman', 'ai | policy | policies | congress | enforcement | oversight | congressional | security | accountability | infrastructure', 'celebrate | honored | anniversary | honor | congratulations | day | virginia | born | proud | grateful', 'honored | veteran | veterans | honor | military | troops | congressman | served | activist | nato', 'bill | bills | caucus | congress | bipartisan | congressional | congressman | planned | senate | nationwide', 'right | truth | exactly | good | true | but | so | very | then | great', 'gun | legislation | enforcement | safer | safety | amendment | protecting | bipartisan | accountability | reform', 'democrats | bipartisan | republicans | congressional | gop | congress | republican | senate | politics | trump', 'education | students | schools | funding | appropriations | bipartisan | school | accountability | taxpayer | legislation', 'ceasefire | troops | peace | iran | allies | protect | israel | veterans | protecting | nato', 'ceasefire | peace | iran | israel | iranian | nato | reconciliation | war | conflict | nuclear', 'biden | senator | bipartisan | senate | congressional | congressman | congress | secretary | briefing | democrats', 'parenthood | parents | birthright | children | abortion | education | rights | schools | kids | constitutional', 'federal | assistance | department | county | district | washington | agency | access | admin | dc', 'tune | joined | coming | planned | joining | on | up | doing | listen | join', 'congratulations | victory | proud | won | honored | celebrate | successful | team | deserves | success', 'iran | iranian | briefing | nuclear | news | agenda | nato | planned | meeting | israel', 'policy | lands | policies | agriculture | land | enforcement | farms | legislation | ruling | safer', 'legislation | policies | policy | congress | infrastructure | reform | accountability | appropriations | taxpayer | water', 'caucus | taxpayer | spending | taxpayers | funding | congress | reform | bipartisan | taxes | raise', 'briefing | agenda | congress | congressional | news | iran | bipartisan | iranian | planned | congressman', 'hate | condemn | anti | gop | agenda | activist | abuse | iranian | harm | bipartisan', 'medicaid | congressional | taxpayer | reform | federal | taxpayers | policies | security | benefits | congress', 'heat | safer | safety | safe | policy | extreme | ice | florida | policies | coverage', 'obbb | agenda | fiscal | bipartisan | funding | congress | economy | spending | appropriations | congressional', 'operation | ceasefire | military | troops | war | nato | victory | allies | briefing | attack', 'taxes | congress | taxpayer | fiscal | tax | congressional | taxpayers | federal | reform | bipartisan', 'congressional | bipartisan | congress | congressman | senate | trump | gop | senator | president | democrats']","[1539, 495, 241, 230, 219, 218, 198, 149, 138, 137, 129, 127, 123, 120, 117, 116, 115, 114, 111, 109, 107, 107, 105, 105, 104, 101, 94, 94, 94, 93, 91, 88, 84, 83, 81, 80, 80, 79, 77, 75, 75, 74, 68, 65, 63, 61, 61, 58, 58, 57, 54, 51, 50, 50]"
2025-06-26 00:00:01,2025-07-03 00:00:01,9039,0.35987952543193824,-0.2940900212958852,-11.518152815132,0.8932467532467533,0.3225347367194581,"['medicaid | medicare | bipartisan | congressional | healthcare | democrats | gop | republicans | bill | taxpayer', 'bill | fiscal | congress | bills | congressional | bipartisan | legislation | taxpayer | spending | taxes', 'energy | bill | bipartisan | congress | spending | savings | fuel | taxpayer | economy | solar', 'medicaid | medicare | bipartisan | congressional | democrats | amendments | republicans | gop | amendment | democrat', 'abortion | parenthood | medicaid | birthright | medicare | healthcare | bipartisan | gop | reproductive | constitutional', 'constitutional | judges | constitution | judge | injunctions | courts | ruling | court | justice | amendment', 'honored | congressman | veteran | senator | honor | activist | bill | president | veterans | secretary', 'debt | deficit | fiscal | trillion | trillions | spending | funding | bills | billions | budget', 'celebrate | july | anniversary | honored | congratulations | may | day | honor | happy | summer', 'bipartisan | democrats | republicans | gop | congressional | democrat | senators | republican | bill | caucus', 'farms | farmers | farm | funding | taxpayer | rural | bill | legislation | economy | spending', 'firefighters | disaster | fire | safety | safer | devastating | idaho | courage | veterans | hope', 'activist | hate | democrats | gop | agenda | immigration | bipartisan | democratic | political | anti', 'immigration | borders | border | immigrants | illegals | bill | agenda | congressional | congress | wall', 'iran | nuclear | agenda | threat | news | bipartisan | disastrous | policy | war | threats', 'lgbtq | amendments | marriage | birthright | rights | equality | legislation | honor | honored | amendment', 'students | schools | education | washington | congressman | activist | meeting | honored | congressional | school', 'right | great | good | truth | glad | but | best | very | said | so', 'enforcement | illegals | ice | immigration | police | citizens | protecting | officers | justice | immigrants', 'snap | medicaid | hungry | food | funding | agenda | caucus | farmers | benefits | taxpayer', 'honored | veterans | veteran | honor | military | activist | victory | fought | congressman | pride', 'birthright | citizenship | amendments | constitution | immigration | amendment | citizens | constitutional | born | immigrants', 'amendments | amendment | provisions | legislation | congressional | bipartisan | congress | constitution | constitutional | taxpayer', 'infrastructure | funding | safer | nationwide | congress | congressional | safety | legislation | taxpayer | driving', 'congress | taxpayer | congressional | fiscal | federal | taxes | taxpayers | tax | corporations | economy', 'veterans | veteran | va | congressional | taxpayer | military | congress | congressman | bill | caucus', 'taxpayer | spending | taxpayers | fiscal | funding | deficit | legislation | savings | taxes | debt', 'disaster | infrastructure | funding | florida | safer | policy | policies | ensuring | protecting | risk', 'healthcare | medicaid | funding | risk | health | ensuring | policy | safer | taxpayer | donald', 'reconciliation | bipartisan | senate | congress | caucus | congressional | bill | legislation | fiscal | senators', 'workers | jobs | congressional | taxpayers | federal | congress | staff | colleagues | taxpayer | firefighters', 'planned | congressional | congress | washington | district | congressman | tonight | caucus | today | meeting', 'taxes | tax | taxpayer | taxpayers | fiscal | income | deduction | federal | deficit | spending', 'healthcare | medicaid | medicare | patients | veterans | nursing | hospitals | veteran | care | health', 'bill | congress | economy | manufacturing | bills | legislation | innovation | fiscal | congressional | industry', 'fiscal | taxpayer | families | taxes | deficit | spending | tax | medicaid | funding | debt', 'news | trump | fact | truth | politics | gop | agenda | donald | bipartisan | democrats', 'congratulations | won | honored | proud | victory | celebrate | happy | deserves | glad | win', 'bipartisan | congress | fiscal | deficit | bill | congressional | senate | senator | senators | congressman', 'students | schools | education | funding | school | bipartisan | congressional | taxpayer | congress | agenda', 'businesses | taxes | business | taxpayer | tax | bill | fiscal | spending | income | bills', 'senate | senator | parliamentarian | senators | bipartisan | congressional | congressman | congress | legislation | democrat', 'parenthood | parents | birthright | children | abortion | rights | education | kids | amendments | schools', 'obbb | agenda | bipartisan | fiscal | congress | congressional | funding | immigration | economy | healthcare', 'tune | tonight | watch | listen | coming | planned | joined | working | doing | on', 'military | war | funding | spending | strengthen | trump | nuclear | america | bipartisan | united', 'violence | congressional | violent | enforcement | threats | congressman | amendments | amendment | democrats | activist', 'housing | homes | house | congressional | funding | building | afford | congress | congressman | capitol', 'land | lands | taxpayer | congressman | congress | congressional | taxpayers | amendment | constitutional | senator', 'federal | assistance | department | district | agency | county | taxpayer | congressional | dc | washington', 'read | further | more | about | below | see | learn | here | heard | due', 'illegals | congressional | congressman | bipartisan | immigration | democrats | democrat | immigrants | legislation | senators', 'legislation | gun | enforcement | amendment | amendments | policies | federal | constitutional | protecting | policy', 'ai | legislation | policies | policy | congress | amendment | congressional | enforcement | innovation | constitutional', 'biden | bipartisan | senator | senators | senate | congressional | secretary | president | congressman | trump', 'immigration | congressional | citizens | illegals | congress | congressman | aliens | citizenship | senators | agenda']","[1391, 1111, 239, 233, 223, 201, 188, 184, 176, 173, 143, 141, 137, 129, 126, 126, 123, 121, 118, 115, 114, 112, 111, 110, 105, 104, 101, 100, 97, 96, 95, 94, 92, 91, 90, 87, 86, 82, 79, 79, 77, 75, 74, 72, 71, 69, 68, 68, 67, 59, 57, 55, 55, 54, 54, 53]"
2025-06-29 00:00:01,2025-07-06 00:00:01,8804,0.3586486265495233,-0.27911714988654723,-11.486651158067,0.8325108853410741,0.30000179071885696,"['celebrate | celebrating | independence | liberty | july | honored | freedom | freedoms | proud | day', 'medicaid | medicare | healthcare | bipartisan | taxpayer | insurance | congressional | democrats | policies | taxpayers', 'bipartisan | medicaid | medicare | congressional | democrats | gop | senate | congress | republicans | senator', 'bill | bipartisan | bills | congressional | congress | gop | ugly | legislation | congressman | democrats', 'bill | bills | bipartisan | prosperity | congress | spending | fiscal | agenda | legislation | funding', 'medicare | medicaid | republicans | democrats | bipartisan | healthcare | gop | republican | congressional | democrat', 'bill | fiscal | taxes | tax | bills | taxpayer | spending | deficit | congress | legislation', 'bill | congress | congressional | legislation | bipartisan | senate | agenda | bills | congressman | senator', 'medicaid | healthcare | medicare | insurance | health | congressional | bill | deficit | thousands | democrats', 'bipartisan | congressional | gop | congress | republicans | senate | democrats | bill | senator | congressman', 'veterans | honored | honor | congressman | congressional | represent | military | congress | bill | efforts', 'taxes | tax | fiscal | taxpayer | deficit | taxpayers | spending | income | federal | congress', 'bipartisan | bill | congressional | vote | gop | democrats | medicaid | voting | congress | democrat', 'honored | bill | president | celebrating | honor | congressman | bipartisan | congressional | celebrate | proud', 'billionaire | billionaires | wealthiest | wealthy | taxpayer | bill | wealth | spending | prosperity | rich', 'bill | bills | congress | legislation | congressional | passed | bipartisan | congressman | honored | president', 'medicaid | amendments | bipartisan | amendment | medicare | congressional | democrats | republicans | gop | democrat', 'congressman | congressional | bill | bipartisan | senator | congress | jeffries | senate | gop | president', 'republicans | bipartisan | democrats | gop | congressional | republican | senate | democrat | congress | senator', 'immigration | borders | border | immigrants | bill | agenda | congressional | congress | wall | bipartisan', 'disaster | praying | emergency | texas | hope | lives | devastating | responders | relief | families', 'energy | bill | spending | savings | bipartisan | taxpayer | congress | bills | deficit | fiscal', 'district | congressional | congressman | congress | represent | washington | town | planned | dc | capitol', 'snap | medicaid | hungry | funding | taxpayer | medicare | cuts | food | poor | benefits', 'debt | deficit | fiscal | spending | trillion | trillions | funding | budget | bills | bill', 'bipartisan | deficit | fiscal | spending | budget | republicans | gop | congressional | congress | funding', 'agenda | democratic | gop | democrats | bipartisan | trump | immigration | democracy | freedom | republicans', 'obbb | agenda | bipartisan | congress | congressional | fiscal | legislation | funding | congressman | efforts', 'read | statement | fact | said | truth | see | learn | heard | sense | news', 'farms | farmers | bill | funding | prosperity | farm | rural | bills | taxpayer | spending', 'thanks | thank | enjoy | done | great | beautiful | ahead | incredible | congratulations | after', 'funding | education | students | legislation | taxpayer | congress | bipartisan | congressional | policies | amendment', 'democrats | bipartisan | democrat | taxes | republicans | tax | republican | fiscal | deficit | congressional', 'jobs | economy | workers | industry | businesses | worker | economic | prosperity | immigrants | job', 'iran | peace | nuclear | agenda | war | reconciliation | news | bipartisan | disaster | policy', 'firefighters | fire | disaster | idaho | emergency | safety | responders | courage | safer | devastating', 'ice | enforcement | immigration | policy | citizens | policies | congressional | protecting | agenda | protect', 'taxes | tax | taxpayer | taxpayers | fiscal | income | deduction | federal | deficit | spending', 'bill | bills | congress | bipartisan | congressional | congressman | planned | agenda | legislation | tonight', 'war | iran | defend | disastrous | policy | bipartisan | military | trump | nuclear | attack', 'funding | congress | congressional | housing | taxpayer | valley | efforts | benefit | benefits | planned', 'amendment | amendments | justice | court | congressional | enforcement | law | congress | debate | congressman', 'parenthood | medicaid | medicare | gop | republicans | bipartisan | democrats | healthcare | taxpayer | policies', 'reconciliation | bipartisan | congress | senate | congressional | bill | legislation | senator | funding | fiscal', 'fiscal | taxpayer | families | taxes | spending | deficit | tax | funding | debt | bills', 'energy | nuclear | bill | economy | power | economic | bipartisan | congress | policies | savings', 'federal | assistance | taxpayer | district | congressional | dc | office | taxpayers | congressman | washington', 'pride | proud | celebrating | celebrate | honor | honored | liberty | independence | peace | rights', 'lands | land | congressman | amendment | congress | amendments | congressional | senator | senate | taxpayer', 'legislation | congress | policies | policy | congressional | amendment | bipartisan | government | senate | agenda', 'bill | economy | bills | prosperity | economic | fiscal | trillion | wealthiest | spending | billion', 'win | won | losing | wins | lose | proud | votes | voting | congratulations | continues', 'spending | fiscal | bipartisan | budget | funding | congressional | congress | deficit | gop | bill']","[676, 478, 340, 318, 300, 294, 265, 263, 257, 255, 236, 218, 199, 193, 183, 174, 170, 168, 161, 159, 157, 137, 128, 125, 122, 117, 115, 113, 111, 110, 110, 99, 86, 82, 82, 81, 80, 79, 79, 77, 76, 67, 66, 65, 62, 61, 59, 58, 52, 51, 51, 50, 50]"
2025-07-02 00:00:01,2025-07-09 00:00:01,7413,0.35621248457504895,-0.2776430156682963,-10.236148490936959,0.865610859728507,0.3107242269223202,"['medicaid | medicare | healthcare | bipartisan | insurance | taxpayer | congressional | democrats | republicans | taxpayers', 'bill | bills | congress | legislation | congressional | bipartisan | president | agenda | passed | senate', 'floods | rescue | disaster | prayers | flooding | praying | victims | emergency | texas | pray', 'fiscal | taxes | bill | tax | bills | taxpayer | deficit | spending | congress | legislation', 'bill | bipartisan | ugly | bills | congressional | congress | gop | legislation | democrats | fiscal', 'bipartisan | congressional | democrats | republicans | gop | congress | democrat | republican | senate | bill', 'independence | liberty | celebrate | celebrating | freedoms | freedom | proud | day | founding | honored', 'republicans | bipartisan | democrats | gop | republican | congressional | democrat | congress | deficit | taxpayer', 'celebrate | celebrating | independence | liberty | july | freedoms | freedom | proud | honored | fourth', 'honored | congressional | congress | district | committee | veterans | dc | washington | honor | founding', 'enforcement | officers | immigration | protecting | patrol | protect | citizens | victims | violence | agenda', 'medicaid | medicare | bipartisan | amendment | congressional | democrats | gop | republicans | democrat | congress', 'energy | bill | economy | spending | economic | funding | bipartisan | congress | policies | bills', 'honored | president | bill | leader | honor | proud | bipartisan | congressional | congress | trump', 'jeffries | congressional | bill | bipartisan | congress | senate | gop | president | democrats | democrat', 'immigration | borders | border | immigrants | congressional | congress | agenda | citizens | bipartisan | bill', 'july | celebrate | celebrating | fourth | may | happy | birthday | wishing | congratulations | day', 'obbb | agenda | bipartisan | congress | fiscal | congressional | legislation | funding | taxpayer | efforts', 'putin | ukraine | russia | war | trump | bipartisan | defend | policy | military | attack', 'farms | farmers | bill | funding | taxpayer | rural | farm | spending | bills | fiscal', 'democrats | bipartisan | democrat | republicans | congressional | democratic | gop | congress | republican | bill', 'bill | bills | congress | congressional | bipartisan | planned | agenda | legislation | senate | plan', 'snap | medicaid | taxpayer | medicare | aid | hungry | funding | income | benefits | cuts', 'schools | education | students | funding | school | taxpayer | congress | congressional | bipartisan | taxpayers', 'billionaire | billionaires | bill | wealthy | wealth | taxpayer | spending | rich | funding | trillion', 'economy | economic | trump | taxes | fiscal | congress | spending | bipartisan | taxpayers | taxpayer', 'budget | spending | fiscal | deficit | bipartisan | funding | republicans | gop | congressional | congress', 'taxes | tax | taxpayer | taxpayers | income | fiscal | deduction | federal | deficit | spending', 'debt | deficit | fiscal | trillion | spending | taxpayer | funding | bills | congress | bill', 'read | statement | learn | said | more | see | hear | fact | stories | about', 'justice | congress | congressional | amendment | enforcement | federal | bipartisan | legislation | law | senate', 'federal | assistance | district | taxpayer | dc | congressional | office | services | service | state', 'july | celebrating | celebrate | visit | hike | camp | washington | may | honored | going', 'birthday | celebrating | celebrate | july | liberty | honored | independence | day | congratulations | proud', 'farms | farmers | land | immigration | protecting | protect | farm | policy | citizens | america', 'veterans | va | taxpayer | military | victims | healthcare | staff | congressional | taxpayers | service', 'celebrating | celebrate | honored | bill | birthday | president | honor | july | congressional | congress', 'spending | fiscal | bipartisan | budget | funding | deficit | congress | congressional | taxpayer | bill', 'peace | war | agenda | crisis | bipartisan | reconciliation | trump | democracy | putin | news', 'funding | veterans | military | spending | benefits | congress | protect | protecting | bill | war', 'news | fraud | putin | trump | agenda | donald | security | what | betrayal | fact', 'independence | celebrate | celebrating | day | happy | proud | liberty | birthday | today | july', 'economy | jobs | economic | immigrants | businesses | workers | deficit | billionaires | income | immigration', 'disaster | rescue | safety | emergency | floods | flooding | camp | florida | responders | protecting', 'taxes | tax | taxpayer | fiscal | taxpayers | deficit | income | raise | spending | economy', 'thanks | thank | beautiful | incredible | grateful | enjoy | congratulations | great | happy | bless', 'reconciliation | bipartisan | congress | legislation | senate | congressional | funding | bill | fiscal | spending', 'hall | district | town | congressional | congress | central | joined | planned | tomorrow | around', 'economy | bill | economic | spending | fiscal | bills | growth | trillion | budget | income', 'families | fiscal | taxpayer | spending | funding | deficit | taxes | children | medicaid | tax', 'medicaid | medicare | taxpayer | policies | healthcare | republicans | gop | policy | democrats | bipartisan', 'freedoms | liberty | freedom | independence | founding | democracy | amendment | citizens | rights | democratic']","[631, 454, 452, 336, 293, 280, 204, 196, 194, 193, 189, 160, 153, 152, 138, 136, 116, 105, 103, 98, 94, 91, 89, 89, 83, 80, 80, 80, 79, 78, 76, 76, 73, 71, 70, 70, 69, 69, 66, 64, 63, 63, 62, 62, 60, 60, 58, 58, 56, 55, 55, 53]"
2025-07-05 00:00:01,2025-07-12 00:00:01,6069,0.3444316055871027,-0.3163984447491421,-11.487855219199893,0.876425120772947,0.3030215699731345,"['medicaid | healthcare | bipartisan | insurance | democrats | taxpayer | congressional | republicans | policies | gop', 'bill | tariffs | congress | bipartisan | legislation | congressional | spending | taxes | taxpayer | federal', 'prayers | rescue | praying | floods | disaster | pray | flood | flooding | victims | texans', 'enforcement | officers | police | protecting | patrol | immigration | protect | citizens | victims | ice', 'honored | district | residents | visit | county | facility | washington | staff | veterans | meeting', 'justice | congressional | congress | federal | enforcement | court | bipartisan | senate | amendment | taxpayers', 'celebrate | july | honored | proud | may | honor | independence | event | congratulations | day', 'funding | education | schools | students | taxpayer | taxpayers | aid | school | tariffs | congressional', 'funding | congress | congressional | taxpayer | fema | federal | executive | innovation | tariffs | benefits', 'tariffs | energy | bill | fema | congress | bipartisan | economy | nuclear | economic | policies', 'congressional | congress | bipartisan | bill | legislation | senate | agenda | meeting | democrats | district', 'immigration | borders | border | immigrants | tariffs | citizens | congressional | agenda | congress | enforcement', 'on | great | coming | thanks | doing | working | up | incredible | watch | here', 'floods | flood | flooding | disaster | rescue | texans | texas | victims | devastating | tragedy', 'tariffs | economy | economic | taxes | congress | bipartisan | trump | taxpayers | spending | costs', 'putin | ukraine | russia | iran | war | trump | bipartisan | israel | policy | nuclear', 'bill | bipartisan | congress | congressional | tariffs | legislation | spending | gop | democrats | taxpayer', 'accountable | congress | congressional | taxpayer | enforcement | taxpayers | federal | president | trump | bipartisan', 'fema | floods | flooding | disaster | flood | crisis | responders | rescue | texans | agenda', 'israel | iran | peace | agenda | bipartisan | war | putin | nuclear | crisis | trump', 'unacceptable | rhetoric | bipartisan | agenda | accountable | congressional | gop | democrats | trump | victims', 'federal | assistance | taxpayer | department | residents | agency | district | taxpayers | services | service', 'honored | veterans | honor | military | who | historic | vital | serve | deserves | heroes', 'veterans | va | military | taxpayer | victims | healthcare | staff | congressional | taxpayers | service', 'farms | farmers | farmland | taxpayer | bill | tariffs | funding | taxes | farm | spending', 'rescue | disaster | emergency | responders | victims | aid | honor | prayers | honored | relief', 'america | americans | american | immigration | immigrants | president | tariffs | trump | us | nation', 'snap | medicaid | funding | food | cuts | aid | taxpayer | agenda | farmers | spending', 'farms | farmers | farm | farmland | rural | facility | washington | businesses | town | texas', 'spending | billionaires | economy | economic | tariffs | taxpayer | taxes | investments | taxpayers | investment', 'bill | honored | honor | president | congress | congressional | celebrate | bipartisan | legislation | senate', 'senate | congress | bipartisan | congressional | legislation | federal | tariffs | agenda | funding | taxpayer', 'farmland | farms | tariffs | farmers | land | china | immigration | citizens | immigrants | america', 'seniors | medicaid | taxpayer | taxpayers | congressional | federal | taxes | congress | benefits | bill', 'military | veterans | war | fema | protecting | protect | funding | congress | congressional | defense', 'apply | congressional | congress | may | district | in | washington | programs | students | july', 'taxes | tax | taxpayer | taxpayers | deduction | tariffs | federal | spending | overtime | pay', 'medicaid | healthcare | bipartisan | republicans | policies | democrats | gop | policy | taxpayer | agenda', 'bipartisan | legislation | congress | congressional | taxpayer | tariffs | senate | policy | tax | democrats', 'amendment | rights | citizens | immigration | immigrants | freedom | president | congressional | legislation | independence', 'hall | meeting | joined | town | central | join | district | meet | visit | around', 'bill | states | legislation | congress | congressional | tariffs | rural | law | state | policies', 'climate | floods | flooding | disaster | flood | weather | policy | crisis | policies | fema', 'texans | texas | rescue | county | flood | florida | floods | flooding | disaster | residents', 'biden | trump | congressional | bipartisan | donald | senate | president | gop | congress | putin', 'enforcement | legislation | fema | taxpayers | federal | policy | policies | tariffs | taxpayer | congressional']","[365, 350, 275, 268, 223, 202, 170, 159, 155, 146, 139, 126, 125, 123, 116, 113, 109, 108, 106, 102, 96, 94, 89, 88, 84, 83, 82, 78, 78, 76, 71, 69, 69, 67, 66, 62, 61, 57, 56, 56, 54, 54, 53, 51, 51, 50]"
2025-07-08 00:00:01,2025-07-15 00:00:01,6393,0.36010931316125916,-0.3570933833613772,-13.18624281182333,0.8946153846153845,0.3204913924335328,"['immigration | enforcement | criminals | citizens | immigrants | accountability | congressional | protecting | officers | citizenship', 'medicaid | healthcare | insurance | bipartisan | taxpayer | congressional | democrats | policies | health | aid', 'bill | congress | tariffs | bipartisan | legislation | congressional | spending | agenda | funding | president', 'assassination | trump | president | victims | accountability | crisis | disaster | rescue | donald | devastating', 'rescue | disaster | texans | floods | flood | victims | texas | flooding | aid | emergency', 'honored | congratulations | honor | july | happy | proud | grateful | going | glad | day', 'district | residents | visit | washington | honored | county | meeting | town | communities | facility', 'education | funding | schools | students | accountability | taxpayer | taxpayers | school | congressional | aid', 'bipartisan | bill | congressional | spending | congress | gop | tariffs | democrats | taxpayer | legislation', 'tariffs | energy | infrastructure | bill | congress | nuclear | fema | bipartisan | economy | funding', 'federal | congressional | congress | accountability | secretary | executive | tariffs | president | taxpayers | bipartisan', 'floods | fema | flooding | flood | disaster | responders | crisis | texans | rescue | agenda', 'congress | congressional | rescissions | bipartisan | senate | taxpayer | legislation | tariffs | funding | federal', 'tariffs | economy | economic | taxes | demand | trump | congress | costs | spending | bipartisan', 'judge | court | justice | enforcement | law | bipartisan | congressional | congress | rescissions | senate', 'putin | ukraine | russia | war | trump | bipartisan | threats | assassination | policy | defend', 'infrastructure | funding | taxpayer | impacts | fema | benefits | benefit | flooding | congress | efforts', 'military | veterans | war | fema | funding | congress | congressional | protecting | protect | defense', 'federal | agencies | assistance | taxpayer | residents | district | department | congressional | agency | taxpayers', 'hall | meeting | district | congressional | congress | town | tomorrow | joined | meet | passed', 'democrats | taxes | bipartisan | tax | tariffs | taxpayer | republicans | congressional | gop | congress', 'tomorrow | watch | tune | on | thanks | coming | doing | great | working | live', 'israel | peace | bipartisan | putin | trump | agenda | nuclear | war | leader | president', 'farms | farmers | farm | farmland | rural | funding | infrastructure | industry | grow | businesses', 'farms | farmers | bill | farmland | funding | tariffs | taxpayer | rural | spending | legislation', 'farmland | tariffs | farms | farmers | china | land | immigration | immigrants | citizens | america', 'snap | medicaid | food | funding | farmers | cuts | agenda | aid | farms | taxpayer', 'biden | trump | bipartisan | president | congressional | senate | donald | gop | secretary | putin', 'park | visit | honored | valley | july | summer | building | land | washington | going', 'bipartisan | congressional | gop | accountability | violent | threats | abuse | unacceptable | peace | violence', 'taxes | tax | taxpayer | taxpayers | tariffs | spending | bill | federal | pay | legislation', 'innovation | industry | manufacturing | infrastructure | us | facility | america | states | washington | building', 'veterans | honored | honor | military | war | historic | serve | deserves | recovery | victims', 'news | public | funding | taxpayer | agenda | taxpayers | political | bipartisan | congress | congressional', 'medicaid | healthcare | bipartisan | gop | democrats | republicans | policies | taxpayer | policy | agenda', 'congressional | congress | district | may | washington | in | students | programs | administration | executive', 'veterans | va | military | honored | honor | victims | healthcare | service | aid | war', 'said | right | best | glad | but | also | great | incredible | fair | or', 'citizenship | amendment | rights | citizens | immigration | immigrants | freedom | president | congressional | legislation', 'congress | legislation | federal | funding | congressional | tariffs | investments | taxpayer | secure | accountability']","[466, 336, 297, 225, 213, 210, 206, 200, 193, 157, 154, 149, 147, 144, 133, 133, 130, 113, 107, 107, 101, 101, 100, 95, 91, 86, 85, 74, 72, 71, 71, 70, 70, 64, 64, 63, 63, 57, 57, 54]"
2025-07-11 00:00:01,2025-07-18 00:00:01,7558,0.3373772169475276,-0.3052514802046044,-11.266749269764228,0.9160816326530613,0.30915903692601454,"['immigration | immigrants | illegally | citizens | enforcement | criminals | congressional | accountability | tariffs | border', 'congress | bipartisan | congressional | reform | funding | appropriations | tariffs | taxpayer | senate | democrats', 'honored | visit | washington | town | district | central | celebrate | facility | going | honor', 'medicaid | healthcare | bipartisan | taxpayer | insurance | congressional | democrats | policies | reform | taxpayers', 'tariffs | inflation | economy | economic | demand | trump | spending | costs | taxes | prices', 'crypto | congress | reform | legislation | federal | bank | tariffs | accountability | taxpayer | funding', 'military | veterans | congressional | congress | armed | appropriations | fema | protecting | federal | protect', 'bill | bills | tariffs | congress | legislation | taxpayer | taxes | bipartisan | spending | congressional', 'infrastructure | funding | congress | legislation | appropriations | congressional | policies | taxpayer | policy | impacts', 'assassination | trump | president | victims | accountability | crisis | donald | threat | disaster | putin', 'epstein | files | media | surveillance | investigation | npr | news | agenda | donald | pbs', 'farmers | agriculture | farm | rural | funding | ag | tariffs | congress | congressional | senator', 'broadcasting | npr | radio | stations | news | pbs | media | public | bipartisan | congressional', 'veterans | honored | honor | va | military | servicemembers | congressman | victims | bill | congressional', 'secretary | federal | accountability | officers | congressional | congressman | enforcement | staff | administration | congress', 'fema | floods | disaster | crisis | responders | accountability | agenda | trump | donald | congressman', 'putin | ukraine | russia | war | bipartisan | trump | threat | policy | israel | threats', 'fentanyl | drug | fema | legislation | policy | policies | enforcement | federal | bipartisan | illegally', 'bipartisan | senator | court | senate | congressman | justice | congressional | congress | investigation | trump', 'funding | appropriations | schools | education | funded | students | taxpayer | taxpayers | accountability | fund', 'democrats | bipartisan | republicans | congressional | gop | republican | congress | senate | tariffs | taxes', 'tariffs | china | infrastructure | america | congress | foreign | us | industry | policy | russia', 'lewis | congressman | honor | honored | congressional | bill | john | senator | leader | civil', 'texans | texas | disaster | floods | victims | efforts | aid | congressman | honored | state', 'disaster | victims | emergency | veterans | responders | devastating | tragedy | aid | floods | lives', 'education | schools | students | accountability | school | student | rescissions | bipartisan | amendment | appropriations', 'meeting | agenda | foreign | joining | immigration | congress | meet | congressman | visit | congressional', 'safety | safer | enforcement | protecting | protect | officers | security | policy | ensuring | secure', 'npr | pbs | broadcasting | media | news | taxpayer | bipartisan | stations | radio | appropriations', 'assassination | israel | victims | accountability | violence | tragedy | accountable | crisis | criminals | investigation', 'federal | agency | assistance | department | district | congressman | congressional | facility | citizens | services', 'celebrate | congratulations | tonight | team | won | honored | proud | congress | bills | win', 'genius | sense | fair | right | but | exactly | best | better | hear | truth', 'healthcare | medicaid | hospitals | patients | medical | health | congressional | insurance | bipartisan | services', 'hall | town | central | district | meeting | around | joining | joined | tonight | visit', 'biden | senator | president | bipartisan | trump | senate | secretary | accountability | congressional | congressman', 'read | discussed | below | more | see | about | here | said | story | learn', 'tune | tonight | watch | tomorrow | on | coming | radio | night | live | today', 'anti | rescissions | israel | threats | violence | accountability | victims | violent | peace | adversaries', 'tariffs | taxpayer | agenda | aid | taxpayers | funding | agriculture | billions | medicaid | accountability', 'broadcasting | media | congressional | bipartisan | congress | pbs | congressman | news | npr | agenda', 'celebrate | anniversary | congratulations | honored | happy | day | july | grateful | honor | proud', 'families | taxpayer | medicaid | children | funding | taxpayers | family | spending | appropriations | kids', 'floods | disaster | alerts | weather | emergency | safer | devastating | florida | safety | responders', 'powell | chairman | bipartisan | president | trump | secretary | senator | committee | congressman | putin', 'medicaid | healthcare | policies | gop | policy | bipartisan | agenda | democrats | republicans | taxpayer', 'tariffs | energy | spending | bill | taxpayer | bipartisan | funding | demand | fema | congress', 'pennsylvania | pa | innovation | infrastructure | states | industry | energy | economy | capitol | ai', 'housing | funding | house | afford | congressional | reform | appropriations | spending | building | taxpayer', 'food | medicaid | farmers | agriculture | funding | snap | cuts | agenda | aid | bipartisan']","[528, 383, 339, 300, 284, 280, 274, 272, 241, 232, 215, 191, 153, 141, 137, 134, 121, 119, 115, 110, 107, 107, 103, 103, 94, 93, 93, 92, 92, 85, 83, 83, 82, 81, 80, 79, 77, 74, 74, 71, 67, 63, 61, 60, 59, 58, 58, 58, 56, 56]"
2025-07-14 00:00:01,2025-07-21 00:00:01,8020,0.3682951364229504,-0.31107780074847985,-12.54786340837386,0.9096045197740114,0.3341966062996083,"['congress | congressional | appropriations | fiscal | reform | funding | rescissions | taxpayer | tariffs | bipartisan', 'military | troops | veterans | congressional | appropriations | congress | funding | armed | federal | protecting', 'medicaid | healthcare | insurance | bipartisan | taxpayer | congressional | democrats | policies | health | reform', 'epstein | media | files | surveillance | investigation | news | npr | privacy | agenda | donald', 'tariffs | inflation | economy | economic | demand | spending | trump | fiscal | costs | prices', 'tariffs | infrastructure | china | industry | innovation | congress | economy | america | states | us', 'enforcement | immigration | criminals | citizens | immigrants | ice | accountability | officers | surveillance | protecting', 'broadcasting | npr | radio | stations | news | pbs | media | partisan | public | bipartisan', 'students | honored | student | meeting | seniors | schools | congressman | joining | efforts | district', 'farmers | agriculture | farm | rural | ag | funding | congress | caucus | congressman | congressional', 'celebrate | washington | honored | town | caucus | pennsylvania | district | central | july | visit', 'putin | ukraine | russia | allies | war | bipartisan | partisan | troops | foreign | israel', 'congress | funding | infrastructure | transportation | legislation | congressional | appropriations | taxpayer | congressman | federal', 'federal | congressional | workforce | congress | staff | congressman | secretary | workers | taxpayers | accountability', 'bill | bills | congress | legislation | bipartisan | tariffs | congressional | appropriations | reform | fiscal', 'fentanyl | drug | legislation | policy | policies | federal | enforcement | bipartisan | taxpayers | tariffs', 'debt | fiscal | spending | trillion | appropriations | funding | taxpayer | congress | bipartisan | tariffs', 'honored | honor | celebrate | congratulations | congressman | veterans | proud | grateful | happy | july', 'right | but | finally | isn | truth | now | yet | glad | not | fair', 'npr | pbs | broadcasting | media | propaganda | news | taxpayer | bipartisan | stations | partisan', 'immigration | border | immigrants | tariffs | congressional | citizens | congress | agenda | president | policies', 'legislation | floods | congress | funding | infrastructure | appropriations | congressman | congressional | policies | policy', 'taxes | tax | taxpayer | fiscal | taxpayers | tariffs | spending | bill | bills | federal', 'lewis | congressman | honor | honored | congressional | john | senator | bill | civil | leader', 'bill | celebrate | honored | bipartisan | caucus | congress | congressional | bills | agenda | senate', 'investigation | putin | propaganda | trump | surveillance | news | partisan | fraud | accountability | democrats', 'education | schools | students | accountability | school | student | rescissions | bipartisan | congress | appropriations', 'congratulations | celebrate | team | tonight | won | honored | proud | caucus | bills | win', 'funding | appropriations | schools | education | funded | students | taxpayer | taxpayers | fund | accountability', 'cbdc | federal | enforcement | privacy | bank | regulatory | crypto | legislation | security | taxpayer', 'honor | honored | veterans | congressman | her | powell | lives | mission | she | victims', 'hall | district | central | meeting | tomorrow | tonight | congressional | congress | town | congressman', 'immigration | immigrants | legislation | reform | citizens | dignity | congressional | congress | congressman | act', 'biden | president | senator | bipartisan | trump | senate | accountability | secretary | congressional | congressman', 'veterans | va | troops | taxpayer | healthcare | servicemembers | honored | service | congressional | military', 'read | discussed | below | see | report | said | more | statement | hear | about', 'bipartisan | senate | senator | court | partisan | congressman | justice | congressional | congress | committee', 'medicaid | healthcare | policies | policy | taxpayer | insurance | agenda | gop | freedom | bipartisan', 'clarity | reform | legislation | crypto | clear | regulatory | transparency | innovation | congress | accountability', 'floods | disaster | texas | aid | efforts | crisis | victims | responders | relief | emergency', 'housing | funding | afford | congressional | house | reform | appropriations | congress | congressman | spending', 'disaster | victims | emergency | devastating | lives | hope | crisis | veterans | death | troops', 'federal | agencies | agency | assistance | department | district | congressional | congressman | taxpayer | washington', 'legislation | crypto | innovation | bank | bill | congress | reform | tariffs | funding | accountability', 'powell | chairman | bipartisan | president | senator | trump | secretary | committee | federal | congressman', 'tariffs | bill | spending | energy | bills | bipartisan | demand | congress | funding | taxpayer', 'safety | enforcement | armed | protecting | protect | amendment | safer | violence | protections | policy', 'tariffs | funding | taxpayer | billions | aid | appropriations | taxpayers | trillion | millions | thousands', 'tune | tonight | watch | tomorrow | on | coming | radio | up | joined | live', 'immigration | citizens | immigrants | criminals | victims | president | congressman | accountability | trump | crisis', 'democrats | political | partisan | bipartisan | trump | reform | gop | republicans | congressional | republican', 'crypto | fraud | secure | billionaires | bank | funds | fund | billionaire | funding | tariffs', 'trump | victims | president | threats | threat | crisis | accountability | donald | violence | devastating', 'taxpayer | tariffs | agriculture | taxpayers | food | wasteful | aid | agenda | funding | billions', 'israel | peace | violence | agenda | accountability | war | victims | democracy | crisis | aid', 'families | taxpayer | medicaid | children | funding | fiscal | family | spending | generations | taxpayers', 'floods | disaster | weather | agenda | responders | crisis | policy | infrastructure | policies | accountability', 'funding | funded | appropriations | infrastructure | fund | aid | million | funds | efforts | taxpayer', 'crypto | congress | capitol | congressional | secure | reform | democracy | investments | security | bank', 'students | accountability | rescissions | student | anti | victims | threats | propaganda | accountable | education']","[389, 362, 319, 267, 260, 217, 205, 204, 196, 194, 179, 157, 149, 146, 139, 136, 122, 121, 120, 119, 118, 114, 109, 107, 104, 102, 100, 100, 99, 96, 95, 92, 90, 89, 87, 86, 85, 84, 83, 81, 80, 76, 75, 74, 70, 70, 67, 66, 61, 61, 61, 60, 59, 57, 57, 56, 56, 53, 52, 50]"
2025-07-17 00:00:01,2025-07-24 00:00:01,7578,0.36296464702457754,-0.3127989214349557,-11.725753280649508,0.8973149492017416,0.32570386334728507,"['bipartisan | congressional | congress | appropriations | funding | democrats | taxpayer | republicans | agenda | gop', 'epstein | media | surveillance | files | investigation | news | npr | donald | gop | congress', 'medicaid | healthcare | insurance | bipartisan | congressional | taxpayer | democrats | policies | republicans | health', 'crypto | legislation | congress | federal | bank | tariffs | bill | regulatory | accountability | funding', 'troops | appropriations | military | veterans | congressional | congress | funding | federal | legislation | congressman', 'bill | fiscal | bills | taxpayer | spending | tariffs | taxes | appropriations | tax | congress', 'farmers | agriculture | farm | rural | funding | infrastructure | congress | npr | tariffs | congressman', 'putin | hoax | investigation | trump | accountability | fraud | russia | news | obama | bipartisan', 'freedom | congressional | amendment | congress | honor | congressman | honored | citizens | federal | tariffs', 'glad | thank | great | finally | thanks | more | welcome | congratulations | incredible | report', 'tariffs | economy | economic | costs | spending | prices | fiscal | taxes | trump | taxpayers', 'funding | education | schools | students | appropriations | funded | school | accountability | taxpayer | congress', 'president | trump | election | promises | tariffs | obama | congress | continues | promise | bipartisan', 'bill | celebrate | honored | honor | caucus | congress | congressional | president | bills | congressman', 'honored | honor | congressman | veterans | bill | who | deserves | vital | lives | victims', 'hall | district | congressional | congressman | meeting | congress | central | washington | town | dc', 'flood | disaster | alerts | crisis | aid | emergency | infrastructure | agenda | accountability | texas', 'immigration | criminals | immigrants | enforcement | citizens | criminal | surveillance | protecting | officers | protections', 'celebrate | honored | town | visit | july | honor | city | st | central | going', 'legislation | bipartisan | bill | funding | congress | congressional | taxpayer | appropriations | policies | businesses', 'housing | afford | funding | tariffs | spending | congressional | congress | affordable | appropriations | taxpayer', 'court | bipartisan | senate | justice | congressman | congressional | congress | enforcement | oversight | amendment', 'funding | funded | appropriations | infrastructure | aid | fund | benefits | texas | congress | federal', 'veterans | va | taxpayer | troops | honored | honor | congressional | bill | military | healthcare', 'students | schools | meeting | visit | school | education | seniors | youth | district | congressman', 'federal | agencies | assistance | agency | department | district | taxpayer | dc | washington | office', 'tariffs | energy | infrastructure | economy | economic | innovation | power | policy | congress | policies', 'congratulations | celebrate | team | honored | proud | won | caucus | bills | we | honor', 'ice | enforcement | criminals | citizens | immigration | officers | surveillance | accountability | threats | protecting', 'fentanyl | drug | legislation | policy | policies | enforcement | federal | bipartisan | taxpayers | tariffs', 'flood | funding | infrastructure | water | legislation | congress | appropriations | congressional | policies | congressman', 'gaza | aid | victims | accountability | peace | disaster | war | crisis | violence | accountable', 'healthcare | medical | patients | medicaid | health | drug | policy | bipartisan | hospitals | policies', 'lewis | congressman | honor | honored | congressional | john | bill | civil | leader | congress', 'tariffs | china | enforcement | policies | allies | congress | accountability | policy | infrastructure | foreign', 'immigration | immigrants | citizens | criminals | illegal | congressional | laws | aliens | senate | border', 'immigration | immigrants | border | citizens | tariffs | congressional | trump | president | aliens | congress', 'putin | ukraine | russia | allies | bipartisan | war | trump | foreign | policy | political', 'victims | disaster | devastating | emergency | lives | crisis | hope | death | news | officers', 'accountability | accountable | transparency | surveillance | privacy | taxpayer | responsibility | taxpayers | public | enforcement', 'allies | agenda | foreign | ukraine | tariffs | bipartisan | putin | russia | policy | us', 'honored | veterans | honor | victims | congressman | mission | disaster | officers | emergency | troops', 'medicaid | taxpayer | families | healthcare | children | policies | legislation | taxpayers | kids | benefits', 'trump | donald | tariffs | policy | regulatory | policies | congress | congressional | bipartisan | agenda', 'medicaid | healthcare | taxpayer | policies | agenda | amendment | bipartisan | policy | republicans | legislation', 'chairman | federal | bipartisan | secretary | accountable | president | accountability | trump | congressman | oversight', 'tonight | tune | today | morning | radio | night | watch | broadcasting | on | early', 'congressional | congressman | district | congress | caucus | may | washington | students | officers | executive', 'funding | taxpayer | infrastructure | tariffs | congress | legislation | federal | congressional | policy | congressman', 'rescissions | accountability | amendment | rights | legislation | congressional | civil | immigration | justice | enforcement', 'read | statement | said | below | see | hear | report | learn | truth | clarity', 'biden | obama | trump | president | bipartisan | congressional | election | democrats | republicans | senate', 'pbs | broadcasting | trump | donald | news | federal | putin | npr | epstein | media']","[707, 325, 282, 257, 236, 235, 201, 184, 165, 156, 155, 152, 143, 133, 132, 129, 128, 126, 126, 124, 123, 123, 119, 114, 113, 110, 110, 109, 104, 99, 97, 89, 88, 85, 84, 80, 78, 76, 75, 69, 69, 65, 64, 63, 62, 56, 56, 55, 54, 54, 53, 51, 50]"
2025-07-20 00:00:01,2025-07-27 00:00:01,6821,0.3462126434671809,-0.30524663456446766,-11.60970718667486,0.8954931972789115,0.3106814197115716,"['medicaid | medicare | healthcare | bipartisan | democrats | congressional | republicans | taxpayer | gop | tariffs', 'epstein | media | investigation | files | news | congress | donald | congressional | gop | trump', 'honored | bill | congressional | congress | congressman | senate | celebrate | bipartisan | honor | president', 'investigation | hoax | trump | accountability | obama | fraud | bipartisan | news | democrats | accountable', 'bill | taxpayer | taxes | spending | bills | tax | tariffs | appropriations | funding | taxpayers', 'honored | veteran | honor | veterans | victims | congressman | vital | lives | served | who', 'funding | education | appropriations | schools | students | accountability | taxpayer | school | aid | taxpayers', 'appropriations | congress | taxpayer | tariffs | funding | congressional | taxpayers | legislation | federal | accountability', 'read | more | report | said | about | see | hear | glad | here | thanks', 'farmers | agriculture | rural | funding | infrastructure | tariffs | congress | appropriations | congressional | congressman', 'president | trump | election | tariffs | obama | congress | agenda | congressional | bipartisan | immigration', 'celebrate | honored | congratulations | going | team | honor | town | july | sports | won', 'gaza | hamas | israel | humanitarian | crisis | peace | aid | disaster | accountability | war', 'students | congressman | honored | meeting | met | washington | visit | district | residents | schools', 'veterans | veteran | va | honored | served | honor | military | taxpayer | bill | congressional', 'hall | district | town | meeting | congressional | congressman | washington | congress | around | residents', 'funding | appropriations | infrastructure | aid | fund | benefit | fema | benefits | funds | taxpayer', 'tariffs | economy | economic | costs | taxes | spending | prices | taxpayers | cost | tax', 'immigration | enforcement | criminals | citizens | ice | police | accountability | officers | investigation | criminal', 'immigration | citizens | criminals | congressional | aliens | congress | senate | tariffs | illegal | americans', 'healthcare | patients | medicaid | hospitals | medical | health | medicare | aid | meeting | veterans', 'enforcement | violence | threats | legislation | police | accountability | criminals | officers | threat | protecting', 'energy | tariffs | infrastructure | bipartisan | power | policies | congress | policy | economy | economic', 'congressional | appropriations | congress | veterans | funding | federal | military | veteran | legislation | congressman', 'congressional | congressman | election | texas | congress | bipartisan | voting | senate | amendment | vote', 'flood | disaster | fema | aid | funding | crisis | efforts | relief | humanitarian | texas', 'water | flood | legislation | funding | congress | infrastructure | policies | appropriations | congressional | fema', 'tariffs | china | allies | accountability | enforcement | policies | policy | congress | foreign | immigration', 'court | justice | bipartisan | senate | congressman | congressional | trump | criminal | doj | enforcement', 'ai | innovation | intelligence | policy | policies | tariffs | infrastructure | agenda | oversight | accountability', 'legislation | bipartisan | funding | businesses | business | congress | appropriations | taxpayer | congressional | policies', 'immigration | border | tariffs | agenda | congressional | protecting | bipartisan | citizens | protect | security', 'tariffs | economy | economic | trump | president | investments | market | america | immigration | foreign', 'disabilities | legislation | honored | rights | support | honor | congressional | special | efforts | policies', 'housing | funding | house | appropriations | congressional | spending | benefits | congress | taxpayer | infrastructure', 'policy | tariffs | policies | trump | donald | climate | risk | agenda | taxpayer | accountability', 'medicaid | medicare | healthcare | bipartisan | policies | agenda | policy | republicans | amendment | gop', 'legislation | coast | policies | policy | enforcement | protecting | protect | congress | congressional | congressman', 'taxpayer | humanitarian | medicaid | trump | policy | taxpayers | healthcare | fema | policies | aid', 'deliver | delivering | delivers | celebrate | honored | delivered | congratulations | honor | august | july', 'accountability | humanitarian | rights | congressional | amendment | policies | enforcement | congress | policy | oversight', 'sports | women | men | honored | officials | honor | deserves | national | committee | act', 'bipartisan | news | congressional | republicans | congress | media | democrats | funding | congressman | taxpayer', 'russia | allies | trump | war | bipartisan | hamas | policy | agenda | threat | gop', 'fraud | news | secretary | report | investigation | officer | accountable | hoax | enforcement | security', 'tune | today | morning | watch | on | around | night | early | coming | joined', 'office | washington | residents | district | dc | staff | august | assistance | may | services', 'senate | bipartisan | democrats | election | congress | trump | committee | congressional | president | republicans', 'wage | raise | minimum | workforce | taxpayers | tariffs | pay | federal | economy | workers']","[416, 322, 239, 230, 200, 197, 194, 183, 181, 174, 167, 163, 160, 146, 139, 137, 130, 129, 125, 117, 115, 112, 106, 105, 102, 90, 88, 88, 87, 84, 83, 81, 77, 76, 74, 70, 65, 64, 63, 63, 62, 62, 61, 60, 58, 58, 52, 52, 51]"
2025-07-23 00:00:01,2025-07-30 00:00:01,6638,0.3510670157918587,-0.3031983925073883,-11.809279784241925,0.8827012025901942,0.31002778640907236,"['epstein | media | files | news | donald | trump | oversight | congress | agenda | congressional', 'gaza | hamas | humanitarian | israel | aid | crisis | starvation | peace | war | accountability', 'caucus | congressional | congressman | congress | honored | senate | bipartisan | bill | president | honor', 'medicaid | healthcare | insurance | bipartisan | taxpayer | democrats | congressional | policies | republicans | health', 'district | town | hall | caucus | meeting | washington | congressional | going | visit | congress', 'taxes | taxpayer | tax | tariffs | spending | bill | bills | legislation | funding | congress', 'victims | shooting | devastating | violence | hope | humanitarian | crisis | honor | safety | peace', 'congress | congressional | tariffs | taxpayer | legislation | accountability | funding | federal | congressman | bipartisan', 'honored | veterans | veteran | honor | military | served | mission | humanitarian | officer | peace', 'funding | education | schools | students | accountability | taxpayer | school | aid | fund | funds', 'hoax | news | trump | fraud | accountability | bipartisan | obama | russia | gop | democrats', 'bipartisan | republicans | democrats | gop | medicaid | tariffs | congressional | taxpayer | republican | spending', 'congressman | congressional | congress | students | honored | leaders | caucus | meeting | district | committee', 'tariffs | economy | trump | president | economic | america | obama | congress | eu | investments', 'businesses | business | washington | capitol | industry | facility | visit | infrastructure | companies | opportunities', 'judge | court | bipartisan | justice | senate | doj | congressman | congressional | enforcement | law', 'medicaid | healthcare | parents | taxpayer | agenda | bipartisan | policy | policies | families | funding', 'funding | infrastructure | fund | funds | aid | fema | taxpayer | benefit | investments | benefits', 'tariffs | economy | economic | demand | taxes | costs | spending | tax | trump | prices', 'immigration | congressional | democrats | aliens | border | americans | congress | senate | bipartisan | republicans', 'veterans | veteran | va | honored | served | military | honor | taxpayer | service | bill', 'farmers | rural | funding | tariffs | infrastructure | congress | congressional | states | federal | congressman', 'congressional | congressman | congress | election | bipartisan | caucus | voting | texas | senate | district', 'more | great | glad | this | finally | good | thank | so | continues | after', 'climate | tariffs | policy | policies | agenda | trump | risk | accountability | donald | fema', 'energy | tariffs | infrastructure | power | economy | economic | demand | policies | policy | bill', 'ice | enforcement | immigration | accountability | police | officers | policy | congressional | policies | officer', 'senate | bipartisan | congressional | congress | democrats | election | caucus | president | republicans | trump', 'fema | flood | aid | crisis | funding | humanitarian | relief | responders | efforts | congress', 'china | tariffs | foreign | immigration | america | accountability | policy | policies | congress | enforcement', 'healthcare | health | medical | aid | medicaid | humanitarian | colleagues | funding | meeting | efforts', 'ai | intelligence | innovation | policy | policies | tariffs | infrastructure | agenda | oversight | accountability', 'immigration | border | protecting | tariffs | congressional | protect | security | bipartisan | agenda | enforcement', 'housing | funding | house | congressional | congress | taxpayer | spending | legislation | infrastructure | vote', 'accountability | immigration | humanitarian | education | accountable | students | agenda | congressional | enforcement | congress', 'disabilities | legislation | rights | honored | support | honor | medicaid | congressional | act | policies', 'federal | assistance | taxpayer | agency | district | department | admin | dc | congressman | service', 'read | see | learn | report | more | news | said | hear | below | about', 'delivering | deliver | delivers | birthday | honored | service | celebrate | honor | federal | taxpayer', 'honored | congratulations | sports | won | deserves | celebrate | honor | proud | team | happy', 'coast | protecting | guard | protect | policies | legislation | policy | enforcement | congress | congressional', 'infrastructure | legislation | funding | congress | policies | taxpayer | policy | tariffs | fema | congressional', 'visit | flood | oversight | tariffs | protecting | policy | policies | enforcement | funding | taxpayer', 'enforcement | eu | media | policy | oversight | policies | legislation | freedom | responders | allow', 'taxpayer | medicaid | humanitarian | trump | tariffs | policies | policy | agenda | fema | funding', 'israel | war | hamas | agenda | threat | policy | peace | tariffs | crisis | policies', 'medicaid | seniors | taxpayer | benefits | federal | secure | congressional | policies | veterans | spending']","[303, 250, 233, 230, 220, 212, 209, 203, 203, 197, 171, 153, 147, 143, 137, 134, 129, 126, 121, 120, 118, 114, 113, 110, 105, 97, 97, 93, 92, 92, 89, 87, 82, 80, 80, 76, 68, 64, 62, 61, 60, 58, 58, 55, 53, 52, 50]"
2025-07-26 00:00:01,2025-08-02 00:00:01,6648,0.3758195691497046,-0.2837802975330247,-11.381698443784904,0.9053140096618361,0.3409670851353042,"['medicaid | medicare | healthcare | democrats | bipartisan | insurance | congressional | republicans | policies | taxpayer', 'immigration | enforcement | congressional | accountability | protecting | congressman | tariffs | policy | policies | congress', 'honored | honor | veterans | military | served | fought | congressman | army | courage | dedication', 'funding | infrastructure | aid | housing | building | projects | residents | efforts | mayor | fund', 'gaza | hamas | humanitarian | israel | netanyahu | aid | crisis | peace | civilians | starvation', 'taxes | taxpayer | tariffs | bill | tax | spending | bipartisan | bills | congress | congressional', 'honored | celebrate | visit | july | honor | town | facility | washington | district | anniversary', 'education | funding | schools | students | accountability | school | aid | taxpayer | agenda | policies', 'victims | shooting | violence | devastating | emergency | safety | crisis | humanitarian | hope | peace', 'tariffs | economy | trump | president | deals | america | economic | congress | americans | donald', 'accountability | news | accountable | trump | oversight | bipartisan | gop | democrats | agenda | media', 'hall | meeting | congress | congressional | congressman | district | planned | town | tomorrow | around', 'tariffs | economy | taxes | economic | demand | tax | costs | taxpayer | spending | prices', 'businesses | business | industry | companies | facility | opportunities | infrastructure | manufacturing | building | services', 'epa | climate | tariffs | policy | policies | agenda | trump | risk | donald | accountability', 'intern | interns | honored | congressional | served | congressman | grateful | admin | honor | congress', 'judge | bipartisan | bove | court | senate | justice | congressman | congressional | congress | enforcement', 'farmers | rural | tariffs | funding | congress | infrastructure | congressional | epa | states | taxpayer', 'economy | economic | growth | tariffs | innovation | spending | demand | industry | trump | investment', 'read | more | said | see | learn | report | hear | about | much | statement', 'epstein | media | files | donald | news | trump | oversight | agenda | crisis | security', 'nominees | senate | bipartisan | democrats | congress | congressional | republicans | committee | congressman | trump', 'congressional | congressman | congress | bipartisan | texas | district | senate | republicans | states | democrats', 'bill | bills | congress | visit | honored | funding | washington | congressional | businesses | bipartisan', 'housing | homes | congressional | congress | house | funding | legislation | congressman | bipartisan | building', 'energy | tariffs | epa | infrastructure | policies | economy | power | policy | economic | bill', 'taxpayer | funding | accountability | accountable | tariffs | congress | oversight | spending | legislation | report', 'healthcare | cancer | funding | health | medical | medicare | medicaid | policy | aid | patients', 'medicare | medicaid | taxpayer | federal | secure | policies | gop | republicans | tariffs | congressional', 'russia | hamas | bipartisan | trump | agenda | policy | israel | policies | netanyahu | war', 'china | tariffs | foreign | america | immigration | russia | trump | americans | hamas | policy', 'veterans | va | served | honored | healthcare | military | hospitals | service | facility | visit', 'jobs | economy | tariffs | workers | hardworking | job | economic | businesses | industry | news', 'disabilities | legislation | rights | honored | support | honor | act | congressional | medicaid | policies', 'parenthood | medicaid | medicare | healthcare | gop | policy | bipartisan | policies | agenda | democrats', 'birthday | celebrate | july | anniversary | happy | day | honored | august | year | proud', 'tariffs | trump | jobs | federal | accountability | news | donald | economy | secretary | businesses', 'federal | assistance | taxpayer | medicaid | congressman | department | congressional | admin | district | residents', 'vote | congressional | democracy | congressman | congress | democrats | bipartisan | senate | legislation | republicans', 'democrats | republicans | bipartisan | republican | gop | congressional | political | agenda | democracy | senate', 'enforcement | ban | policy | media | policies | legislation | freedom | oversight | responders | rights', 'mayor | police | enforcement | victims | officers | accountability | officer | justice | violence | city', 'tomorrow | today | planned | live | morning | around | night | watch | up | coming', 'delivering | deliver | service | federal | taxpayer | residents | honored | honor | infrastructure | congress', 'veterans | va | legislation | taxpayer | bill | congressional | congress | congressman | bipartisan | served', 'emergency | safety | california | safe | devastating | news | crisis | dangerous | responders | planned']","[497, 323, 286, 283, 282, 258, 222, 201, 198, 175, 161, 159, 157, 147, 147, 144, 133, 132, 124, 119, 116, 109, 103, 94, 94, 86, 83, 82, 80, 78, 78, 77, 74, 73, 73, 70, 70, 70, 67, 66, 60, 60, 60, 57, 56, 52]"
2025-07-29 00:00:01,2025-08-05 00:00:01,6509,0.3500804343139153,-0.2971356878252924,-11.751374254047423,0.8849056603773587,0.3090071557084102,"['medicaid | medicare | healthcare | democrats | bipartisan | insurance | congressional | republicans | policies | taxpayer', 'gaza | hamas | israel | humanitarian | peace | aid | accountability | crisis | war | victims', 'honored | veterans | honor | congressman | served | bill | dedication | courage | officer | military', 'birthday | celebrate | honored | july | congratulations | veterans | anniversary | happy | honor | coast', 'congressman | congressional | district | residents | congress | washington | bipartisan | meeting | honored | town', 'victims | shooting | violence | safety | gun | peace | devastating | crisis | emergency | humanitarian', 'immigration | enforcement | accountability | ice | police | congressional | justice | officers | policy | congressman', 'businesses | industry | companies | facility | business | manufacturing | infrastructure | building | visit | innovation', 'intern | interns | congressional | congressman | honored | served | congress | grateful | district | veterans', 'bill | bills | tariffs | spending | taxpayer | taxes | legislation | congress | funding | tax', 'tariffs | economy | taxes | economic | demand | tax | costs | spending | trump | taxpayer', 'putin | news | accountability | trump | oversight | accountable | bipartisan | congress | gop | report', 'congressional | texas | bipartisan | congressman | congress | republicans | democrats | district | senate | states', 'farmers | rural | tariffs | funding | congress | infrastructure | congressional | states | benefits | taxpayer', 'education | students | schools | funding | accountability | school | aid | congressional | agenda | accountable', 'bipartisan | bove | senate | court | congressman | justice | congressional | congress | nominees | biden', 'senate | nominees | bipartisan | democrats | congress | congressional | republicans | committee | congressman | trump', 'honored | celebrate | event | july | facility | visit | town | honor | may | going', 'tariffs | trump | jobs | labor | accountability | news | donald | economy | federal | accountable', 'funding | policy | infrastructure | policies | legislation | congress | taxpayer | congressional | agenda | tariffs', 'veterans | facility | va | hospitals | visit | healthcare | served | residents | services | service', 'climate | tariffs | policy | policies | agenda | trump | risk | accountability | donald | protecting', 'epstein | media | files | donald | trump | news | oversight | innocent | justice | security', 'putin | russia | war | trump | hamas | bipartisan | policy | israel | policies | humanitarian', 'economy | economic | growth | tariffs | innovation | spending | demand | industry | investment | trump', 'labor | economy | jobs | tariffs | economic | workers | businesses | hardworking | trump | job', 'tariffs | trump | economy | president | america | economic | donald | putin | immigration | foreign', 'bipartisan | spending | taxpayer | bill | tariffs | congressional | congress | taxes | democrats | bills', 'schools | school | students | summer | august | kids | celebrate | education | may | july', 'funding | fund | aid | infrastructure | funds | projects | benefits | taxpayer | housing | humanitarian', 'housing | homes | congressional | house | congress | funding | congressman | bipartisan | legislation | vote', 'medicare | medicaid | taxpayer | federal | policies | secure | tariffs | congressional | gop | republicans', 'trump | donald | president | funding | spending | billionaires | healthcare | fund | congressional | million', 'medicaid | healthcare | medicare | bipartisan | taxpayer | policy | policies | agenda | legislation | democrats', 'immigration | border | tariffs | congressional | trump | president | agenda | bipartisan | congress | protecting', 'nasa | mission | space | military | tour | july | coast | future | congress | humanitarian', 'energy | tariffs | infrastructure | economy | policies | economic | demand | policy | power | bipartisan', 'congress | senate | congressional | bipartisan | funding | legislation | bill | congressman | veterans | bills', 'taxpayer | funding | accountability | tariffs | spending | accountable | policies | fund | oversight | congress', 'emergency | coast | safety | safe | california | devastating | florida | dangerous | crisis | valley', 'federal | assistance | taxpayer | congressional | department | congressman | medicaid | congress | district | residents', 'win | continues | won | glad | end | now | continue | congratulations | after | great', 'congratulations | team | won | celebrate | honored | bills | held | proud | win | happy', 'police | enforcement | officers | accountability | victims | officer | justice | violence | city | district', 'democrats | republicans | bipartisan | gop | republican | congressional | agenda | hamas | political | senate', 'veterans | va | taxpayer | legislation | bill | served | congressional | healthcare | congress | benefits', 'vote | congressional | democracy | congressman | congress | bipartisan | democrats | legislation | accountability | republicans', 'cancer | healthcare | funding | medical | health | medicare | medicaid | aid | policy | trump', 'china | tariffs | foreign | america | russia | immigration | trump | policy | putin | economy', 'news | media | public | congress | congressional | bipartisan | funding | democrats | agenda | republicans', 'hall | town | meeting | district | joined | tomorrow | congressional | around | congress | join', 'congressional | congress | tariffs | bipartisan | congressman | federal | legislation | senate | taxpayer | oversight', 'read | more | below | about | report | see | here | said | much | learn', 'federal | bipartisan | congress | congressman | oversight | accountability | tariffs | funding | senate | taxpayer']","[419, 249, 243, 240, 229, 178, 172, 165, 164, 157, 156, 149, 137, 134, 130, 127, 126, 119, 116, 112, 112, 110, 107, 102, 102, 98, 95, 95, 92, 91, 88, 87, 82, 81, 79, 77, 76, 76, 73, 72, 71, 69, 65, 64, 63, 60, 59, 59, 58, 58, 56, 54, 52, 50]"
2025-08-01 00:00:01,2025-08-08 00:00:01,5881,0.37559723696739505,-0.3186050824413289,-11.78350209607633,0.8965116279069768,0.336104652967985,"['citizens | enforcement | border | congressional | tariffs | accountability | justice | congress | protecting | agenda', 'medicaid | medicare | healthcare | congressional | bipartisan | hospitals | health | funding | aid | policies', 'congressional | congress | district | bipartisan | washington | residents | dc | senate | meeting | communities', 'honor | honored | veterans | veteran | soldiers | wounded | heart | heroes | dedication | courage', 'birthday | celebrate | honored | veterans | coast | veteran | honor | congratulations | anniversary | happy', 'taxes | bill | tax | bills | tariffs | spending | legislation | congress | funding | congressional', 'tariffs | economy | economic | taxes | trump | tax | costs | spending | congress | businesses', 'funding | infrastructure | congress | congressional | legislation | efforts | policy | projects | policies | building', 'congressional | bipartisan | texas | voters | democrats | congress | republicans | senate | voting | republican', 'farmers | agriculture | farm | rural | tariffs | funding | businesses | economy | states | infrastructure', 'hamas | gaza | israel | peace | victims | crisis | accountability | democracy | war | efforts', 'economy | labor | jobs | tariffs | workforce | economic | businesses | industry | trump | job', 'wounded | soldiers | victims | veterans | served | veteran | emergency | peace | fort | killed', 'veterans | veteran | va | soldiers | congressional | union | military | served | wounded | healthcare', 'businesses | business | facility | industry | companies | visit | residents | services | infrastructure | town', 'voting | vote | voters | rights | democracy | legislation | congressional | voted | accountability | senate', 'accountability | accountable | trump | news | bipartisan | congressional | congress | report | republicans | democrats', 'visit | town | valley | celebrate | tour | facility | residents | place | going | st', 'hall | meeting | town | around | joined | join | going | today | coming | meet', 'night | neighbors | residents | town | city | celebrate | communities | north | citizens | national', 'firing | workforce | jobs | tariffs | labor | trump | secretary | federal | news | accountability', 'students | school | summer | honored | education | august | celebrate | congratulations | district | may', 'read | more | thanks | glad | congratulations | thank | here | hear | about | great', 'tariffs | china | infrastructure | america | policy | innovation | accountability | policies | industry | americans', 'senate | bipartisan | democrats | congress | congressional | republicans | republican | committee | voting | trump', 'federal | assistance | agency | medicaid | department | service | congressional | services | aid | residents', 'russia | war | bipartisan | trump | hamas | tariffs | israel | foreign | policy | policies', 'epstein | files | donald | news | trump | victims | justice | security | next | accountability', 'education | students | accountability | school | funding | congressional | bipartisan | congress | agenda | accountable', 'tariffs | energy | spending | funding | infrastructure | economic | policies | economy | bill | policy', 'congressional | served | district | admin | congress | students | honored | residents | staff | officers', 'news | public | congressional | congress | funding | bipartisan | agenda | democrats | republicans | political', 'congress | senate | congressional | bipartisan | legislation | funding | bill | veterans | federal | bills', 'housing | funding | congressional | house | congress | infrastructure | residents | bipartisan | tariffs | affordable', 'healthcare | health | risk | safer | prevent | aid | protecting | funding | protect | policy', 'federal | funding | accountability | tariffs | bill | funds | congress | legislation | policies | bipartisan', 'congratulations | bills | team | celebrate | won | going | honored | we | honor | incredible', 'responders | crisis | emergency | fort | agenda | aid | florida | relief | policy | policies', 'mission | aliens | military | tour | future | facility | veterans | coast | funding | going', 'funding | aid | healthcare | medicaid | fund | trump | medicare | policy | spending | policies', 'policy | tariffs | policies | trump | prevent | agenda | risk | nuclear | donald | congress', 'snap | medicaid | funding | benefits | agenda | aid | cuts | medicare | tariffs | bipartisan', 'dc | washington | enforcement | accountability | congress | congressional | citizens | legislation | district | federal', 'medicare | medicaid | seniors | federal | benefits | policies | congressional | secure | veterans | spending']","[265, 261, 244, 234, 233, 206, 196, 183, 167, 165, 149, 149, 145, 140, 138, 135, 132, 128, 115, 112, 109, 107, 99, 99, 94, 90, 90, 88, 84, 80, 75, 74, 66, 65, 64, 63, 63, 63, 63, 59, 57, 57, 53, 51]"
2025-08-04 00:00:01,2025-08-11 00:00:01,5614,0.35057174259203233,-0.32692679367365757,-11.719443413782583,0.880841638981174,0.30843522342462604,"['congress | congressional | residents | funding | meeting | communities | businesses | infrastructure | washington | facility', 'medicaid | healthcare | hospitals | health | aid | congressional | policies | bipartisan | funding | benefits', 'bill | bills | taxes | tariffs | tax | congress | legislation | funding | congressional | bipartisan', 'tariffs | economy | economic | trump | taxes | costs | businesses | congress | president | tax', 'birthday | celebrate | honored | coast | veterans | veteran | honor | congratulations | anniversary | happy', 'farmers | farm | rural | states | tariffs | funding | state | valley | washington | texas', 'veterans | veteran | va | soldiers | union | congressional | military | servicemembers | served | wounded', 'students | district | school | honored | congratulations | residents | may | going | august | grateful', 'honor | honored | veterans | heart | purple | veteran | soldiers | wounded | heroes | dedication', 'wounded | victims | soldiers | veterans | praying | veteran | served | safer | killed | safety', 'voting | vote | voters | democracy | rights | legislation | congressional | congress | bipartisan | democrats', 'congressional | bipartisan | voters | democrats | texas | republicans | congress | republican | voting | district', 'funding | infrastructure | congress | legislation | congressional | policy | policies | bipartisan | efforts | state', 'celebrate | honored | anniversary | tour | event | august | honor | visit | birthday | going', 'tariffs | infrastructure | congress | innovation | congressional | industry | policy | policies | china | security', 'residents | neighbors | night | town | city | communities | honored | celebrate | citizens | honor', 'hamas | gaza | israel | peace | war | crisis | democracy | agenda | efforts | aid', 'hall | town | meeting | joined | around | join | going | district | coming | meet', 'read | more | hear | heard | see | much | about | learn | than | this', 'dc | washington | enforcement | district | citizens | safer | congress | congressional | government | legislation', 'housing | congressional | congress | funding | tariffs | legislation | infrastructure | bipartisan | policies | benefits', 'federal | tariffs | congress | funding | legislation | congressional | investments | bipartisan | policies | enforcement', 'honor | honored | veterans | soldiers | veteran | wounded | sacrifice | courage | served | fought', 'ice | enforcement | citizens | police | justice | policy | policies | officers | victims | congressional', 'federal | assistance | department | medicaid | congressional | service | served | services | aid | residents', 'border | trump | citizens | president | tariffs | biden | congressional | aliens | americans | congress', 'america | president | promises | tariffs | americans | trump | promise | congressional | congress | american', 'responders | crisis | victims | aid | ensuring | policies | fort | policy | relief | residents', 'education | students | funding | school | bipartisan | congressional | congress | agenda | tariffs | accountable', 'ukraine | russia | trump | war | bipartisan | tariffs | policy | agenda | policies | foreign', 'congratulations | bills | jersey | team | celebrate | won | honored | going | we | honor', 'bipartisan | democrats | republicans | congressional | congress | republican | agenda | committee | political | voting', 'health | food | benefits | medicaid | policies | agenda | healthcare | funding | aid | policy', 'trump | workforce | tariffs | jobs | secretary | federal | employees | donald | accountable | news', 'court | justice | enforcement | bipartisan | law | congress | congressional | legislation | federal | trump', 'accountable | news | trump | russia | bipartisan | congress | congressional | agenda | security | republicans', 'healthcare | risk | health | safer | aid | protecting | donald | funding | protect | policy', 'epstein | files | news | victims | donald | agenda | justice | security | police | next', 'tariffs | enforcement | congressional | trump | congress | president | bipartisan | citizens | protecting | officers', 'tariffs | energy | bill | funding | congress | policies | bipartisan | economic | infrastructure | economy', 'peace | hamas | war | president | israel | trump | biden | democracy | russia | crisis', 'funding | tariffs | budget | bipartisan | congress | congressional | economy | bills | republicans | bill', 'energy | nuclear | tariffs | infrastructure | us | states | power | america | innovation | washington']","[345, 275, 213, 211, 207, 200, 185, 183, 173, 167, 157, 150, 143, 142, 130, 125, 124, 116, 99, 95, 94, 89, 89, 86, 84, 84, 82, 80, 79, 71, 68, 68, 67, 64, 63, 63, 63, 61, 58, 56, 55, 54, 52]"
2025-08-07 00:00:01,2025-08-14 00:00:01,5580,0.35794773218208004,-0.3034892722885786,-10.47019548456248,0.9068686868686868,0.3253632863870686,"['honored | washington | celebrate | residents | district | congressional | visit | honor | meeting | congress', 'dc | washington | enforcement | crime | crimes | criminals | protecting | police | safety | district', 'tariffs | economy | economic | taxes | trump | costs | prices | tax | cost | congress', 'veterans | veteran | va | union | congressional | military | wounded | healthcare | war | served', 'farmers | farm | rural | iowa | food | funding | states | businesses | valley | tariffs', 'honor | veterans | honored | veteran | heart | purple | wounded | heroes | dedication | military', 'medicaid | healthcare | bipartisan | democrats | congressional | policies | republicans | health | aid | tariffs', 'honor | honored | veterans | veteran | wounded | courage | served | dedication | military | heroes', 'facility | industry | manufacturing | building | visit | infrastructure | tour | businesses | innovation | iowa', 'bill | taxes | tariffs | tax | economy | funding | legislation | businesses | congress | bipartisan', 'healthcare | medicaid | health | residents | aid | facility | care | veterans | services | rural', 'legislation | congress | congressional | policies | policy | bipartisan | federal | enforcement | tariffs | funding', 'bipartisan | congressional | congress | republicans | democrats | tariffs | political | republican | democrat | democracy', 'wounded | emergency | safety | killed | hope | aid | responders | officers | news | crisis', 'ice | enforcement | immigration | citizens | police | criminals | justice | officers | crimes | policy', 'funding | infrastructure | housing | building | facility | residents | city | washington | communities | district', 'fire | emergency | safety | responders | florida | residents | crisis | ensuring | news | policies', 'court | justice | enforcement | law | congress | congressional | bipartisan | legislation | federal | crimes', 'tariffs | taxes | economy | debt | trump | economic | bipartisan | budget | billionaires | bill', 'gaza | hamas | israel | peace | war | crisis | democracy | aid | agenda | efforts', 'immigration | border | citizens | tariffs | congressional | president | congress | trump | criminals | agenda', 'putin | russia | ukraine | trump | war | bipartisan | hamas | israel | foreign | policy', 'students | school | education | success | congratulations | celebrate | honored | happy | may | going', 'federal | assistance | department | congressional | district | medicaid | citizens | county | residents | congress', 'celebrate | honored | congratulations | happy | honor | year | august | proud | day | may', 'energy | tariffs | infrastructure | states | congress | economy | innovation | us | funding | america', 'education | students | school | kids | children | funding | families | policies | aid | agenda', 'tariffs | energy | funding | bill | policies | infrastructure | congress | policy | economic | economy', 'trump | tariffs | bipartisan | workforce | donald | jobs | president | secretary | congress | news', 'housing | house | funding | residents | congressional | building | infrastructure | congress | home | tariffs', 'criminals | tariffs | enforcement | trump | immigration | crimes | congressional | federal | putin | crime', 'hall | town | district | meeting | joined | around | city | residents | join | going', 'enforcement | officers | protecting | protect | police | criminals | security | safety | guard | citizens', 'visit | valley | visited | communities | residents | infrastructure | washington | farmers | place | facility', 'vote | democracy | congressional | legislation | congress | bipartisan | democrats | political | rights | democrat', 'texas | congressional | bipartisan | democrats | republicans | congress | democrat | federal | republican | states', 'read | more | see | about | here | said | much | learn | hear | less', 'peace | hamas | war | president | israel | putin | trump | biden | crisis | leaders', 'epstein | files | news | donald | crimes | trump | agenda | justice | crisis | next', 'president | promise | efforts | success | days | plan | long | tariffs | trump | policies', 'union | congressional | tariffs | congress | workers | employees | federal | labor | democrats | workforce', 'infrastructure | funding | water | valley | project | efforts | aid | facility | policies | farmers', 'citizens | immigration | congressional | americans | residents | congress | thousands | vote | american | states', 'medicaid | seniors | benefits | veterans | federal | congressional | policies | social | secure | security', 'congress | congressional | bipartisan | accountable | putin | trump | republicans | officials | security | news']","[425, 384, 246, 197, 181, 177, 164, 161, 154, 150, 130, 128, 120, 118, 106, 105, 105, 97, 95, 92, 92, 91, 91, 82, 79, 77, 76, 72, 71, 62, 61, 61, 60, 59, 57, 57, 56, 56, 54, 53, 53, 51, 50, 50, 50]"
2025-08-10 00:00:01,2025-08-17 00:00:01,5504,0.39068574972085063,-0.29792555759114825,-10.897366026416163,0.8995570321151717,0.3513647453346559,"['dc | enforcement | washington | mayor | crime | protecting | safety | crimes | criminals | police', 'retirement | retire | medicaid | seniors | benefits | decades | secure | veterans | security | lifetime', 'congressional | congress | mayor | district | washington | meeting | residents | dc | bipartisan | senate', 'tariffs | economy | inflation | economic | trump | costs | taxes | prices | cost | affordable', 'putin | russia | ukraine | trump | war | peace | president | bipartisan | biden | crisis', 'farmers | farm | rural | iowa | food | texas | washington | state | states | valley', 'facility | industry | manufacturing | businesses | infrastructure | washington | innovation | visit | workforce | tour', 'medicaid | healthcare | bipartisan | congressional | democrats | policies | health | republicans | funding | policy', 'taxes | tax | tariffs | bill | funding | bills | businesses | economy | legislation | congress', 'celebrate | honored | tour | visit | going | congratulations | anniversary | event | may | valley', 'tariffs | energy | funding | congress | infrastructure | economy | policies | bill | policy | economic', 'honored | honor | veterans | officers | mayor | military | served | leaders | leadership | who', 'emergency | safety | responders | residents | fire | infrastructure | crisis | ensuring | mayor | florida', 'legislation | congress | congressional | policies | policy | enforcement | bipartisan | federal | law | tariffs', 'enforcement | ice | criminals | crimes | police | justice | crime | policy | officers | policies', 'tariffs | economy | economic | billionaires | taxes | budget | trump | bill | funding | bipartisan', 'congressional | bipartisan | democrats | congress | republicans | senate | democracy | republican | states | political', 'healthcare | facility | medicaid | visit | residents | health | medical | services | veterans | rural', 'hall | meeting | joining | joined | around | coming | going | join | town | today', 'students | school | education | success | congratulations | happy | may | honored | going | hope', 'veterans | honored | va | served | honor | military | service | healthcare | efforts | benefit', 'border | tariffs | criminals | protecting | security | congressional | trump | protect | president | secure', 'democrats | bipartisan | republicans | congressional | congress | republican | senate | democracy | political | leaders', 'federal | assistance | department | congressional | medicaid | district | dc | congress | residents | state', 'honored | congratulations | celebrate | anniversary | honor | happy | proud | mayor | grateful | president', 'veterans | va | healthcare | congressional | union | war | military | congress | dc | legislation', 'funding | infrastructure | housing | mayor | communities | community | facility | efforts | congress | residents', 'read | more | see | discussed | much | about | said | hear | than | learn', 'tariffs | china | economy | foreign | policy | policies | economic | congress | infrastructure | america', 'infrastructure | funding | water | policies | valley | farmers | legislation | policy | efforts | project', 'housing | residents | house | funding | rural | congressional | affordable | infrastructure | congress | home', 'justice | rights | legislation | court | enforcement | law | congressional | congress | bipartisan | policy', 'peace | crisis | war | democracy | efforts | accountable | news | funding | freedom | infrastructure', 'secretary | trump | military | veterans | donald | congressional | president | biden | officers | bipartisan', 'trump | donald | funding | billionaires | president | tariffs | putin | federal | congress | congressional', 'congress | congressional | accountable | bipartisan | senate | putin | trump | security | republicans | crimes', 'education | students | school | kids | funding | children | bipartisan | parents | policies | tariffs', 'tariffs | workforce | bipartisan | jobs | trump | economy | labor | economic | accountable | congress', 'epstein | files | news | donald | crimes | trump | next | justice | crisis | release', 'leaders | congressional | students | leadership | mayor | colleagues | honored | congress | seniors | staff', 'honor | honored | war | veterans | celebrate | day | peace | historic | anniversary | proud', 'tariffs | policy | policies | congress | accountable | protecting | bipartisan | donald | infrastructure | trump', 'union | congressional | tariffs | congress | workers | employees | federal | labor | veterans | workforce']","[424, 378, 246, 218, 211, 196, 196, 183, 178, 165, 150, 144, 128, 123, 119, 114, 108, 108, 103, 101, 98, 92, 88, 88, 82, 80, 76, 72, 71, 68, 65, 65, 64, 62, 62, 60, 58, 55, 53, 52, 52, 51, 50]"
2025-08-13 00:00:01,2025-08-20 00:00:01,5466,0.34677951988838346,-0.2786423705065751,-10.193446852640925,0.9059800664451827,0.31424476540764334,"['honored | visit | tour | honor | residents | celebrate | washington | going | visited | mayor', 'retirement | retire | medicare | medicaid | seniors | benefits | decades | secure | veterans | security', 'putin | trump | russia | ukraine | peace | war | allies | president | bipartisan | biden', 'dc | enforcement | mayor | crime | washington | criminals | police | district | protecting | congressional', 'farmers | farm | iowa | rural | food | state | states | washington | texas | tariffs', 'medicaid | medicare | healthcare | bipartisan | congressional | democrats | policies | health | funding | republicans', 'industry | manufacturing | facility | businesses | innovation | infrastructure | workforce | co | tariffs | washington', 'tariffs | inflation | economy | economic | costs | trump | prices | taxes | cost | affordable', 'hall | meeting | congressional | district | town | congress | around | residents | joined | washington', 'veterans | va | healthcare | honored | military | congressional | dc | service | benefits | honor', 'healthcare | facility | medicaid | visit | residents | medical | services | health | veterans | town', 'businesses | bill | business | rural | tariffs | bills | economy | funding | infrastructure | farmers', 'tariffs | energy | policies | funding | economic | infrastructure | economy | bipartisan | power | congress', 'taxes | tax | tariffs | bill | bills | funding | economy | congress | federal | budget', 'elections | election | congressional | bipartisan | democrats | congress | republicans | voting | states | amendment', 'read | more | see | much | about | discussed | heard | better | hear | than', 'veterans | military | honored | honor | congress | congressional | tour | national | allies | nation', 'tariffs | taxes | bipartisan | congressional | economy | funding | tax | congress | democrats | republicans', 'federal | assistance | department | congressional | agency | medicaid | district | dc | congress | residents', 'ice | enforcement | criminals | police | policies | crime | crisis | congressional | protecting | tariffs', 'funding | infrastructure | housing | mayor | residents | valley | town | communities | rural | facility', 'voting | elections | vote | election | democracy | mail | trump | congressional | democrats | republicans', 'border | tariffs | criminals | trump | president | congressional | enforcement | protecting | security | congress', 'students | school | education | happy | congratulations | celebrate | progress | honored | grateful | may', 'congratulations | birthday | honored | happy | celebrate | thanks | thank | grateful | beautiful | anniversary', 'congress | putin | congressional | bipartisan | trump | senate | republicans | security | news | democrats', 'congress | congressional | federal | legislation | amendment | enforcement | law | bipartisan | tariffs | senate', 'emergency | infrastructure | crisis | residents | rural | mayor | neighbors | ensuring | relief | efforts', 'hope | emergency | lives | veterans | honor | peace | honored | care | vital | support', 'china | tariffs | allies | foreign | russia | america | economy | war | military | economic', 'peace | allies | war | crisis | democracy | efforts | news | freedom | tariffs | funding', 'infrastructure | funding | water | policies | valley | efforts | facility | ensuring | project | legislation', 'housing | house | residents | rural | funding | congressional | home | affordable | families | benefits', 'congressional | congress | tariffs | workers | federal | workforce | veterans | democrats | colleagues | policies', 'fire | emergency | safety | residents | washington | valley | relief | neighbors | mayor | lives', 'healthcare | funding | health | medical | medicaid | medicare | innovation | research | benefits | congress', 'food | funding | medicaid | farmers | serving | bipartisan | cuts | tariffs | policies | rural', 'democrats | bipartisan | republicans | republican | elections | election | congressional | senate | democracy | voting', 'august | district | veterans | congressional | facility | may | honored | students | serve | military', 'education | students | school | funding | kids | children | policies | parents | bipartisan | amendment', 'epstein | files | news | donald | trump | next | crisis | hope | release | security', 'enforcement | criminals | crime | mayor | safety | federal | states | protecting | amendment | california', 'amendment | voting | rights | vote | women | elections | election | senate | democracy | legislation']","[401, 387, 329, 226, 217, 181, 164, 162, 146, 136, 132, 129, 119, 117, 109, 107, 107, 106, 104, 97, 94, 94, 89, 83, 83, 77, 75, 75, 72, 69, 67, 65, 63, 62, 62, 62, 60, 59, 58, 56, 51, 50, 50]"
2025-08-16 00:00:01,2025-08-23 00:00:01,5426,0.34749592110851457,-0.297221515135007,-10.448174933047524,0.924252491694352,0.3217444670028003,"['meeting | congressional | hall | district | town | congress | residents | visit | going | washington', 'putin | trump | russia | ukraine | war | peace | allies | president | bipartisan | biden', 'tariffs | economy | economic | costs | affordable | budget | trump | taxes | taxpayer | cost', 'dc | enforcement | crime | criminals | washington | safer | protecting | police | safety | protect', 'farmers | farm | rural | iowa | food | grow | funding | valley | businesses | washington', 'honored | honor | congressional | congratulations | congress | proud | leadership | won | leaders | bipartisan', 'bill | tariffs | bills | taxes | taxpayer | tax | congress | legislation | economy | congressional', 'medicaid | medicare | healthcare | bipartisan | taxpayer | congressional | policies | health | democrats | funding', 'tariffs | energy | policies | taxpayer | funding | policy | economy | bipartisan | economic | congress', 'manufacturing | industry | facility | businesses | innovation | infrastructure | building | workforce | texas | washington', 'immigration | border | immigrants | tariffs | congressional | bipartisan | congress | protecting | trump | agenda', 'court | justice | law | enforcement | amendment | trump | federal | congressional | congress | legislation', 'elections | voters | congressional | election | bipartisan | democrats | republicans | congress | voting | republican', 'read | see | said | more | hear | discussed | heard | glad | much | about', 'healthcare | facility | visit | medicaid | residents | medical | health | services | veterans | service', 'voting | elections | voters | election | vote | democracy | mail | congressional | trump | democrats', 'democrats | bipartisan | republicans | congressional | republican | congress | elections | election | political | voters', 'tariffs | china | infrastructure | industry | america | economy | innovation | us | economic | states', 'students | school | student | education | congratulations | august | academy | progress | celebrate | summer', 'education | students | school | student | legislation | children | policies | kids | policy | parents', 'veterans | va | military | healthcare | taxpayer | honored | dc | congressional | service | war', 'ice | immigration | enforcement | criminals | police | policies | policy | immigrants | justice | crime', 'federal | assistance | department | taxpayer | agency | medicaid | congressional | dc | district | county', 'congratulations | happy | celebrate | honored | grateful | beautiful | thank | thanks | glad | proud', 'infrastructure | funding | congress | building | projects | city | going | benefits | progress | facility', 'immigration | enforcement | immigrants | legislation | criminals | amendment | law | safety | california | federal', 'housing | residents | house | funding | rural | congressional | home | building | infrastructure | communities', 'veterans | honored | honor | military | grateful | serve | va | bill | proud | allies', 'seniors | medicare | medicaid | veterans | congressional | benefits | taxpayer | democrats | federal | policies', 'fire | hurricane | emergency | safer | safety | residents | neighbors | valley | florida | relief', 'funding | healthcare | medicaid | medical | medicare | health | taxpayer | benefits | congress | congressional', 'infrastructure | funding | water | valley | projects | efforts | congress | project | facility | hurricane', 'peace | allies | crisis | war | news | agenda | efforts | democracy | supporting | freedom', 'food | funding | farmers | agenda | serving | tariffs | bipartisan | medicaid | cuts | congressional', 'veterans | military | honored | honor | air | national | nation | day | congressional | allies', 'allies | foreign | us | immigration | military | meeting | honor | tariffs | america | honored', 'hurricane | infrastructure | crisis | emergency | efforts | ensuring | agenda | funding | residents | relief', 'epstein | files | news | donald | trump | next | agenda | crisis | congress | justice', 'state | iowa | celebrate | michigan | washington | states | texas | honored | town | district', 'hurricane | florida | emergency | safer | risk | safety | carolina | crisis | protecting | dangerous', 'emergency | hurricane | crisis | peace | lives | safer | care | relief | safety | honor', 'carolina | proud | congratulations | celebrate | we | won | team | win | our | united', 'fentanyl | policy | enforcement | policies | agenda | america | legislation | criminals | federal | nation']","[335, 315, 271, 230, 217, 214, 200, 199, 168, 165, 128, 125, 122, 118, 118, 116, 110, 103, 95, 94, 94, 92, 92, 90, 88, 88, 82, 81, 78, 76, 73, 72, 72, 68, 65, 62, 62, 59, 58, 58, 58, 57, 50]"
2025-08-19 00:00:01,2025-08-26 00:00:01,5339,0.3374022413118136,-0.29806136294936647,-10.366239274197886,0.9153627311522048,0.3092747968304169,"['tariffs | economy | economic | funding | bipartisan | congress | policies | trump | costs | congressional', 'congressional | congress | bipartisan | washington | honored | meeting | district | bill | efforts | dc', 'enforcement | crime | dc | criminals | safer | protecting | police | safety | washington | protect', 'town | hall | meeting | going | district | visit | coming | tour | may | meet', 'justice | trump | court | congressional | accountable | bipartisan | enforcement | congress | criminals | putin', 'farmers | farm | rural | food | grow | funding | businesses | valley | washington | infrastructure', 'manufacturing | industry | businesses | facility | innovation | infrastructure | building | business | workforce | tariffs', 'putin | ukraine | russia | trump | war | peace | president | bipartisan | biden | political', 'students | school | college | education | honored | going | celebrate | august | congratulations | may', 'medicaid | medicare | healthcare | bipartisan | congressional | democrats | policies | republicans | health | tariffs', 'taxes | bill | tax | bills | tariffs | legislation | congress | funding | economy | congressional', 'immigration | border | tariffs | congressional | agenda | bipartisan | congress | trump | protecting | democrats', 'congressional | bipartisan | democrats | congress | republicans | voting | texas | republican | district | states', 'tariffs | energy | infrastructure | policies | funding | bill | policy | economic | economy | congress', 'veterans | honored | honor | military | proud | grateful | efforts | supporting | serve | war', 'read | see | this | more | great | discussed | glad | thanks | here | heard', 'housing | residents | funding | communities | building | rural | community | infrastructure | district | town', 'fire | disaster | hurricane | emergency | safer | safety | residents | efforts | relief | infrastructure', 'healthcare | medicaid | facility | residents | rural | medicare | health | medical | visit | services', 'federal | assistance | medicaid | agency | department | congressional | service | dc | residents | services', 'funding | infrastructure | congress | projects | congressional | building | efforts | benefits | facility | federal', 'peace | crisis | war | agenda | disaster | news | efforts | democracy | supporting | accountable', 'tariffs | infrastructure | energy | us | states | industry | america | bipartisan | economy | congress', 'congratulations | carolina | proud | won | team | we | win | celebrate | our | united', 'healthcare | funding | health | medicaid | medical | medicare | benefits | policy | policies | donald', 'immigration | enforcement | legislation | law | safety | federal | criminals | policy | safer | california', 'emergency | disaster | safety | safer | hurricane | honored | veterans | crisis | lives | honor', 'veterans | va | military | healthcare | honored | dc | service | congressional | staff | war', 'military | veterans | honored | tour | congress | innovation | air | congressional | industry | our', 'enforcement | ice | police | policy | policies | criminals | protecting | security | justice | officials', 'epstein | files | news | next | donald | trump | agenda | justice | congress | crisis', 'voting | vote | mail | democracy | congressional | voted | republicans | democrats | trump | bipartisan', 'foreign | tariffs | immigration | us | america | military | war | meeting | peace | innovation', 'food | serving | farmers | funding | medicaid | agenda | bipartisan | congressional | efforts | rural', 'park | honored | celebrate | visited | visit | national | birthday | veterans | historic | honor', 'birthday | celebrate | congratulations | happy | honored | day | grateful | august | may | glad', 'water | infrastructure | valley | funding | projects | project | efforts | facility | congress | farmers', 'hurricane | disaster | emergency | florida | safer | risk | safety | crisis | safe | dangerous']","[337, 325, 281, 232, 212, 199, 197, 197, 180, 178, 163, 160, 146, 142, 125, 115, 109, 98, 93, 92, 91, 89, 88, 86, 86, 86, 84, 81, 69, 68, 65, 62, 58, 57, 54, 54, 53, 52]"
2025-08-22 00:00:01,2025-08-29 00:00:01,5429,0.3379046084008425,-0.2975967849663917,-11.000943467315386,0.9239024390243903,0.312017162421031,"['prayers | victims | praying | violence | tragedy | peace | disaster | shooting | crisis | minneapolis', 'dc | enforcement | crime | mayor | washington | criminals | chicago | protecting | safety | fema', 'town | hall | meeting | district | visit | minneapolis | tour | going | residents | washington', 'farmers | farm | rural | businesses | industry | funding | valley | infrastructure | minnesota | grow', 'medicaid | healthcare | bipartisan | congressional | policies | democrats | republicans | tariffs | health | fema', 'infrastructure | funding | fema | projects | congress | efforts | valley | aid | building | congressional', 'taxes | tax | bill | tariffs | bills | funding | legislation | economy | congress | federal', 'schools | students | school | teachers | celebrate | education | honored | going | happy | progress', 'veterans | afghanistan | honor | victims | sacrifice | sgt | honored | courage | tragic | remember', 'honored | veterans | honor | governor | sgt | virginia | vital | mayor | prayers | courage', 'fed | federal | trump | tariffs | cook | governor | president | donald | bipartisan | funding', 'tariffs | economy | economic | demand | costs | taxes | businesses | prices | trump | tax', 'justice | court | trump | accountability | enforcement | innocent | law | amendment | bipartisan | president', 'immigration | bipartisan | congressional | democrats | tariffs | congress | trump | republicans | policies | president', 'manufacturing | industry | businesses | facility | innovation | building | infrastructure | business | workforce | opportunities', 'infrastructure | facility | veterans | innovation | corps | industry | military | funding | congress | dc', 'education | schools | students | teachers | kids | children | accountability | funding | school | parents', 'cdc | healthcare | donald | rfk | health | trump | medical | fema | accountability | dr', 'veterans | va | honored | virginia | military | congressional | sgt | corps | honor | service', 'tariffs | energy | infrastructure | fema | power | policies | demand | policy | bill | trump', 'equality | amendment | women | celebrate | honored | honor | rights | independence | equal | day', 'congressional | bipartisan | congress | democrats | voting | republicans | texas | states | governor | republican', 'federal | assistance | medicaid | agency | service | residents | department | services | congressional | responders', 'gaza | aid | crisis | victims | peace | disaster | war | accountability | tragedy | efforts', 'fire | disaster | fema | safety | responders | residents | florida | neighbors | corps | honored', 'putin | ukraine | afghanistan | war | trump | bipartisan | political | disastrous | policy | attack', 'bill | bills | governor | washington | congress | honored | congressional | district | bipartisan | virginia', 'tariffs | security | protecting | enforcement | protect | accountability | infrastructure | secure | congress | immigration', 'anniversary | honored | celebrate | park | visited | year | august | honor | day | march', 'team | we | celebrate | won | our | bills | win | proud | united | minnesota', 'fema | disaster | crisis | responders | risk | victims | disastrous | accountability | tragedy | fire', 'march | honor | washington | honored | celebrate | civil | progress | peace | president | dc', 'immigration | justice | criminals | enforcement | innocent | victims | trump | crime | accountability | putin', 'union | labor | congressional | workers | veterans | congress | workforce | federal | colleagues | tariffs', 'joined | today | on | working | around | morning | up | doing | join | live', 'security | secure | accountability | data | protecting | enforcement | immigration | donald | protect | congressional', 'energy | tariffs | infrastructure | economy | innovation | power | funding | industry | economic | states', 'voting | congressional | vote | amendment | congress | democracy | accountability | legislation | enforcement | bipartisan', 'schools | military | veterans | training | students | corps | facility | serve | honor | district', 'housing | building | house | residents | funding | congressional | infrastructure | congress | mayor | home', 'enforcement | ice | accountability | immigration | policy | policies | congressional | criminals | justice | security']","[385, 239, 233, 206, 198, 193, 169, 146, 145, 136, 134, 134, 133, 128, 125, 112, 106, 102, 101, 97, 95, 91, 89, 87, 85, 82, 80, 79, 78, 78, 77, 70, 67, 64, 62, 61, 58, 57, 56, 54, 54]"
2025-08-25 00:00:01,2025-09-01 00:00:01,5472,0.35262805999756486,-0.3032680834928564,-10.951694884218716,0.9141695702671313,0.3228356797952699,"['prayers | victims | praying | katrina | violence | peace | tragedy | shooting | disaster | children', 'congressional | hall | district | congress | meeting | town | washington | mayor | residents | honored', 'dc | enforcement | crime | mayor | criminals | katrina | washington | chicago | safer | fema', 'farmers | farm | rural | businesses | funding | valley | industry | thrive | infrastructure | grow', 'industry | infrastructure | manufacturing | innovation | facility | building | workforce | veterans | businesses | military', 'medicaid | healthcare | bipartisan | congressional | democrats | policies | republicans | katrina | fema | health', 'afghanistan | veterans | honor | victims | sgt | sacrifice | honored | war | courage | remember', 'tariffs | energy | infrastructure | fema | economy | power | funding | demand | congress | policies', 'taxes | tax | tariffs | bill | bills | funding | economy | congress | bipartisan | congressional', 'cdc | healthcare | donald | rfk | health | trump | medical | safer | fema | katrina', 'fed | federal | trump | tariffs | cook | governor | donald | president | bipartisan | firing', 'tariffs | economy | economic | demand | taxes | costs | trump | policies | bipartisan | tax', 'immigration | enforcement | criminals | justice | victims | crime | congressional | innocent | tariffs | crisis', 'schools | students | school | student | teachers | education | progress | happy | going | honored', 'healthcare | facility | medicaid | visit | medical | residents | services | cdc | health | aid', 'tour | going | park | visit | minneapolis | honored | visited | celebrate | town | march', 'fire | safety | disaster | katrina | safer | fema | firing | hurricane | responders | protecting', 'veterans | va | honored | virginia | honor | congressional | military | sgt | corps | dc', 'trump | democracy | president | political | leaders | freedom | policy | amendment | bipartisan | democrats', 'equality | women | amendment | celebrate | rights | honor | honored | equal | independence | day', 'funding | congress | congressional | tariffs | federal | legislation | budget | bipartisan | policies | government', 'immigration | border | agenda | tariffs | congressional | congress | bipartisan | policies | trump | policy', 'federal | assistance | agency | congressional | medicaid | residents | aid | service | district | services', 'celebrate | we | team | ohio | going | won | our | minnesota | go | continues', 'labor | workers | congressional | veterans | congress | workforce | federal | tariffs | democrats | fema', 'infrastructure | funding | water | katrina | hurricane | congress | fema | governor | project | efforts', 'trump | afghanistan | war | iran | peace | bipartisan | political | biden | president | crisis', 'marine | honored | birthday | veterans | honor | sgt | celebrate | military | anniversary | march', 'businesses | business | rural | industry | opportunities | economy | farmers | thrive | infrastructure | services', 'katrina | fema | disaster | hurricane | crisis | responders | fire | trump | risk | agenda', 'security | secure | data | protecting | enforcement | protect | doge | immigration | information | katrina', 'housing | homes | congressional | congress | house | legislation | bipartisan | funding | residents | katrina', 'march | honor | honored | washington | civil | celebrate | progress | peace | dc | fought', 'congressional | schools | students | congress | august | veterans | district | honored | may | military', 'park | honored | visited | celebrate | anniversary | washington | veterans | visit | reserve | national', 'gaza | victims | peace | disaster | crisis | war | tragedy | violence | news | iran', 'congressional | congress | bipartisan | texas | amendment | states | vote | republicans | district | democrats', 'court | justice | law | enforcement | bipartisan | amendment | congressional | federal | innocent | legislation', 'honored | tragic | victims | mayor | veterans | governor | vital | killed | honor | loved', 'funding | tariffs | trump | congress | federal | congressional | bipartisan | aid | president | policies', 'military | war | protecting | protect | security | congress | tariffs | infrastructure | fema | veterans', 'joined | morning | join | today | up | around | night | doing | on | working']","[409, 280, 223, 221, 181, 179, 169, 164, 147, 146, 139, 137, 135, 127, 120, 111, 109, 108, 97, 95, 90, 89, 86, 85, 85, 83, 81, 80, 80, 76, 72, 69, 67, 67, 64, 60, 60, 59, 57, 55, 55, 53]"
2025-08-28 00:00:01,2025-09-04 00:00:01,5434,0.3410469039577089,-0.2974593210854368,-11.025667844956052,0.9017073170731708,0.3089195684281633,"['labor | workers | union | worker | unions | celebrate | workforce | honored | honor | day', 'congressional | congress | washington | mayor | district | residents | bipartisan | meeting | visit | state', 'crime | enforcement | mayor | dc | safer | police | chicago | safety | washington | protecting', 'vaccines | cdc | healthcare | donald | health | rfk | trump | medical | fema | safer', 'epstein | petition | victims | files | cdc | news | justice | rights | crisis | release', 'honored | veterans | honor | served | mayor | bill | congressional | fought | dedication | courage', 'medicaid | healthcare | bipartisan | congressional | democrats | republicans | policies | bill | congress | tariffs', 'students | schools | school | teachers | honored | congratulations | education | progress | district | honor', 'victims | violence | peace | survivors | children | fema | gun | safer | safety | protecting', 'farmers | farm | rural | businesses | funding | valley | colorado | tariffs | industry | washington', 'facility | infrastructure | industry | manufacturing | businesses | workforce | innovation | building | opportunities | visit', 'tariffs | energy | infrastructure | fema | congress | policies | funding | bipartisan | policy | power', 'immigration | enforcement | ice | policy | policies | border | justice | crisis | congressional | crime', 'bipartisan | congress | congressional | legislation | senate | federal | bill | policies | tariffs | agenda', 'trump | tariffs | funding | congress | congressional | federal | bipartisan | president | donald | government', 'healthcare | medicaid | medical | facility | residents | health | rural | services | cdc | veterans', 'honored | congressional | bipartisan | honor | senate | served | congress | veterans | congratulations | proud', 'taxes | tax | tariffs | congressional | congress | bipartisan | federal | democrats | economy | medicaid', 'celebrate | we | going | ohio | team | won | go | congratulations | over | continues', 'businesses | business | rural | town | communities | residents | farmers | opportunities | infrastructure | industry', 'gaza | peace | crisis | survivors | efforts | allies | war | agenda | victims | disaster', 'fema | disaster | congress | bipartisan | crisis | congressional | agenda | policies | efforts | survivors', 'read | congratulations | thanks | thank | grateful | welcome | happy | beautiful | incredible | progress', 'infrastructure | water | funding | valley | fema | farmers | congress | policies | efforts | colorado', 'bill | bills | congress | bipartisan | congressional | funding | tariffs | legislation | agenda | fema', 'tariffs | immigration | enforcement | trump | america | president | crime | putin | protecting | fema', 'march | honor | honored | washington | celebrate | civil | progress | peace | president | fought', 'honor | war | honored | veterans | allies | fought | historic | military | decades | survivors', 'putin | trump | allies | war | foreign | bipartisan | agenda | political | biden | policy', 'china | tariffs | allies | america | foreign | war | immigration | protecting | military | policy', 'federal | assistance | congressional | medicaid | residents | department | district | services | service | congress', 'veterans | served | honored | virginia | military | honor | healthcare | congressional | victims | dc', 'economy | tariffs | economic | labor | wages | workforce | immigration | trump | industry | jobs', 'housing | house | residents | congressional | building | mayor | congress | funding | vote | infrastructure', 'federal | trump | bipartisan | president | tariffs | congress | donald | enforcement | congressional | accountable', 'schools | education | students | tariffs | school | teachers | funding | economy | economic | kids', 'hall | honored | town | district | honor | meeting | residents | mayor | visit | members', 'tariffs | taxes | economy | congress | federal | economic | bipartisan | tax | policies | congressional', 'space | washington | military | congress | congressional | move | states | texas | immigration | fema', 'tariffs | prices | economy | economic | costs | cost | affordable | trump | wages | dollars', 'today | watch | morning | live | night | news | up | during | on | doing']","[465, 233, 222, 198, 194, 158, 155, 152, 152, 143, 129, 122, 120, 118, 110, 108, 98, 94, 92, 87, 85, 82, 78, 75, 74, 73, 72, 71, 71, 70, 70, 70, 69, 68, 68, 67, 56, 56, 54, 54, 52]"
2025-08-31 00:00:01,2025-09-07 00:00:01,5970,0.3625150944090242,-0.30893012574441003,-11.78499218813475,0.898299319727891,0.32437852435359066,"['labor | workers | union | unions | worker | celebrate | employees | workforce | unemployment | honor', 'tariffs | economy | unemployment | economic | labor | trump | wages | jobs | businesses | workforce', 'epstein | victims | cdc | petition | files | news | justice | accountability | rights | oversight', 'farmers | rural | businesses | valley | washington | infrastructure | funding | residents | colorado | visit', 'crime | criminals | enforcement | mayor | safer | dc | police | safety | washington | protecting', 'honored | honor | veterans | mayor | served | bill | dedication | jr | fought | congressional', 'medicaid | medicare | healthcare | bipartisan | democrats | congressional | republicans | tariffs | policies | gop', 'congressional | congress | district | mayor | residents | washington | town | meeting | bipartisan | honored', 'tariffs | energy | fuel | fema | bill | bipartisan | gop | congress | republicans | funding', 'taxes | tax | tariffs | spending | families | congressional | medicaid | federal | congress | medicare', 'criminals | tariffs | enforcement | drug | immigration | trump | fentanyl | protecting | crime | president', 'rfk | jr | resign | donald | vaccine | trump | healthcare | epstein | fema | vaccines', 'fema | disaster | federal | congress | policies | survivors | infrastructure | policy | congressional | accountability', 'students | school | honored | education | academy | progress | celebrate | happy | proud | district', 'today | morning | tune | coming | around | on | watch | up | night | doing', 'read | report | see | said | truth | hear | heard | more | here | learn', 'congress | congressional | legislation | bipartisan | senate | federal | oversight | policies | progress | tariffs', 'celebrate | going | team | go | we | alabama | won | bills | win | over', 'alabama | washington | space | military | capitol | troops | states | texas | congress | congressional', 'trump | billionaires | donald | appropriations | congress | accountability | funding | congressional | president | spending', 'healthcare | medicaid | visit | residents | medical | services | medicare | health | cdc | service', 'judge | bipartisan | justice | court | senate | congressional | congress | accountability | democrats | enforcement', 'immigration | border | tariffs | congressional | trump | agenda | bipartisan | children | biden | congress', 'congress | legislation | bill | congressional | bipartisan | federal | appropriations | funding | bills | senate', 'peace | allies | war | crisis | accountability | efforts | victims | democracy | threat | survivors', 'chicago | troops | military | officers | protecting | guard | enforcement | veterans | protect | threat', 'freedom | rights | democracy | accountability | legislation | enforcement | government | congressional | policy | policies', 'victims | violence | accountability | gun | survivors | protecting | safety | safer | bipartisan | protect', 'energy | bill | funding | appropriations | congress | infrastructure | congressional | fema | legislation | tariffs', 'honor | war | honored | veterans | allies | fought | historic | military | survivors | troops', 'congress | congressional | tariffs | bipartisan | trading | legislation | federal | investments | senate | oversight', 'food | medicaid | agenda | farmers | funding | benefits | efforts | rural | families | serve', 'vaccine | vaccines | healthcare | safer | risk | health | cdc | protecting | protect | safety', 'military | protecting | protect | policy | fema | troops | secure | security | policies | war', 'veterans | troops | military | served | healthcare | victims | honored | war | honor | congressional', 'housing | house | funding | residents | building | infrastructure | affordable | congressional | vote | congress', 'china | chinese | tariffs | allies | foreign | america | immigration | war | economy | infrastructure', 'education | students | funding | school | appropriations | tariffs | bipartisan | accountability | agenda | spending', 'federal | assistance | congressional | department | residents | district | congress | medicaid | served | admin', 'honored | honor | celebrate | served | grateful | president | met | hall | meeting | committee', 'senate | honored | bipartisan | served | congressional | veterans | honor | she | her | bill', 'allies | trump | war | bipartisan | threat | foreign | troops | policy | tariffs | policies', 'enforcement | congressional | federal | guard | immigration | law | troops | officers | military | illegal', 'ice | enforcement | immigration | officers | police | accountability | criminals | protecting | protect | policy', 'secretary | trump | president | healthcare | donald | resign | vaccine | cdc | administration | accountability', 'vote | congressional | democracy | democrats | democrat | bipartisan | republicans | congress | political | accountability', 'senate | bipartisan | congress | democrats | congressional | committee | president | democrat | republicans | trump', 'bill | bills | congress | appropriations | funding | tariffs | bipartisan | spending | legislation | congressional', 'fentanyl | drug | tariffs | fema | policies | policy | enforcement | bipartisan | federal | agenda']","[418, 304, 301, 253, 227, 204, 188, 181, 152, 132, 127, 122, 107, 106, 100, 96, 95, 95, 94, 93, 93, 91, 86, 84, 83, 83, 81, 77, 75, 74, 73, 70, 69, 69, 66, 65, 65, 63, 60, 60, 60, 58, 58, 57, 54, 54, 53, 52, 52]"
2025-09-03 00:00:01,2025-09-10 00:00:01,6943,0.37373628387618135,-0.31214279290010516,-12.710107645781514,0.9088961038961039,0.33901105724625935,"['tariffs | economy | unemployment | economic | labor | trump | demand | jobs | billionaires | businesses', 'epstein | victims | files | news | petition | donald | justice | innocent | trump | accountability', 'farmers | rural | washington | valley | district | residents | businesses | congress | infrastructure | congressional', 'honored | honor | veterans | mayor | survivors | dedication | mission | troops | victims | bill', 'medicaid | medicare | healthcare | insurance | bipartisan | democrats | taxpayer | congressional | republicans | tariffs', 'crime | criminals | criminal | enforcement | safer | mayor | police | protecting | citizens | democrats', 'immigration | enforcement | citizens | justice | criminals | police | protecting | accountability | amendment | policy', 'taxes | tax | taxpayer | tariffs | spending | families | reform | congressional | federal | family', 'bipartisan | congress | legislation | congressional | bill | senate | federal | reform | appropriations | funding', 'immigration | border | congressional | bipartisan | tariffs | citizens | congress | agenda | reform | trump', 'hamas | israel | peace | victims | threats | allies | threat | crisis | survivors | accountability', 'chicago | military | troops | fema | threats | threat | dc | enforcement | protecting | donald', 'fema | disaster | fire | survivors | infrastructure | policies | crisis | congress | ensuring | policy', 'rfk | kennedy | jr | resign | trump | donald | vaccine | epstein | fema | healthcare', 'honored | honor | president | congressional | celebrate | congress | committee | congratulations | nominees | meeting', 'military | congress | congressional | troops | funding | federal | appropriations | veterans | fema | legislation', 'celebrate | tour | visit | honored | place | city | going | august | residents | birthday', 'senate | nominees | bipartisan | congress | democrats | congressional | republicans | democrat | committee | trump', 'criminals | victims | crime | justice | innocent | criminal | judge | accountability | iryna | violence', 'education | students | schools | school | appropriations | funding | accountability | bipartisan | congressional | agenda', 'housing | house | residents | funding | building | reform | infrastructure | congressional | congress | home', 'tariffs | criminals | immigration | enforcement | drug | trump | america | fentanyl | congressional | president', 'healthcare | medicaid | medical | services | visit | medicare | health | residents | veterans | funding', 'trump | politics | accountability | donald | fema | political | justice | gop | news | president', 'celebrate | bills | team | we | going | go | our | win | congratulations | won', 'schools | students | school | education | academy | honored | district | honor | mayor | efforts', 'funding | appropriations | infrastructure | bill | congress | fema | water | legislation | energy | congressional', 'vaccine | vaccines | prevention | healthcare | health | prevent | safer | risk | protecting | protect', 'today | tune | watch | morning | on | night | around | during | live | coming', 'judges | judge | court | justice | bipartisan | senate | nominees | congressional | congress | enforcement', 'federal | assistance | taxpayer | agency | residents | congressional | department | citizens | service | district', 'glad | thank | thanks | welcome | grateful | incredible | happy | best | congratulations | great', 'tariffs | energy | fuel | demand | power | trump | fema | economic | economy | infrastructure', 'food | medicaid | funding | agenda | serving | farmers | benefits | taxpayer | efforts | bipartisan', 'veterans | va | healthcare | troops | medicaid | victims | taxpayer | congressional | military | medicare', 'china | tariffs | chinese | allies | foreign | america | threats | israel | hamas | war', 'academy | nominees | veterans | military | schools | serve | officers | joining | honor | service', 'congressional | congress | bipartisan | tariffs | trading | legislation | senate | investments | federal | reform', 'tariffs | republicans | bipartisan | gop | energy | democrats | republican | congressional | congress | bill', 'congressional | congress | meeting | district | hall | residents | washington | dc | around | capitol', 'war | military | troops | veterans | department | president | secretary | allies | peace | congress', 'space | washington | military | mission | capitol | troops | states | fema | congress | texas', 'birthday | celebrate | congratulations | honored | happy | proud | honor | august | day | state', 'workers | labor | unemployment | workforce | congressional | colleagues | tariffs | congress | federal | benefits', 'tariffs | congress | energy | bipartisan | policy | policies | congressional | reform | fuel | fema', 'vote | congressional | democracy | democrats | amendment | democrat | bipartisan | congress | republicans | citizens', 'kids | children | enforcement | accountability | safety | oversight | policy | security | threats | parents', 'kennedy | secretary | trump | president | donald | healthcare | vaccine | politics | resign | accountability', 'congressional | congress | bipartisan | republicans | democrats | gop | senate | federal | funding | policies', 'freedom | democracy | peace | democrats | bipartisan | agenda | amendment | god | accountability | america', 'allies | trump | war | threat | bipartisan | tariffs | troops | foreign | threats | hamas', 'fentanyl | drug | tariffs | prevention | policies | policy | fema | enforcement | bipartisan | federal', 'rights | amendment | freedom | citizens | democracy | government | legislation | law | accountability | policies', 'funding | appropriations | taxpayer | farmers | fema | infrastructure | congress | benefits | congressional | policies', 'gun | victims | violence | accountability | safer | safety | protect | protecting | survivors | violent', 'biden | president | senate | bipartisan | accountability | trump | kennedy | reform | secretary | oversight']","[422, 333, 252, 238, 234, 223, 171, 170, 158, 138, 137, 137, 136, 129, 127, 123, 122, 116, 109, 103, 101, 101, 100, 100, 98, 97, 96, 90, 88, 86, 86, 84, 80, 72, 71, 70, 70, 70, 69, 67, 66, 65, 65, 64, 62, 60, 59, 59, 58, 57, 56, 55, 54, 53, 50, 50]"
2025-09-06 00:00:01,2025-09-13 00:00:01,7464,0.3350499608413583,-0.28881215883400724,-9.88620716489608,0.9273376623376623,0.3098251531881778,"['survivors | bravery | heroism | honor | terrorists | victims | resilience | disaster | veterans | terror', 'tariffs | economy | economic | trump | labor | spending | businesses | bipartisan | congress | president', 'medicaid | healthcare | insurance | democrats | congressional | republicans | bipartisan | policies | tariffs | health', 'kirk | charlie | courage | donald | congressman | prayers | heroism | conservative | bravery | assassination', 'washington | congressman | congressional | congress | honored | dc | capitol | senate | fellow | district', 'legislation | congress | congressional | bill | bipartisan | congressman | policies | tariffs | policy | federal', 'trump | congress | congressional | president | bipartisan | congressman | tariffs | donald | accountability | federal', 'immigration | enforcement | justice | citizens | criminals | police | protecting | accountability | amendment | rights', 'kirk | prayers | charlie | violence | violent | praying | prayer | pray | assassination | peace', 'veterans | honored | honor | served | military | congressman | servicemembers | fellow | congressional | dc', 'epstein | media | news | files | donald | trump | victims | murdered | assassination | innocent', 'violence | kirk | violent | assassination | terrorist | terrorists | murder | murdered | tragedy | shooting', 'congressional | veterans | congress | amendment | bipartisan | military | legislation | congressman | federal | policy', 'violence | violent | peace | threat | threats | terrorist | terrorists | fighting | terror | political', 'celebrate | anniversary | honored | visit | event | city | place | going | birthday | valley', 'senate | bipartisan | nominees | congress | democrats | congressional | republicans | democrat | congressman | committee', 'ndaa | nato | federal | congressional | funding | congress | veterans | military | fy | legislation', 'criminals | crime | criminal | justice | enforcement | innocent | victims | accountability | murder | police', 'israel | terrorists | terrorist | terror | peace | threats | victims | threat | war | crisis', 'farmers | rural | funding | congress | congressional | congressman | tariffs | infrastructure | bill | legislation', 'healthcare | medicaid | health | services | visit | servicemembers | veterans | care | service | staff', 'immigration | border | congressional | congress | bipartisan | tariffs | citizens | congressman | agenda | legislation', 'prayer | prayers | praying | pray | faith | peace | freedom | god | democracy | bravery', 'kirk | prayers | praying | prayer | charlie | pray | god | faith | hope | sacrifice', 'tariffs | energy | policies | congress | bipartisan | policy | power | bill | infrastructure | funding', 'taxes | tax | tariffs | spending | families | federal | benefits | economy | labor | medicaid', 'putin | nato | russia | ukraine | threat | terrorist | terrorists | bipartisan | war | threats', 'iryna | zarutska | victims | assassination | murder | murdered | criminals | innocent | crime | justice', 'federal | assistance | department | district | agency | congressional | congressman | dc | service | services', 'shooting | violence | gun | violent | schools | victims | safety | assassination | accountability | shot', 'funding | infrastructure | efforts | congress | fund | disaster | congressional | congressman | policies | federal', 'crime | criminals | democrats | criminal | enforcement | bipartisan | democrat | accountability | police | dc', 'charlie | prayers | prayer | praying | pray | peace | terror | devastating | courage | bravery', 'housing | house | building | funding | congressional | infrastructure | congress | congressman | home | efforts', 'chicago | trump | washington | dc | donald | threat | president | threats | states | enforcement', 'truth | right | glad | but | unacceptable | best | horrific | true | incredible | devastating', 'celebrate | bills | fellow | team | we | going | our | won | today | go', 'enforcement | accountability | children | kids | threats | legislation | security | safety | parents | policy', 'disaster | safety | safer | ensuring | responders | infrastructure | protecting | danger | resilience | protect', 'education | students | schools | funding | college | amendment | benefits | legislation | congressional | bipartisan', 'prevention | healthcare | health | prevent | safer | shot | risk | cancer | medicaid | accountability', 'assassination | charlie | kirk | justice | murdered | murder | innocent | victims | criminal | killed', 'schools | students | education | school | college | university | academy | funding | efforts | district', 'tariffs | china | nato | foreign | immigration | america | us | policy | accountability | threats', 'honored | congressman | honor | heroism | tragic | bill | legacy | who | historic | deserves', 'suicide | resilience | crisis | assistance | call | calling | helping | lives | support | care', 'watch | today | live | morning | on | coming | doing | night | joining | working', 'academy | nominees | college | servicemembers | veterans | schools | served | serve | congressman | military', 'congress | states | infrastructure | state | congressional | communities | capitol | washington | funding | chicago', 'criminals | tariffs | terrorists | trump | terror | terrorist | immigration | america | enforcement | congressional', 'congressional | republicans | bipartisan | democrats | congress | republican | democrat | senate | policies | politics', 'prayers | praying | prayer | kirk | pray | charlie | utah | faith | god | hope', 'fire | disaster | safety | federal | survivors | safer | policies | responders | policy | tragedy', 'honored | celebrate | rose | president | honor | served | met | meeting | congressman | congressional', 'birthday | honored | celebrate | her | she | anniversary | honor | erika | happy | hope', 'medicaid | food | serving | funding | agenda | farmers | rural | benefits | bipartisan | efforts']","[610, 298, 241, 209, 198, 189, 179, 175, 174, 170, 160, 153, 137, 132, 126, 126, 124, 120, 118, 117, 117, 117, 117, 117, 115, 107, 106, 106, 105, 104, 103, 98, 97, 96, 94, 91, 89, 87, 86, 85, 84, 79, 72, 72, 71, 70, 68, 65, 63, 63, 62, 59, 58, 53, 52, 51]"
2025-09-09 00:00:01,2025-09-16 00:00:01,7335,0.34720935515110124,-0.30645464149740553,-10.42541959139218,0.9212741087083577,0.3200284944880901,"['honoring | survivors | bravery | heroism | honor | terrorists | victims | resilience | honored | veterans', 'congressman | washington | congressional | congress | dc | capitol | honoring | honored | district | visit', 'congressional | congress | amendment | legislation | veterans | bipartisan | federal | troops | congressman | military', 'tariffs | economy | economic | trump | billionaires | businesses | costs | president | donald | affordable', 'medicare | medicaid | healthcare | insurance | democrats | republicans | congressional | bipartisan | tariffs | policies', 'kirk | assassination | charlie | violence | violent | murder | terrorist | murdered | terrorists | tragedy', 'violence | violent | terrorists | threats | terrorist | threat | peace | terror | political | fighting', 'read | glad | report | said | more | see | discussed | hear | thanks | thank', 'farmers | rural | congress | funding | congressional | ohio | congressman | infrastructure | states | contributions', 'healthcare | patients | medicaid | health | medicare | honoring | funding | contributions | veterans | benefits', 'prayers | praying | prayer | kirk | violence | peace | pray | violent | charlie | terrorist', 'kirk | charlie | donald | conservative | courage | congressman | republican | honoring | patriot | putin', 'senate | bipartisan | nominees | congress | democrats | congressional | republicans | democrat | congressman | republican', 'veterans | honoring | honored | honor | served | troops | military | servicemembers | congressman | congressional', 'healthcare | prevention | health | cancer | risk | prevent | medicaid | donald | politics | safer', 'putin | russia | ukraine | bipartisan | threat | terrorist | terrorists | trump | hamas | war', 'charlie | prayers | prayer | praying | honoring | pray | terror | peace | bravery | devastating', 'enforcement | immigration | justice | citizens | criminals | latino | police | hispanic | accountability | protecting', 'trump | congress | tariffs | congressional | president | bipartisan | donald | congressman | federal | politics', 'hispanic | celebrating | celebrate | latino | heritage | honoring | anniversary | honored | immigration | honor', 'epstein | media | files | news | victims | donald | trump | murdered | assassination | justice', 'honoring | honored | congressman | honor | bill | veterans | heroism | contributions | fellow | served', 'kirk | charlie | prayers | tragic | prayer | loved | pray | praying | family | lives', 'kirk | prayers | praying | prayer | charlie | pray | god | faith | sacrifice | hope', 'hamas | israel | terrorists | terrorist | peace | terror | war | threats | crisis | threat', 'shooting | violence | gun | violent | victims | schools | safety | assassination | shot | accountability', 'education | students | schools | funding | college | school | amendment | accountability | university | benefits', 'legislation | policies | congress | congressional | bill | policy | law | congressman | tariffs | amendment', 'tax | tariffs | families | federal | economy | benefits | congressional | family | cuts | medicaid', 'tariffs | policies | energy | policy | bipartisan | congress | funding | congressional | economic | politics', 'kirk | assassination | shooting | violence | violent | murdered | gun | murder | tragedy | charlie', 'federal | assistance | department | congressional | congressman | agency | authorization | district | dc | services', 'criminals | crime | criminal | justice | enforcement | innocent | accountability | murder | victims | law', 'prayer | prayers | praying | pray | faith | peace | god | sacrifice | evil | heroism', 'housing | house | building | afford | funding | infrastructure | congressional | congress | congressman | home', 'celebrating | celebrate | honored | honoring | visit | going | city | place | fellow | anniversary', 'energy | tariffs | infrastructure | congress | innovation | power | industry | funding | bill | congressman', 'immigration | congressional | border | citizens | legislation | enforcement | congress | tariffs | criminals | amendment', 'safety | safer | protecting | infrastructure | ensuring | responders | protect | policy | danger | emergency', 'medicaid | medicare | healthcare | insurance | patients | policies | congressional | funding | rural | policy', 'won | celebrate | celebrating | bills | we | win | fellow | congratulations | our | lose', 'crime | criminals | democrats | criminal | democrat | bipartisan | enforcement | accountability | terrorists | republicans', 'iryna | victims | assassination | murdered | murder | criminals | justice | innocent | crime | terrorist', 'charlie | assassination | kirk | justice | murdered | murder | innocent | victims | criminal | killed', 'funding | infrastructure | water | efforts | valley | farmers | fund | policies | congress | contributions', 'tariffs | immigration | trump | criminals | terrorists | america | enforcement | citizens | terror | congressional', 'assassination | accountability | victims | murdered | murder | honoring | students | accountable | violent | kirk', 'academy | college | schools | nominees | servicemembers | served | veterans | serve | university | honor', 'prayers | praying | prayer | kirk | pray | charlie | utah | faith | god | hope', 'fire | safety | federal | policies | policy | safer | funding | danger | responders | congress', 'congressional | bipartisan | congress | committee | congressman | agenda | democrats | accountability | funding | republicans', 'suicide | resilience | crisis | death | lives | victims | assistance | survivors | pray | calling', 'tomorrow | watch | tune | live | today | morning | on | during | coming | joining', 'enforcement | accountability | children | threats | kids | legislation | safety | report | accountable | protecting', 'congressional | congress | republicans | democrats | bipartisan | senate | republican | democrat | congressman | government', 'immigration | data | accountability | security | federal | policies | congressional | medicaid | tariffs | agenda', 'honoring | honored | honor | kirk | contributions | deserves | congressman | bravery | charlie | patriot', 'medicaid | food | farmers | serving | agenda | funding | bipartisan | rural | benefits | policies', 'dc | washington | district | congressional | congress | congressman | enforcement | capitol | federal | legislation']","[627, 275, 264, 218, 201, 191, 191, 170, 150, 148, 135, 126, 126, 120, 117, 116, 116, 114, 114, 114, 112, 109, 107, 105, 102, 101, 99, 99, 95, 94, 92, 90, 89, 89, 87, 79, 77, 76, 76, 73, 72, 70, 69, 68, 67, 64, 64, 62, 61, 60, 59, 59, 57, 56, 55, 54, 54, 52, 50]"
2025-09-12 00:00:01,2025-09-19 00:00:01,7298,0.3514311967856381,-0.29992675324237383,-11.405177607680594,0.9157059756742462,0.32189143071540416,"['congress | washington | congressional | meeting | dc | capitol | represent | founding | visit | residents', 'medicare | medicaid | healthcare | insurance | democrats | republicans | congressional | bipartisan | policies | taxpayer', 'constitution | founding | liberty | freedoms | amendment | honoring | freedom | democracy | citizens | congress', 'birthday | airmen | honoring | honored | celebrating | veterans | congratulations | celebrate | honor | military', 'violence | violent | threats | political | peace | rhetoric | threat | fighting | democracy | war', 'hispanic | latino | celebrating | celebrate | heritage | honoring | honored | birthday | october | culture', 'legislation | funding | taxpayer | congress | bill | congressional | reform | federal | accountability | policies', 'economy | tariffs | economic | trump | demand | spending | crisis | businesses | donald | rich', 'kirk | charlie | honoring | honor | honored | prayers | represent | legacy | veterans | served', 'farmers | farm | rural | funding | iowa | tariffs | congress | infrastructure | congressional | legislation', 'kirk | assassination | charlie | violence | violent | murder | victims | tragedy | donald | rhetoric', 'veterans | honoring | honored | honor | served | airmen | military | represent | contributions | mission', 'shutdown | democrats | bipartisan | congressional | republicans | congress | republican | medicare | senate | reform', 'honoring | honored | honor | founding | her | she | governor | contributions | veterans | bill', 'infrastructure | funding | congress | farmers | valley | efforts | governor | congressional | taxpayer | policy', 'education | students | schools | funding | accountability | school | taxpayer | college | benefits | agenda', 'great | on | thanks | thank | good | glad | welcome | now | incredible | about', 'vaccine | healthcare | prevention | health | donald | cancer | medical | rfk | risk | assassination', 'fbi | justice | congressional | senate | court | congress | enforcement | senator | accountability | criminals', 'healthcare | hospitals | patients | medical | medicaid | meeting | medicare | visit | health | honoring', 'dc | congressional | washington | congress | district | enforcement | legislation | capitol | bipartisan | bill', 'tariffs | energy | infrastructure | policies | congress | policy | legislation | bipartisan | funding | congressional', 'cancer | healthcare | health | funding | medicaid | medicare | medical | patients | prevention | honoring', 'enforcement | citizens | justice | ice | accountability | criminals | victims | policy | crimes | police', 'honoring | honored | honor | veterans | celebrating | airmen | courage | victims | liberty | celebrate', 'kimmel | fcc | media | donald | trump | news | speech | accountability | rhetoric | freedoms', 'tariffs | economy | taxes | economic | congress | bipartisan | demand | congressional | tax | taxpayer', 'congressional | veterans | legislation | congress | military | federal | amendment | policies | policy | protect', 'freedoms | speech | amendment | freedom | rhetoric | speak | rights | threats | constitution | silence', 'congressional | app | challenges | congress | challenge | washington | birthday | program | programs | efforts', 'israel | peace | victims | accountability | war | crisis | threats | democracy | agenda | news', 'tariffs | trump | president | congressional | enforcement | congress | war | criminals | america | threats', 'assistance | federal | district | residents | department | dc | joining | congressional | ca | washington', 'voter | vote | register | registration | voted | democracy | day | celebrate | citizens | celebrating', 'assassination | fired | victims | accountability | murder | students | kirk | violence | honoring | violent', 'tariffs | policy | policies | prevention | taxpayer | agenda | prevent | accountability | congress | congressional', 'won | celebrate | tonight | celebrating | win | carolina | congratulations | we | going | greatest', 'trump | president | donald | rhetoric | democrats | republicans | bipartisan | voter | truth | accountability', 'taxes | tax | taxpayer | tariffs | families | spending | reform | cuts | federal | family', 'epstein | fbi | media | crimes | victims | files | news | assassination | justice | criminals', 'congressional | bipartisan | committee | congress | agenda | democrats | republicans | funding | democracy | accountability', 'infrastructure | congress | tariffs | congressional | legislation | funding | bipartisan | policies | policy | contributions', 'officers | prayers | police | victims | honoring | honor | killed | enforcement | veterans | hope', 'housing | afford | house | funding | reform | congressional | residents | infrastructure | building | congress', 'charlie | assassination | kirk | murder | justice | victims | killed | fbi | criminals | crimes', 'memphis | enforcement | virginia | criminals | crime | washington | dc | safer | police | fbi', 'border | tariffs | citizens | congressional | enforcement | criminals | congress | legislation | hispanic | crime', 'read | discussed | more | see | below | about | learn | continued | heard | here', 'hall | meeting | town | district | joining | join | joined | calling | meet | call', 'kirk | charlie | courage | donald | honoring | republican | senator | faith | leader | him', 'trump | bipartisan | war | tariffs | threat | kimmel | threats | assassination | policy | agenda', 'academy | college | schools | university | veterans | served | students | military | airmen | honor', 'patel | fbi | kash | senator | assassination | criminals | accountability | congressional | enforcement | chairman', 'rural | medicaid | healthcare | medicare | funding | health | hospitals | farmers | benefits | insurance', 'veterans | va | honoring | bill | taxpayer | legislation | healthcare | congressional | honored | congress', 'omar | bipartisan | her | congressional | assassination | victims | accountability | senator | democrats | she', 'senate | senator | bipartisan | congress | democrats | congressional | republicans | republican | committee | subcommittee', 'fed | federal | bipartisan | financial | funding | tariffs | economy | fund | senator | economic', 'china | tariffs | foreign | america | economy | congress | economic | infrastructure | innovation | americans', 'crimes | crime | criminals | enforcement | dc | young | legislation | district | accountability | amendment', 'medicaid | food | funding | serving | benefits | farmers | taxpayer | health | agenda | healthcare', 'truck | driving | texas | workforce | iowa | celebrating | deliver | honoring | represent | infrastructure']","[341, 300, 237, 211, 198, 181, 159, 151, 145, 143, 141, 135, 135, 133, 129, 128, 127, 125, 124, 119, 117, 113, 108, 108, 107, 107, 104, 103, 99, 95, 93, 89, 89, 85, 84, 79, 78, 78, 77, 77, 76, 76, 75, 75, 74, 73, 73, 73, 71, 71, 67, 66, 64, 62, 61, 60, 56, 55, 55, 54, 53, 51]"
2025-09-15 00:00:01,2025-09-22 00:00:01,7832,0.3393751642492082,-0.3055579637594003,-11.43327343471485,0.9213517665130566,0.31298326326972525,"['medicare | bipartisan | congressional | medicaid | democrats | republicans | congress | healthcare | reform | partisan', 'kirk | charlie | honoring | honor | courage | assassination | senator | honored | donald | peace', 'fcc | freedoms | speech | freedom | amendment | media | trump | constitutional | accountability | rights', 'constitution | constitutional | founding | liberty | freedoms | amendment | honoring | freedom | democracy | congress', 'birthday | airmen | honoring | honored | celebrating | veterans | congratulations | celebrate | honor | military', 'businesses | congress | founding | washington | capitol | dc | meeting | business | infrastructure | visit', 'healthcare | health | cancer | medicaid | patients | funding | medicare | honoring | medical | contributions', 'violence | violent | partisan | political | democratic | peace | threats | politics | threat | fighting', 'honoring | honored | honor | celebrating | contributions | caucus | represent | veterans | founding | congratulations', 'hispanic | latino | celebrating | celebrate | honoring | heritage | honored | birthday | immigration | october', 'immigration | citizens | enforcement | criminals | crimes | accountability | victims | justice | congressional | agenda', 'dc | enforcement | washington | congressional | district | congress | capitol | crime | legislation | crimes', 'farmers | rural | iowa | funding | tariffs | infrastructure | industry | congress | businesses | states', 'economy | tariffs | economic | trump | demand | spending | donald | crisis | raise | rich', 'vaccine | vaccines | healthcare | prevention | rfk | health | donald | cancer | politics | accountability', 'education | schools | students | funding | school | accountability | taxpayer | benefits | contributions | agenda', 'tariffs | energy | infrastructure | congress | policies | policy | bipartisan | legislation | congressional | reform', 'israel | peace | accountability | war | agenda | efforts | democracy | crisis | victims | threats', 'veterans | honoring | honored | honor | served | airmen | servicemembers | military | duty | mission', 'officers | victims | prayers | honoring | police | honor | killed | veterans | served | honored', 'tariffs | taxes | economy | congress | economic | bipartisan | tax | congressional | demand | taxpayer', 'fire | policies | infrastructure | funding | policy | congress | safer | ensuring | federal | safety', 'court | justice | fbi | constitutional | enforcement | crimes | criminals | accountability | congressional | law', 'read | discussed | more | see | below | said | here | about | heard | learn', 'congressional | congress | meeting | hall | district | caucus | representatives | joining | washington | calling', 'infrastructure | congress | congressional | tariffs | funding | legislation | policy | bipartisan | policies | states', 'celebrating | celebrate | town | honored | day | honoring | visit | going | grateful | washington', 'tariffs | enforcement | criminals | immigration | trump | congressional | protecting | citizens | america | president', 'congressional | app | congress | challenges | challenge | caucus | washington | birthday | program | may', 'voter | vote | voting | register | registration | voted | democracy | day | celebrate | democratic', 'epstein | fbi | media | crimes | victims | files | news | assassination | justice | murder', 'omar | congressional | bipartisan | senator | democrat | democrats | hispanic | accountability | partisan | trump', 'patel | fbi | putin | senator | assassination | kash | criminals | secretary | accountability | congressional', 'veterans | va | honoring | congressional | taxpayer | legislation | congress | bill | healthcare | passed', 'honoring | honored | congratulations | secretary | president | senator | chairman | honor | trump | putin', 'assistance | district | federal | joining | residents | dc | department | represent | joined | congressional', 'putin | russia | trump | war | tariffs | bipartisan | threat | threats | kimmel | partisan', 'rural | medicaid | healthcare | medicare | funding | hospitals | health | insurance | farmers | reform', 'policy | policies | tariffs | agenda | prevention | prevent | taxpayer | accountability | congressional | politics', 'democrats | democrat | bipartisan | partisan | democratic | republicans | kirk | voter | republican | congressional', 'honoring | veterans | honor | honored | airmen | pow | prisoners | forgotten | celebrating | military', 'good | but | great | yet | so | very | now | as | than | isn', 'taxes | tax | taxpayer | tariffs | families | spending | reform | cuts | family | raise', 'accountability | students | victims | assassination | violence | schools | education | violent | accountable | honoring', 'senate | senator | bipartisan | democrats | partisan | congress | republicans | congressional | caucus | democrat', 'tariffs | china | innovation | industry | america | economy | economic | infrastructure | us | foreign', 'veterans | military | congressional | duty | protecting | protect | airmen | federal | war | funding', 'accountability | politics | congress | taxpayer | trump | reform | government | political | congressional | funding', 'tune | tonight | watch | tomorrow | on | live | coming | up | today | during', 'immigration | tariffs | workforce | americans | workers | america | congressional | jobs | american | citizens', 'housing | afford | funding | house | congressional | reform | congress | residents | infrastructure | affordable', 'medicaid | medicare | healthcare | benefits | funding | taxpayer | insurance | policies | health | serving', 'crimes | crime | criminals | enforcement | young | dc | legislation | constitutional | accountability | district', 'academy | schools | servicemembers | students | military | veterans | airmen | served | officers | honor', 'criminals | security | crimes | accountability | secure | taxpayer | accountable | enforcement | funding | threats', 'truck | delivering | texas | workforce | drive | iowa | celebrating | honoring | duty | infrastructure', 'memphis | enforcement | criminals | crime | washington | dc | police | safer | crimes | justice', 'honoring | honor | veterans | prisoners | forgotten | honored | victims | courage | sacrifice | airmen', 'ai | innovation | technology | infrastructure | industry | policy | accountability | education | policies | congress', 'fed | federal | bipartisan | financial | funding | tariffs | economy | fund | senator | economic', 'partisan | democratic | politics | democracy | agenda | political | bipartisan | congressional | democrats | committee', 'policy | amendment | reform | policies | partisan | bipartisan | rights | congressional | union | honoring', 'honoring | workers | honored | celebrating | workforce | airmen | union | honor | celebrate | founding']","[763, 389, 327, 242, 219, 211, 211, 205, 190, 185, 179, 172, 150, 148, 148, 125, 123, 123, 123, 108, 106, 106, 104, 102, 101, 100, 97, 92, 92, 89, 89, 87, 85, 83, 81, 80, 79, 79, 76, 76, 76, 72, 72, 72, 70, 69, 67, 66, 61, 59, 57, 56, 56, 55, 55, 55, 53, 53, 52, 52, 52, 50, 50]"
