window1,topic1,topic1_words,window2,successors,successors_words,successors_similarities,coverage_forward,coverage_backward,coverage_sum_forward,coverage_sum_backward,relation,topics_from,topics_from_words,topic_to,topic_to_words,antecedents_similarities
0,0.0,"['kamala', 'community', 'help', 'helene', 'work', 'family', 'harris', 'federal', 'need', 'biden']",1,[],[],[],[],[],0.0,0.0,disappeared,,,,,
0,1.0,"['israel', 'iran', 'attack', 'stand', 'hezbollah', 'must', 'missile', 'terrorist', 'defend', 'united']",1,[2],"[['israel', 'iran', 'attack', 'stand', 'must', 'missile', 'ally', 'joe', 'biden', 'defend']]",[0.985],[0.969],[0.756],0.969,0.756,continued,,,,,
0,2.0,"['rosh', 'hashanah', 'year', 'new', 'wish', 'celebrate', 'jewish', 'shana', 'tovah', 'may']",1,[4],"[['rosh', 'hashanah', 'year', 'new', 'wish', 'celebrate', 'jewish', 'shana', 'tovah', 'may']]",[0.999],[0.987],[0.613],0.987,0.613,continued,,,,,
0,3.0,"['joe', 'biden', 'kamala', 'harris', 'iran', 'israel', 'administration', 'attack', 'world', 'weakness']",1,[],[],[],[],[],0.0,0.0,disappeared,,,,,
0,4.0,"['jimmy', 'carter', 'birthday', 'president', 'happy', 'th', 'service', 'wish', 'we', 'thank']",1,[7],"[['jimmy', 'carter', 'birthday', 'president', 'happy', 'th', 'service', 'wish', 'legacy', 'compassion']]",[0.999],[0.941],[0.965],0.941,0.965,continued,,,,,
0,5.0,"['hate', 'haitian', 'racist', 'higgins', 'hindu', 'community', 'higgin', 'antisemitism', 'censure', 'place']",1,[],[],[],[],[],0.0,0.0,disappeared,,,,,
1,0.0,"['community', 'great', 'work', 'service', 'help', 'thank', 'support', 'veteran', 'join', 'today']",2,[2],"[['veteran', 'service', 'housing', 'academy', 'community', 'honor', 'great', 'join', 'thank', 'help']]",[0.956],[0.448],[1.259],0.448,1.259,unclear,,,,,
1,1.0,"['helene', 'hurricane', 'federal', 'emergency', 'disaster', 'help', 'county', 'agency', 'management', 'assistance']",2,[3],"[['helene', 'hurricane', 'federal', 'emergency', 'help', 'agency', 'management', 'assistance', 'disaster', 'county']]",[0.996],[0.818],[1.494],0.818,1.494,continued,,,,,
1,2.0,"['israel', 'iran', 'attack', 'stand', 'must', 'missile', 'ally', 'joe', 'biden', 'defend']",2,[0],"[['israel', 'attack', 'hamas', 'hostage', 'terrorist', 'one', 'year', 'iran', 'stand', 'october']]",[0.891],[0.798],[0.588],0.798,0.588,unclear,,,,,
1,3.0,"['kamala', 'border', 'harris', 'biden', 'joe', 'illegal', 'alien', 'management', 'agency', 'immigrant']",2,[1],"[['kamala', 'biden', 'joe', 'harris', 'illegal', 'border', 'management', 'agency', 'emergency', 'federal']]",[0.985],[0.782],[0.636],0.782,0.636,continued,,,,,
1,4.0,"['rosh', 'hashanah', 'year', 'new', 'wish', 'celebrate', 'jewish', 'shana', 'tovah', 'may']",2,[4],"[['rosh', 'hashanah', 'wish', 'new', 'year', 'celebrate', 'tovah', 'shana', 'may', 'jewish']]",[1.0],[0.98],[1.004],0.98,1.004,continued,,,,,
1,5.0,"['care', 'abortion', 'medicare', 'donald', 'republicans', 'act', 'project', 'drug', 'health', 'trump']",2,[9],"[['medicare', 'care', 'donald', 'trump', 'cost', 'health', 'affordable', 'act', 'project', 'senior']]",[0.943],[0.519],[1.287],0.519,1.287,continued,,,,,
1,6.0,"['election', 'donald', 'trump', 'doj', 'vote', 'investigation', 'attempt', 'voter', 'secret', 'federal']",2,[6],"[['election', 'donald', 'chinese', 'investigation', 'trump', 'security', 'communist', 'china', 'bureau', 'party']]",[0.966],[0.737],[0.634],0.737,0.634,continued,,,,,
1,7.0,"['jimmy', 'carter', 'birthday', 'president', 'happy', 'th', 'service', 'wish', 'legacy', 'compassion']",2,[],[],[],[],[],0.0,0.0,disappeared,,,,,
1,8.0,"['strike', 'port', 'worker', 'economy', 'contract', 'union', 'joe', 'biden', 'ila', 'bargaining']",2,[12],"[['worker', 'port', 'strike', 'union', 'fair', 'contract', 'bargaining', 'ila', 'collective', 'economy']]",[0.98],[0.842],[1.143],0.842,1.143,continued,,,,,
1,9.0,"['star', 'gold', 'mother', 'family', 'sacrifice', 'honor', 'day', 'love', 'service', 'one']",2,[],[],[],[],[],0.0,0.0,disappeared,,,,,
1,10.0,"['teacher', 'educator', 'worldteachersday', 'day', 'world', 'thank', 'happy', 'shape', 'student', 'inspire']",2,[11],"[['teacher', 'worldteachersday', 'educator', 'day', 'world', 'happy', 'thank', 'shape', 'inspire', 'student']]",[0.997],[0.944],[0.918],0.944,0.918,continued,,,,,
1,11.0,"['cancer', 'breast', 'breastcancerawarenessmonth', 'awareness', 'detection', 'screening', 'early', 'month', 'survivor', 'woman']",2,[13],"[['cancer', 'breast', 'breastcancerawarenessmonth', 'awareness', 'detection', 'screening', 'early', 'month', 'research', 'survivor']]",[0.987],[0.928],[0.928],0.928,0.928,continued,,,,,
1,12.0,"['passport', 'lebanon', 'travel', 'citizen', 'state', 'statedept', 'renew', 'flight', 'embassy', 'online']",2,[],[],[],[],[],0.0,0.0,disappeared,,,,,
1,13.0,"['violence', 'domestic', 'survivor', 'awareness', 'month', 'support', 'prevention', 'suicide', 'safe', 'help']",2,[],[],[],[],[],0.0,0.0,disappeared,,,,,
2,0.0,"['israel', 'attack', 'hamas', 'hostage', 'terrorist', 'one', 'year', 'iran', 'stand', 'october']",3,[1],"[['israel', 'hamas', 'attack', 'hostage', 'year', 'one', 'terrorist', 'october', 'people', 'stand']]",[0.995],[0.898],[1.039],0.898,1.039,continued,,,,,
2,1.0,"['kamala', 'biden', 'joe', 'harris', 'illegal', 'border', 'management', 'agency', 'emergency', 'federal']",3,[],[],[],[],[],0.0,0.0,disappeared,,,,,
2,2.0,"['veteran', 'service', 'housing', 'academy', 'community', 'honor', 'great', 'join', 'thank', 'help']",3,[],[],[],[],[],0.0,0.0,disappeared,,,,,
2,3.0,"['helene', 'hurricane', 'federal', 'emergency', 'help', 'agency', 'management', 'assistance', 'disaster', 'county']",3,[],[],[],[],[],0.0,0.0,disappeared,,,,,
2,4.0,"['rosh', 'hashanah', 'wish', 'new', 'year', 'celebrate', 'tovah', 'shana', 'may', 'jewish']",3,[],[],[],[],[],0.0,0.0,disappeared,,,,,
2,5.0,"['milton', 'hurricane', 'evacuation', 'shelter', 'storm', 'county', 'florida', 'evacuate', 'please', 'mayor']",3,[],[],[],[],[],0.0,0.0,disappeared,,,,,
2,6.0,"['election', 'donald', 'chinese', 'investigation', 'trump', 'security', 'communist', 'china', 'bureau', 'party']",3,[],[],[],[],[],0.0,0.0,disappeared,,,,,
2,7.0,"['water', 'lead', 'pipe', 'environmental', 'clean', 'protection', 'replace', 'drinking', 'infrastructure', 'protect']",3,[],[],[],[],[],0.0,0.0,disappeared,,,,,
2,8.0,"['manufacturing', 'economy', 'job', 'manufacture', 'manufacturingday', 'manufacturer', 'ohio', 'mfgday', 'business', 'work']",3,[],[],[],[],[],0.0,0.0,disappeared,,,,,
2,9.0,"['medicare', 'care', 'donald', 'trump', 'cost', 'health', 'affordable', 'act', 'project', 'senior']",3,[],[],[],[],[],0.0,0.0,disappeared,,,,,
2,10.0,"['child', 'care', 'family', 'childcareweekofaction', 'childcare', 'kid', 'cost', 'work', 'pay', 'affordable']",3,[],[],[],[],[],0.0,0.0,disappeared,,,,,
2,11.0,"['teacher', 'worldteachersday', 'educator', 'day', 'world', 'happy', 'thank', 'shape', 'inspire', 'student']",3,[],[],[],[],[],0.0,0.0,disappeared,,,,,
2,12.0,"['worker', 'port', 'strike', 'union', 'fair', 'contract', 'bargaining', 'ila', 'collective', 'economy']",3,[],[],[],[],[],0.0,0.0,disappeared,,,,,
2,13.0,"['cancer', 'breast', 'breastcancerawarenessmonth', 'awareness', 'detection', 'screening', 'early', 'month', 'research', 'survivor']",3,[],[],[],[],[],0.0,0.0,disappeared,,,,,
2,14.0,"['abortion', 'woman', 'reproductive', 'ban', 'supreme', 'court', 'care', 'freedom', 'donald', 'texas']",3,[],[],[],[],[],0.0,0.0,disappeared,,,,,
2,15.0,"['farmer', 'farm', 'agriculture', 'bill', 'crop', 'producer', 'harvest', 'food', 'support', 'pass']",3,[],[],[],[],[],0.0,0.0,disappeared,,,,,
2,16.0,"['game', 'wps', 'win', 'cumberland', 'night', 'football', 'player', 'cheer', 'congrat', 'go']",3,[],[],[],[],[],0.0,0.0,disappeared,,,,,
2,17.0,"['vote', 'register', 'election', 'voter', 'registration', 'deadline', 'november', 'voice', 'voting', 'check']",3,[],[],[],[],[],0.0,0.0,disappeared,,,,,
2,18.0,"['job', 'unemployment', 'economy', 'september', 'report', 'wage', 'growth', 'expectation', 'create', 'add']",3,[],[],[],[],[],0.0,0.0,disappeared,,,,,
2,19.0,"['climate', 'energy', 'clean', 'reduction', 'act', 'emission', 'change', 'inflation', 'weather', 'rebate']",3,[],[],[],[],[],0.0,0.0,disappeared,,,,,
3,0.0,"['kamala', 'hurricane', 'federal', 'help', 'community', 'need', 'milton', 'work', 'biden', 'joe']",4,[],[],[],[],[],0.0,0.0,disappeared,,,,,
3,1.0,"['israel', 'hamas', 'attack', 'hostage', 'year', 'one', 'terrorist', 'october', 'people', 'stand']",4,[3],"[['israel', 'hamas', 'iran', 'attack', 'hostage', 'october', 'jewish', 'must', 'terrorist', 'hold']]",[0.956],[0.912],[3.442],0.912,3.442,continued,,,,,
3,2.0,"['yom', 'kippur', 'wish', 'meaningful', 'fast', 'observe', 'mar', 'chatima', 'easy', 'tovah']",4,[2],"[['yom', 'kippur', 'wish', 'meaningful', 'observe', 'fast', 'mar', 'chatima', 'easy', 'reflection']]",[0.999],[0.98],[0.644],0.98,0.644,continued,,,,,
3,3.0,"['daca', 'dreamer', 'court', 'homeishere', 'circuit', 'case', 'family', 'hear', 'th', 'argument']",4,[14],"[['daca', 'dreamer', 'court', 'homeishere', 'circuit', 'case', 'argument', 'hear', 'family', 'th']]",[0.999],[0.955],[0.941],0.955,0.941,continued,,,,,
4,0.0,"['hurricane', 'milton', 'emergency', 'federal', 'management', 'helene', 'disaster', 'agency', 'county', 'florida']",5,[1],"[['hurricane', 'milton', 'helene', 'emergency', 'federal', 'management', 'disaster', 'agency', 'assistance', 'recovery']]",[0.976],[0.775],[2.198],0.775,2.198,continued,,,,,
4,1.0,"['kamala', 'harris', 'biden', 'joe', 'border', 'illegal', 'election', 'administration', 'american', 'americans']",5,[0],"[['kamala', 'harris', 'joe', 'biden', 'border', 'illegal', 'crime', 'administration', 'election', 'americans']]",[0.991],[0.808],[0.771],0.808,0.771,continued,,,,,
4,2.0,"['yom', 'kippur', 'wish', 'meaningful', 'observe', 'fast', 'mar', 'chatima', 'easy', 'reflection']",5,[4],"[['yom', 'kippur', 'wish', 'meaningful', 'observe', 'fast', 'mar', 'chatima', 'reflection', 'easy']]",[0.999],[0.966],[0.911],0.966,0.911,continued,,,,,
4,3.0,"['israel', 'hamas', 'iran', 'attack', 'hostage', 'october', 'jewish', 'must', 'terrorist', 'hold']",5,[2],"[['israel', 'hamas', 'sinwar', 'yahya', 'terrorist', 'hostage', 'attack', 'october', 'gaza', 'leader']]",[0.913],[0.675],[0.42],0.675,0.42,unclear,,,,,
4,4.0,"['birthday', 'navy', 'usnavy', 'happy', 'thank', 'sea', 'sailor', 'serve', 'brave', 'th']",5,[7],"[['birthday', 'navy', 'usnavy', 'happy', 'sailor', 'serve', 'sea', 'thank', 'brave', 'th']]",[0.996],[0.898],[1.039],0.898,1.039,continued,,,,,
4,5.0,"['indigenous', 'people', 'indigenouspeoplesday', 'culture', 'day', 'native', 'contribution', 'community', 'history', 'honor']",5,[5],"[['indigenous', 'people', 'indigenouspeoplesday', 'day', 'culture', 'native', 'community', 'contribution', 'history', 'honor']]",[0.999],[0.993],[0.896],0.993,0.896,continued,,,,,
4,6.0,"['farmer', 'nationalfarmersday', 'farm', 'food', 'feed', 'work', 'day', 'thankafarmer', 'hard', 'agriculture']",5,[8],"[['farmer', 'nationalfarmersday', 'farm', 'feed', 'agriculture', 'producer', 'day', 'rancher', 'work', 'food']]",[0.972],[0.73],[0.84],0.73,0.84,continued,,,,,
4,7.0,"['mental', 'health', 'worldmentalhealthday', 'crisis', 'help', 'text', 'care', 'call', 'ronald', 'one']",5,[15],"[['health', 'care', 'center', 'nursing', 'healthcare', 'access', 'medical', 'community', 'rural', 'discuss']]",[0.714],[0.581],[1.364],0.581,1.364,unclear,,,,,
4,8.0,"['child', 'care', 'childcareweekofaction', 'family', 'affordable', 'childcare', 'kid', 'accessible', 'democratic', 'party']",5,[14],"[['child', 'care', 'childcareweekofaction', 'childcare', 'family', 'affordable', 'head', 'kid', 'parent', 'tax']]",[0.983],[0.804],[1.219],0.804,1.219,continued,,,,,
4,9.0,"['veteran', 'honor', 'service', 'community', 'veterans', 'medical', 'join', 'serve', 'troop', 'hero']",5,[15],"[['health', 'care', 'center', 'nursing', 'healthcare', 'access', 'medical', 'community', 'rural', 'discuss']]",[0.834],[0.426],[0.727],0.426,0.727,unclear,,,,,
4,11.0,"['columbus', 'italian', 'day', 'happy', 'christopher', 'columbusday', 'celebrate', 'today', 'heritage', 'american']",5,[13],"[['columbus', 'italian', 'day', 'happy', 'christopher', 'columbusday', 'today', 'celebrate', 'heritage', 'american']]",[0.999],[0.945],[0.945],0.945,0.945,continued,,,,,
4,12.0,"['nationalcomingoutday', 'equalitycaucus', 'lgbtq', 'live', 'happy', 'come', 'openly', 'queer', 'authentic', 'lgbtqi']",5,[10],"[['nationalcomingoutday', 'equalitycaucus', 'lgbtq', 'live', 'come', 'happy', 'lgbtqi', 'openly', 'queer', 'authentic']]",[0.996],[0.985],[0.807],0.985,0.807,continued,,,,,
4,13.0,"['lead', 'pipe', 'water', 'drinking', 'replace', 'environmental', 'protection', 'clean', 'rule', 'infrastructure']",5,[],[],[],[],[],0.0,0.0,disappeared,,,,,
4,14.0,"['daca', 'dreamer', 'court', 'homeishere', 'circuit', 'case', 'argument', 'hear', 'family', 'th']",5,[],[],[],[],[],0.0,0.0,disappeared,,,,,
4,15.0,"['cybersecurity', 'chinese', 'fintech', 'security', 'legislation', 'china', 'national', 'cyber', 'act', 'communist']",5,[],[],[],[],[],0.0,0.0,disappeared,,,,,
4,16.0,"['project', 'water', 'dam', 'lake', 'housing', 'river', 'infrastructure', 'million', 'improve', 'community']",5,[],[],[],[],[],0.0,0.0,disappeared,,,,,
4,,,5,,,,"[0.913, 0.709]","[1.12, 0.52]",1.622,1.64,merge,"[10, 17]","[['student', 'school', 'education', 'teacher', 'high', 'career', 'great', 'community', 'jimmy', 'civic'], ['academy', 'nomination', 'application', 'service', 'military', 'apply', 'internship', 'interested', 'house', 'student']]",12.0,"['school', 'student', 'teacher', 'education', 'high', 'career', 'college', 'community', 'work', 'great']","[0.978, 0.703]"
5,0.0,"['kamala', 'harris', 'joe', 'biden', 'border', 'illegal', 'crime', 'administration', 'election', 'americans']",6,[],[],[],[],[],0.0,0.0,disappeared,,,,,
5,1.0,"['hurricane', 'milton', 'helene', 'emergency', 'federal', 'management', 'disaster', 'agency', 'assistance', 'recovery']",6,[],[],[],[],[],0.0,0.0,disappeared,,,,,
5,2.0,"['israel', 'hamas', 'sinwar', 'yahya', 'terrorist', 'hostage', 'attack', 'october', 'gaza', 'leader']",6,[1],"[['israel', 'hamas', 'sinwar', 'yahya', 'terrorist', 'hostage', 'attack', 'october', 'leader', 'gaza']]",[0.999],[0.943],[0.804],0.943,0.804,continued,,,,,
5,3.0,"['community', 'project', 'business', 'water', 'million', 'infrastructure', 'proud', 'funding', 'great', 'federal']",6,[],[],[],[],[],0.0,0.0,disappeared,,,,,
5,4.0,"['yom', 'kippur', 'wish', 'meaningful', 'observe', 'fast', 'mar', 'chatima', 'reflection', 'easy']",6,[],[],[],[],[],0.0,0.0,disappeared,,,,,
5,5.0,"['indigenous', 'people', 'indigenouspeoplesday', 'day', 'culture', 'native', 'community', 'contribution', 'history', 'honor']",6,[2],"[['indigenous', 'people', 'day', 'indigenouspeoplesday', 'culture', 'community', 'native', 'history', 'contribution', 'honor']]",[1.0],[0.981],[0.962],0.981,0.962,continued,,,,,
5,6.0,"['medicare', 'enrollment', 'senior', 'drug', 'open', 'cost', 'prescription', 'plan', 'december', 'start']",6,[],[],[],[],[],0.0,0.0,disappeared,,,,,
5,7.0,"['birthday', 'navy', 'usnavy', 'happy', 'sailor', 'serve', 'sea', 'thank', 'brave', 'th']",6,[],[],[],[],[],0.0,0.0,disappeared,,,,,
5,8.0,"['farmer', 'nationalfarmersday', 'farm', 'feed', 'agriculture', 'producer', 'day', 'rancher', 'work', 'food']",6,[],[],[],[],[],0.0,0.0,disappeared,,,,,
5,9.0,"['office', 'help', 'agency', 'hour', 'passport', 'federal', 'mobile', 'assistance', 'team', 'service']",6,[],[],[],[],[],0.0,0.0,disappeared,,,,,
5,10.0,"['nationalcomingoutday', 'equalitycaucus', 'lgbtq', 'live', 'come', 'happy', 'lgbtqi', 'openly', 'queer', 'authentic']",6,[],[],[],[],[],0.0,0.0,disappeared,,,,,
5,11.0,"['chinese', 'china', 'communist', 'military', 'vladimir', 'party', 'russia', 'john', 'taiwan', 'security']",6,[],[],[],[],[],0.0,0.0,disappeared,,,,,
5,12.0,"['school', 'student', 'teacher', 'education', 'high', 'career', 'college', 'community', 'work', 'great']",6,[],[],[],[],[],0.0,0.0,disappeared,,,,,
5,13.0,"['columbus', 'italian', 'day', 'happy', 'christopher', 'columbusday', 'today', 'celebrate', 'heritage', 'american']",6,[3],"[['columbus', 'happy', 'day', 'italian', 'christopher', 'columbusday', 'celebrate', 'today', 'american', 'new']]",[0.998],[0.986],[0.96],0.986,0.96,continued,,,,,
5,14.0,"['child', 'care', 'childcareweekofaction', 'childcare', 'family', 'affordable', 'head', 'kid', 'parent', 'tax']",6,[],[],[],[],[],0.0,0.0,disappeared,,,,,
5,15.0,"['health', 'care', 'center', 'nursing', 'healthcare', 'access', 'medical', 'community', 'rural', 'discuss']",6,[],[],[],[],[],0.0,0.0,disappeared,,,,,
6,0.0,"['kamala', 'community', 'harris', 'work', 'joe', 'biden', 'help', 'federal', 'make', 'need']",7,[0],"[['community', 'great', 'work', 'support', 'thank', 'help', 'water', 'family', 'new', 'proud']]",[0.939],[0.321],[0.723],0.321,0.723,disappeared,,,,,
6,1.0,"['israel', 'hamas', 'sinwar', 'yahya', 'terrorist', 'hostage', 'attack', 'october', 'leader', 'gaza']",7,[1],"[['israel', 'sinwar', 'hamas', 'yahya', 'terrorist', 'hostage', 'attack', 'leader', 'october', 'death']]",[0.996],[0.918],[1.023],0.918,1.023,continued,,,,,
6,2.0,"['indigenous', 'people', 'day', 'indigenouspeoplesday', 'culture', 'community', 'native', 'history', 'contribution', 'honor']",7,[],[],[],[],[],0.0,0.0,disappeared,,,,,
6,3.0,"['columbus', 'happy', 'day', 'italian', 'christopher', 'columbusday', 'celebrate', 'today', 'american', 'new']",7,[],[],[],[],[],0.0,0.0,disappeared,,,,,
6,4.0,"['cancer', 'breast', 'breastcancerawarenessmonth', 'detection', 'early', 'awareness', 'month', 'screening', 'mammogram', 'nationalmammographyday']",7,[14],"[['cancer', 'breast', 'breastcancerawarenessmonth', 'detection', 'early', 'screening', 'mammogram', 'month', 'nationalmammographyday', 'awareness']]",[0.991],[0.963],[1.02],0.963,1.02,continued,,,,,
7,0.0,"['community', 'great', 'work', 'support', 'thank', 'help', 'water', 'family', 'new', 'proud']",8,[0],"[['community', 'help', 'federal', 'thank', 'work', 'great', 'support', 'service', 'family', 'county']]",[0.993],[0.712],[0.546],0.712,0.546,continued,,,,,
7,1.0,"['israel', 'sinwar', 'hamas', 'yahya', 'terrorist', 'hostage', 'attack', 'leader', 'october', 'death']",8,[2],"[['israel', 'iran', 'stand', 'united', 'terrorist', 'ally', 'hamas', 'attack', 'nations', 'iranian']]",[0.882],[0.888],[1.689],0.888,1.689,unclear,,,,,
7,2.0,"['kamala', 'border', 'harris', 'illegal', 'joe', 'biden', 'alien', 'country', 'immigrant', 'southern']",8,[1],"[['kamala', 'border', 'harris', 'illegal', 'joe', 'biden', 'migrant', 'open', 'immigrant', 'czar']]",[0.997],[0.903],[0.737],0.903,0.737,continued,,,,,
7,3.0,"['hurricane', 'emergency', 'management', 'disaster', 'helene', 'agency', 'federal', 'assistance', 'recovery', 'milton']",8,[],[],[],[],[],0.0,0.0,disappeared,,,,,
7,4.0,"['donald', 'trump', 'crime', 'report', 'investigation', 'secret', 'bureau', 'of', 'july', 'violent']",8,[8],"[['secret', 'report', 'donald', 'trump', 'july', 'service', 'task', 'failure', 'interim', 'force']]",[0.928],[0.569],[1.267],0.569,1.267,continued,,,,,
7,5.0,"['kamala', 'joe', 'biden', 'harris', 'inflation', 'economy', 'debt', 'americans', 'administration', 'spending']",8,[4],"[['kamala', 'biden', 'joe', 'harris', 'inflation', 'energy', 'administration', 'economy', 'price', 'american']]",[0.988],[0.755],[0.776],0.755,0.776,continued,,,,,
7,6.0,"['abortion', 'woman', 'reproductive', 'access', 'control', 'birth', 'care', 'contraception', 'ban', 'health']",8,[3],"[['abortion', 'woman', 'access', 'reproductive', 'birth', 'control', 'contraception', 'ban', 'care', 'health']]",[0.997],[0.979],[0.858],0.979,0.858,continued,,,,,
7,7.0,"['app', 'academy', 'challenge', 'congressional', 'student', 'deadline', 'submit', 'nomination', 'application', 'apply']",8,[],[],[],[],[],0.0,0.0,disappeared,,,,,
7,8.0,"['medicare', 'drug', 'cost', 'senior', 'enrollment', 'care', 'prescription', 'cap', 'open', 'insulin']",8,[7],"[['medicare', 'drug', 'cost', 'senior', 'enrollment', 'cap', 'price', 'prescription', 'low', 'care']]",[0.994],[0.921],[1.057],0.921,1.057,continued,,,,,
7,9.0,"['lgbtq', 'hrc', 'scorecard', 'equality', 'proud', 'score', 'perfect', 'right', 'congressional', 'receive']",8,[6],"[['lgbtq', 'hrc', 'scorecard', 'equality', 'score', 'proud', 'perfect', 'congressional', 'receive', 'right']]",[0.995],[0.91],[0.85],0.91,0.85,continued,,,,,
7,10.0,"['vote', 'early', 'voting', 'election', 'ballot', 'mail', 'register', 'voter', 'day', 'location']",8,[5],"[['vote', 'election', 'early', 'voting', 'voter', 'ballot', 'register', 'mail', 'day', 'today']]",[0.973],[0.955],[0.604],0.955,0.604,continued,,,,,
7,11.0,"['office', 'federal', 'agency', 'help', 'assistance', 'need', 'team', 'hour', 'service', 'mobile']",8,[],[],[],[],[],0.0,0.0,disappeared,,,,,
7,12.0,"['donald', 'tax', 'trump', 'stopproject', 'project', 'cut', 'taxis', 'class', 'would', 'cost']",8,[11],"[['tax', 'donald', 'trump', 'class', 'middle', 'cut', 'cost', 'corporation', 'republicans', 'project']]",[0.981],[0.894],[1.035],0.894,1.035,continued,,,,,
7,13.0,"['birthday', 'happy', 'vp', 'madam', 'wish', 'leadership', 'love', 'president', 'wonderful', 'vice']",8,[],[],[],[],[],0.0,0.0,disappeared,,,,,
7,14.0,"['cancer', 'breast', 'breastcancerawarenessmonth', 'detection', 'early', 'screening', 'mammogram', 'month', 'nationalmammographyday', 'awareness']",8,[],[],[],[],[],0.0,0.0,disappeared,,,,,
7,15.0,"['chinese', 'communist', 'china', 'party', 'dji', 'taiwan', 'drone', 'military', 'company', 'obama']",8,[10],"[['chinese', 'communist', 'china', 'drone', 'taiwan', 'party', 'dji', 'military', 'south', 'africa']]",[0.984],[0.92],[0.622],0.92,0.622,continued,,,,,
8,0.0,"['community', 'help', 'federal', 'thank', 'work', 'great', 'support', 'service', 'family', 'county']",9,[0],"[['community', 'thank', 'help', 'work', 'federal', 'great', 'support', 'honor', 'first', 'new']]",[0.996],[0.697],[0.624],0.697,0.624,continued,,,,,
8,1.0,"['kamala', 'border', 'harris', 'illegal', 'joe', 'biden', 'migrant', 'open', 'immigrant', 'czar']",9,[1],"[['kamala', 'border', 'harris', 'joe', 'biden', 'illegal', 'administration', 'czar', 'alien', 'migrant']]",[0.994],[0.867],[0.717],0.867,0.717,continued,,,,,
8,2.0,"['israel', 'iran', 'stand', 'united', 'terrorist', 'ally', 'hamas', 'attack', 'nations', 'iranian']",9,[2],"[['israel', 'iran', 'united', 'terrorist', 'stand', 'nations', 'hamas', 'attack', 'ally', 'must']]",[0.991],[0.902],[0.938],0.902,0.938,continued,,,,,
8,3.0,"['abortion', 'woman', 'access', 'reproductive', 'birth', 'control', 'contraception', 'ban', 'care', 'health']",9,[5],"[['abortion', 'reproductive', 'woman', 'access', 'ban', 'roe', 'care', 'birth', 'control', 'stopproject']]",[0.987],[0.883],[1.277],0.883,1.277,continued,,,,,
8,4.0,"['kamala', 'biden', 'joe', 'harris', 'inflation', 'energy', 'administration', 'economy', 'price', 'american']",9,[4],"[['kamala', 'joe', 'biden', 'harris', 'inflation', 'price', 'american', 'americans', 'administration', 'energy']]",[0.992],[0.741],[0.965],0.741,0.965,continued,,,,,
8,5.0,"['vote', 'election', 'early', 'voting', 'voter', 'ballot', 'register', 'mail', 'day', 'today']",9,[3],"[['vote', 'election', 'ballot', 'early', 'voting', 'mail', 'voter', 'day', 'request', 'voice']]",[0.986],[0.935],[0.798],0.935,0.798,continued,,,,,
8,6.0,"['lgbtq', 'hrc', 'scorecard', 'equality', 'score', 'proud', 'perfect', 'congressional', 'receive', 'right']",9,[7],"[['lgbtq', 'equality', 'hate', 'hrc', 'shepard', 'matthew', 'scorecard', 'lgbtqi', 'byrd', 'right']]",[0.931],[0.935],[1.235],0.935,1.235,continued,,,,,
8,7.0,"['medicare', 'drug', 'cost', 'senior', 'enrollment', 'cap', 'price', 'prescription', 'low', 'care']",9,[11],"[['medicare', 'price', 'cost', 'drug', 'senior', 'cap', 'care', 'prescription', 'pharma', 'insulin']]",[0.965],[0.966],[1.604],0.966,1.604,continued,,,,,
8,8.0,"['secret', 'report', 'donald', 'trump', 'july', 'service', 'task', 'failure', 'interim', 'force']",9,[],[],[],[],[],0.0,0.0,disappeared,,,,,
8,9.0,"['retail', 'crime', 'fightretailcrimeday', 'organize', 'combat', 'fighter', 'act', 'nrfnew', 'business', 'law']",9,[6],"[['crime', 'retail', 'fightretailcrimeday', 'organize', 'combat', 'fighter', 'act', 'business', 'gun', 'nrfnew']]",[0.983],[0.933],[0.722],0.933,0.722,continued,,,,,
8,10.0,"['chinese', 'communist', 'china', 'drone', 'taiwan', 'party', 'dji', 'military', 'south', 'africa']",9,[10],"[['chinese', 'communist', 'china', 'party', 'taiwan', 'military', 'dji', 'lynch', 'kamala', 'must']]",[0.968],[0.797],[1.035],0.797,1.035,continued,,,,,
8,11.0,"['tax', 'donald', 'trump', 'class', 'middle', 'cut', 'cost', 'corporation', 'republicans', 'project']",9,[8],"[['tax', 'pay', 'donald', 'class', 'corporation', 'republicans', 'middle', 'trump', 'cut', 'democrats']]",[0.982],[0.965],[0.775],0.965,0.775,continued,,,,,
9,0.0,"['community', 'thank', 'help', 'work', 'federal', 'great', 'support', 'honor', 'first', 'new']",10,[],[],[],[],[],0.0,0.0,disappeared,,,,,
9,1.0,"['kamala', 'border', 'harris', 'joe', 'biden', 'illegal', 'administration', 'czar', 'alien', 'migrant']",10,[2],"[['border', 'kamala', 'harris', 'illegal', 'joe', 'biden', 'alien', 'czar', 'migrant', 'open']]",[0.988],[0.735],[1.261],0.735,1.261,continued,,,,,
9,2.0,"['israel', 'iran', 'united', 'terrorist', 'stand', 'nations', 'hamas', 'attack', 'ally', 'must']",10,[4],"[['israel', 'iran', 'stand', 'ally', 'terrorist', 'hamas', 'iranian', 'ukraine', 'must', 'unrwa']]",[0.981],[0.915],[0.925],0.915,0.925,continued,,,,,
9,3.0,"['vote', 'election', 'ballot', 'early', 'voting', 'mail', 'voter', 'day', 'request', 'voice']",10,[0],"[['vote', 'election', 'ballot', 'voter', 'early', 'voting', 'citizen', 'court', 'mail', 'day']]",[0.977],[0.963],[0.515],0.963,0.515,continued,,,,,
9,4.0,"['kamala', 'joe', 'biden', 'harris', 'inflation', 'price', 'american', 'americans', 'administration', 'energy']",10,[5],"[['kamala', 'joe', 'biden', 'job', 'harris', 'economy', 'report', 'economic', 'inflation', 'americans']]",[0.969],[0.938],[0.613],0.938,0.613,continued,,,,,
9,5.0,"['abortion', 'reproductive', 'woman', 'access', 'ban', 'roe', 'care', 'birth', 'control', 'stopproject']",10,[15],"[['abortion', 'woman', 'ban', 'reproductive', 'care', 'freedom', 'access', 'roe', 'josseli', 'health']]",[0.978],[0.893],[0.901],0.893,0.901,continued,,,,,
9,6.0,"['crime', 'retail', 'fightretailcrimeday', 'organize', 'combat', 'fighter', 'act', 'business', 'gun', 'nrfnew']",10,[],[],[],[],[],0.0,0.0,disappeared,,,,,
9,7.0,"['lgbtq', 'equality', 'hate', 'hrc', 'shepard', 'matthew', 'scorecard', 'lgbtqi', 'byrd', 'right']",10,[],[],[],[],[],0.0,0.0,disappeared,,,,,
9,8.0,"['tax', 'pay', 'donald', 'class', 'corporation', 'republicans', 'middle', 'trump', 'cut', 'democrats']",10,[],[],[],[],[],0.0,0.0,disappeared,,,,,
9,9.0,"['antisemitism', 'tree', 'synagogue', 'life', 'jewish', 'pittsburgh', 'hate', 'six', 'ago', 'year']",10,[13],"[['antisemitism', 'hate', 'jewish', 'tree', 'synagogue', 'life', 'antisemitic', 'pittsburgh', 'ago', 'six']]",[0.964],[0.971],[0.535],0.971,0.535,continued,,,,,
9,10.0,"['chinese', 'communist', 'china', 'party', 'taiwan', 'military', 'dji', 'lynch', 'kamala', 'must']",10,[],[],[],[],[],0.0,0.0,disappeared,,,,,
9,11.0,"['medicare', 'price', 'cost', 'drug', 'senior', 'cap', 'care', 'prescription', 'pharma', 'insulin']",10,[10],"[['medicare', 'care', 'health', 'enrollment', 'affordable', 'coverage', 'open', 'act', 'cost', 'plan']]",[0.902],[0.962],[0.375],0.962,0.375,disappeared,,,,,
9,12.0,"['donald', 'trump', 'president', 'dictator', 'say', 'fascist', 'realdonaldtrump', 'hitler', 'rhetoric', 'election']",10,[9],"[['biden', 'joe', 'donald', 'trump', 'garbage', 'investigation', 'of', 'bureau', 'call', 'president']]",[0.852],[0.882],[0.317],0.882,0.317,disappeared,,,,,
10,0.0,"['vote', 'election', 'ballot', 'voter', 'early', 'voting', 'citizen', 'court', 'mail', 'day']",11,[],[],[],[],[],0.0,0.0,disappeared,,,,,
10,1.0,"['million', 'infrastructure', 'port', 'water', 'clean', 'funding', 'energy', 'federal', 'rail', 'environmental']",11,[],[],[],[],[],0.0,0.0,disappeared,,,,,
10,2.0,"['border', 'kamala', 'harris', 'illegal', 'joe', 'biden', 'alien', 'czar', 'migrant', 'open']",11,[],[],[],[],[],0.0,0.0,disappeared,,,,,
10,3.0,"['halloween', 'happy', 'safe', 'fun', 'everyone', 'wish', 'treat', 'spooky', 'night', 'trick']",11,[1],"[['halloween', 'happy', 'safe', 'fun', 'everyone', 'wish', 'treat', 'night', 'spooky', 'trick']]",[0.999],[0.952],[1.005],0.952,1.005,continued,,,,,
10,4.0,"['israel', 'iran', 'stand', 'ally', 'terrorist', 'hamas', 'iranian', 'ukraine', 'must', 'unrwa']",11,[],[],[],[],[],0.0,0.0,disappeared,,,,,
10,5.0,"['kamala', 'joe', 'biden', 'job', 'harris', 'economy', 'report', 'economic', 'inflation', 'americans']",11,[],[],[],[],[],0.0,0.0,disappeared,,,,,
10,6.0,"['responder', 'first', 'nationalfirstrespondersday', 'day', 'thank', 'community', 'safe', 'keep', 'brave', 'firefighter']",11,[],[],[],[],[],0.0,0.0,disappeared,,,,,
10,7.0,"['native', 'heritage', 'month', 'filipino', 'american', 'celebrate', 'culture', 'history', 'contribution', 'happy']",11,[],[],[],[],[],0.0,0.0,disappeared,,,,,
10,8.0,"['diwali', 'light', 'celebrate', 'wish', 'festival', 'happy', 'may', 'prosperity', 'celebration', 'joy']",11,[2],"[['diwali', 'light', 'celebrate', 'wish', 'happy', 'festival', 'may', 'prosperity', 'celebration', 'joy']]",[1.0],[0.966],[0.966],0.966,0.966,continued,,,,,
10,9.0,"['biden', 'joe', 'donald', 'trump', 'garbage', 'investigation', 'of', 'bureau', 'call', 'president']",11,[],[],[],[],[],0.0,0.0,disappeared,,,,,
10,10.0,"['medicare', 'care', 'health', 'enrollment', 'affordable', 'coverage', 'open', 'act', 'cost', 'plan']",11,[],[],[],[],[],0.0,0.0,disappeared,,,,,
10,11.0,"['farm', 'farmer', 'agriculture', 'food', 'tour', 'ag', 'work', 'community', 'support', 'bill']",11,[],[],[],[],[],0.0,0.0,disappeared,,,,,
10,12.0,"['veteran', 'honor', 'sacrifice', 'deploy', 'service', 'navy', 'family', 'military', 'medal', 'thank']",11,[],[],[],[],[],0.0,0.0,disappeared,,,,,
10,13.0,"['antisemitism', 'hate', 'jewish', 'tree', 'synagogue', 'life', 'antisemitic', 'pittsburgh', 'ago', 'six']",11,[],[],[],[],[],0.0,0.0,disappeared,,,,,
10,14.0,"['health', 'veteran', 'care', 'mental', 'center', 'healthcare', 'provide', 'support', 'senior', 'service']",11,[],[],[],[],[],0.0,0.0,disappeared,,,,,
10,15.0,"['abortion', 'woman', 'ban', 'reproductive', 'care', 'freedom', 'access', 'roe', 'josseli', 'health']",11,[],[],[],[],[],0.0,0.0,disappeared,,,,,
10,16.0,"['disaster', 'hurricane', 'emergency', 'management', 'agency', 'federal', 'helene', 'assistance', 'milton', 'recover']",11,[],[],[],[],[],0.0,0.0,disappeared,,,,,
10,17.0,"['office', 'help', 'agency', 'federal', 'need', 'assistance', 'constituent', 'hour', 'reach', 'team']",11,[],[],[],[],[],0.0,0.0,disappeared,,,,,
10,18.0,"['student', 'school', 'high', 'great', 'thank', 'talk', 'work', 'community', 'conversation', 'town']",11,[],[],[],[],[],0.0,0.0,disappeared,,,,,
11,0.0,"['kamala', 'biden', 'joe', 'harris', 'community', 'make', 'work', 'vote', 'family', 'year']",12,[],[],[],[],[],0.0,0.0,disappeared,,,,,
11,3.0,"['clock', 'daylight', 'back', 'time', 'hour', 'saving', 'end', 'set', 'tonight', 'sunshine']",12,[],[],[],[],[],0.0,0.0,disappeared,,,,,
11,,,12,,,,"[0.929, 0.986]","[3.05, 2.383]",1.915,5.433,merge,"[1, 2]","[['halloween', 'happy', 'safe', 'fun', 'everyone', 'wish', 'treat', 'night', 'spooky', 'trick'], ['diwali', 'light', 'celebrate', 'wish', 'happy', 'festival', 'may', 'prosperity', 'celebration', 'joy']]",10.0,"['diwali', 'halloween', 'light', 'happy', 'celebrate', 'wish', 'festival', 'hope', 'everyone', 'celebration']","[0.785, 0.866]"
12,0.0,"['vote', 'election', 'day', 'voice', 'make', 'poll', 'today', 'polling', 'ballot', 'hear']",13,[2],"[['vote', 'election', 'make', 'voice', 'day', 'poll', 'polling', 'today', 'hear', 'ballot']]",[0.999],[0.896],[1.057],0.896,1.057,continued,,,,,
12,1.0,"['kamala', 'harris', 'biden', 'joe', 'border', 'job', 'americans', 'administration', 'illegal', 'policy']",13,[0],"[['kamala', 'donald', 'president', 'trump', 'harris', 'biden', 'joe', 'border', 'america', 'american']]",[0.898],[0.837],[0.479],0.837,0.479,unclear,,,,,
12,2.0,"['donald', 'president', 'trump', 'america', 'congratulation', 'victory', 'elect', 'work', 'american', 'senate']",13,[],[],[],[],[],0.0,0.0,disappeared,,,,,
12,3.0,"['veteran', 'honor', 'military', 'sacrifice', 'service', 'family', 'thank', 'hero', 'nation', 'community']",13,[],[],[],[],[],0.0,0.0,disappeared,,,,,
12,4.0,"['water', 'project', 'million', 'infrastructure', 'grant', 'funding', 'new', 'community', 'port', 'federal']",13,[],[],[],[],[],0.0,0.0,disappeared,,,,,
12,5.0,"['abortion', 'woman', 'ban', 'reproductive', 'freedom', 'right', 'care', 'roe', 'donald', 'protect']",13,[9],"[['abortion', 'woman', 'reproductive', 'right', 'ban', 'protect', 'health', 'care', 'fight', 'roe']]",[0.974],[0.947],[1.783],0.947,1.783,continued,,,,,
12,6.0,"['care', 'affordable', 'enrollment', 'health', 'coverage', 'open', 'act', 'daca', 'plan', 'healthcare']",13,[8],"[['care', 'affordable', 'health', 'enrollment', 'medicare', 'coverage', 'act', 'healthcare', 'open', 'plan']]",[0.962],[0.988],[1.377],0.988,1.377,continued,,,,,
12,7.0,"['office', 'help', 'agency', 'federal', 'assistance', 'need', 'service', 'issue', 'constituent', 'passport']",13,[6],"[['office', 'agency', 'federal', 'help', 'assistance', 'need', 'service', 'constituent', 'issue', 'hour']]",[0.992],[0.873],[0.939],0.873,0.939,continued,,,,,
12,8.0,"['native', 'heritage', 'month', 'culture', 'american', 'nativeamericanheritagemonth', 'celebrate', 'contribution', 'history', 'tradition']",13,[],[],[],[],[],0.0,0.0,disappeared,,,,,
12,9.0,"['emergency', 'management', 'disaster', 'hurricane', 'agency', 'helene', 'federal', 'damage', 'county', 'assistance']",13,[],[],[],[],[],0.0,0.0,disappeared,,,,,
12,10.0,"['diwali', 'halloween', 'light', 'happy', 'celebrate', 'wish', 'festival', 'hope', 'everyone', 'celebration']",13,[],[],[],[],[],0.0,0.0,disappeared,,,,,
12,11.0,"['los', 'de', 'muertos', 'love', 'memory', 'celebrate', 'we', 'honor', 'may', 'one']",13,[],[],[],[],[],0.0,0.0,disappeared,,,,,
12,12.0,"['congress', 'district', 'serve', 'continue', 'honor', 'represent', 'constituent', 'term', 'thank', 'work']",13,[4],"[['congress', 'continue', 'district', 'work', 'serve', 'represent', 'honor', 'community', 'congressional', 'people']]",[0.987],[0.877],[0.575],0.877,0.575,continued,,,,,
12,13.0,"['health', 'mental', 'support', 'nationalfamilycaregiversmonth', 'provide', 'care', 'disability', 'behavioral', 'caregiver', 'family']",13,[],[],[],[],[],0.0,0.0,disappeared,,,,,
12,14.0,"['peace', 'iran', 'russia', 'vladimir', 'ukraine', 'azerbaijan', 'world', 'iranian', 'strength', 'war']",13,[],[],[],[],[],0.0,0.0,disappeared,,,,,
13,0.0,"['kamala', 'donald', 'president', 'trump', 'harris', 'biden', 'joe', 'border', 'america', 'american']",14,[],[],[],[],[],0.0,0.0,disappeared,,,,,
13,1.0,"['veteran', 'community', 'honor', 'service', 'family', 'thank', 'help', 'county', 'local', 'support']",14,[],[],[],[],[],0.0,0.0,disappeared,,,,,
13,2.0,"['vote', 'election', 'make', 'voice', 'day', 'poll', 'polling', 'today', 'hear', 'ballot']",14,[],[],[],[],[],0.0,0.0,disappeared,,,,,
13,3.0,"['marine', 'birthday', 'happy', 'usmc', 'semper', 'thank', 'corps', 'nation', 'th', 'fi']",14,[1],"[['marine', 'birthday', 'happy', 'usmc', 'semper', 'thank', 'corps', 'th', 'year', 'marines']]",[0.999],[0.979],[0.862],0.979,0.862,continued,,,,,
13,4.0,"['congress', 'continue', 'district', 'work', 'serve', 'represent', 'honor', 'community', 'congressional', 'people']",14,[],[],[],[],[],0.0,0.0,disappeared,,,,,
13,5.0,"['amsterdam', 'antisemitism', 'jewish', 'attack', 'antisemitic', 'must', 'violence', 'condemn', 'world', 'jews']",14,[2],"[['amsterdam', 'antisemitism', 'antisemitic', 'jewish', 'attack', 'must', 'condemn', 'violence', 'world', 'jews']]",[0.995],[1.0],[0.874],1.0,0.874,continued,,,,,
13,6.0,"['office', 'agency', 'federal', 'help', 'assistance', 'need', 'service', 'constituent', 'issue', 'hour']",14,[],[],[],[],[],0.0,0.0,disappeared,,,,,
13,7.0,"['smith', 'jack', 'federal', 'hold', 'trump', 'donald', 'accountable', 'court', 'investigation', 'must']",14,[],[],[],[],[],0.0,0.0,disappeared,,,,,
13,8.0,"['care', 'affordable', 'health', 'enrollment', 'medicare', 'coverage', 'act', 'healthcare', 'open', 'plan']",14,[],[],[],[],[],0.0,0.0,disappeared,,,,,
13,9.0,"['abortion', 'woman', 'reproductive', 'right', 'ban', 'protect', 'health', 'care', 'fight', 'roe']",14,[],[],[],[],[],0.0,0.0,disappeared,,,,,
13,10.0,"['energy', 'american', 'gas', 'tax', 'clean', 'job', 'china', 'price', 'oil', 'cut']",14,[],[],[],[],[],0.0,0.0,disappeared,,,,,
14,0.0,"['veteran', 'donald', 'day', 'trump', 'honor', 'work', 'thank', 'service', 'president', 'serve']",15,[],[],[],[],[],0.0,0.0,disappeared,,,,,
14,1.0,"['marine', 'birthday', 'happy', 'usmc', 'semper', 'thank', 'corps', 'th', 'year', 'marines']",15,[5],"[['marine', 'birthday', 'usmc', 'happy', 'corps', 'semper', 'th', 'marines', 'fi', 'corp']]",[0.999],[0.969],[0.833],0.969,0.833,continued,,,,,
14,2.0,"['amsterdam', 'antisemitism', 'antisemitic', 'jewish', 'attack', 'must', 'condemn', 'violence', 'world', 'jews']",15,[],[],[],[],[],0.0,0.0,disappeared,,,,,
15,0.0,"['donald', 'trump', 'border', 'president', 'work', 'american', 'america', 'people', 'republican', 'agenda']",16,"[1, 2]","[['leadership', 'congratulation', 'work', 'leader', 'conference', 'republican', 'chair', 'thank', 'majority', 'forward'], ['donald', 'trump', 'president', 'american', 'government', 'america', 'people', 'tax', 'agenda', 'elon']]","[0.914, 0.939]","[0.376, 0.357]","[0.973, 0.937]",0.733,1.91,split,,,,,
15,2.0,"['infrastructure', 'law', 'bipartisan', 'investment', 'road', 'three', 'year', 'water', 'bridge', 'project']",16,[4],"[['infrastructure', 'law', 'bipartisan', 'investment', 'water', 'bridge', 'three', 'road', 'year', 'project']]",[0.997],[0.904],[0.752],0.904,0.752,continued,,,,,
15,4.0,"['health', 'care', 'healthcare', 'jr', 'rfk', 'medicare', 'open', 'enrollment', 'vaccine', 'coverage']",16,[5],"[['health', 'care', 'medicare', 'healthcare', 'coverage', 'affordable', 'enrollment', 'open', 'insurance', 'rfk']]",[0.982],[0.757],[0.691],0.757,0.691,continued,,,,,
15,5.0,"['marine', 'birthday', 'usmc', 'happy', 'corps', 'semper', 'th', 'marines', 'fi', 'corp']",16,[],[],[],[],[],0.0,0.0,disappeared,,,,,
15,6.0,"['israel', 'ambassador', 'united', 'nations', 'hostage', 'hamas', 'antisemitism', 'jewish', 'repstefanik', 'must']",16,[3],"[['israel', 'woman', 'antisemitism', 'hostage', 'hamas', 'must', 'violence', 'gun', 'jewish', 'stand']]",[0.845],[0.578],[0.308],0.578,0.308,disappeared,,,,,
15,7.0,"['social', 'security', 'benefit', 'socialsecurityfairnessact', 'public', 'servant', 'fairness', 'vote', 'earn', 'pass']",16,[9],"[['social', 'security', 'benefit', 'servant', 'socialsecurityfairnessact', 'fairness', 'public', 'vote', 'earn', 'pass']]",[0.998],[0.914],[0.967],0.914,0.967,continued,,,,,
15,8.0,"['emergency', 'management', 'agency', 'federal', 'disaster', 'political', 'avoid', 'trump', 'donald', 'answer']",16,[11],"[['management', 'emergency', 'agency', 'federal', 'answer', 'political', 'supporter', 'trump', 'donald', 'demand']]",[0.989],[0.789],[0.775],0.789,0.775,continued,,,,,
15,9.0,"['energy', 'climate', 'environmental', 'protection', 'gas', 'donald', 'trump', 'agency', 'cop', 'american']",16,[10],"[['climate', 'energy', 'cop', 'oil', 'gas', 'environmental', 'clean', 'fossil', 'unleash', 'trump']]",[0.984],[0.915],[0.829],0.915,0.829,continued,,,,,
15,10.0,"['gaetz', 'matt', 'attorney', 'general', 'ethic', 'investigation', 'donald', 'committee', 'report', 'trump']",16,[8],"[['gaetz', 'matt', 'ethic', 'attorney', 'report', 'general', 'committee', 'investigation', 'release', 'justice']]",[0.984],[0.839],[0.537],0.839,0.537,continued,,,,,
15,11.0,"['office', 'hour', 'mobile', 'staff', 'federal', 'help', 'passport', 'agency', 'county', 'assist']",16,[15],"[['office', 'hour', 'mobile', 'help', 'agency', 'federal', 'staff', 'county', 'assistance', 'passport']]",[0.981],[0.873],[0.827],0.873,0.827,continued,,,,,
15,12.0,"['pete', 'hegseth', 'defense', 'mike', 'johnson', 'security', 'national', 'secretary', 'michaelgwaltz', 'advisor']",16,[17],"[['pete', 'hegseth', 'defense', 'secretary', 'intelligence', 'donald', 'trump', 'military', 'president', 'pick']]",[0.96],[0.891],[0.838],0.891,0.838,continued,,,,,
15,13.0,"['uapheare', 'uaphearing', 'uap', 'whistleblower', 'transparency', 'government', 'pentagon', 'truth', 'people', 'classification']",16,[16],"[['uaphearing', 'uapheare', 'pentagon', 'uap', 'audit', 'transparency', 'fail', 'people', 'deserve', 'whistleblower']]",[0.966],[0.806],[0.714],0.806,0.714,continued,,,,,
15,14.0,"['farm', 'farmer', 'agriculture', 'bureau', 'producer', 'ag', 'rural', 'support', 'bill', 'organic']",16,[13],"[['farm', 'farmer', 'agriculture', 'food', 'bill', 'rancher', 'producer', 'support', 'usda', 'stabenow']]",[0.982],[0.877],[0.658],0.877,0.658,continued,,,,,
15,15.0,"['thxbirthcontrol', 'birth', 'control', 'abortion', 'right', 'reproductive', 'prochoicecaucus', 'accessible', 'freedom', 'fight']",16,[],[],[],[],[],0.0,0.0,disappeared,,,,,
15,,,16,,,,"[0.92, 0.964]","[1.453, 0.421]",1.884,1.874,merge,"[1, 3]","[['veteran', 'honor', 'day', 'service', 'sacrifice', 'veteransday', 'thank', 'serve', 'nation', 'today'], ['woman', 'man', 'veteran', 'brave', 'nation', 'serve', 'day', 'sacrifice', 'honor', 'thank']]",0.0,"['veteran', 'honor', 'service', 'family', 'serve', 'military', 'proud', 'va', 'sacrifice', 'nation']","[0.948, 0.789]"
16,0.0,"['veteran', 'honor', 'service', 'family', 'serve', 'military', 'proud', 'va', 'sacrifice', 'nation']",17,[12],"[['honor', 'service', 'military', 'sacrifice', 'family', 'veteran', 'academy', 'hero', 'thank', 'serve']]",[0.94],[0.523],[2.148],0.523,2.148,continued,,,,,
16,1.0,"['leadership', 'congratulation', 'work', 'leader', 'conference', 'republican', 'chair', 'thank', 'majority', 'forward']",17,[7],"[['leadership', 'democratic', 'honor', 'congress', 'friend', 'work', 'forward', 'elect', 'chair', 'thank']]",[0.971],[0.865],[2.199],0.865,2.199,continued,,,,,
16,2.0,"['donald', 'trump', 'president', 'american', 'government', 'america', 'people', 'tax', 'agenda', 'elon']",17,[1],"[['donald', 'doge', 'trump', 'government', 'tax', 'musk', 'american', 'elon', 'president', 'people']]",[0.965],[0.765],[0.795],0.765,0.795,continued,,,,,
16,3.0,"['israel', 'woman', 'antisemitism', 'hostage', 'hamas', 'must', 'violence', 'gun', 'jewish', 'stand']",17,[2],"[['israel', 'icc', 'hamas', 'benjamin', 'warrant', 'terrorist', 'antisemitism', 'sanction', 'netanyahu', 'arrest']]",[0.868],[0.41],[0.454],0.41,0.454,unclear,,,,,
16,4.0,"['infrastructure', 'law', 'bipartisan', 'investment', 'water', 'bridge', 'three', 'road', 'year', 'project']",17,[6],"[['infrastructure', 'water', 'bridge', 'land', 'law', 'million', 'investment', 'project', 'community', 'bipartisan']]",[0.958],[0.839],[1.394],0.839,1.394,continued,,,,,
16,5.0,"['health', 'care', 'medicare', 'healthcare', 'coverage', 'affordable', 'enrollment', 'open', 'insurance', 'rfk']",17,"[10, 22]","[['rural', 'health', 'care', 'hospital', 'access', 'healthcare', 'nationalruralhealthday', 'community', 'provider', 'quality'], ['medicaid', 'medicare', 'health', 'care', 'cut', 'affordable', 'oz', 'insurance', 'dr', 'cms']]","[0.865, 0.868]","[0.382, 0.391]","[0.699, 1.5]",0.773,2.199,split,,,,,
16,6.0,"['border', 'illegal', 'biden', 'joe', 'kamala', 'criminal', 'alien', 'harris', 'laken', 'riley']",17,[4],"[['border', 'biden', 'joe', 'illegal', 'kamala', 'alien', 'harris', 'trump', 'donald', 'secure']]",[0.979],[0.736],[0.818],0.736,0.818,continued,,,,,
16,7.0,"['ukraine', 'vladimir', 'russia', 'war', 'putin', 'joe', 'biden', 'nuclear', 'cyber', 'russian']",17,[3],"[['ukraine', 'vladimir', 'russia', 'war', 'putin', 'china', 'joe', 'biden', 'hong', 'kong']]",[0.98],[0.753],[0.569],0.753,0.569,continued,,,,,
16,8.0,"['gaetz', 'matt', 'ethic', 'attorney', 'report', 'general', 'committee', 'investigation', 'release', 'justice']",17,[9],"[['gaetz', 'matt', 'ethic', 'report', 'release', 'committee', 'attorney', 'allegation', 'general', 'house']]",[0.981],[0.89],[1.043],0.89,1.043,continued,,,,,
16,9.0,"['social', 'security', 'benefit', 'servant', 'socialsecurityfairnessact', 'fairness', 'public', 'vote', 'earn', 'pass']",17,[8],"[['veteran', 'va', 'benefit', 'care', 'dole', 'improvement', 'elizabeth', 'act', 'healthcare', 'century']]",[0.701],[0.446],[0.397],0.446,0.397,disappeared,,,,,
16,10.0,"['climate', 'energy', 'cop', 'oil', 'gas', 'environmental', 'clean', 'fossil', 'unleash', 'trump']",17,[11],"[['energy', 'climate', 'clean', 'production', 'oil', 'geothermal', 'cop', 'gas', 'fuel', 'fossil']]",[0.96],[0.855],[0.917],0.855,0.917,continued,,,,,
16,11.0,"['management', 'emergency', 'agency', 'federal', 'answer', 'political', 'supporter', 'trump', 'donald', 'demand']",17,[14],"[['management', 'emergency', 'agency', 'federal', 'criswell', 'supporter', 'trump', 'donald', 'administrator', 'political']]",[0.994],[0.928],[1.04],0.928,1.04,continued,,,,,
16,12.0,"['education', 'student', 'teacher', 'americaneducationweek', 'school', 'educator', 'week', 'kid', 'future', 'opportunity']",17,[16],"[['education', 'student', 'americaneducationweek', 'teacher', 'school', 'educator', 'week', 'department', 'support', 'public']]",[0.99],[0.92],[0.835],0.92,0.835,continued,,,,,
16,13.0,"['farm', 'farmer', 'agriculture', 'food', 'bill', 'rancher', 'producer', 'support', 'usda', 'stabenow']",17,[20],"[['farm', 'farmer', 'agriculture', 'bill', 'producer', 'crop', 'rancher', 'houseaggop', 'stabenow', 'support']]",[0.981],[0.947],[1.125],0.947,1.125,continued,,,,,
16,14.0,"['disaster', 'hurricane', 'helene', 'relief', 'help', 'emergency', 'assistance', 'rebuild', 'recovery', 'recover']",17,[5],"[['disaster', 'hurricane', 'fire', 'helene', 'emergency', 'relief', 'need', 'community', 'help', 'recover']]",[0.965],[0.933],[0.409],0.933,0.409,unclear,,,,,
16,15.0,"['office', 'hour', 'mobile', 'help', 'agency', 'federal', 'staff', 'county', 'assistance', 'passport']",17,[17],"[['office', 'hour', 'mobile', 'help', 'passport', 'federal', 'agency', 'county', 'constituent', 'team']]",[0.982],[0.933],[0.921],0.933,0.921,continued,,,,,
16,16.0,"['uaphearing', 'uapheare', 'pentagon', 'uap', 'audit', 'transparency', 'fail', 'people', 'deserve', 'whistleblower']",17,[],[],[],[],[],0.0,0.0,disappeared,,,,,
16,17.0,"['pete', 'hegseth', 'defense', 'secretary', 'intelligence', 'donald', 'trump', 'military', 'president', 'pick']",17,[],[],[],[],[],0.0,0.0,disappeared,,,,,
16,18.0,"['tune', 'live', 'newsmax', 'join', 'episode', 'et', 'iheart', 'show', 'cammack', 'rep']",17,[19],"[['tune', 'bsky', 'join', 'newsmax', 'pm', 'profile', 'app', 'bluesky', 'social', 'live']]",[0.954],[0.881],[0.693],0.881,0.693,continued,,,,,
16,19.0,"['fafsa', 'student', 'deadline', 'aid', 'october', 'education', 'college', 'act', 'vote', 'delay']",17,[],[],[],[],[],0.0,0.0,disappeared,,,,,
17,0.0,"['woman', 'violence', 'trans', 'transgender', 'hate', 'man', 'remembrance', 'lose', 'anti', 'day']",18,[0],"[['woman', 'violence', 'trans', 'transgender', 'hate', 'man', 'remembrance', 'day', 'anti', 'bathroom']]",[0.992],[0.633],[0.74],0.633,0.74,continued,,,,,
17,1.0,"['donald', 'doge', 'trump', 'government', 'tax', 'musk', 'american', 'elon', 'president', 'people']",18,"[5, 16]","[['doge', 'government', 'waste', 'musk', 'elon', 'vivekgramaswamy', 'caucus', 'spending', 'federal', 'taxpayer'], ['donald', 'trump', 'president', 'realdonaldtrump', 'american', 'america', 'agenda', 'cabinet', 'mandate', 'tariff']]","[0.898, 0.935]","[0.369, 0.477]","[0.839, 2.024]",0.847,2.863,split,,,,,
17,2.0,"['israel', 'icc', 'hamas', 'benjamin', 'warrant', 'terrorist', 'antisemitism', 'sanction', 'netanyahu', 'arrest']",18,[1],"[['israel', 'icc', 'hamas', 'benjamin', 'warrant', 'terrorist', 'netanyahu', 'arrest', 'antisemitism', 'must']]",[0.998],[0.879],[0.895],0.879,0.895,continued,,,,,
17,3.0,"['ukraine', 'vladimir', 'russia', 'war', 'putin', 'china', 'joe', 'biden', 'hong', 'kong']",18,[7],"[['ukraine', 'vladimir', 'russia', 'war', 'putin', 'joe', 'biden', 'russian', 'ukrainian', 'invasion']]",[0.955],[0.646],[0.944],0.646,0.944,continued,,,,,
17,4.0,"['border', 'biden', 'joe', 'illegal', 'kamala', 'alien', 'harris', 'trump', 'donald', 'secure']",18,[3],"[['border', 'joe', 'biden', 'illegal', 'kamala', 'alien', 'harris', 'trump', 'donald', 'child']]",[0.996],[0.901],[0.819],0.901,0.819,continued,,,,,
17,5.0,"['disaster', 'hurricane', 'fire', 'helene', 'emergency', 'relief', 'need', 'community', 'help', 'recover']",18,[17],"[['disaster', 'hurricane', 'relief', 'helene', 'rebuild', 'emergency', 'funding', 'recover', 'need', 'help']]",[0.965],[0.749],[1.641],0.749,1.641,continued,,,,,
17,6.0,"['infrastructure', 'water', 'bridge', 'land', 'law', 'million', 'investment', 'project', 'community', 'bipartisan']",18,[10],"[['water', 'land', 'bill', 'committee', 'federal', 'community', 'river', 'protect', 'pass', 'project']]",[0.962],[0.8],[1.138],0.8,1.138,continued,,,,,
17,7.0,"['leadership', 'democratic', 'honor', 'congress', 'friend', 'work', 'forward', 'elect', 'chair', 'thank']",18,[9],"[['democratic', 'honor', 'elect', 'leadership', 'congress', 'work', 'chair', 'serve', 'forward', 'repjeffrie']]",[0.991],[0.877],[1.076],0.877,1.076,continued,,,,,
17,8.0,"['veteran', 'va', 'benefit', 'care', 'dole', 'improvement', 'elizabeth', 'act', 'healthcare', 'century']",18,[8],"[['veteran', 'va', 'benefit', 'care', 'dole', 'improvement', 'bill', 'elizabeth', 'pass', 'healthcare']]",[0.998],[0.949],[0.97],0.949,0.97,continued,,,,,
17,9.0,"['gaetz', 'matt', 'ethic', 'report', 'release', 'committee', 'attorney', 'allegation', 'general', 'house']",18,[11],"[['gaetz', 'report', 'ethic', 'matt', 'release', 'committee', 'attorney', 'general', 'house', 'allegation']]",[0.995],[0.871],[0.918],0.871,0.918,continued,,,,,
17,10.0,"['rural', 'health', 'care', 'hospital', 'access', 'healthcare', 'nationalruralhealthday', 'community', 'provider', 'quality']",18,[2],"[['health', 'rural', 'care', 'medicare', 'healthcare', 'access', 'hospital', 'affordable', 'enrollment', 'medicaid']]",[0.944],[0.965],[0.413],0.965,0.413,unclear,,,,,
17,11.0,"['energy', 'climate', 'clean', 'production', 'oil', 'geothermal', 'cop', 'gas', 'fuel', 'fossil']",18,[6],"[['energy', 'climate', 'clean', 'fuel', 'cop', 'oil', 'production', 'fossil', 'gas', 'business']]",[0.986],[0.927],[0.701],0.927,0.701,continued,,,,,
17,12.0,"['honor', 'service', 'military', 'sacrifice', 'family', 'veteran', 'academy', 'hero', 'thank', 'serve']",18,[],[],[],[],[],0.0,0.0,disappeared,,,,,
17,13.0,"['laken', 'riley', 'justice', 'illegal', 'murder', 'border', 'never', 'guilty', 'biden', 'joe']",18,[12],"[['laken', 'riley', 'justice', 'illegal', 'murder', 'border', 'never', 'guilty', 'biden', 'joe']]",[0.998],[0.961],[1.01],0.961,1.01,continued,,,,,
17,14.0,"['management', 'emergency', 'agency', 'federal', 'criswell', 'supporter', 'trump', 'donald', 'administrator', 'political']",18,[15],"[['management', 'emergency', 'agency', 'federal', 'disaster', 'criswell', 'supporter', 'trump', 'donald', 'administrator']]",[0.998],[0.97],[1.055],0.97,1.055,continued,,,,,
17,15.0,"['birthday', 'happy', 'potus', 'thank', 'wish', 'leadership', 'president', 'american', 'joe', 'biden']",18,[14],"[['birthday', 'happy', 'potus', 'thank', 'wish', 'leadership', 'president', 'american', 'biden', 'joe']]",[0.996],[0.859],[0.924],0.859,0.924,continued,,,,,
17,17.0,"['office', 'hour', 'mobile', 'help', 'passport', 'federal', 'agency', 'county', 'constituent', 'team']",18,[19],"[['office', 'hour', 'mobile', 'help', 'passport', 'federal', 'agency', 'county', 'staff', 'team']]",[0.986],[0.987],[1.071],0.987,1.071,continued,,,,,
17,18.0,"['nonprofit', 'vote', 'right', 'power', 'bill', 'organization', 'donald', 'hr', 'group', 'trump']",18,[13],"[['nonprofit', 'tax', 'organization', 'vote', 'group', 'hostage', 'terrorist', 'power', 'bill', 'dei']]",[0.962],[0.868],[0.688],0.868,0.688,continued,,,,,
17,19.0,"['tune', 'bsky', 'join', 'newsmax', 'pm', 'profile', 'app', 'bluesky', 'social', 'live']",18,[21],"[['tune', 'newsmax', 'pm', 'join', 'tonight', 'foxbusiness', 'et', 'live', 'watch', 'youtube']]",[0.966],[0.76],[0.891],0.76,0.891,continued,,,,,
17,20.0,"['farm', 'farmer', 'agriculture', 'bill', 'producer', 'crop', 'rancher', 'houseaggop', 'stabenow', 'support']",18,[22],"[['farm', 'farmer', 'agriculture', 'bill', 'producer', 'crop', 'discuss', 'rice', 'rancher', 'industry']]",[0.991],[0.984],[0.984],0.984,0.984,continued,,,,,
17,22.0,"['medicaid', 'medicare', 'health', 'care', 'cut', 'affordable', 'oz', 'insurance', 'dr', 'cms']",18,[],[],[],[],[],0.0,0.0,disappeared,,,,,
17,23.0,"['apprenticeship', 'career', 'nationalapprenticeshipweek', 'naw', 'ohio', 'opportunity', 'workforce', 'job', 'week', 'education']",18,[],[],[],[],[],0.0,0.0,disappeared,,,,,
17,24.0,"['native', 'logo', 'month', 'heritage', 'history', 'nativeamericanheritagemonth', 'american', 'indigenous', 'tribe', 'celebrate']",18,[],[],[],[],[],0.0,0.0,disappeared,,,,,
17,,,18,,,,"[0.608, 0.763]","[0.855, 0.652]",1.371,1.507,merge,"[16, 21]","[['education', 'student', 'americaneducationweek', 'teacher', 'school', 'educator', 'week', 'department', 'support', 'public'], ['child', 'health', 'adoption', 'kid', 'vaccine', 'family', 'care', 'parent', 'brain', 'mental']]",20.0,"['child', 'care', 'kid', 'parent', 'health', 'school', 'student', 'family', 'form', 'need']","[0.758, 0.929]"
18,0.0,"['woman', 'violence', 'trans', 'transgender', 'hate', 'man', 'remembrance', 'day', 'anti', 'bathroom']",19,[3],"[['woman', 'holdtheline', 'violence', 'elimination', 'international', 'girl', 'noexcuse', 'day', 'man', 'right']]",[0.857],[0.629],[2.763],0.629,2.763,unclear,,,,,
18,1.0,"['israel', 'icc', 'hamas', 'benjamin', 'warrant', 'terrorist', 'netanyahu', 'arrest', 'antisemitism', 'must']",19,[1],"[['israel', 'ceasefire', 'hezbollah', 'hamas', 'hostage', 'gaza', 'lebanon', 'must', 'peace', 'agreement']]",[0.918],[0.874],[1.287],0.874,1.287,continued,,,,,
18,2.0,"['health', 'rural', 'care', 'medicare', 'healthcare', 'access', 'hospital', 'affordable', 'enrollment', 'medicaid']",19,[],[],[],[],[],0.0,0.0,disappeared,,,,,
18,3.0,"['border', 'joe', 'biden', 'illegal', 'kamala', 'alien', 'harris', 'trump', 'donald', 'child']",19,[],[],[],[],[],0.0,0.0,disappeared,,,,,
18,4.0,"['holiday', 'thanksgiving', 'season', 'food', 'community', 'thanksgive', 'thank', 'turkey', 'great', 'tree']",19,[],[],[],[],[],0.0,0.0,disappeared,,,,,
18,5.0,"['doge', 'government', 'waste', 'musk', 'elon', 'vivekgramaswamy', 'caucus', 'spending', 'federal', 'taxpayer']",19,[],[],[],[],[],0.0,0.0,disappeared,,,,,
18,6.0,"['energy', 'climate', 'clean', 'fuel', 'cop', 'oil', 'production', 'fossil', 'gas', 'business']",19,[],[],[],[],[],0.0,0.0,disappeared,,,,,
18,7.0,"['ukraine', 'vladimir', 'russia', 'war', 'putin', 'joe', 'biden', 'russian', 'ukrainian', 'invasion']",19,[],[],[],[],[],0.0,0.0,disappeared,,,,,
18,8.0,"['veteran', 'va', 'benefit', 'care', 'dole', 'improvement', 'bill', 'elizabeth', 'pass', 'healthcare']",19,[],[],[],[],[],0.0,0.0,disappeared,,,,,
18,9.0,"['democratic', 'honor', 'elect', 'leadership', 'congress', 'work', 'chair', 'serve', 'forward', 'repjeffrie']",19,[],[],[],[],[],0.0,0.0,disappeared,,,,,
18,10.0,"['water', 'land', 'bill', 'committee', 'federal', 'community', 'river', 'protect', 'pass', 'project']",19,[],[],[],[],[],0.0,0.0,disappeared,,,,,
18,11.0,"['gaetz', 'report', 'ethic', 'matt', 'release', 'committee', 'attorney', 'general', 'house', 'allegation']",19,[],[],[],[],[],0.0,0.0,disappeared,,,,,
18,12.0,"['laken', 'riley', 'justice', 'illegal', 'murder', 'border', 'never', 'guilty', 'biden', 'joe']",19,[],[],[],[],[],0.0,0.0,disappeared,,,,,
18,13.0,"['nonprofit', 'tax', 'organization', 'vote', 'group', 'hostage', 'terrorist', 'power', 'bill', 'dei']",19,[],[],[],[],[],0.0,0.0,disappeared,,,,,
18,14.0,"['birthday', 'happy', 'potus', 'thank', 'wish', 'leadership', 'president', 'american', 'biden', 'joe']",19,[],[],[],[],[],0.0,0.0,disappeared,,,,,
18,15.0,"['management', 'emergency', 'agency', 'federal', 'disaster', 'criswell', 'supporter', 'trump', 'donald', 'administrator']",19,[],[],[],[],[],0.0,0.0,disappeared,,,,,
18,16.0,"['donald', 'trump', 'president', 'realdonaldtrump', 'american', 'america', 'agenda', 'cabinet', 'mandate', 'tariff']",19,[],[],[],[],[],0.0,0.0,disappeared,,,,,
18,17.0,"['disaster', 'hurricane', 'relief', 'helene', 'rebuild', 'emergency', 'funding', 'recover', 'need', 'help']",19,[],[],[],[],[],0.0,0.0,disappeared,,,,,
18,18.0,"['championship', 'football', 'win', 'go', 'season', 'game', 'luck', 'team', 'state', 'cheer']",19,[2],"[['win', 'championship', 'football', 'go', 'team', 'uni', 'state', 'game', 'congratulation', 'season']]",[0.986],[0.847],[0.685],0.847,0.685,continued,,,,,
18,19.0,"['office', 'hour', 'mobile', 'help', 'passport', 'federal', 'agency', 'county', 'staff', 'team']",19,[],[],[],[],[],0.0,0.0,disappeared,,,,,
18,20.0,"['child', 'care', 'kid', 'parent', 'health', 'school', 'student', 'family', 'form', 'need']",19,[],[],[],[],[],0.0,0.0,disappeared,,,,,
18,21.0,"['tune', 'newsmax', 'pm', 'join', 'tonight', 'foxbusiness', 'et', 'live', 'watch', 'youtube']",19,[],[],[],[],[],0.0,0.0,disappeared,,,,,
18,22.0,"['farm', 'farmer', 'agriculture', 'bill', 'producer', 'crop', 'discuss', 'rice', 'rancher', 'industry']",19,[],[],[],[],[],0.0,0.0,disappeared,,,,,
18,23.0,"['judge', 'confirm', 'judicial', 'district', 'nominee', 'senate', 'court', 'biden', 'joe', 'kamala']",19,[],[],[],[],[],0.0,0.0,disappeared,,,,,
18,24.0,"['chinese', 'china', 'communist', 'iran', 'party', 'hong', 'kong', 'ronald', 'beijing', 'security']",19,[],[],[],[],[],0.0,0.0,disappeared,,,,,
19,0.0,"['family', 'donald', 'work', 'trump', 'community', 'happy', 'thanksgiving', 'president', 'one', 'make']",20,[0],"[['family', 'thanksgiving', 'happy', 'work', 'donald', 'trump', 'day', 'community', 'year', 'thanksgive']]",[0.992],[0.643],[0.669],0.643,0.669,continued,,,,,
19,1.0,"['israel', 'ceasefire', 'hezbollah', 'hamas', 'hostage', 'gaza', 'lebanon', 'must', 'peace', 'agreement']",20,[],[],[],[],[],0.0,0.0,disappeared,,,,,
19,2.0,"['win', 'championship', 'football', 'go', 'team', 'uni', 'state', 'game', 'congratulation', 'season']",20,[],[],[],[],[],0.0,0.0,disappeared,,,,,
19,3.0,"['woman', 'holdtheline', 'violence', 'elimination', 'international', 'girl', 'noexcuse', 'day', 'man', 'right']",20,[],[],[],[],[],0.0,0.0,disappeared,,,,,
20,0.0,"['family', 'thanksgiving', 'happy', 'work', 'donald', 'trump', 'day', 'community', 'year', 'thanksgive']",21,[0],"[['joe', 'biden', 'family', 'work', 'donald', 'trump', 'happy', 'year', 'day', 'president']]",[0.99],[0.587],[0.505],0.587,0.505,continued,,,,,
20,1.0,"['business', 'small', 'smallbusinesssaturday', 'local', 'support', 'shop', 'economy', 'community', 'saturday', 'shopsmall']",21,[1],"[['business', 'small', 'smallbusinesssaturday', 'local', 'support', 'shop', 'community', 'economy', 'saturday', 'shopsmall']]",[0.998],[0.942],[1.07],0.942,1.07,continued,,,,,
21,0.0,"['joe', 'biden', 'family', 'work', 'donald', 'trump', 'happy', 'year', 'day', 'president']",22,[],[],[],[],[],0.0,0.0,disappeared,,,,,
21,1.0,"['business', 'small', 'smallbusinesssaturday', 'local', 'support', 'shop', 'community', 'economy', 'saturday', 'shopsmall']",22,[],[],[],[],[],0.0,0.0,disappeared,,,,,
22,0.0,"['doge', 'government', 'musk', 'elon', 'work', 'cut', 'vivekgramaswamy', 'business', 'tax', 'spending']",23,[],[],[],[],[],0.0,0.0,disappeared,,,,,
22,1.0,"['energy', 'disaster', 'water', 'relief', 'agency', 'federal', 'management', 'emergency', 'hurricane', 'climate']",23,[],[],[],[],[],0.0,0.0,disappeared,,,,,
22,2.0,"['omer', 'hostage', 'hamas', 'israel', 'neutra', 'terrorist', 'iran', 'vladimir', 'hold', 'ukraine']",23,[],[],[],[],[],0.0,0.0,disappeared,,,,,
22,3.0,"['joe', 'biden', 'pardon', 'hunter', 'son', 'president', 'lie', 'justice', 'crime', 'family']",23,[],[],[],[],[],0.0,0.0,disappeared,,,,,
22,4.0,"['pearl', 'harbor', 'attack', 'sacrifice', 'lose', 'remember', 'day', 'honor', 'life', 'today']",23,[1],"[['pearl', 'harbor', 'attack', 'day', 'honor', 'sacrifice', 'remember', 'lose', 'life', 'today']]",[0.999],[0.968],[0.88],0.968,0.88,continued,,,,,
22,5.0,"['health', 'veteran', 'care', 'help', 'va', 'mental', 'need', 'access', 'benefit', 'service']",23,[],[],[],[],[],0.0,0.0,disappeared,,,,,
22,6.0,"['border', 'illegal', 'donald', 'trump', 'alien', 'president', 'secure', 'criminal', 'immigration', 'city']",23,[],[],[],[],[],0.0,0.0,disappeared,,,,,
22,7.0,"['holdtheline', 'child', 'care', 'woman', 'gender', 'protect', 'supreme', 'court', 'kid', 'tennessee']",23,[],[],[],[],[],0.0,0.0,disappeared,,,,,
22,8.0,"['medicare', 'enrollment', 'open', 'drug', 'coverage', 'prescription', 'senior', 'plan', 'cost', 'pharmacy']",23,[],[],[],[],[],0.0,0.0,disappeared,,,,,
22,9.0,"['chair', 'elect', 'congress', 'congratulation', 'leadership', 'caucus', 'work', 'colleague', 'forward', 'serve']",23,[],[],[],[],[],0.0,0.0,disappeared,,,,,
22,10.0,"['student', 'community', 'school', 'intern', 'honor', 'thank', 'great', 'celebrate', 'internship', 'year']",23,[],[],[],[],[],0.0,0.0,disappeared,,,,,
22,11.0,"['championship', 'football', 'win', 'luck', 'game', 'title', 'congratulation', 'season', 'good', 'coach']",23,[],[],[],[],[],0.0,0.0,disappeared,,,,,
22,12.0,"['investigation', 'bureau', 'of', 'patel', 'kash', 'federal', 'director', 'donald', 'trump', 'nominee']",23,[],[],[],[],[],0.0,0.0,disappeared,,,,,
22,13.0,"['christmas', 'tree', 'holiday', 'season', 'light', 'cheer', 'capitol', 'wonderful', 'ornament', 'student']",23,[],[],[],[],[],0.0,0.0,disappeared,,,,,
22,14.0,"['pete', 'hegseth', 'defense', 'military', 'secretary', 'nomination', 'donald', 'department', 'trump', 'lethality']",23,[],[],[],[],[],0.0,0.0,disappeared,,,,,
22,15.0,"['bus', 'rosa', 'movement', 'montgomery', 'boycott', 'parks', 'seat', 'civil', 'protest', 'spark']",23,[],[],[],[],[],0.0,0.0,disappeared,,,,,
22,16.0,"['tune', 'live', 'newsmax', 'join', 'et', 'ct', 'pm', 'wake', 'news', 'episode']",23,[],[],[],[],[],0.0,0.0,disappeared,,,,,
22,17.0,"['farm', 'farmer', 'bill', 'agriculture', 'producer', 'pass', 'rural', 'food', 'crop', 'dairy']",23,[],[],[],[],[],0.0,0.0,disappeared,,,,,
23,0.0,"['work', 'donald', 'trump', 'house', 'act', 'make', 'year', 'president', 'federal', 'people']",24,[],[],[],[],[],0.0,0.0,disappeared,,,,,
23,1.0,"['pearl', 'harbor', 'attack', 'day', 'honor', 'sacrifice', 'remember', 'lose', 'life', 'today']",24,[1],"[['pearl', 'harbor', 'attack', 'remember', 'lose', 'sacrifice', 'day', 'honor', 'life', 'today']]",[1.0],[0.905],[0.905],0.905,0.905,continued,,,,,
24,0.0,"['chairman', 'committee', 'work', 'congratulation', 'forward', 'look', 'friend', 'next', 'chair', 'congress']",25,[0],"[['chairman', 'committee', 'work', 'friend', 'congratulation', 'forward', 'look', 'serve', 'congress', 'next']]",[0.995],[0.803],[0.837],0.803,0.837,continued,,,,,
24,1.0,"['pearl', 'harbor', 'attack', 'remember', 'lose', 'sacrifice', 'day', 'honor', 'life', 'today']",25,[],[],[],[],[],0.0,0.0,disappeared,,,,,
24,2.0,"['bureau', 'investigation', 'of', 'federal', 'joe', 'biden', 'kash', 'patel', 'wray', 'pardon']",25,[5],"[['bureau', 'investigation', 'of', 'federal', 'biden', 'joe', 'kash', 'wray', 'patel', 'pardon']]",[0.993],[0.841],[1.144],0.841,1.144,continued,,,,,
24,3.0,"['defense', 'authorization', 'national', 'act', 'military', 'fy', 'servicemember', 'pay', 'support', 'raise']",25,[1],"[['defense', 'authorization', 'national', 'act', 'military', 'fy', 'servicemember', 'pay', 'support', 'raise']]",[0.999],[0.936],[1.016],0.936,1.016,continued,,,,,
24,4.0,"['syria', 'assad', 'syrian', 'iran', 'israel', 'regime', 'russia', 'hostage', 'hamas', 'vladimir']",25,[6],"[['syria', 'hamas', 'israel', 'ukraine', 'hostage', 'russia', 'terrorist', 'iran', 'vladimir', 'assad']]",[0.972],[0.885],[1.193],0.885,1.193,continued,,,,,
24,5.0,"['holiday', 'christmas', 'season', 'student', 'thank', 'great', 'academy', 'intern', 'office', 'team']",25,[2],"[['holiday', 'wreath', 'season', 'christmas', 'honor', 'thank', 'great', 'sacrifice', 'across', 'volunteer']]",[0.947],[0.562],[0.534],0.562,0.534,continued,,,,,
24,6.0,"['border', 'biden', 'joe', 'kamala', 'illegal', 'harris', 'donald', 'immigration', 'trump', 'wall']",25,[7],"[['border', 'joe', 'biden', 'kamala', 'illegal', 'immigration', 'wall', 'donald', 'trump', 'deportation']]",[0.995],[0.836],[0.962],0.836,0.962,continued,,,,,
24,7.0,"['water', 'resource', 'development', 'lake', 'infrastructure', 'wrda', 'project', 'river', 'pass', 'house']",25,[8],"[['water', 'resource', 'infrastructure', 'development', 'lake', 'project', 'wrda', 'pass', 'house', 'act']]",[0.994],[0.944],[0.839],0.944,0.839,continued,,,,,
24,8.0,"['birthday', 'happy', 'guard', 'always', 'usnationalguard', 'thank', 'national', 'ready', 'nation', 'th']",25,[9],"[['birthday', 'guard', 'happy', 'always', 'usnationalguard', 'national', 'thank', 'ready', 'nation', 'th']]",[0.998],[0.854],[0.925],0.854,0.925,continued,,,,,
24,9.0,"['marriage', 'respect', 'right', 'law', 'sign', 'love', 'respectformarriageact', 'interracial', 'two', 'ago']",25,[16],"[['marriage', 'respect', 'law', 'sign', 'love', 'respectformarriageact', 'interracial', 'two', 'ago', 'sex']]",[0.973],[0.618],[0.931],0.618,0.931,continued,,,,,
24,10.0,"['doge', 'government', 'spending', 'musk', 'debt', 'elon', 'waste', 'work', 'vivekgramaswamy', 'taxpayer']",25,[4],"[['tax', 'doge', 'donald', 'cut', 'government', 'trump', 'billionaire', 'billion', 'business', 'spending']]",[0.97],[0.848],[0.486],0.848,0.486,unclear,,,,,
24,11.0,"['president', 'donald', 'trump', 'realdonaldtrump', 'mandate', 'people', 'american', 'person', 'deliver', 'time']",25,[11],"[['donald', 'president', 'trump', 'realdonaldtrump', 'person', 'american', 'america', 'mandate', 'people', 'time']]",[0.987],[0.821],[0.835],0.821,0.835,continued,,,,,
24,12.0,"['disaster', 'relief', 'hurricane', 'emergency', 'weather', 'helene', 'management', 'help', 'fire', 'farmer']",25,[14],"[['disaster', 'relief', 'emergency', 'hurricane', 'management', 'weather', 'help', 'agency', 'federal', 'helene']]",[0.992],[0.903],[1.022],0.903,1.022,continued,,,,,
24,13.0,"['family', 'prayer', 'loss', 'pray', 'michaelcburgess', 'difficult', 'burgess', 'christine', 'comfort', 'condolence']",25,[],[],[],[],[],0.0,0.0,disappeared,,,,,
24,14.0,"['football', 'championship', 'win', 'army', 'game', 'navy', 'congratulation', 'beatarmy', 'go', 'luck']",25,[10],"[['navy', 'army', 'game', 'football', 'go', 'win', 'championship', 'beatarmy', 'beat', 'team']]",[0.962],[0.824],[0.651],0.824,0.651,continued,,,,,
24,15.0,"['care', 'health', 'hospital', 'child', 'school', 'access', 'mental', 'rural', 'support', 'quality']",25,[13],"[['health', 'care', 'hospital', 'access', 'rural', 'help', 'mental', 'discuss', 'support', 'program']]",[0.985],[0.892],[0.883],0.892,0.883,continued,,,,,
24,16.0,"['child', 'online', 'protect', 'holdtheline', 'pass', 'kosa', 'kid', 'abuse', 'safety', 'elon']",25,[20],"[['child', 'holdtheline', 'abuse', 'online', 'kid', 'institutional', 'kosa', 'safety', 'protect', 'woman']]",[0.958],[0.811],[1.281],0.811,1.281,continued,,,,,
24,17.0,"['drone', 'jersey', 'new', 'threat', 'fly', 'federal', 'security', 'answer', 'sighting', 'activity']",25,[12],"[['drone', 'jersey', 'answer', 'new', 'threat', 'fly', 'federal', 'security', 'sighting', 'activity']]",[0.993],[0.918],[0.655],0.918,0.655,continued,,,,,
24,18.0,"['china', 'communist', 'chinese', 'party', 'threat', 'communism', 'national', 'security', 'act', 'must']",25,[19],"[['china', 'communist', 'chinese', 'party', 'threat', 'national', 'security', 'counter', 'act', 'military']]",[0.987],[0.905],[1.169],0.905,1.169,continued,,,,,
24,19.0,"['medicare', 'health', 'drug', 'care', 'pharmacy', 'cost', 'price', 'affordable', 'healthcare', 'pbm']",25,[15],"[['drug', 'patient', 'care', 'health', 'pharmacy', 'medicare', 'pbm', 'price', 'cost', 'insurance']]",[0.97],[0.829],[0.756],0.829,0.756,continued,,,,,
24,20.0,"['hall', 'town', 'office', 'telephone', 'join', 'mobile', 'host', 'question', 'december', 'pm']",25,[18],"[['hall', 'town', 'december', 'join', 'pm', 'telephone', 'constituent', 'help', 'question', 'agency']]",[0.972],[0.88],[0.88],0.88,0.88,continued,,,,,
24,21.0,"['tune', 'pm', 'et', 'live', 'join', 'foxbusiness', 'podcast', 'come', 'morning', 'rep']",25,[17],"[['tune', 'et', 'pm', 'live', 'join', 'morning', 'come', 'foxbusiness', 'theanswer', 'tomorrow']]",[0.964],[0.893],[0.827],0.893,0.827,continued,,,,,
24,22.0,"['penny', 'daniel', 'justice', 'alvin', 'mental', 'bragg', 'prevail', 'guilty', 'hero', 'health']",25,[],[],[],[],[],0.0,0.0,disappeared,,,,,
24,23.0,"['pete', 'hegseth', 'secretary', 'defense', 'military', 'nominee', 'veteran', 'confirm', 'dod', 'support']",25,[],[],[],[],[],0.0,0.0,disappeared,,,,,
25,0.0,"['chairman', 'committee', 'work', 'friend', 'congratulation', 'forward', 'look', 'serve', 'congress', 'next']",26,[11],"[['committee', 'chairman', 'congratulation', 'work', 'forward', 'look', 'member', 'select', 'serve', 'chair']]",[0.973],[0.663],[1.899],0.663,1.899,continued,,,,,
25,1.0,"['defense', 'authorization', 'national', 'act', 'military', 'fy', 'servicemember', 'pay', 'support', 'raise']",26,[8],"[['defense', 'authorization', 'national', 'military', 'act', 'servicemember', 'senate', 'bill', 'pay', 'fy']]",[0.985],[0.926],[1.705],0.926,1.705,continued,,,,,
25,2.0,"['holiday', 'wreath', 'season', 'christmas', 'honor', 'thank', 'great', 'sacrifice', 'across', 'volunteer']",26,[14],"[['holiday', 'season', 'christmas', 'cheer', 'toy', 'joy', 'annual', 'great', 'spread', 'join']]",[0.939],[0.53],[1.225],0.53,1.225,continued,,,,,
25,3.0,"['gun', 'violence', 'school', 'sandy', 'hook', 'life', 'child', 'madison', 'family', 'community']",26,[1],"[['gun', 'school', 'violence', 'life', 'sandy', 'hook', 'madison', 'shooting', 'child', 'abundant']]",[0.994],[0.797],[0.738],0.797,0.738,continued,,,,,
25,4.0,"['tax', 'doge', 'donald', 'cut', 'government', 'trump', 'billionaire', 'billion', 'business', 'spending']",26,[],[],[],[],[],0.0,0.0,disappeared,,,,,
25,5.0,"['bureau', 'investigation', 'of', 'federal', 'biden', 'joe', 'kash', 'wray', 'patel', 'pardon']",26,[12],"[['investigation', 'bureau', 'of', 'federal', 'kash', 'patel', 'donald', 'trump', 'report', 'doj']]",[0.918],[0.644],[1.214],0.644,1.214,continued,,,,,
25,6.0,"['syria', 'hamas', 'israel', 'ukraine', 'hostage', 'russia', 'terrorist', 'iran', 'vladimir', 'assad']",26,[7],"[['israel', 'hamas', 'ukraine', 'hostage', 'vladimir', 'russia', 'gaza', 'day', 'terrorist', 'iran']]",[0.939],[0.668],[0.912],0.668,0.912,continued,,,,,
25,7.0,"['border', 'joe', 'biden', 'kamala', 'illegal', 'immigration', 'wall', 'donald', 'trump', 'deportation']",26,[2],"[['border', 'joe', 'biden', 'kamala', 'harris', 'wall', 'trump', 'donald', 'administration', 'secure']]",[0.971],[0.865],[0.748],0.865,0.748,continued,,,,,
25,8.0,"['water', 'resource', 'infrastructure', 'development', 'lake', 'project', 'wrda', 'pass', 'house', 'act']",26,[4],"[['water', 'drinking', 'infrastructure', 'clean', 'project', 'resource', 'development', 'safe', 'act', 'protect']]",[0.988],[0.894],[0.817],0.894,0.817,continued,,,,,
25,9.0,"['birthday', 'guard', 'happy', 'always', 'usnationalguard', 'national', 'thank', 'ready', 'nation', 'th']",26,[6],"[['birthday', 'guard', 'happy', 'always', 'usnationalguard', 'national', 'thank', 'ready', 'nation', 'service']]",[0.997],[0.925],[0.938],0.925,0.938,continued,,,,,
25,10.0,"['navy', 'army', 'game', 'football', 'go', 'win', 'championship', 'beatarmy', 'beat', 'team']",26,[9],"[['navy', 'army', 'game', 'football', 'championship', 'beat', 'go', 'state', 'win', 'team']]",[0.994],[0.922],[0.975],0.922,0.975,continued,,,,,
25,11.0,"['donald', 'president', 'trump', 'realdonaldtrump', 'person', 'american', 'america', 'mandate', 'people', 'time']",26,[],[],[],[],[],0.0,0.0,disappeared,,,,,
25,12.0,"['drone', 'jersey', 'answer', 'new', 'threat', 'fly', 'federal', 'security', 'sighting', 'activity']",26,[10],"[['drone', 'answer', 'jersey', 'fly', 'authority', 'sighting', 'threat', 'new', 'activity', 'federal']]",[0.991],[0.95],[1.0],0.95,1.0,continued,,,,,
25,13.0,"['health', 'care', 'hospital', 'access', 'rural', 'help', 'mental', 'discuss', 'support', 'program']",26,[5],"[['veteran', 'health', 'care', 'va', 'robertkennedyjr', 'healthy', 'support', 'service', 'bill', 'make']]",[0.908],[0.638],[0.333],0.638,0.333,disappeared,,,,,
25,14.0,"['disaster', 'relief', 'emergency', 'hurricane', 'management', 'weather', 'help', 'agency', 'federal', 'helene']",26,[3],"[['disaster', 'farmer', 'relief', 'emergency', 'farm', 'hurricane', 'management', 'need', 'assistance', 'help']]",[0.941],[0.846],[0.383],0.846,0.383,disappeared,,,,,
25,15.0,"['drug', 'patient', 'care', 'health', 'pharmacy', 'medicare', 'pbm', 'price', 'cost', 'insurance']",26,[17],"[['drug', 'pbm', 'patient', 'pharmacy', 'price', 'care', 'prescription', 'health', 'cost', 'reform']]",[0.985],[0.878],[0.898],0.878,0.898,continued,,,,,
25,16.0,"['marriage', 'respect', 'law', 'sign', 'love', 'respectformarriageact', 'interracial', 'two', 'ago', 'sex']",26,[13],"[['marriage', 'respect', 'law', 'love', 'sign', 'respectformarriageact', 'interracial', 'two', 'ago', 'sex']]",[0.994],[0.943],[0.796],0.943,0.796,continued,,,,,
25,17.0,"['tune', 'et', 'pm', 'live', 'join', 'morning', 'come', 'foxbusiness', 'theanswer', 'tomorrow']",26,[19],"[['tune', 'live', 'join', 'newsmax', 'foxbusiness', 'maria', 'pm', 'fox', 'foxnew', 'mornings']]",[0.949],[0.679],[0.873],0.679,0.873,continued,,,,,
25,18.0,"['hall', 'town', 'december', 'join', 'pm', 'telephone', 'constituent', 'help', 'question', 'agency']",26,[24],"[['hall', 'town', 'telephone', 'join', 'pm', 'virtual', 'cryptocurrency', 'newsletter', 'wednesday', 'december']]",[0.952],[0.707],[1.06],0.707,1.06,continued,,,,,
25,19.0,"['china', 'communist', 'chinese', 'party', 'threat', 'national', 'security', 'counter', 'act', 'military']",26,[21],"[['china', 'chinese', 'communist', 'party', 'military', 'threat', 'tiktok', 'cyber', 'national', 'security']]",[0.981],[0.985],[1.123],0.985,1.123,continued,,,,,
25,20.0,"['child', 'holdtheline', 'abuse', 'online', 'kid', 'institutional', 'kosa', 'safety', 'protect', 'woman']",26,[23],"[['child', 'abuse', 'institutional', 'parishilton', 'online', 'youth', 'act', 'kid', 'stop', 'residential']]",[0.915],[0.614],[0.686],0.614,0.686,continued,,,,,
25,21.0,"['right', 'freedom', 'constitution', 'ratify', 'amendment', 'billofrightsday', 'bill', 'first', 'ten', 'tea']",26,[22],"[['right', 'freedom', 'constitution', 'amendment', 'ratify', 'billofrightsday', 'bill', 'first', 'liberty', 'ten']]",[0.995],[0.947],[1.0],0.947,1.0,continued,,,,,
26,0.0,"['government', 'musk', 'donald', 'trump', 'elon', 'republicans', 'people', 'shutdown', 'billionaire', 'spending']",27,[],[],[],[],[],0.0,0.0,disappeared,,,,,
26,1.0,"['gun', 'school', 'violence', 'life', 'sandy', 'hook', 'madison', 'shooting', 'child', 'abundant']",27,[5],"[['school', 'gun', 'madison', 'violence', 'life', 'abundant', 'shooting', 'christian', 'heart', 'tragedy']]",[0.984],[0.858],[1.401],0.858,1.401,continued,,,,,
26,2.0,"['border', 'joe', 'biden', 'kamala', 'harris', 'wall', 'trump', 'donald', 'administration', 'secure']",27,[1],"[['biden', 'joe', 'border', 'kamala', 'harris', 'trump', 'donald', 'illegal', 'president', 'administration']]",[0.99],[0.813],[0.731],0.813,0.731,continued,,,,,
26,3.0,"['disaster', 'farmer', 'relief', 'emergency', 'farm', 'hurricane', 'management', 'need', 'assistance', 'help']",27,[4],"[['disaster', 'relief', 'hurricane', 'farmer', 'aid', 'need', 'helene', 'provide', 'assistance', 'bill']]",[0.979],[0.781],[0.902],0.781,0.902,continued,,,,,
26,4.0,"['water', 'drinking', 'infrastructure', 'clean', 'project', 'resource', 'development', 'safe', 'act', 'protect']",27,[3],"[['water', 'infrastructure', 'drinking', 'clean', 'act', 'safe', 'development', 'project', 'resource', 'senate']]",[0.995],[0.909],[0.968],0.909,0.968,continued,,,,,
26,5.0,"['veteran', 'health', 'care', 'va', 'robertkennedyjr', 'healthy', 'support', 'service', 'bill', 'make']",27,[20],"[['veteran', 'va', 'care', 'service', 'benefit', 'dole', 'bill', 'pass', 'mental', 'provide']]",[0.929],[0.633],[1.81],0.633,1.81,continued,,,,,
26,6.0,"['birthday', 'guard', 'happy', 'always', 'usnationalguard', 'national', 'thank', 'ready', 'nation', 'service']",27,"[15, 17]","[['honor', 'hero', 'veteran', 'wreath', 'serve', 'sacrifice', 'cemetery', 'medal', 'vietnam', 'community'], ['space', 'birthday', 'happy', 'spaceforcedod', 'force', 'guardian', 'sempersupra', 'th', 'thank', 'semper']]","[0.752, 0.719]","[0.493, 0.375]","[0.922, 0.75]",0.868,1.672,split,,,,,
26,7.0,"['israel', 'hamas', 'ukraine', 'hostage', 'vladimir', 'russia', 'gaza', 'day', 'terrorist', 'iran']",27,[2],"[['israel', 'hamas', 'hostage', 'vladimir', 'ukraine', 'gaza', 'russia', 'syria', 'day', 'iran']]",[0.978],[0.774],[0.561],0.774,0.561,continued,,,,,
26,8.0,"['defense', 'authorization', 'national', 'military', 'act', 'servicemember', 'senate', 'bill', 'pay', 'fy']",27,[10],"[['defense', 'national', 'authorization', 'military', 'act', 'senate', 'servicemember', 'fy', 'bill', 'raise']]",[0.996],[0.924],[1.119],0.924,1.119,continued,,,,,
26,9.0,"['navy', 'army', 'game', 'football', 'championship', 'beat', 'go', 'state', 'win', 'team']",27,[14],"[['championship', 'football', 'sport', 'state', 'win', 'team', 'coach', 'congratulation', 'ncaa', 'game']]",[0.92],[0.82],[1.25],0.82,1.25,continued,,,,,
26,10.0,"['drone', 'answer', 'jersey', 'fly', 'authority', 'sighting', 'threat', 'new', 'activity', 'federal']",27,[18],"[['drone', 'answer', 'threat', 'fly', 'concern', 'authority', 'federal', 'sighting', 'jersey', 'faa']]",[0.994],[0.965],[1.535],0.965,1.535,continued,,,,,
26,11.0,"['committee', 'chairman', 'congratulation', 'work', 'forward', 'look', 'member', 'select', 'serve', 'chair']",27,[16],"[['chairman', 'committee', 'chair', 'subcommittee', 'serve', 'work', 'vice', 'honor', 'th', 'thank']]",[0.977],[0.872],[1.25],0.872,1.25,continued,,,,,
26,12.0,"['investigation', 'bureau', 'of', 'federal', 'kash', 'patel', 'donald', 'trump', 'report', 'doj']",27,[12],"[['investigation', 'bureau', 'of', 'patel', 'kash', 'federal', 'justice', 'court', 'donald', 'cheney']]",[0.972],[0.913],[1.033],0.913,1.033,continued,,,,,
26,13.0,"['marriage', 'respect', 'law', 'love', 'sign', 'respectformarriageact', 'interracial', 'two', 'ago', 'sex']",27,[],[],[],[],[],0.0,0.0,disappeared,,,,,
26,14.0,"['holiday', 'season', 'christmas', 'cheer', 'toy', 'joy', 'annual', 'great', 'spread', 'join']",27,[8],"[['holiday', 'season', 'christmas', 'gift', 'cheer', 'celebrate', 'local', 'toy', 'time', 'community']]",[0.989],[0.912],[0.823],0.912,0.823,continued,,,,,
26,15.0,"['energy', 'climate', 'gas', 'export', 'lng', 'fuel', 'eeodayri', 'oil', 'year', 'cost']",27,[9],"[['energy', 'climate', 'gas', 'lng', 'export', 'biden', 'joe', 'cost', 'fuel', 'round']]",[0.989],[0.889],[0.8],0.889,0.8,continued,,,,,
26,16.0,"['truth', 'gabby', 'guy', 'rustycanno', 'angel', 'randy', 'mludwig', 'chrisinohio', 'devilfrawg', 'americaninq']",27,[13],"[['truth', 'randy', 'gabby', 'chrisinohio', 'americaninq', 'devilfrawg', 'angel', 'rustycanno', 'guy', 'mludwig']]",[0.965],[0.576],[0.589],0.576,0.589,continued,,,,,
26,17.0,"['drug', 'pbm', 'patient', 'pharmacy', 'price', 'care', 'prescription', 'health', 'cost', 'reform']",27,[],[],[],[],[],0.0,0.0,disappeared,,,,,
26,18.0,"['student', 'friend', 'community', 'thank', 'school', 'intern', 'work', 'education', 'career', 'office']",27,[16],"[['chairman', 'committee', 'chair', 'subcommittee', 'serve', 'work', 'vice', 'honor', 'th', 'thank']]",[0.756],[0.325],[0.342],0.325,0.342,disappeared,,,,,
26,19.0,"['tune', 'live', 'join', 'newsmax', 'foxbusiness', 'maria', 'pm', 'fox', 'foxnew', 'mornings']",27,[19],"[['tune', 'live', 'newsmax', 'join', 'foxbusiness', 'maria', 'mornings', 'with', 'pm', 'morning']]",[0.99],[0.905],[0.864],0.905,0.864,continued,,,,,
26,20.0,"['wreath', 'cemetery', 'honor', 'sacrifice', 'across', 'veteran', 'america', 'hero', 'volunteer', 'serve']",27,[15],"[['honor', 'hero', 'veteran', 'wreath', 'serve', 'sacrifice', 'cemetery', 'medal', 'vietnam', 'community']]",[0.916],[0.983],[0.766],0.983,0.766,continued,,,,,
26,21.0,"['china', 'chinese', 'communist', 'party', 'military', 'threat', 'tiktok', 'cyber', 'national', 'security']",27,[23],"[['china', 'chinese', 'communist', 'party', 'technology', 'tiktok', 'cyber', 'national', 'cybersecurity', 'must']]",[0.986],[0.982],[1.0],0.982,1.0,continued,,,,,
26,22.0,"['right', 'freedom', 'constitution', 'amendment', 'ratify', 'billofrightsday', 'bill', 'first', 'liberty', 'ten']",27,[],[],[],[],[],0.0,0.0,disappeared,,,,,
26,23.0,"['child', 'abuse', 'institutional', 'parishilton', 'online', 'youth', 'act', 'kid', 'stop', 'residential']",27,[21],"[['child', 'abuse', 'institutional', 'parishilton', 'act', 'youth', 'online', 'kid', 'stop', 'protect']]",[0.983],[0.941],[0.774],0.941,0.774,continued,,,,,
26,24.0,"['hall', 'town', 'telephone', 'join', 'pm', 'virtual', 'cryptocurrency', 'newsletter', 'wednesday', 'december']",27,[],[],[],[],[],0.0,0.0,disappeared,,,,,
27,0.0,"['musk', 'elon', 'donald', 'trump', 'billionaire', 'government', 'republicans', 'shutdown', 'shut', 'republican']",28,[],[],[],[],[],0.0,0.0,disappeared,,,,,
27,1.0,"['biden', 'joe', 'border', 'kamala', 'harris', 'trump', 'donald', 'illegal', 'president', 'administration']",28,[],[],[],[],[],0.0,0.0,disappeared,,,,,
27,2.0,"['israel', 'hamas', 'hostage', 'vladimir', 'ukraine', 'gaza', 'russia', 'syria', 'day', 'iran']",28,[],[],[],[],[],0.0,0.0,disappeared,,,,,
27,3.0,"['water', 'infrastructure', 'drinking', 'clean', 'act', 'safe', 'development', 'project', 'resource', 'senate']",28,[],[],[],[],[],0.0,0.0,disappeared,,,,,
27,4.0,"['disaster', 'relief', 'hurricane', 'farmer', 'aid', 'need', 'helene', 'provide', 'assistance', 'bill']",28,[],[],[],[],[],0.0,0.0,disappeared,,,,,
27,5.0,"['school', 'gun', 'madison', 'violence', 'life', 'abundant', 'shooting', 'christian', 'heart', 'tragedy']",28,[],[],[],[],[],0.0,0.0,disappeared,,,,,
27,6.0,"['debt', 'spending', 'ceiling', 'trillion', 'president', 'trump', 'donald', 'limit', 'deficit', 'cr']",28,[],[],[],[],[],0.0,0.0,disappeared,,,,,
27,7.0,"['shutdown', 'government', 'democrats', 'republicans', 'house', 'would', 'statement', 'keep', 'vote', 'avert']",28,[],[],[],[],[],0.0,0.0,disappeared,,,,,
27,8.0,"['holiday', 'season', 'christmas', 'gift', 'cheer', 'celebrate', 'local', 'toy', 'time', 'community']",28,[],[],[],[],[],0.0,0.0,disappeared,,,,,
27,9.0,"['energy', 'climate', 'gas', 'lng', 'export', 'biden', 'joe', 'cost', 'fuel', 'round']",28,[],[],[],[],[],0.0,0.0,disappeared,,,,,
27,10.0,"['defense', 'national', 'authorization', 'military', 'act', 'senate', 'servicemember', 'fy', 'bill', 'raise']",28,[],[],[],[],[],0.0,0.0,disappeared,,,,,
27,11.0,"['social', 'security', 'fairness', 'teacher', 'firefighter', 'benefit', 'servant', 'public', 'earn', 'officer']",28,[],[],[],[],[],0.0,0.0,disappeared,,,,,
27,12.0,"['investigation', 'bureau', 'of', 'patel', 'kash', 'federal', 'justice', 'court', 'donald', 'cheney']",28,[],[],[],[],[],0.0,0.0,disappeared,,,,,
27,13.0,"['truth', 'randy', 'gabby', 'chrisinohio', 'americaninq', 'devilfrawg', 'angel', 'rustycanno', 'guy', 'mludwig']",28,[],[],[],[],[],0.0,0.0,disappeared,,,,,
27,14.0,"['championship', 'football', 'sport', 'state', 'win', 'team', 'coach', 'congratulation', 'ncaa', 'game']",28,[],[],[],[],[],0.0,0.0,disappeared,,,,,
27,15.0,"['honor', 'hero', 'veteran', 'wreath', 'serve', 'sacrifice', 'cemetery', 'medal', 'vietnam', 'community']",28,[],[],[],[],[],0.0,0.0,disappeared,,,,,
27,16.0,"['chairman', 'committee', 'chair', 'subcommittee', 'serve', 'work', 'vice', 'honor', 'th', 'thank']",28,[],[],[],[],[],0.0,0.0,disappeared,,,,,
27,17.0,"['space', 'birthday', 'happy', 'spaceforcedod', 'force', 'guardian', 'sempersupra', 'th', 'thank', 'semper']",28,[],[],[],[],[],0.0,0.0,disappeared,,,,,
27,18.0,"['drone', 'answer', 'threat', 'fly', 'concern', 'authority', 'federal', 'sighting', 'jersey', 'faa']",28,[],[],[],[],[],0.0,0.0,disappeared,,,,,
27,19.0,"['tune', 'live', 'newsmax', 'join', 'foxbusiness', 'maria', 'mornings', 'with', 'pm', 'morning']",28,[],[],[],[],[],0.0,0.0,disappeared,,,,,
27,20.0,"['veteran', 'va', 'care', 'service', 'benefit', 'dole', 'bill', 'pass', 'mental', 'provide']",28,[],[],[],[],[],0.0,0.0,disappeared,,,,,
27,21.0,"['child', 'abuse', 'institutional', 'parishilton', 'act', 'youth', 'online', 'kid', 'stop', 'protect']",28,[],[],[],[],[],0.0,0.0,disappeared,,,,,
27,22.0,"['amazon', 'worker', 'bureaucrat', 'strike', 'teamster', 'wage', 'condition', 'bargain', 'amazonteamster', 'union']",28,[],[],[],[],[],0.0,0.0,disappeared,,,,,
27,23.0,"['china', 'chinese', 'communist', 'party', 'technology', 'tiktok', 'cyber', 'national', 'cybersecurity', 'must']",28,[],[],[],[],[],0.0,0.0,disappeared,,,,,
27,24.0,"['mike', 'johnson', 'speaker', 'deal', 'government', 'musk', 'bipartisan', 'vote', 'bill', 'republicans']",28,[],[],[],[],[],0.0,0.0,disappeared,,,,,
27,25.0,"['doge', 'caucus', 'waste', 'spending', 'meeting', 'government', 'efficient', 'cut', 'join', 'fraud']",28,[],[],[],[],[],0.0,0.0,disappeared,,,,,
28,0.0,"['government', 'donald', 'trump', 'family', 'christmas', 'work', 'bill', 'year', 'president', 'house']",29,[0],"[['christmas', 'family', 'merry', 'year', 'work', 'holiday', 'biden', 'joe', 'one', 'help']]",[0.955],[0.547],[0.989],0.547,0.989,continued,,,,,
28,1.0,"['hanukkah', 'light', 'happy', 'celebrate', 'wish', 'may', 'peace', 'sameach', 'festival', 'chag']",29,[1],"[['hanukkah', 'light', 'happy', 'celebrate', 'wish', 'may', 'sameach', 'peace', 'festival', 'chag']]",[0.999],[0.955],[0.638],0.955,0.638,continued,,,,,
29,0.0,"['christmas', 'family', 'merry', 'year', 'work', 'holiday', 'biden', 'joe', 'one', 'help']",30,[0],"[['year', 'work', 'help', 'congress', 'federal', 'joe', 'biden', 'house', 'new', 'donald']]",[0.923],[0.422],[0.57],0.422,0.57,unclear,,,,,
29,1.0,"['hanukkah', 'light', 'happy', 'celebrate', 'wish', 'may', 'sameach', 'peace', 'festival', 'chag']",30,[3],"[['hanukkah', 'light', 'happy', 'celebrate', 'wish', 'may', 'sameach', 'festival', 'chag', 'jewish']]",[1.0],[0.97],[0.959],0.97,0.959,continued,,,,,
29,2.0,"['kwanzaa', 'celebrate', 'unity', 'day', 'happy', 'wish', 'seven', 'reflection', 'joy', 'may']",30,[4],"[['kwanzaa', 'celebrate', 'unity', 'day', 'seven', 'wish', 'reflection', 'happy', 'joy', 'may']]",[1.0],[0.99],[1.0],0.99,1.0,continued,,,,,
30,0.0,"['year', 'work', 'help', 'congress', 'federal', 'joe', 'biden', 'house', 'new', 'donald']",31,[],[],[],[],[],0.0,0.0,disappeared,,,,,
30,1.0,"['christmas', 'merry', 'family', 'wish', 'love', 'holiday', 'joy', 'season', 'fill', 'celebrate']",31,[],[],[],[],[],0.0,0.0,disappeared,,,,,
30,2.0,"['jimmy', 'carter', 'president', 'service', 'life', 'family', 'public', 'peace', 'pass', 'legacy']",31,[1],"[['jimmy', 'carter', 'president', 'service', 'family', 'life', 'peace', 'public', 'pass', 'legacy']]",[1.0],[0.941],[0.941],0.941,0.941,continued,,,,,
30,3.0,"['hanukkah', 'light', 'happy', 'celebrate', 'wish', 'may', 'sameach', 'festival', 'chag', 'jewish']",31,[],[],[],[],[],0.0,0.0,disappeared,,,,,
30,4.0,"['kwanzaa', 'celebrate', 'unity', 'day', 'seven', 'wish', 'reflection', 'happy', 'joy', 'may']",31,[],[],[],[],[],0.0,0.0,disappeared,,,,,
31,0.0,"['new', 'year', 'work', 'congress', 'th', 'house', 'people', 'donald', 'get', 'trump']",32,[],[],[],[],[],0.0,0.0,disappeared,,,,,
31,1.0,"['jimmy', 'carter', 'president', 'service', 'family', 'life', 'peace', 'public', 'pass', 'legacy']",32,[],[],[],[],[],0.0,0.0,disappeared,,,,,
32,0.0,"['congress', 'th', 'honor', 'work', 'swear', 'serve', 'district', 'represent', 'office', 'get']",33,[1],"[['congress', 'th', 'swear', 'honor', 'serve', 'district', 'work', 'represent', 'oath', 'term']]",[0.981],[0.619],[0.873],0.619,0.873,continued,,,,,
32,1.0,"['happy', 'year', 'new', 'wish', 'everyone', 'hope', 'happiness', 'health', 'fill', 'eve']",33,[],[],[],[],[],0.0,0.0,disappeared,,,,,
32,2.0,"['democracy', 'capitol', 'election', 'ago', 'peaceful', 'four', 'power', 'today', 'january', 'transfer']",33,[3],"[['democracy', 'election', 'capitol', 'peaceful', 'ago', 'four', 'power', 'transfer', 'january', 'year']]",[0.999],[0.804],[0.788],0.804,0.788,continued,,,,,
32,3.0,"['orleans', 'attack', 'new', 'victim', 'family', 'pray', 'horrific', 'terrorist', 'prayer', 'enforcement']",33,[21],"[['terrorist', 'orleans', 'attack', 'new', 'biden', 'joe', 'terrorism', 'threat', 'guantanamo', 'terror']]",[0.843],[0.685],[3.343],0.685,3.343,unclear,,,,,
32,4.0,"['tune', 'go', 'join', 'season', 'live', 'game', 'thank', 'morning', 'show', 'good']",33,[],[],[],[],[],0.0,0.0,disappeared,,,,,
32,5.0,"['donald', 'certify', 'president', 'trump', 'election', 'america', 'victory', 'today', 'realdonaldtrump', 'historic']",33,[11],"[['certify', 'donald', 'trump', 'president', 'election', 'victory', 'america', 'historic', 'today', 'day']]",[0.992],[0.818],[1.252],0.818,1.252,continued,,,,,
32,6.0,"['speakerjohnson', 'speaker', 'work', 'congratulations', 'agenda', 'get', 'america', 'house', 'deliver', 'first']",33,[8],"[['speakerjohnson', 'speaker', 'congratulations', 'work', 'get', 'house', 'america', 'agenda', 'deliver', 'congratulation']]",[0.995],[0.898],[1.037],0.898,1.037,continued,,,,,
32,7.0,"['social', 'security', 'benefit', 'fairness', 'sign', 'act', 'public', 'law', 'servant', 'teacher']",33,[9],"[['social', 'security', 'fairness', 'benefit', 'public', 'teacher', 'sign', 'servant', 'earn', 'law']]",[0.985],[0.811],[0.823],0.811,0.823,continued,,,,,
32,8.0,"['drug', 'medicare', 'prescription', 'cap', 'senior', 'cost', 'reduction', 'pocket', 'inflation', 'pay']",33,[20],"[['medicare', 'drug', 'prescription', 'cap', 'cost', 'senior', 'care', 'health', 'reduction', 'affordable']]",[0.988],[0.936],[1.291],0.936,1.291,continued,,,,,
32,9.0,"['mike', 'johnson', 'speaker', 'house', 'vote', 'trump', 'donald', 'agenda', 'president', 'speakerjohnson']",33,[15],"[['mike', 'johnson', 'speaker', 'house', 'vote', 'agenda', 'trump', 'donald', 'speakerjohnson', 'president']]",[0.998],[0.95],[1.067],0.95,1.067,continued,,,,,
32,10.0,"['energy', 'biden', 'joe', 'oil', 'offshore', 'american', 'ban', 'drilling', 'president', 'gas']",33,[13],"[['energy', 'joe', 'biden', 'ban', 'offshore', 'gas', 'drilling', 'american', 'oil', 'donald']]",[0.99],[0.856],[0.74],0.856,0.74,continued,,,,,
32,11.0,"['border', 'secure', 'illegal', 'biden', 'joe', 'security', 'open', 'immigration', 'adversary', 'trump']",33,[],[],[],[],[],0.0,0.0,disappeared,,,,,
32,12.0,"['snow', 'certify', 'dc', 'donald', 'president', 'election', 'stop', 'today', 'trump', 'snowy']",33,[19],"[['snow', 'certify', 'dc', 'election', 'donald', 'president', 'stop', 'snowy', 'trump', 'today']]",[0.998],[0.931],[0.817],0.931,0.817,continued,,,,,
32,13.0,"['stay', 'weather', 'winter', 'safe', 'warm', 'storm', 'please', 'road', 'emergency', 'travel']",33,[14],"[['stay', 'weather', 'winter', 'safe', 'storm', 'warm', 'please', 'road', 'update', 'local']]",[0.974],[0.743],[0.578],0.743,0.578,continued,,,,,
32,14.0,"['biden', 'joe', 'investigation', 'bureau', 'of', 'committee', 'deal', 'terrorist', 'plea', 'federal']",33,[18],"[['investigation', 'bureau', 'justice', 'court', 'of', 'federal', 'alito', 'thomas', 'pipe', 'report']]",[0.813],[0.431],[0.329],0.431,0.329,disappeared,,,,,
33,0.0,"['laken', 'riley', 'illegal', 'border', 'act', 'bill', 'alien', 'immigrant', 'vote', 'pass']",34,[1],"[['laken', 'riley', 'border', 'illegal', 'act', 'bill', 'immigrant', 'alien', 'vote', 'pass']]",[0.997],[0.883],[0.732],0.883,0.732,continued,,,,,
33,1.0,"['congress', 'th', 'swear', 'honor', 'serve', 'district', 'work', 'represent', 'oath', 'term']",34,[2],"[['congress', 'serve', 'th', 'committee', 'work', 'district', 'honor', 'house', 'swear', 'member']]",[0.96],[0.865],[1.315],0.865,1.315,continued,,,,,
33,2.0,"['fire', 'california', 'wildfire', 'responder', 'emergency', 'firefighter', 'impact', 'devastating', 'disaster', 'management']",34,[0],"[['fire', 'california', 'wildfire', 'emergency', 'responder', 'management', 'firefighter', 'disaster', 'impact', 'federal']]",[0.997],[0.855],[0.532],0.855,0.532,continued,,,,,
33,3.0,"['democracy', 'election', 'capitol', 'peaceful', 'ago', 'four', 'power', 'transfer', 'january', 'year']",34,[3],"[['democracy', 'election', 'capitol', 'ago', 'peaceful', 'four', 'january', 'year', 'transfer', 'power']]",[0.998],[0.825],[0.873],0.825,0.873,continued,,,,,
33,4.0,"['enforcement', 'law', 'day', 'appreciation', 'woman', 'man', 'thank', 'officer', 'community', 'brave']",34,[4],"[['enforcement', 'law', 'day', 'appreciation', 'officer', 'woman', 'thank', 'man', 'community', 'brave']]",[0.999],[0.878],[0.81],0.878,0.81,continued,,,,,
33,5.0,"['israel', 'icc', 'court', 'ally', 'hamas', 'hostage', 'sanction', 'illegitimate', 'international', 'counteraction']",34,[5],"[['icc', 'israel', 'court', 'ally', 'sanction', 'illegitimate', 'hostage', 'hamas', 'international', 'counteraction']]",[0.997],[0.922],[0.889],0.922,0.889,continued,,,,,
33,6.0,"['jimmy', 'carter', 'president', 'legacy', 'service', 'life', 'honor', 'pay', 'peace', 'respect']",34,[6],"[['jimmy', 'carter', 'president', 'legacy', 'service', 'honor', 'life', 'peace', 'pay', 'capitol']]",[1.0],[0.971],[0.874],0.971,0.874,continued,,,,,
33,7.0,"['infrastructure', 'funding', 'water', 'project', 'million', 'grant', 'help', 'bridge', 'local', 'federal']",34,[8],"[['infrastructure', 'funding', 'million', 'project', 'announce', 'grant', 'improve', 'federal', 'help', 'investment']]",[0.954],[0.698],[0.595],0.698,0.595,continued,,,,,
33,8.0,"['speakerjohnson', 'speaker', 'congratulations', 'work', 'get', 'house', 'america', 'agenda', 'deliver', 'congratulation']",34,[7],"[['donald', 'certify', 'president', 'trump', 'america', 'election', 'victory', 'historic', 'great', 'realdonaldtrump']]",[0.758],[0.368],[0.307],0.368,0.307,disappeared,,,,,
33,9.0,"['social', 'security', 'fairness', 'benefit', 'public', 'teacher', 'sign', 'servant', 'earn', 'law']",34,[12],"[['social', 'security', 'benefit', 'fairness', 'teacher', 'public', 'servant', 'sign', 'earn', 'law']]",[0.996],[0.954],[1.159],0.954,1.159,continued,,,,,
33,10.0,"['thank', 'repandybiggsaz', 'repnancymace', 'repclayhiggin', 'reptroynehls', 'rep', 'let', 'get', 'txrandy', 'repericburlison']",34,[26],"[['bless', 'thank', 'get', 'reallegendafg', 'gbo', 'let', 'beautiful', 'shawnryan', 'yes', 'god']]",[0.925],[0.551],[1.4],0.551,1.4,continued,,,,,
33,11.0,"['certify', 'donald', 'trump', 'president', 'election', 'victory', 'america', 'historic', 'today', 'day']",34,[7],"[['donald', 'certify', 'president', 'trump', 'america', 'election', 'victory', 'historic', 'great', 'realdonaldtrump']]",[0.989],[0.974],[0.687],0.974,0.687,continued,,,,,
33,12.0,"['tax', 'cut', 'trump', 'donald', 'government', 'billionaire', 'congress', 'business', 'american', 'work']",34,[9],"[['tax', 'cut', 'trump', 'donald', 'american', 'spending', 'government', 'work', 'republicans', 'congress']]",[0.982],[0.884],[0.733],0.884,0.733,continued,,,,,
33,13.0,"['energy', 'joe', 'biden', 'ban', 'offshore', 'gas', 'drilling', 'american', 'oil', 'donald']",34,[11],"[['energy', 'joe', 'biden', 'ban', 'offshore', 'oil', 'american', 'gas', 'drilling', 'donald']]",[0.997],[0.913],[0.848],0.913,0.848,continued,,,,,
33,14.0,"['stay', 'weather', 'winter', 'safe', 'storm', 'warm', 'please', 'road', 'update', 'local']",34,[13],"[['weather', 'stay', 'winter', 'safe', 'warm', 'please', 'storm', 'road', 'travel', 'update']]",[0.992],[0.956],[0.811],0.956,0.811,continued,,,,,
33,15.0,"['mike', 'johnson', 'speaker', 'house', 'vote', 'agenda', 'trump', 'donald', 'speakerjohnson', 'president']",34,[],[],[],[],[],0.0,0.0,disappeared,,,,,
33,16.0,"['office', 'agency', 'federal', 'assistance', 'hour', 'help', 'need', 'passport', 'mobile', 'team']",34,[15],"[['office', 'agency', 'federal', 'assistance', 'help', 'hour', 'passport', 'need', 'team', 'service']]",[0.986],[0.865],[0.962],0.865,0.962,continued,,,,,
33,17.0,"['tune', 'join', 'live', 'podcast', 'pm', 'et', 'morning', 'show', 'foxbusiness', 'tonight']",34,[18],"[['tune', 'join', 'podcast', 'pm', 'live', 'episode', 'et', 'listen', 'radio', 'utm']]",[0.975],[0.839],[1.043],0.839,1.043,continued,,,,,
33,18.0,"['investigation', 'bureau', 'justice', 'court', 'of', 'federal', 'alito', 'thomas', 'pipe', 'report']",34,[10],"[['justice', 'donald', 'trump', 'political', 'judge', 'system', 'lawfare', 'witch', 'hunt', 'case']]",[0.877],[0.776],[0.579],0.776,0.579,unclear,,,,,
33,19.0,"['snow', 'certify', 'dc', 'election', 'donald', 'president', 'stop', 'snowy', 'trump', 'today']",34,[17],"[['snow', 'certify', 'dc', 'election', 'donald', 'stop', 'president', 'trump', 'snowy', 'today']]",[0.998],[0.927],[1.027],0.927,1.027,continued,,,,,
33,20.0,"['medicare', 'drug', 'prescription', 'cap', 'cost', 'senior', 'care', 'health', 'reduction', 'affordable']",34,[16],"[['care', 'affordable', 'health', 'medicare', 'coverage', 'drug', 'healthcare', 'prescription', 'cost', 'cap']]",[0.962],[0.962],[1.0],0.962,1.0,continued,,,,,
33,21.0,"['terrorist', 'orleans', 'attack', 'new', 'biden', 'joe', 'terrorism', 'threat', 'guantanamo', 'terror']",34,[],[],[],[],[],0.0,0.0,disappeared,,,,,
33,22.0,"['maduro', 'venezuela', 'venezuelan', 'edmundogu', 'elect', 'mariacorinaya', 'people', 'freedom', 'regime', 'sosvenezuela']",34,[14],"[['maduro', 'venezuela', 'venezuelan', 'regime', 'edmundogu', 'elect', 'people', 'freedom', 'stand', 'mariacorinaya']]",[0.978],[1.0],[0.616],1.0,0.616,continued,,,,,
33,23.0,"['meta', 'fact', 'elon', 'speech', 'musk', 'zuckerberg', 'free', 'platform', 'check', 'censorship']",34,[23],"[['meta', 'fact', 'zuckerberg', 'speech', 'platform', 'facebook', 'check', 'free', 'censorship', 'elon']]",[0.984],[0.789],[0.763],0.789,0.763,continued,,,,,
33,24.0,"['vance', 'jd', 'vice', 'president', 'elect', 'certify', 'election', 'donald', 'trump', 'america']",34,[22],"[['vance', 'jd', 'vice', 'president', 'elect', 'certify', 'election', 'donald', 'america', 'trump']]",[0.999],[0.982],[0.903],0.982,0.903,continued,,,,,
33,25.0,"['woman', 'sport', 'ix', 'girl', 'title', 'biological', 'man', 'holdtheline', 'compete', 'rewrite']",34,[21],"[['woman', 'sport', 'ix', 'title', 'girl', 'rewrite', 'strike', 'joe', 'biden', 'biological']]",[0.992],[0.875],[0.731],0.875,0.731,continued,,,,,
33,26.0,"['debt', 'medical', 'credit', 'cfpb', 'report', 'score', 'ruin', 'loan', 'million', 'rule']",34,[24],"[['debt', 'medical', 'credit', 'cfpb', 'report', 'score', 'loan', 'ruin', 'financial', 'million']]",[0.997],[0.941],[0.873],0.941,0.873,continued,,,,,
34,0.0,"['fire', 'california', 'wildfire', 'emergency', 'responder', 'management', 'firefighter', 'disaster', 'impact', 'federal']",35,[0],"[['fire', 'california', 'wildfire', 'emergency', 'federal', 'agency', 'management', 'disaster', 'help', 'need']]",[0.986],[0.892],[0.711],0.892,0.711,continued,,,,,
34,1.0,"['laken', 'riley', 'border', 'illegal', 'act', 'bill', 'immigrant', 'alien', 'vote', 'pass']",35,[1],"[['border', 'laken', 'riley', 'illegal', 'act', 'bill', 'immigrant', 'immigration', 'secure', 'joe']]",[0.979],[0.861],[1.35],0.861,1.35,continued,,,,,
34,2.0,"['congress', 'serve', 'th', 'committee', 'work', 'district', 'honor', 'house', 'swear', 'member']",35,[6],"[['committee', 'subcommittee', 'congress', 'serve', 'chairman', 'th', 'work', 'honor', 'chair', 'house']]",[0.973],[0.864],[1.173],0.864,1.173,continued,,,,,
34,3.0,"['democracy', 'election', 'capitol', 'ago', 'peaceful', 'four', 'january', 'year', 'transfer', 'power']",35,[],[],[],[],[],0.0,0.0,disappeared,,,,,
34,4.0,"['enforcement', 'law', 'day', 'appreciation', 'officer', 'woman', 'thank', 'man', 'community', 'brave']",35,[8],"[['enforcement', 'law', 'day', 'officer', 'appreciation', 'community', 'thank', 'man', 'brave', 'safe']]",[0.998],[0.879],[0.962],0.879,0.962,continued,,,,,
34,5.0,"['icc', 'israel', 'court', 'ally', 'sanction', 'illegitimate', 'hostage', 'hamas', 'international', 'counteraction']",35,[14],"[['icc', 'court', 'illegitimate', 'ally', 'sanction', 'israel', 'counteraction', 'international', 'vote', 'criminal']]",[0.918],[0.533],[1.205],0.533,1.205,continued,,,,,
34,6.0,"['jimmy', 'carter', 'president', 'legacy', 'service', 'honor', 'life', 'peace', 'pay', 'capitol']",35,[11],"[['jimmy', 'carter', 'president', 'legacy', 'service', 'life', 'honor', 'rest', 'compassion', 'peace']]",[0.996],[0.958],[1.701],0.958,1.701,continued,,,,,
34,7.0,"['donald', 'certify', 'president', 'trump', 'america', 'election', 'victory', 'historic', 'great', 'realdonaldtrump']",35,"[9, 19]","[['president', 'donald', 'trump', 'cabinet', 'agenda', 'realdonaldtrump', 'nominee', 'america', 'senate', 'hearing'], ['white', 'donald', 'president', 'trump', 'america', 'days', 'house', 'day', 'back', 'week']]","[0.854, 0.826]","[0.577, 0.387]","[0.79, 1.033]",0.963,1.823,split,,,,,
34,8.0,"['infrastructure', 'funding', 'million', 'project', 'announce', 'grant', 'improve', 'federal', 'help', 'investment']",35,[7],"[['infrastructure', 'funding', 'million', 'project', 'announce', 'improve', 'grant', 'federal', 'bipartisan', 'help']]",[0.989],[0.89],[0.668],0.89,0.668,continued,,,,,
34,9.0,"['tax', 'cut', 'trump', 'donald', 'american', 'spending', 'government', 'work', 'republicans', 'congress']",35,[12],"[['tax', 'cut', 'business', 'trump', 'waysandmeansgop', 'donald', 'small', 'family', 'permanent', 'expire']]",[0.954],[0.77],[1.083],0.77,1.083,continued,,,,,
34,10.0,"['justice', 'donald', 'trump', 'political', 'judge', 'system', 'lawfare', 'witch', 'hunt', 'case']",35,[10],"[['donald', 'justice', 'trump', 'system', 'political', 'judge', 'president', 'witch', 'hunt', 'lawfare']]",[0.991],[0.877],[0.926],0.877,0.926,continued,,,,,
34,11.0,"['energy', 'joe', 'biden', 'ban', 'offshore', 'oil', 'american', 'gas', 'drilling', 'donald']",35,[13],"[['energy', 'chris', 'wright', 'american', 'climate', 'oil', 'policy', 'unleash', 'gas', 'secretary']]",[0.855],[0.688],[0.837],0.688,0.837,unclear,,,,,
34,12.0,"['social', 'security', 'benefit', 'fairness', 'teacher', 'public', 'servant', 'sign', 'earn', 'law']",35,[],[],[],[],[],0.0,0.0,disappeared,,,,,
34,13.0,"['weather', 'stay', 'winter', 'safe', 'warm', 'please', 'storm', 'road', 'travel', 'update']",35,[20],"[['weather', 'stay', 'winter', 'please', 'safe', 'storm', 'warm', 'county', 'road', 'local']]",[0.991],[0.934],[1.678],0.934,1.678,continued,,,,,
34,14.0,"['maduro', 'venezuela', 'venezuelan', 'regime', 'edmundogu', 'elect', 'people', 'freedom', 'stand', 'mariacorinaya']",35,[17],"[['maduro', 'venezuela', 'venezuelan', 'regime', 'dictator', 'people', 'democracy', 'edmundogu', 'freedom', 'mariacorinaya']]",[0.986],[0.859],[1.133],0.859,1.133,continued,,,,,
34,15.0,"['office', 'agency', 'federal', 'assistance', 'help', 'hour', 'passport', 'need', 'team', 'service']",35,[],[],[],[],[],0.0,0.0,disappeared,,,,,
34,16.0,"['care', 'affordable', 'health', 'medicare', 'coverage', 'drug', 'healthcare', 'prescription', 'cost', 'cap']",35,[15],"[['healthcare', 'health', 'affordable', 'enrollment', 'coverage', 'care', 'plan', 'january', 'marketplace', 'enroll']]",[0.847],[0.816],[0.713],0.816,0.713,unclear,,,,,
34,17.0,"['snow', 'certify', 'dc', 'election', 'donald', 'stop', 'president', 'trump', 'snowy', 'today']",35,[],[],[],[],[],0.0,0.0,disappeared,,,,,
34,18.0,"['tune', 'join', 'podcast', 'pm', 'live', 'episode', 'et', 'listen', 'radio', 'utm']",35,[],[],[],[],[],0.0,0.0,disappeared,,,,,
34,19.0,"['conceal', 'carry', 'reciprocity', 'amendment', 'gun', 'constitutional', 'right', 'atf', 'state', 'reprichhudson']",35,[18],"[['conceal', 'carry', 'right', 'constitutional', 'amendment', 'reciprocity', 'atf', 'gun', 'state', 'second']]",[0.968],[0.735],[0.714],0.735,0.714,continued,,,,,
34,20.0,"['congratulation', 'weare', 'student', 'honor', 'school', 'mayor', 'service', 'sigma', 'pbs', 'dr']",35,[],[],[],[],[],0.0,0.0,disappeared,,,,,
34,21.0,"['woman', 'sport', 'ix', 'title', 'girl', 'rewrite', 'strike', 'joe', 'biden', 'biological']",35,[],[],[],[],[],0.0,0.0,disappeared,,,,,
34,22.0,"['vance', 'jd', 'vice', 'president', 'elect', 'certify', 'election', 'donald', 'america', 'trump']",35,[],[],[],[],[],0.0,0.0,disappeared,,,,,
34,23.0,"['meta', 'fact', 'zuckerberg', 'speech', 'platform', 'facebook', 'check', 'free', 'censorship', 'elon']",35,[],[],[],[],[],0.0,0.0,disappeared,,,,,
34,24.0,"['debt', 'medical', 'credit', 'cfpb', 'report', 'score', 'loan', 'ruin', 'financial', 'million']",35,[],[],[],[],[],0.0,0.0,disappeared,,,,,
34,25.0,"['offshore', 'coast', 'oil', 'drilling', 'protect', 'drill', 'potus', 'coastal', 'ban', 'ocean']",35,[],[],[],[],[],0.0,0.0,disappeared,,,,,
34,26.0,"['bless', 'thank', 'get', 'reallegendafg', 'gbo', 'let', 'beautiful', 'shawnryan', 'yes', 'god']",35,[16],"[['thank', 'co', 'rephageman', 'sponsor', 'repandybiggsaz', 'rep', 'reptenney', 'txrandy', 'repericburlison', 'repmtg']]",[0.877],[0.52],[0.31],0.52,0.31,disappeared,,,,,
35,0.0,"['fire', 'california', 'wildfire', 'emergency', 'federal', 'agency', 'management', 'disaster', 'help', 'need']",36,[1],"[['wildfire', 'california', 'fire', 'disaster', 'emergency', 'management', 'federal', 'agency', 'help', 'aid']]",[0.993],[0.727],[1.321],0.727,1.321,continued,,,,,
35,1.0,"['border', 'laken', 'riley', 'illegal', 'act', 'bill', 'immigrant', 'immigration', 'secure', 'joe']",36,[15],"[['border', 'secure', 'cartel', 'trafficking', 'law', 'southern', 'human', 'president', 'fentanyl', 'enforcement']]",[0.912],[0.402],[1.425],0.402,1.425,unclear,,,,,
35,2.0,"['woman', 'sport', 'girl', 'sports', 'protection', 'vote', 'biological', 'compete', 'man', 'act']",36,[3],"[['woman', 'sport', 'girl', 'sports', 'protection', 'vote', 'biological', 'compete', 'man', 'act']]",[0.996],[0.84],[0.862],0.84,0.862,continued,,,,,
35,3.0,"['hostage', 'hamas', 'ceasefire', 'deal', 'israel', 'peace', 'gaza', 'agreement', 'release', 'return']",36,[0],"[['hostage', 'hamas', 'israel', 'ceasefire', 'deal', 'gaza', 'agreement', 'peace', 'release', 'return']]",[0.997],[0.898],[0.685],0.898,0.685,continued,,,,,
35,4.0,"['joe', 'biden', 'china', 'cuba', 'communist', 'donald', 'chinese', 'taiwan', 'trump', 'terrorism']",36,[5],"[['chinese', 'china', 'tiktok', 'communist', 'taiwan', 'party', 'double', 'greenland', 'russia', 'ban']]",[0.892],[0.446],[0.498],0.446,0.498,unclear,,,,,
35,5.0,"['hegseth', 'pete', 'defense', 'military', 'secretary', 'pentagon', 'confirm', 'need', 'lethality', 'combat']",36,[4],"[['hegseth', 'pete', 'defense', 'military', 'secretary', 'pentagon', 'confirm', 'lethality', 'need', 'armed']]",[0.998],[0.837],[0.781],0.837,0.781,continued,,,,,
35,6.0,"['committee', 'subcommittee', 'congress', 'serve', 'chairman', 'th', 'work', 'honor', 'chair', 'house']",36,[10],"[['subcommittee', 'committee', 'serve', 'chairman', 'congress', 'honor', 'chair', 'house', 'th', 'work']]",[0.981],[0.875],[1.247],0.875,1.247,continued,,,,,
35,7.0,"['infrastructure', 'funding', 'million', 'project', 'announce', 'improve', 'grant', 'federal', 'bipartisan', 'help']",36,[11],"[['infrastructure', 'million', 'grant', 'funding', 'project', 'federal', 'announce', 'news', 'community', 'investment']]",[0.99],[0.857],[1.12],0.857,1.12,continued,,,,,
35,8.0,"['enforcement', 'law', 'day', 'officer', 'appreciation', 'community', 'thank', 'man', 'brave', 'safe']",36,[],[],[],[],[],0.0,0.0,disappeared,,,,,
35,9.0,"['president', 'donald', 'trump', 'cabinet', 'agenda', 'realdonaldtrump', 'nominee', 'america', 'senate', 'hearing']",36,"[12, 23]","[['america', 'president', 'realdonaldtrump', 'donald', 'trump', 'great', 'day', 'days', 'white', 'agenda'], ['cabinet', 'hearing', 'nominee', 'trump', 'donald', 'senate', 'confirmation', 'confirm', 'president', 'nomination']]","[0.849, 0.929]","[0.395, 0.546]","[0.329, 0.97]",0.941,1.299,unclear,,,,,
35,10.0,"['donald', 'justice', 'trump', 'system', 'political', 'judge', 'president', 'witch', 'hunt', 'lawfare']",36,[8],"[['justice', 'bondi', 'pam', 'attorney', 'doj', 'general', 'smith', 'donald', 'jack', 'biden']]",[0.853],[0.833],[0.474],0.833,0.474,unclear,,,,,
35,11.0,"['jimmy', 'carter', 'president', 'legacy', 'service', 'life', 'honor', 'rest', 'compassion', 'peace']",36,[],[],[],[],[],0.0,0.0,disappeared,,,,,
35,12.0,"['tax', 'cut', 'business', 'trump', 'waysandmeansgop', 'donald', 'small', 'family', 'permanent', 'expire']",36,[],[],[],[],[],0.0,0.0,disappeared,,,,,
35,13.0,"['energy', 'chris', 'wright', 'american', 'climate', 'oil', 'policy', 'unleash', 'gas', 'secretary']",36,[13],"[['energy', 'wright', 'chris', 'oil', 'american', 'clean', 'gas', 'unleash', 'dominance', 'climate']]",[0.992],[0.967],[0.701],0.967,0.701,continued,,,,,
35,14.0,"['icc', 'court', 'illegitimate', 'ally', 'sanction', 'israel', 'counteraction', 'international', 'vote', 'criminal']",36,[],[],[],[],[],0.0,0.0,disappeared,,,,,
35,15.0,"['healthcare', 'health', 'affordable', 'enrollment', 'coverage', 'care', 'plan', 'january', 'marketplace', 'enroll']",36,[14],"[['care', 'health', 'affordable', 'healthcare', 'coverage', 'enrollment', 'insurance', 'plan', 'marketplace', 'enroll']]",[0.982],[0.954],[0.728],0.954,0.728,continued,,,,,
35,16.0,"['thank', 'co', 'rephageman', 'sponsor', 'repandybiggsaz', 'rep', 'reptenney', 'txrandy', 'repericburlison', 'repmtg']",36,[17],"[['thank', 'repericburlison', 'reprussfulcher', 'txrandy', 'reptenney', 'let', 'rephageman', 'sponsor', 'repmcdowell', 'co']]",[0.951],[0.595],[0.538],0.595,0.538,continued,,,,,
35,17.0,"['maduro', 'venezuela', 'venezuelan', 'regime', 'dictator', 'people', 'democracy', 'edmundogu', 'freedom', 'mariacorinaya']",36,[21],"[['cuba', 'terrorism', 'sponsor', 'cuban', 'maduro', 'regime', 'joe', 'biden', 'designation', 'list']]",[0.774],[0.747],[0.737],0.747,0.737,unclear,,,,,
35,18.0,"['conceal', 'carry', 'right', 'constitutional', 'amendment', 'reciprocity', 'atf', 'gun', 'state', 'second']",36,[27],"[['gun', 'carry', 'conceal', 'atf', 'right', 'constitutional', 'amendment', 'firearm', 'reciprocity', 'second']]",[0.979],[0.9],[1.189],0.9,1.189,continued,,,,,
35,19.0,"['white', 'donald', 'president', 'trump', 'america', 'days', 'house', 'day', 'back', 'week']",36,[12],"[['america', 'president', 'realdonaldtrump', 'donald', 'trump', 'great', 'day', 'days', 'white', 'agenda']]",[0.951],[0.984],[0.42],0.984,0.42,unclear,,,,,
35,20.0,"['weather', 'stay', 'winter', 'please', 'safe', 'storm', 'warm', 'county', 'road', 'local']",36,[],[],[],[],[],0.0,0.0,disappeared,,,,,
35,21.0,"['korean', 'koreanamericanday', 'contribution', 'american', 'arrival', 'celebrate', 'americans', 'first', 'happy', 'immigrant']",36,[26],"[['korean', 'koreanamericanday', 'contribution', 'american', 'arrival', 'celebrate', 'first', 'happy', 'day', 'community']]",[1.0],[1.0],[1.037],1.0,1.037,continued,,,,,
35,22.0,"['pam', 'bondi', 'general', 'attorney', 'pambondi', 'doj', 'justice', 'nominee', 'donald', 'atty']",36,[],[],[],[],[],0.0,0.0,disappeared,,,,,
36,0.0,"['hostage', 'hamas', 'israel', 'ceasefire', 'deal', 'gaza', 'agreement', 'peace', 'release', 'return']",37,[1],"[['hostage', 'hamas', 'israel', 'ceasefire', 'deal', 'gaza', 'agreement', 'peace', 'release', 'home']]",[0.997],[0.893],[0.768],0.893,0.768,continued,,,,,
36,1.0,"['wildfire', 'california', 'fire', 'disaster', 'emergency', 'management', 'federal', 'agency', 'help', 'aid']",37,[5],"[['disaster', 'wildfire', 'fire', 'california', 'emergency', 'federal', 'aid', 'la', 'firefighter', 'management']]",[0.996],[0.869],[1.648],0.869,1.648,continued,,,,,
36,2.0,"['tax', 'cut', 'work', 'billionaire', 'donald', 'trump', 'small', 'business', 'republicans', 'federal']",37,[3],"[['tax', 'cut', 'billionaire', 'government', 'doge', 'work', 'federal', 'donald', 'trump', 'spending']]",[0.981],[0.794],[1.143],0.794,1.143,continued,,,,,
36,3.0,"['woman', 'sport', 'girl', 'sports', 'protection', 'vote', 'biological', 'compete', 'man', 'act']",37,[15],"[['woman', 'sport', 'girl', 'biological', 'compete', 'sports', 'man', 'female', 'protect', 'male']]",[0.964],[0.787],[2.713],0.787,2.713,continued,,,,,
36,4.0,"['hegseth', 'pete', 'defense', 'military', 'secretary', 'pentagon', 'confirm', 'lethality', 'need', 'armed']",37,[28],"[['pete', 'hegseth', 'defense', 'secretary', 'vote', 'senate', 'military', 'confirm', 'anonymous', 'unfit']]",[0.961],[0.724],[3.796],0.724,3.796,continued,,,,,
36,5.0,"['chinese', 'china', 'tiktok', 'communist', 'taiwan', 'party', 'double', 'greenland', 'russia', 'ban']",37,[7],"[['tiktok', 'chinese', 'communist', 'china', 'taiwan', 'party', 'ban', 'double', 'security', 'bytedance']]",[0.953],[0.57],[0.714],0.57,0.714,continued,,,,,
36,6.0,"['illegal', 'alien', 'violence', 'deport', 'woman', 'vote', 'domestic', 'bill', 'immigrant', 'crime']",37,[4],"[['illegal', 'alien', 'violence', 'woman', 'vote', 'deport', 'domestic', 'bill', 'immigrant', 'commit']]",[0.996],[0.847],[0.795],0.847,0.795,continued,,,,,
36,7.0,"['inauguration', 'ticket', 'ceremony', 'office', 'inaugural', 'capitol', 'donald', 'weather', 'commemorative', 'president']",37,[],[],[],[],[],0.0,0.0,disappeared,,,,,
36,8.0,"['justice', 'bondi', 'pam', 'attorney', 'doj', 'general', 'smith', 'donald', 'jack', 'biden']",37,[20],"[['pam', 'bondi', 'general', 'attorney', 'pambondi', 'doj', 'justice', 'ag', 'nominee', 'donald']]",[0.931],[0.495],[1.119],0.495,1.119,unclear,,,,,
36,9.0,"['biden', 'joe', 'president', 'farewell', 'kamala', 'year', 'america', 'failure', 'american', 'legacy']",37,[8],"[['joe', 'biden', 'president', 'thank', 'pandemic', 'farewell', 'infrastructure', 'year', 'american', 'four']]",[0.993],[0.887],[0.805],0.887,0.805,continued,,,,,
36,10.0,"['subcommittee', 'committee', 'serve', 'chairman', 'congress', 'honor', 'chair', 'house', 'th', 'work']",37,[11],"[['committee', 'subcommittee', 'serve', 'veteran', 'chairman', 'honor', 'house', 'congress', 'work', 'member']]",[0.961],[0.891],[1.202],0.891,1.202,continued,,,,,
36,11.0,"['infrastructure', 'million', 'grant', 'funding', 'project', 'federal', 'announce', 'news', 'community', 'investment']",37,[19],"[['water', 'land', 'project', 'federal', 'groundwater', 'act', 'protect', 'forest', 'river', 'drought']]",[0.846],[0.548],[1.071],0.548,1.071,unclear,,,,,
36,12.0,"['america', 'president', 'realdonaldtrump', 'donald', 'trump', 'great', 'day', 'days', 'white', 'agenda']",37,[],[],[],[],[],0.0,0.0,disappeared,,,,,
36,13.0,"['energy', 'wright', 'chris', 'oil', 'american', 'clean', 'gas', 'unleash', 'dominance', 'climate']",37,[14],"[['energy', 'american', 'wright', 'unleash', 'oil', 'chris', 'dominance', 'drill', 'trump', 'donald']]",[0.968],[0.827],[0.882],0.827,0.882,continued,,,,,
36,15.0,"['border', 'secure', 'cartel', 'trafficking', 'law', 'southern', 'human', 'president', 'fentanyl', 'enforcement']",37,[6],"[['border', 'cartel', 'secure', 'mexico', 'trump', 'donald', 'president', 'remain', 'terrorist', 'promise']]",[0.959],[0.832],[0.454],0.832,0.454,unclear,,,,,
36,16.0,"['life', 'sbaprolife', 'abortion', 'scorecard', 'unborn', 'pro', 'rating', 'child', 'earn', 'proud']",37,[21],"[['sbaprolife', 'life', 'scorecard', 'unborn', 'pro', 'abortion', 'rating', 'earn', 'protect', 'proud']]",[0.953],[0.753],[1.058],0.753,1.058,continued,,,,,
36,17.0,"['thank', 'repericburlison', 'reprussfulcher', 'txrandy', 'reptenney', 'let', 'rephageman', 'sponsor', 'repmcdowell', 'co']",37,[],[],[],[],[],0.0,0.0,disappeared,,,,,
36,18.0,"['king', 'dr', 'birthday', 'luther', 'martin', 'jr', 'mlk', 'legacy', 'honor', 'equality']",37,[],[],[],[],[],0.0,0.0,disappeared,,,,,
36,19.0,"['amendment', 'equal', 'era', 'constitution', 'right', 'law', 'land', 'ratify', 'equality', 'th']",37,[18],"[['amendment', 'equal', 'era', 'constitution', 'right', 'law', 'land', 'ratify', 'sex', 'joe']]",[0.999],[0.965],[0.965],0.965,0.965,continued,,,,,
36,20.0,"['laken', 'riley', 'act', 'pass', 'senate', 'illegal', 'sarah', 'border', 'bill', 'immigrant']",37,[13],"[['laken', 'riley', 'act', 'pass', 'senate', 'sarah', 'illegal', 'bill', 'immigrant', 'law']]",[0.99],[0.939],[0.647],0.939,0.647,continued,,,,,
36,21.0,"['cuba', 'terrorism', 'sponsor', 'cuban', 'maduro', 'regime', 'joe', 'biden', 'designation', 'list']",37,[],[],[],[],[],0.0,0.0,disappeared,,,,,
36,23.0,"['cabinet', 'hearing', 'nominee', 'trump', 'donald', 'senate', 'confirmation', 'confirm', 'president', 'nomination']",37,[],[],[],[],[],0.0,0.0,disappeared,,,,,
36,24.0,"['office', 'hour', 'help', 'passport', 'team', 'agency', 'federal', 'mobile', 'need', 'district']",37,[],[],[],[],[],0.0,0.0,disappeared,,,,,
36,25.0,"['farmer', 'farm', 'agriculture', 'wheat', 'grower', 'usda', 'crop', 'bill', 'repair', 'agricultural']",37,[27],"[['farmer', 'farm', 'agriculture', 'wheat', 'discuss', 'grower', 'repair', 'ag', 'bill', 'usda']]",[0.988],[0.949],[0.982],0.949,0.982,continued,,,,,
36,26.0,"['korean', 'koreanamericanday', 'contribution', 'american', 'arrival', 'celebrate', 'first', 'happy', 'day', 'community']",37,[],[],[],[],[],0.0,0.0,disappeared,,,,,
36,27.0,"['gun', 'carry', 'conceal', 'atf', 'right', 'constitutional', 'amendment', 'firearm', 'reciprocity', 'second']",37,[],[],[],[],[],0.0,0.0,disappeared,,,,,
36,28.0,"['tune', 'join', 'pm', 'newsmax', 'morning', 'watch', 'et', 'jordanklepper', 'come', 'comedycentral']",37,[16],"[['tune', 'join', 'pm', 'fox', 'foxnewssunday', 'discuss', 'episode', 'come', 'watch', 'talk']]",[0.967],[0.902],[0.484],0.902,0.484,unclear,,,,,
36,,,37,,,,"[0.912, 0.973]","[0.754, 0.522]",1.885,1.275,merge,"[14, 22]","[['care', 'health', 'affordable', 'healthcare', 'coverage', 'enrollment', 'insurance', 'plan', 'marketplace', 'enroll'], ['drug', 'medicare', 'prescription', 'senior', 'price', 'cost', 'negotiate', 'reduction', 'inflation', 'medication']]",10.0,"['drug', 'medicare', 'prescription', 'senior', 'health', 'care', 'price', 'cost', 'act', 'reduction']","[0.835, 0.956]"
37,0.0,"['president', 'inauguration', 'donald', 'trump', 'america', 'day', 'ticket', 'great', 'ceremony', 'th']",38,[0],"[['inauguration', 'president', 'donald', 'america', 'trump', 'th', 'realdonaldtrump', 'great', 'day', 'today']]",[0.991],[0.685],[1.144],0.685,1.144,continued,,,,,
37,1.0,"['hostage', 'hamas', 'israel', 'ceasefire', 'deal', 'gaza', 'agreement', 'peace', 'release', 'home']",38,[4],"[['hostage', 'terrorist', 'israel', 'hamas', 'vladimir', 'houthis', 'home', 'iranian', 'putin', 'romi']]",[0.895],[0.925],[1.67],0.925,1.67,unclear,,,,,
37,2.0,"['king', 'dr', 'jr', 'luther', 'martin', 'legacy', 'honor', 'justice', 'mlkday', 'equality']",38,[1],"[['king', 'dr', 'jr', 'martin', 'luther', 'legacy', 'honor', 'justice', 'mlkday', 'equality']]",[0.999],[0.926],[0.965],0.926,0.965,continued,,,,,
37,3.0,"['tax', 'cut', 'billionaire', 'government', 'doge', 'work', 'federal', 'donald', 'trump', 'spending']",38,[20],"[['tax', 'cut', 'business', 'small', 'taxis', 'family', 'axethedeathtax', 'job', 'waysandmeansgop', 'act']]",[0.912],[0.404],[1.289],0.404,1.289,unclear,,,,,
37,4.0,"['illegal', 'alien', 'violence', 'woman', 'vote', 'deport', 'domestic', 'bill', 'immigrant', 'commit']",38,[7],"[['ice', 'immigration', 'immigrant', 'deportation', 'illegal', 'raid', 'donald', 'mass', 'trump', 'criminal']]",[0.843],[0.574],[0.707],0.574,0.707,unclear,,,,,
37,5.0,"['disaster', 'wildfire', 'fire', 'california', 'emergency', 'federal', 'aid', 'la', 'firefighter', 'management']",38,[3],"[['forest', 'wildfire', 'fire', 'disaster', 'management', 'california', 'water', 'fix', 'federal', 'emergency']]",[0.945],[0.852],[0.618],0.852,0.618,continued,,,,,
37,6.0,"['border', 'cartel', 'secure', 'mexico', 'trump', 'donald', 'president', 'remain', 'terrorist', 'promise']",38,[5],"[['border', 'secure', 'promise', 'biden', 'joe', 'trump', 'president', 'mexico', 'donald', 'southern']]",[0.986],[0.802],[0.629],0.802,0.629,continued,,,,,
37,7.0,"['tiktok', 'chinese', 'communist', 'china', 'taiwan', 'party', 'ban', 'double', 'security', 'bytedance']",38,[15],"[['tiktok', 'china', 'chinese', 'communist', 'world', 'organization', 'security', 'party', 'ban', 'health']]",[0.966],[0.799],[1.293],0.799,1.293,continued,,,,,
37,8.0,"['joe', 'biden', 'president', 'thank', 'pandemic', 'farewell', 'infrastructure', 'year', 'american', 'four']",38,[27],"[['joe', 'biden', 'president', 'four', 'thank', 'year', 'job', 'do', 'american', 'pandemic']]",[0.979],[0.856],[2.42],0.856,2.42,continued,,,,,
37,9.0,"['pardon', 'officer', 'police', 'assault', 'capitol', 'january', 'attack', 'donald', 'violent', 'trump']",38,[],[],[],[],[],0.0,0.0,disappeared,,,,,
37,10.0,"['drug', 'medicare', 'prescription', 'senior', 'health', 'care', 'price', 'cost', 'act', 'reduction']",38,[10],"[['drug', 'cost', 'prescription', 'medicare', 'price', 'low', 'cut', 'pharma', 'medicaid', 'senior']]",[0.935],[0.79],[0.708],0.79,0.708,continued,,,,,
37,11.0,"['committee', 'subcommittee', 'serve', 'veteran', 'chairman', 'honor', 'house', 'congress', 'work', 'member']",38,[31],"[['veteran', 'va', 'care', 'veterans', 'doug', 'repdougcollin', 'affairs', 'secretary', 'collins', 'deserve']]",[0.829],[0.395],[0.944],0.395,0.944,disappeared,,,,,
37,12.0,"['marco', 'rubio', 'secretary', 'state', 'confirm', 'confirmation', 'congratulation', 'foreign', 'america', 'next']",38,[19],"[['marco', 'rubio', 'secretary', 'state', 'confirm', 'congratulation', 'foreign', 'next', 'friend', 'america']]",[0.996],[0.921],[1.261],0.921,1.261,continued,,,,,
37,13.0,"['laken', 'riley', 'act', 'pass', 'senate', 'sarah', 'illegal', 'bill', 'immigrant', 'law']",38,[6],"[['laken', 'riley', 'act', 'desk', 'illegal', 'pass', 'bill', 'law', 'sarah', 'head']]",[0.979],[0.899],[0.407],0.899,0.407,unclear,,,,,
37,14.0,"['energy', 'american', 'wright', 'unleash', 'oil', 'chris', 'dominance', 'drill', 'trump', 'donald']",38,[8],"[['energy', 'american', 'unleash', 'trump', 'donald', 'gas', 'dominance', 'wind', 'oil', 'production']]",[0.981],[0.924],[0.611],0.924,0.611,continued,,,,,
37,15.0,"['woman', 'sport', 'girl', 'biological', 'compete', 'sports', 'man', 'female', 'protect', 'male']",38,[29],"[['woman', 'gender', 'sport', 'female', 'male', 'combat', 'girl', 'two', 'military', 'biological']]",[0.917],[0.931],[1.469],0.931,1.469,continued,,,,,
37,16.0,"['tune', 'join', 'pm', 'fox', 'foxnewssunday', 'discuss', 'episode', 'come', 'watch', 'talk']",38,[17],"[['tune', 'seanhannity', 'pm', 'foxnew', 'join', 'tonight', 'watch', 'youtu', 'youtube', 'si']]",[0.966],[0.8],[0.685],0.8,0.685,continued,,,,,
37,17.0,"['cecile', 'richard', 'reproductive', 'woman', 'right', 'parenthood', 'family', 'fight', 'champion', 'pass']",38,[22],"[['cecile', 'richard', 'woman', 'reproductive', 'right', 'parenthood', 'champion', 'fight', 'family', 'freedom']]",[0.994],[0.912],[1.0],0.912,1.0,continued,,,,,
37,18.0,"['amendment', 'equal', 'era', 'constitution', 'right', 'law', 'land', 'ratify', 'sex', 'joe']",38,[],[],[],[],[],0.0,0.0,disappeared,,,,,
37,19.0,"['water', 'land', 'project', 'federal', 'groundwater', 'act', 'protect', 'forest', 'river', 'drought']",38,[],[],[],[],[],0.0,0.0,disappeared,,,,,
37,20.0,"['pam', 'bondi', 'general', 'attorney', 'pambondi', 'doj', 'justice', 'ag', 'nominee', 'donald']",38,[],[],[],[],[],0.0,0.0,disappeared,,,,,
37,21.0,"['sbaprolife', 'life', 'scorecard', 'unborn', 'pro', 'abortion', 'rating', 'earn', 'protect', 'proud']",38,[],[],[],[],[],0.0,0.0,disappeared,,,,,
37,22.0,"['gobuck', 'football', 'onepride', 'championship', 'buckeye', 'go', 'win', 'lion', 'college', 'game']",38,[],[],[],[],[],0.0,0.0,disappeared,,,,,
37,23.0,"['stay', 'winter', 'weather', 'warm', 'cold', 'warming', 'storm', 'snow', 'please', 'safe']",38,[25],"[['stay', 'weather', 'winter', 'warm', 'cold', 'snow', 'road', 'safe', 'please', 'warming']]",[0.991],[0.912],[0.795],0.912,0.795,continued,,,,,
37,24.0,"['vladimir', 'regime', 'putin', 'russia', 'iranian', 'ivanishvili', 'war', 'iran', 'georgia', 'georgian']",38,[],[],[],[],[],0.0,0.0,disappeared,,,,,
37,25.0,"['pardon', 'joe', 'biden', 'fauci', 'preemptive', 'milley', 'anthony', 'president', 'crime', 'family']",38,[],[],[],[],[],0.0,0.0,disappeared,,,,,
37,26.0,"['citizenship', 'birthright', 'constitution', 'order', 'amendment', 'unconstitutional', 'executive', 'th', 'bear', 'end']",38,[11],"[['citizenship', 'birthright', 'constitution', 'amendment', 'unconstitutional', 'bear', 'order', 'executive', 'end', 'th']]",[0.99],[0.983],[0.375],0.983,0.375,disappeared,,,,,
37,27.0,"['farmer', 'farm', 'agriculture', 'wheat', 'discuss', 'grower', 'repair', 'ag', 'bill', 'usda']",38,[16],"[['farmer', 'agriculture', 'farm', 'housing', 'rural', 'producer', 'subcommittee', 'committee', 'community', 'program']]",[0.936],[0.912],[0.43],0.912,0.43,unclear,,,,,
37,28.0,"['pete', 'hegseth', 'defense', 'secretary', 'vote', 'senate', 'military', 'confirm', 'anonymous', 'unfit']",38,[23],"[['hegseth', 'pete', 'defense', 'secretary', 'confirm', 'nomination', 'senate', 'military', 'unqualified', 'floor']]",[0.98],[0.889],[0.585],0.889,0.585,continued,,,,,
38,0.0,"['inauguration', 'president', 'donald', 'america', 'trump', 'th', 'realdonaldtrump', 'great', 'day', 'today']",39,[10],"[['president', 'america', 'white', 'trump', 'donald', 'first', 'house', 'potus', 'agenda', 'deliver']]",[0.93],[0.756],[3.075],0.756,3.075,continued,,,,,
38,1.0,"['king', 'dr', 'jr', 'martin', 'luther', 'legacy', 'honor', 'justice', 'mlkday', 'equality']",39,[0],"[['honor', 'king', 'office', 'great', 'inauguration', 'dr', 'community', 'team', 'service', 'jr']]",[0.711],[0.522],[0.507],0.522,0.507,unclear,,,,,
38,2.0,"['pardon', 'officer', 'police', 'violent', 'attack', 'january', 'capitol', 'donald', 'biden', 'joe']",39,[1],"[['pardon', 'officer', 'police', 'violent', 'attack', 'capitol', 'donald', 'january', 'trump', 'assault']]",[0.995],[0.885],[0.901],0.885,0.901,continued,,,,,
38,3.0,"['forest', 'wildfire', 'fire', 'disaster', 'management', 'california', 'water', 'fix', 'federal', 'emergency']",39,[4],"[['forest', 'wildfire', 'management', 'disaster', 'california', 'fire', 'emergency', 'federal', 'fix', 'water']]",[0.993],[0.864],[0.761],0.864,0.761,continued,,,,,
38,4.0,"['hostage', 'terrorist', 'israel', 'hamas', 'vladimir', 'houthis', 'home', 'iranian', 'putin', 'romi']",39,[3],"[['terrorist', 'organization', 'vladimir', 'houthis', 'china', 'hostage', 'world', 'united', 'chinese', 'ally']]",[0.937],[0.723],[0.557],0.723,0.557,continued,,,,,
38,5.0,"['border', 'secure', 'promise', 'biden', 'joe', 'trump', 'president', 'mexico', 'donald', 'southern']",39,[8],"[['border', 'secure', 'joe', 'biden', 'president', 'trump', 'southern', 'mexico', 'promise', 'donald']]",[0.997],[0.879],[0.983],0.879,0.983,continued,,,,,
38,6.0,"['laken', 'riley', 'act', 'desk', 'illegal', 'pass', 'bill', 'law', 'sarah', 'head']",39,[7],"[['laken', 'riley', 'act', 'desk', 'illegal', 'law', 'pass', 'bill', 'head', 'sarah']]",[0.999],[0.871],[0.935],0.871,0.935,continued,,,,,
38,7.0,"['ice', 'immigration', 'immigrant', 'deportation', 'illegal', 'raid', 'donald', 'mass', 'trump', 'criminal']",39,[9],"[['ice', 'immigrant', 'immigration', 'raid', 'deportation', 'donald', 'arrest', 'trump', 'illegal', 'criminal']]",[0.994],[0.833],[0.789],0.833,0.789,continued,,,,,
38,8.0,"['energy', 'american', 'unleash', 'trump', 'donald', 'gas', 'dominance', 'wind', 'oil', 'production']",39,[11],"[['energy', 'unleash', 'american', 'donald', 'trump', 'environmental', 'oil', 'gas', 'industry', 'order']]",[0.988],[0.9],[0.871],0.9,0.871,continued,,,,,
38,9.0,"['life', 'march', 'unborn', 'pro', 'marchforlife', 'defend', 'sbaprolife', 'protect', 'every', 'today']",39,[12],"[['life', 'march', 'unborn', 'pro', 'marchforlife', 'defend', 'protect', 'sbaprolife', 'every', 'washington']]",[0.998],[0.896],[0.85],0.896,0.85,continued,,,,,
38,10.0,"['drug', 'cost', 'prescription', 'medicare', 'price', 'low', 'cut', 'pharma', 'medicaid', 'senior']",39,[16],"[['drug', 'cost', 'prescription', 'low', 'price', 'medicare', 'pharma', 'medicaid', 'cut', 'americans']]",[0.995],[0.903],[1.022],0.903,1.022,continued,,,,,
38,11.0,"['citizenship', 'birthright', 'constitution', 'amendment', 'unconstitutional', 'bear', 'order', 'executive', 'end', 'th']",39,[13],"[['citizenship', 'birthright', 'constitution', 'amendment', 'unconstitutional', 'bear', 'order', 'executive', 'end', 'th']]",[0.999],[0.98],[0.903],0.98,0.903,continued,,,,,
38,12.0,"['roe', 'wade', 'woman', 'right', 'reproductive', 'decision', 'anniversary', 'freedom', 'abortion', 'year']",39,[14],"[['roe', 'wade', 'woman', 'right', 'reproductive', 'decision', 'freedom', 'anniversary', 'abortion', 'year']]",[1.0],[0.986],[0.967],0.986,0.967,continued,,,,,
38,13.0,"['abortion', 'alive', 'bear', 'survivor', 'protection', 'baby', 'survive', 'life', 'care', 'medical']",39,[15],"[['abortion', 'alive', 'bear', 'survivor', 'protection', 'baby', 'survive', 'care', 'life', 'act']]",[0.999],[0.91],[0.957],0.91,0.957,continued,,,,,
38,14.0,"['dei', 'federal', 'government', 'merit', 'base', 'doge', 'order', 'diversity', 'donald', 'trump']",39,[18],"[['dei', 'federal', 'government', 'diversity', 'merit', 'order', 'discrimination', 'donald', 'trump', 'executive']]",[0.969],[0.688],[0.848],0.688,0.848,continued,,,,,
38,15.0,"['tiktok', 'china', 'chinese', 'communist', 'world', 'organization', 'security', 'party', 'ban', 'health']",39,[],[],[],[],[],0.0,0.0,disappeared,,,,,
38,16.0,"['farmer', 'agriculture', 'farm', 'housing', 'rural', 'producer', 'subcommittee', 'committee', 'community', 'program']",39,[24],"[['farmer', 'agriculture', 'farm', 'rancher', 'producer', 'usda', 'food', 'rollin', 'rural', 'brookelrollin']]",[0.939],[0.537],[0.833],0.537,0.833,continued,,,,,
38,17.0,"['tune', 'seanhannity', 'pm', 'foxnew', 'join', 'tonight', 'watch', 'youtu', 'youtube', 'si']",39,[],[],[],[],[],0.0,0.0,disappeared,,,,,
38,18.0,"['office', 'help', 'passport', 'hour', 'agency', 'mobile', 'service', 'team', 'rsvp', 'assistance']",39,[],[],[],[],[],0.0,0.0,disappeared,,,,,
38,19.0,"['marco', 'rubio', 'secretary', 'state', 'confirm', 'congratulation', 'foreign', 'next', 'friend', 'america']",39,[26],"[['marco', 'rubio', 'secretary', 'state', 'congratulation', 'confirm', 'america', 'foreign', 'interest', 'next']]",[0.998],[0.989],[1.247],0.989,1.247,continued,,,,,
38,20.0,"['tax', 'cut', 'business', 'small', 'taxis', 'family', 'axethedeathtax', 'job', 'waysandmeansgop', 'act']",39,[17],"[['tax', 'cut', 'business', 'salt', 'small', 'family', 'taxis', 'deduction', 'act', 'axethedeathtax']]",[0.98],[0.944],[0.63],0.944,0.63,continued,,,,,
38,21.0,"['gun', 'violence', 'shoot', 'atf', 'survivor', 'community', 'school', 'antioch', 'shooting', 'pray']",39,[21],"[['gun', 'violence', 'shoot', 'agent', 'survivor', 'community', 'shooting', 'antioch', 'family', 'pray']]",[0.972],[0.764],[0.81],0.764,0.81,continued,,,,,
38,22.0,"['cecile', 'richard', 'woman', 'reproductive', 'right', 'parenthood', 'champion', 'fight', 'family', 'freedom']",39,[],[],[],[],[],0.0,0.0,disappeared,,,,,
38,23.0,"['hegseth', 'pete', 'defense', 'secretary', 'confirm', 'nomination', 'senate', 'military', 'unqualified', 'floor']",39,[],[],[],[],[],0.0,0.0,disappeared,,,,,
38,24.0,"['doctor', 'care', 'health', 'reproductive', 'republicans', 'woman', 'bill', 'abortion', 'criminalize', 'medical']",39,[25],"[['doctor', 'care', 'health', 'reproductive', 'republicans', 'woman', 'bill', 'criminalize', 'republican', 'medical']]",[0.998],[0.962],[1.0],0.962,1.0,continued,,,,,
38,25.0,"['stay', 'weather', 'winter', 'warm', 'cold', 'snow', 'road', 'safe', 'please', 'warming']",39,[28],"[['weather', 'winter', 'stay', 'cold', 'snow', 'warm', 'please', 'road', 'warming', 'county']]",[0.992],[0.962],[1.154],0.962,1.154,continued,,,,,
38,26.0,"['vance', 'vice', 'jd', 'president', 'congratulation', 'realdonaldtrump', 'inauguration', 'donald', 'america', 'trump']",39,[],[],[],[],[],0.0,0.0,disappeared,,,,,
38,27.0,"['joe', 'biden', 'president', 'four', 'thank', 'year', 'job', 'do', 'american', 'pandemic']",39,[],[],[],[],[],0.0,0.0,disappeared,,,,,
38,28.0,"['tomorrow', 'day', 'almost', 'happen', 'good', 'damn', 'way', 'thisdayinhistory', 'today', 'exactly']",39,[],[],[],[],[],0.0,0.0,disappeared,,,,,
38,29.0,"['woman', 'gender', 'sport', 'female', 'male', 'combat', 'girl', 'two', 'military', 'biological']",39,[],[],[],[],[],0.0,0.0,disappeared,,,,,
38,30.0,"['cabinet', 'confirm', 'nominee', 'democrats', 'senate', 'trump', 'donald', 'get', 'president', 'vote']",39,[19],"[['bessent', 'scott', 'confirm', 'cabinet', 'treasury', 'nominee', 'senate', 'secretary', 'confirmation', 'get']]",[0.929],[0.885],[0.505],0.885,0.505,continued,,,,,
38,31.0,"['veteran', 'va', 'care', 'veterans', 'doug', 'repdougcollin', 'affairs', 'secretary', 'collins', 'deserve']",39,[20],"[['veteran', 'va', 'care', 'freeze', 'health', 'doug', 'deserve', 'repdougcollin', 'veterans', 'hire']]",[0.974],[0.944],[0.52],0.944,0.52,continued,,,,,
38,32.0,"['intelligence', 'central', 'director', 'agency', 'ratcliffe', 'john', 'johnratcliffe', 'confirm', 'vote', 'national']",39,[31],"[['intelligence', 'central', 'director', 'agency', 'ratcliffe', 'johnratcliffe', 'john', 'confirm', 'vote', 'national']]",[0.998],[0.885],[0.852],0.885,0.852,continued,,,,,
38,33.0,"['endcitizensunite', 'citizen', 'money', 'unite', 'election', 'billionaire', 'democracy', 'musk', 'corporation', 'court']",39,[],[],[],[],[],0.0,0.0,disappeared,,,,,
39,0.0,"['honor', 'king', 'office', 'great', 'inauguration', 'dr', 'community', 'team', 'service', 'jr']",40,[2],"[['community', 'great', 'work', 'honor', 'join', 'town', 'county', 'hall', 'birthday', 'happy']]",[0.951],[0.702],[0.587],0.702,0.587,continued,,,,,
39,1.0,"['pardon', 'officer', 'police', 'violent', 'attack', 'capitol', 'donald', 'january', 'trump', 'assault']",40,[17],"[['pardon', 'police', 'officer', 'donald', 'violent', 'capitol', 'trump', 'attack', 'assault', 'criminal']]",[0.99],[0.877],[3.007],0.877,3.007,continued,,,,,
39,2.0,"['holocaust', 'million', 'remembrance', 'antisemitism', 'never', 'jewish', 'remember', 'day', 'international', 'six']",40,[4],"[['holocaust', 'million', 'remembrance', 'antisemitism', 'day', 'never', 'remember', 'jewish', 'international', 'six']]",[1.0],[0.949],[0.941],0.949,0.941,continued,,,,,
39,3.0,"['terrorist', 'organization', 'vladimir', 'houthis', 'china', 'hostage', 'world', 'united', 'chinese', 'ally']",40,[11],"[['china', 'hostage', 'iran', 'terrorist', 'hamas', 'vladimir', 'ai', 'tariff', 'chinese', 'trade']]",[0.964],[0.601],[1.078],0.601,1.078,continued,,,,,
39,4.0,"['forest', 'wildfire', 'management', 'disaster', 'california', 'fire', 'emergency', 'federal', 'fix', 'water']",40,[6],"[['disaster', 'wildfire', 'emergency', 'management', 'california', 'agency', 'fire', 'federal', 'hurricane', 'recovery']]",[0.957],[0.722],[0.963],0.722,0.963,continued,,,,,
39,5.0,"['hegseth', 'pete', 'defense', 'secretary', 'military', 'confirm', 'woman', 'combat', 'pentagon', 'serve']",40,[7],"[['hegseth', 'pete', 'defense', 'secretary', 'military', 'confirm', 'pentagon', 'vote', 'woman', 'congratulation']]",[0.994],[0.784],[1.053],0.784,1.053,continued,,,,,
39,6.0,"['tune', 'thank', 'youtube', 'si', 'morning', 'youtu', 'watch', 'join', 'pm', 'live']",40,[5],"[['tune', 'thank', 'appreciate', 'brother', 'live', 'join', 'youtube', 'pm', 'morning', 'week']]",[0.979],[0.528],[0.46],0.528,0.46,unclear,,,,,
39,7.0,"['laken', 'riley', 'act', 'desk', 'illegal', 'law', 'pass', 'bill', 'head', 'sarah']",40,[8],"[['laken', 'riley', 'law', 'act', 'sign', 'illegal', 'sarah', 'potus', 'president', 'bill']]",[0.973],[0.841],[0.941],0.841,0.941,continued,,,,,
39,10.0,"['president', 'america', 'white', 'trump', 'donald', 'first', 'house', 'potus', 'agenda', 'deliver']",40,[10],"[['america', 'president', 'first', 'trump', 'donald', 'agenda', 'back', 'realdonaldtrump', 'house', 'white']]",[0.982],[0.895],[0.856],0.895,0.856,continued,,,,,
39,11.0,"['energy', 'unleash', 'american', 'donald', 'trump', 'environmental', 'oil', 'gas', 'industry', 'order']",40,[13],"[['energy', 'environmental', 'protection', 'agency', 'administrator', 'unleash', 'lee', 'leemzeldin', 'american', 'zeldin']]",[0.91],[0.774],[0.873],0.774,0.873,continued,,,,,
39,13.0,"['citizenship', 'birthright', 'constitution', 'amendment', 'unconstitutional', 'bear', 'order', 'executive', 'end', 'th']",40,[],[],[],[],[],0.0,0.0,disappeared,,,,,
39,14.0,"['roe', 'wade', 'woman', 'right', 'reproductive', 'decision', 'freedom', 'anniversary', 'abortion', 'year']",40,[],[],[],[],[],0.0,0.0,disappeared,,,,,
39,16.0,"['drug', 'cost', 'prescription', 'low', 'price', 'medicare', 'pharma', 'medicaid', 'cut', 'americans']",40,[],[],[],[],[],0.0,0.0,disappeared,,,,,
39,17.0,"['tax', 'cut', 'business', 'salt', 'small', 'family', 'taxis', 'deduction', 'act', 'axethedeathtax']",40,[18],"[['tax', 'business', 'small', 'taxis', 'cut', 'main', 'certainty', 'salt', 'act', 'street']]",[0.976],[0.815],[1.158],0.815,1.158,continued,,,,,
39,18.0,"['dei', 'federal', 'government', 'diversity', 'merit', 'order', 'discrimination', 'donald', 'trump', 'executive']",40,[],[],[],[],[],0.0,0.0,disappeared,,,,,
39,19.0,"['bessent', 'scott', 'confirm', 'cabinet', 'treasury', 'nominee', 'senate', 'secretary', 'confirmation', 'get']",40,[25],"[['cabinet', 'confirm', 'senate', 'democrats', 'nominee', 'president', 'delay', 'trump', 'donald', 'obstruct']]",[0.916],[0.626],[1.264],0.626,1.264,continued,,,,,
39,20.0,"['veteran', 'va', 'care', 'freeze', 'health', 'doug', 'deserve', 'repdougcollin', 'veterans', 'hire']",40,[],[],[],[],[],0.0,0.0,disappeared,,,,,
39,21.0,"['gun', 'violence', 'shoot', 'agent', 'survivor', 'community', 'shooting', 'antioch', 'family', 'pray']",40,[],[],[],[],[],0.0,0.0,disappeared,,,,,
39,22.0,"['education', 'school', 'parent', 'child', 'choice', 'student', 'week', 'teacher', 'internationaldayofeducation', 'kid']",40,[16],"[['school', 'education', 'choice', 'parent', 'child', 'student', 'week', 'kid', 'educational', 'national']]",[0.989],[0.892],[0.54],0.892,0.54,continued,,,,,
39,23.0,"['colombia', 'colombian', 'petro', 'flight', 'maduro', 'president', 'regime', 'venezuela', 'cuba', 'cuban']",40,[19],"[['colombia', 'colombian', 'petro', 'cuban', 'venezuelan', 'president', 'flight', 'donald', 'trump', 'tps']]",[0.994],[0.897],[0.864],0.897,0.864,continued,,,,,
39,24.0,"['farmer', 'agriculture', 'farm', 'rancher', 'producer', 'usda', 'food', 'rollin', 'rural', 'brookelrollin']",40,[],[],[],[],[],0.0,0.0,disappeared,,,,,
39,25.0,"['doctor', 'care', 'health', 'reproductive', 'republicans', 'woman', 'bill', 'criminalize', 'republican', 'medical']",40,[],[],[],[],[],0.0,0.0,disappeared,,,,,
39,26.0,"['marco', 'rubio', 'secretary', 'state', 'congratulation', 'confirm', 'america', 'foreign', 'interest', 'next']",40,[],[],[],[],[],0.0,0.0,disappeared,,,,,
39,27.0,"['subcommittee', 'committee', 'chairman', 'house', 'congress', 'th', 'work', 'serve', 'member', 'honor']",40,[],[],[],[],[],0.0,0.0,disappeared,,,,,
39,28.0,"['weather', 'winter', 'stay', 'cold', 'snow', 'warm', 'please', 'road', 'warming', 'county']",40,[],[],[],[],[],0.0,0.0,disappeared,,,,,
39,29.0,"['homeland', 'kristinoem', 'noem', 'secretary', 'security', 'kristi', 'dhs', 'border', 'secure', 'confirm']",40,[22],"[['homeland', 'kristinoem', 'secretary', 'noem', 'security', 'kristi', 'border', 'dhs', 'secure', 'confirm']]",[0.997],[0.923],[0.896],0.923,0.896,continued,,,,,
39,30.0,"['inspector', 'general', 'independent', 'fire', 'purge', 'watchdog', 'corruption', 'fraud', 'waste', 'abuse']",40,[20],"[['inspector', 'general', 'fire', 'independent', 'watchdog', 'corruption', 'purge', 'fraud', 'donald', 'trump']]",[0.997],[0.968],[0.769],0.968,0.769,continued,,,,,
39,31.0,"['intelligence', 'central', 'director', 'agency', 'ratcliffe', 'johnratcliffe', 'john', 'confirm', 'vote', 'national']",40,[],[],[],[],[],0.0,0.0,disappeared,,,,,
39,32.0,"['championship', 'flyeaglesfly', 'football', 'buckeye', 'bird', 'gobuck', 'go', 'super', 'bowl', 'chiefskingdom']",40,[],[],[],[],[],0.0,0.0,disappeared,,,,,
39,,,40,,,,"[0.881, 0.904]","[0.476, 0.432]",1.786,0.908,merge,"[8, 9]","[['border', 'secure', 'joe', 'biden', 'president', 'trump', 'southern', 'mexico', 'promise', 'donald'], ['ice', 'immigrant', 'immigration', 'raid', 'deportation', 'donald', 'arrest', 'trump', 'illegal', 'criminal']]",3.0,"['border', 'ice', 'criminal', 'immigration', 'illegal', 'donald', 'trump', 'immigrant', 'raid', 'alien']","[0.921, 0.971]"
39,,,40,,,,"[0.896, 0.949]","[0.711, 0.601]",1.845,1.312,merge,"[12, 15]","[['life', 'march', 'unborn', 'pro', 'marchforlife', 'defend', 'protect', 'sbaprolife', 'every', 'washington'], ['abortion', 'alive', 'bear', 'survivor', 'protection', 'baby', 'survive', 'care', 'life', 'act']]",9.0,"['life', 'march', 'abortion', 'unborn', 'pro', 'protect', 'marchforlife', 'bear', 'proud', 'defend']","[0.973, 0.842]"
40,0.0,"['donald', 'federal', 'freeze', 'trump', 'funding', 'program', 'grant', 'administration', 'order', 'fund']",41,[0],"[['donald', 'funding', 'federal', 'trump', 'freeze', 'program', 'administration', 'grant', 'fund', 'order']]",[0.999],[0.792],[0.728],0.792,0.728,continued,,,,,
40,1.0,"['responder', 'ronald', 'crash', 'pray', 'family', 'first', 'night', 'tragedy', 'dca', 'airport']",41,[1],"[['crash', 'responder', 'ronald', 'pray', 'tragedy', 'family', 'first', 'night', 'plane', 'dca']]",[0.997],[0.827],[0.646],0.827,0.646,continued,,,,,
40,2.0,"['community', 'great', 'work', 'honor', 'join', 'town', 'county', 'hall', 'birthday', 'happy']",41,[5],"[['town', 'hall', 'mayor', 'county', 'community', 'great', 'join', 'city', 'farmer', 'work']]",[0.957],[0.474],[1.037],0.474,1.037,unclear,,,,,
40,3.0,"['border', 'ice', 'criminal', 'immigration', 'illegal', 'donald', 'trump', 'immigrant', 'raid', 'alien']",41,[3],"[['border', 'biden', 'joe', 'illegal', 'criminal', 'ice', 'alien', 'deportation', 'trump', 'donald']]",[0.993],[0.851],[1.028],0.851,1.028,continued,,,,,
40,4.0,"['holocaust', 'million', 'remembrance', 'antisemitism', 'day', 'never', 'remember', 'jewish', 'international', 'six']",41,[2],"[['holocaust', 'million', 'remembrance', 'antisemitism', 'never', 'day', 'jewish', 'remember', 'international', 'six']]",[0.996],[0.97],[0.838],0.97,0.838,continued,,,,,
40,5.0,"['tune', 'thank', 'appreciate', 'brother', 'live', 'join', 'youtube', 'pm', 'morning', 'week']",41,[6],"[['tune', 'live', 'join', 'pm', 'watch', 'win', 'sure', 'morning', 'karolineleavitt', 'foxbusiness']]",[0.972],[0.47],[0.631],0.47,0.631,unclear,,,,,
40,6.0,"['disaster', 'wildfire', 'emergency', 'management', 'california', 'agency', 'fire', 'federal', 'hurricane', 'recovery']",41,[16],"[['wildfire', 'disaster', 'emergency', 'management', 'fire', 'federal', 'agency', 'california', 'helene', 'recovery']]",[0.977],[0.748],[1.53],0.748,1.53,continued,,,,,
40,7.0,"['hegseth', 'pete', 'defense', 'secretary', 'military', 'confirm', 'pentagon', 'vote', 'woman', 'congratulation']",41,[],[],[],[],[],0.0,0.0,disappeared,,,,,
40,8.0,"['laken', 'riley', 'law', 'act', 'sign', 'illegal', 'sarah', 'potus', 'president', 'bill']",41,[7],"[['laken', 'riley', 'law', 'act', 'sign', 'illegal', 'potus', 'sarah', 'president', 'bill']]",[1.0],[0.904],[0.957],0.904,0.957,continued,,,,,
40,10.0,"['america', 'president', 'first', 'trump', 'donald', 'agenda', 'back', 'realdonaldtrump', 'house', 'white']",41,[13],"[['america', 'president', 'realdonaldtrump', 'housegop', 'white', 'leadership', 'trump', 'donald', 'potus', 'house']]",[0.981],[0.914],[1.326],0.914,1.326,continued,,,,,
40,11.0,"['china', 'hostage', 'iran', 'terrorist', 'hamas', 'vladimir', 'ai', 'tariff', 'chinese', 'trade']",41,[15],"[['china', 'communist', 'vladimir', 'iran', 'chinese', 'regime', 'iranian', 'putin', 'party', 'war']]",[0.926],[0.466],[0.699],0.466,0.699,unclear,,,,,
40,12.0,"['kash', 'investigation', 'bureau', 'patel', 'of', 'intelligence', 'federal', 'director', 'gabbard', 'tulsi']",41,[18],"[['kash', 'patel', 'bureau', 'of', 'investigation', 'federal', 'director', 'confirm', 'need', 'hearing']]",[0.968],[0.652],[0.929],0.652,0.929,continued,,,,,
40,13.0,"['energy', 'environmental', 'protection', 'agency', 'administrator', 'unleash', 'lee', 'leemzeldin', 'american', 'zeldin']",41,"[20, 24]","[['energy', 'interior', 'secretary', 'dougburgum', 'unleash', 'burgum', 'dominance', 'doug', 'american', 'drill'], ['environmental', 'protection', 'agency', 'administrator', 'leemzeldin', 'lee', 'congratulation', 'zeldin', 'leezeldin', 'climate']]","[0.915, 0.904]","[0.436, 0.418]","[0.667, 1.045]",0.855,1.712,split,,,,,
40,14.0,"['rfk', 'jr', 'vaccine', 'health', 'robertkennedyjr', 'healthy', 'hhs', 'conspiracy', 'disease', 'make']",41,[9],"[['rfk', 'jr', 'vaccine', 'health', 'robertkennedyjr', 'hhs', 'healthy', 'disease', 'conspiracy', 'make']]",[0.997],[0.877],[0.754],0.877,0.754,continued,,,,,
40,15.0,"['year', 'lunar', 'new', 'happy', 'celebrate', 'snake', 'wish', 'prosperity', 'happiness', 'everyone']",41,[10],"[['year', 'lunar', 'happy', 'celebrate', 'new', 'snake', 'wish', 'prosperity', 'happiness', 'everyone']]",[0.996],[0.971],[0.805],0.971,0.805,continued,,,,,
40,16.0,"['school', 'education', 'choice', 'parent', 'child', 'student', 'week', 'kid', 'educational', 'national']",41,[14],"[['school', 'choice', 'education', 'parent', 'child', 'student', 'week', 'educational', 'kid', 'national']]",[0.995],[0.905],[0.873],0.905,0.873,continued,,,,,
40,18.0,"['tax', 'business', 'small', 'taxis', 'cut', 'main', 'certainty', 'salt', 'act', 'street']",41,[25],"[['file', 'revenue', 'internal', 'taxis', 'tax', 'free', 'service', 'directfile', 'direct', 'season']]",[0.771],[0.432],[0.695],0.432,0.695,unclear,,,,,
40,19.0,"['colombia', 'colombian', 'petro', 'cuban', 'venezuelan', 'president', 'flight', 'donald', 'trump', 'tps']",41,[],[],[],[],[],0.0,0.0,disappeared,,,,,
40,21.0,"['transportation', 'seanduffywi', 'duffy', 'sean', 'secretary', 'infrastructure', 'confirm', 'forward', 'congratulation', 'look']",41,[8],"[['secretary', 'transportation', 'confirm', 'bessent', 'scott', 'seanduffywi', 'duffy', 'sean', 'treasury', 'senate']]",[0.901],[0.878],[0.319],0.878,0.319,disappeared,,,,,
40,22.0,"['homeland', 'kristinoem', 'secretary', 'noem', 'security', 'kristi', 'border', 'dhs', 'secure', 'confirm']",41,[],[],[],[],[],0.0,0.0,disappeared,,,,,
40,24.0,"['israel', 'icc', 'trackaipac', 'lgrahamfangirl', 'sanction', 'court', 'democrats', 'senate', 'target', 'bill']",41,[],[],[],[],[],0.0,0.0,disappeared,,,,,
40,25.0,"['cabinet', 'confirm', 'senate', 'democrats', 'nominee', 'president', 'delay', 'trump', 'donald', 'obstruct']",41,[],[],[],[],[],0.0,0.0,disappeared,,,,,
40,,,41,,,,"[0.592, 0.879]","[0.827, 0.327]",1.471,1.154,merge,"[9, 23]","[['life', 'march', 'abortion', 'unborn', 'pro', 'protect', 'marchforlife', 'bear', 'proud', 'defend'], ['child', 'mutilation', 'gender', 'protect', 'kid', 'ideology', 'executive', 'order', 'surgical', 'procedure']]",11.0,"['abortion', 'child', 'gender', 'protect', 'woman', 'care', 'life', 'transgender', 'ban', 'executive']","[0.754, 0.925]"
40,,,41,,,,"[0.896, 0.923]","[0.938, 0.558]",1.819,1.496,merge,"[17, 20]","[['pardon', 'police', 'officer', 'donald', 'violent', 'capitol', 'trump', 'attack', 'assault', 'criminal'], ['inspector', 'general', 'fire', 'independent', 'watchdog', 'corruption', 'purge', 'fraud', 'donald', 'trump']]",17.0,"['pardon', 'officer', 'donald', 'police', 'trump', 'assault', 'capitol', 'law', 'investigation', 'violent']","[0.946, 0.86]"
41,0.0,"['donald', 'funding', 'federal', 'trump', 'freeze', 'program', 'administration', 'grant', 'fund', 'order']",42,[8],"[['freeze', 'funding', 'federal', 'donald', 'trump', 'program', 'fund', 'impact', 'head', 'community']]",[0.971],[0.62],[3.9],0.62,3.9,continued,,,,,
41,1.0,"['crash', 'responder', 'ronald', 'pray', 'tragedy', 'family', 'first', 'night', 'plane', 'dca']",42,[1],"[['crash', 'responder', 'ronald', 'pray', 'tragedy', 'family', 'first', 'night', 'plane', 'tragic']]",[1.0],[0.793],[0.771],0.793,0.771,continued,,,,,
41,2.0,"['holocaust', 'million', 'remembrance', 'antisemitism', 'never', 'day', 'jewish', 'remember', 'international', 'six']",42,[],[],[],[],[],0.0,0.0,disappeared,,,,,
41,3.0,"['border', 'biden', 'joe', 'illegal', 'criminal', 'ice', 'alien', 'deportation', 'trump', 'donald']",42,[5],"[['border', 'biden', 'joe', 'ice', 'illegal', 'criminal', 'immigration', 'deportation', 'alien', 'secure']]",[0.992],[0.793],[1.201],0.793,1.201,continued,,,,,
41,4.0,"['tariff', 'price', 'canada', 'mexico', 'donald', 'cost', 'trump', 'fentanyl', 'trade', 'raise']",42,[2],"[['tariff', 'price', 'canada', 'donald', 'cost', 'trump', 'trade', 'mexico', 'raise', 'grocery']]",[0.989],[0.781],[0.636],0.781,0.636,continued,,,,,
41,5.0,"['town', 'hall', 'mayor', 'county', 'community', 'great', 'join', 'city', 'farmer', 'work']",42,[6],"[['hall', 'town', 'county', 'sheriff', 'community', 'mayor', 'enforcement', 'meet', 'join', 'officer']]",[0.956],[0.68],[0.873],0.68,0.873,continued,,,,,
41,6.0,"['tune', 'live', 'join', 'pm', 'watch', 'win', 'sure', 'morning', 'karolineleavitt', 'foxbusiness']",42,[9],"[['tune', 'live', 'foxbusiness', 'watch', 'pm', 'et', 'join', 'youtube', 'come', 'mhoffa']]",[0.967],[0.467],[0.508],0.467,0.508,unclear,,,,,
41,7.0,"['laken', 'riley', 'law', 'act', 'sign', 'illegal', 'potus', 'sarah', 'president', 'bill']",42,[],[],[],[],[],0.0,0.0,disappeared,,,,,
41,8.0,"['secretary', 'transportation', 'confirm', 'bessent', 'scott', 'seanduffywi', 'duffy', 'sean', 'treasury', 'senate']",42,[27],"[['confirm', 'nominee', 'cabinet', 'senate', 'confirmation', 'donald', 'trump', 'president', 'get', 'senategop']]",[0.853],[0.495],[1.365],0.495,1.365,unclear,,,,,
41,9.0,"['rfk', 'jr', 'vaccine', 'health', 'robertkennedyjr', 'hhs', 'healthy', 'disease', 'conspiracy', 'make']",42,[16],"[['jr', 'rfk', 'vaccine', 'health', 'hhs', 'robertkennedyjr', 'healthy', 'vote', 'senate', 'conspiracy']]",[0.989],[0.793],[1.257],0.793,1.257,continued,,,,,
41,10.0,"['year', 'lunar', 'happy', 'celebrate', 'new', 'snake', 'wish', 'prosperity', 'happiness', 'everyone']",42,[],[],[],[],[],0.0,0.0,disappeared,,,,,
41,11.0,"['abortion', 'child', 'gender', 'protect', 'woman', 'care', 'life', 'transgender', 'ban', 'executive']",42,[24],"[['abortion', 'reproductive', 'care', 'right', 'birth', 'contraception', 'health', 'freedom', 'doctor', 'travel']]",[0.925],[0.622],[1.228],0.622,1.228,continued,,,,,
41,12.0,"['black', 'history', 'month', 'blackhistorymonth', 'contribution', 'americans', 'celebrate', 'honor', 'achievement', 'story']",42,[3],"[['black', 'history', 'month', 'blackhistorymonth', 'contribution', 'honor', 'celebrate', 'americans', 'rosa', 'achievement']]",[0.985],[0.897],[0.476],0.897,0.476,unclear,,,,,
41,13.0,"['america', 'president', 'realdonaldtrump', 'housegop', 'white', 'leadership', 'trump', 'donald', 'potus', 'house']",42,[19],"[['leadership', 'president', 'realdonaldtrump', 'america', 'strength', 'world', 'thank', 'donald', 'white', 'trump']]",[0.955],[0.736],[1.128],0.736,1.128,continued,,,,,
41,14.0,"['school', 'choice', 'education', 'parent', 'child', 'student', 'week', 'educational', 'kid', 'national']",42,[13],"[['education', 'school', 'kid', 'student', 'child', 'choice', 'parent', 'department', 'public', 'teacher']]",[0.937],[0.944],[0.971],0.944,0.971,continued,,,,,
41,15.0,"['china', 'communist', 'vladimir', 'iran', 'chinese', 'regime', 'iranian', 'putin', 'party', 'war']",42,[29],"[['iran', 'maximum', 'nuclear', 'iranian', 'pressure', 'regime', 'weapon', 'sanction', 'iraq', 'donald']]",[0.796],[0.338],[0.807],0.338,0.807,disappeared,,,,,
41,16.0,"['wildfire', 'disaster', 'emergency', 'management', 'fire', 'federal', 'agency', 'california', 'helene', 'recovery']",42,[15],"[['wildfire', 'disaster', 'fire', 'emergency', 'management', 'county', 'firefighter', 'helene', 'federal', 'la']]",[0.988],[0.924],[0.904],0.924,0.904,continued,,,,,
41,17.0,"['pardon', 'officer', 'donald', 'police', 'trump', 'assault', 'capitol', 'law', 'investigation', 'violent']",42,[21],"[['investigation', 'bureau', 'of', 'donald', 'federal', 'pardon', 'trump', 'fire', 'agent', 'purge']]",[0.968],[0.922],[1.337],0.922,1.337,continued,,,,,
41,18.0,"['kash', 'patel', 'bureau', 'of', 'investigation', 'federal', 'director', 'confirm', 'need', 'hearing']",42,[14],"[['kash', 'patel', 'bureau', 'investigation', 'of', 'federal', 'director', 'confirm', 'hearing', 'epstein']]",[0.997],[0.921],[0.854],0.921,0.854,continued,,,,,
41,19.0,"['student', 'young', 'community', 'academy', 'tour', 'school', 'mentor', 'service', 'visit', 'meet']",42,[18],"[['student', 'school', 'education', 'meet', 'young', 'program', 'great', 'high', 'mentor', 'opportunity']]",[0.945],[0.669],[0.798],0.669,0.798,continued,,,,,
41,20.0,"['energy', 'interior', 'secretary', 'dougburgum', 'unleash', 'burgum', 'dominance', 'doug', 'american', 'drill']",42,[7],"[['energy', 'secretary', 'unleash', 'wright', 'interior', 'congratulation', 'dominance', 'american', 'chris', 'environmental']]",[0.979],[0.852],[0.444],0.852,0.444,unclear,,,,,
41,21.0,"['hostage', 'keith', 'hamas', 'siegel', 'home', 'release', 'captivity', 'reunite', 'gaza', 'terrorist']",42,[25],"[['hostage', 'keith', 'siegel', 'hamas', 'home', 'release', 'captivity', 'reunite', 'terrorist', 'wife']]",[0.995],[0.866],[0.922],0.866,0.922,continued,,,,,
41,22.0,"['musk', 'elon', 'government', 'system', 'billionaire', 'information', 'payment', 'treasury', 'access', 'security']",42,[],[],[],[],[],0.0,0.0,disappeared,,,,,
41,23.0,"['birthday', 'happy', 'speakerjohnson', 'mike', 'johnson', 'friend', 'leadership', 'speaker', 'wish', 'sam']",42,[23],"[['birthday', 'happy', 'speakerjohnson', 'wish', 'mike', 'johnson', 'friend', 'uso', 'thank', 'honor']]",[0.991],[0.904],[0.835],0.904,0.835,continued,,,,,
41,24.0,"['environmental', 'protection', 'agency', 'administrator', 'leemzeldin', 'lee', 'congratulation', 'zeldin', 'leezeldin', 'climate']",42,[],[],[],[],[],0.0,0.0,disappeared,,,,,
41,25.0,"['file', 'revenue', 'internal', 'taxis', 'tax', 'free', 'service', 'directfile', 'direct', 'season']",42,[],[],[],[],[],0.0,0.0,disappeared,,,,,
42,0.0,"['musk', 'elon', 'usaid', 'government', 'billionaire', 'access', 'treasury', 'security', 'donald', 'payment']",43,[0],"[['musk', 'elon', 'access', 'information', 'treasury', 'datum', 'billionaire', 'payment', 'social', 'personal']]",[0.931],[0.447],[0.726],0.447,0.726,unclear,,,,,
42,1.0,"['crash', 'responder', 'ronald', 'pray', 'tragedy', 'family', 'first', 'night', 'plane', 'tragic']",43,[23],"[['crash', 'plane', 'tragic', 'aviation', 'family', 'alaska', 'pray', 'tragedy', 'lose', 'victim']]",[0.946],[0.766],[7.182],0.766,7.182,continued,,,,,
42,2.0,"['tariff', 'price', 'canada', 'donald', 'cost', 'trump', 'trade', 'mexico', 'raise', 'grocery']",43,[2],"[['tariff', 'price', 'canada', 'trade', 'donald', 'trump', 'cost', 'raise', 'mexico', 'grocery']]",[0.995],[0.921],[1.154],0.921,1.154,continued,,,,,
42,3.0,"['black', 'history', 'month', 'blackhistorymonth', 'contribution', 'honor', 'celebrate', 'americans', 'rosa', 'achievement']",43,[8],"[['black', 'history', 'blackhistorymonth', 'month', 'honor', 'rosa', 'celebrate', 'contribution', 'parks', 'legacy']]",[0.989],[0.911],[1.317],0.911,1.317,continued,,,,,
42,4.0,"['woman', 'sport', 'girl', 'athlete', 'man', 'female', 'sports', 'biological', 'compete', 'day']",43,[1],"[['woman', 'sport', 'girl', 'man', 'female', 'athlete', 'biological', 'sports', 'compete', 'executive']]",[0.995],[0.853],[0.709],0.853,0.709,continued,,,,,
42,5.0,"['border', 'biden', 'joe', 'ice', 'illegal', 'criminal', 'immigration', 'deportation', 'alien', 'secure']",43,[7],"[['border', 'illegal', 'immigration', 'ice', 'criminal', 'alien', 'deportation', 'secure', 'joe', 'biden']]",[0.993],[0.87],[0.839],0.87,0.839,continued,,,,,
42,6.0,"['hall', 'town', 'county', 'sheriff', 'community', 'mayor', 'enforcement', 'meet', 'join', 'officer']",43,"[12, 22]","[['sheriff', 'officer', 'enforcement', 'county', 'meet', 'law', 'community', 'safe', 'discuss', 'work'], ['town', 'hall', 'telephone', 'pm', 'join', 'question', 'host', 'hear', 'february', 'rsvp']]","[0.931, 0.883]","[0.514, 0.382]","[0.801, 0.844]",0.896,1.645,split,,,,,
42,7.0,"['energy', 'secretary', 'unleash', 'wright', 'interior', 'congratulation', 'dominance', 'american', 'chris', 'environmental']",43,[4],"[['energy', 'production', 'american', 'unleash', 'dominance', 'wright', 'protect', 'fracke', 'chris', 'secretary']]",[0.955],[0.787],[0.625],0.787,0.625,continued,,,,,
42,8.0,"['freeze', 'funding', 'federal', 'donald', 'trump', 'program', 'fund', 'impact', 'head', 'community']",43,[14],"[['freeze', 'funding', 'federal', 'fund', 'donald', 'program', 'trump', 'health', 'head', 'start']]",[0.986],[0.841],[1.352],0.841,1.352,continued,,,,,
42,9.0,"['tune', 'live', 'foxbusiness', 'watch', 'pm', 'et', 'join', 'youtube', 'come', 'mhoffa']",43,"[18, 21]","[['win', 'happen', 'endwokeness', 'get', 'great', 'truth', 'thank', 'agree', 'good', 'guen'], ['tune', 'live', 'et', 'pm', 'foxbusiness', 'watch', 'join', 'youtube', 'shortly', 'come']]","[0.867, 0.832]","[0.31, 0.31]","[0.616, 0.629]",0.619,1.245,unclear,,,,,
42,10.0,"['fentanyl', 'mexico', 'border', 'canada', 'drug', 'president', 'flow', 'halt', 'tariff', 'crisis']",43,[24],"[['mexico', 'border', 'canada', 'fentanyl', 'flow', 'president', 'tariff', 'china', 'drug', 'trump']]",[0.96],[0.589],[1.129],0.589,1.129,continued,,,,,
42,11.0,"['gaza', 'israel', 'east', 'benjamin', 'peace', 'middle', 'hamas', 'palestinians', 'netanyahu', 'donald']",43,[20],"[['gaza', 'palestinians', 'peace', 'donald', 'trump', 'proposal', 'hamas', 'east', 'would', 'middle']]",[0.966],[0.649],[1.0],0.649,1.0,continued,,,,,
42,12.0,"['veteran', 'va', 'secretary', 'repdougcollin', 'care', 'doug', 'collins', 'serve', 'affair', 'veterans']",43,[9],"[['veteran', 'va', 'secretary', 'repdougcollin', 'doug', 'collins', 'care', 'congratulation', 'serve', 'veterans']]",[0.973],[0.715],[0.651],0.715,0.651,continued,,,,,
42,13.0,"['education', 'school', 'kid', 'student', 'child', 'choice', 'parent', 'department', 'public', 'teacher']",43,[10],"[['education', 'school', 'department', 'student', 'kid', 'child', 'teacher', 'public', 'parent', 'dismantle']]",[0.966],[0.877],[0.801],0.877,0.801,continued,,,,,
42,14.0,"['kash', 'patel', 'bureau', 'investigation', 'of', 'federal', 'director', 'confirm', 'hearing', 'epstein']",43,[35],"[['patel', 'investigation', 'bureau', 'kash', 'of', 'federal', 'director', 'agent', 'epstein', 'judiciary']]",[0.949],[0.832],[2.073],0.832,2.073,continued,,,,,
42,15.0,"['wildfire', 'disaster', 'fire', 'emergency', 'management', 'county', 'firefighter', 'helene', 'federal', 'la']",43,[17],"[['disaster', 'wildfire', 'emergency', 'fire', 'management', 'hurricane', 'agency', 'california', 'firefighter', 'federal']]",[0.984],[0.852],[1.15],0.852,1.15,continued,,,,,
42,16.0,"['jr', 'rfk', 'vaccine', 'health', 'hhs', 'robertkennedyjr', 'healthy', 'vote', 'senate', 'conspiracy']",43,[33],"[['jr', 'rfk', 'health', 'reject', 'nomination', 'vaccine', 'hhs', 'kennedy', 'robert', 'senate']]",[0.969],[0.805],[1.542],0.805,1.542,continued,,,,,
42,17.0,"['water', 'farmer', 'farm', 'agriculture', 'ia', 'rural', 'producer', 'association', 'corn', 'meet']",43,"[32, 36]","[['farmer', 'farm', 'agriculture', 'ia', 'corn', 'iowa', 'biofuel', 'market', 'export', 'producer'], ['water', 'rural', 'association', 'drinking', 'infrastructure', 'river', 'clean', 'meet', 'community', 'conservation']]","[0.929, 0.884]","[0.557, 0.396]","[0.983, 0.778]",0.953,1.761,split,,,,,
42,18.0,"['student', 'school', 'education', 'meet', 'young', 'program', 'great', 'high', 'mentor', 'opportunity']",43,[28],"[['student', 'college', 'school', 'education', 'tribal', 'university', 'high', 'meet', 'washington', 'opportunity']]",[0.975],[0.952],[1.253],0.952,1.253,continued,,,,,
42,19.0,"['leadership', 'president', 'realdonaldtrump', 'america', 'strength', 'world', 'thank', 'donald', 'white', 'trump']",43,[26],"[['realdonaldtrump', 'president', 'leadership', 'win', 'white', 'another', 'america', 'trump', 'donald', 'thank']]",[0.972],[0.798],[0.926],0.798,0.926,continued,,,,,
42,20.0,"['attorney', 'general', 'bondi', 'pam', 'pambondi', 'justice', 'restore', 'ag', 'doj', 'law']",43,[19],"[['attorney', 'general', 'bondi', 'pam', 'pambondi', 'justice', 'restore', 'ag', 'doj', 'congratulations']]",[0.999],[1.0],[0.949],1.0,0.949,continued,,,,,
42,21.0,"['investigation', 'bureau', 'of', 'donald', 'federal', 'pardon', 'trump', 'fire', 'agent', 'purge']",43,[],[],[],[],[],0.0,0.0,disappeared,,,,,
42,22.0,"['cfpb', 'consumer', 'financial', 'chopra', 'director', 'bank', 'banking', 'protect', 'bessent', 'predatory']",43,[15],"[['cfpb', 'financial', 'consumer', 'bank', 'banking', 'financialcmte', 'business', 'regulator', 'bessent', 'regulatory']]",[0.981],[0.893],[0.636],0.893,0.636,continued,,,,,
42,23.0,"['birthday', 'happy', 'speakerjohnson', 'wish', 'mike', 'johnson', 'friend', 'uso', 'thank', 'honor']",43,[],[],[],[],[],0.0,0.0,disappeared,,,,,
42,24.0,"['abortion', 'reproductive', 'care', 'right', 'birth', 'contraception', 'health', 'freedom', 'doctor', 'travel']",43,[],[],[],[],[],0.0,0.0,disappeared,,,,,
42,25.0,"['hostage', 'keith', 'siegel', 'hamas', 'home', 'release', 'captivity', 'reunite', 'terrorist', 'wife']",43,[],[],[],[],[],0.0,0.0,disappeared,,,,,
42,26.0,"['cancer', 'worldcancerday', 'disease', 'research', 'cure', 'detection', 'early', 'treatment', 'screening', 'day']",43,[27],"[['cancer', 'worldcancerday', 'disease', 'heart', 'research', 'cure', 'detection', 'early', 'day', 'lose']]",[0.995],[0.908],[0.862],0.908,0.862,continued,,,,,
42,27.0,"['confirm', 'nominee', 'cabinet', 'senate', 'confirmation', 'donald', 'trump', 'president', 'get', 'senategop']",43,[],[],[],[],[],0.0,0.0,disappeared,,,,,
42,28.0,"['intelligence', 'tulsi', 'gabbard', 'tulsigabbard', 'senate', 'national', 'director', 'nomination', 'committee', 'vote']",43,[],[],[],[],[],0.0,0.0,disappeared,,,,,
42,29.0,"['iran', 'maximum', 'nuclear', 'iranian', 'pressure', 'regime', 'weapon', 'sanction', 'iraq', 'donald']",43,[30],"[['iran', 'maximum', 'iranian', 'pressure', 'nuclear', 'regime', 'sanction', 'weapon', 'iraq', 'terrorism']]",[0.993],[0.965],[0.873],0.965,0.873,continued,,,,,
42,30.0,"['democrats', 'house', 'republicans', 'election', 'voter', 'vote', 'poll', 'fight', 'democrat', 'people']",43,[],[],[],[],[],0.0,0.0,disappeared,,,,,
43,0.0,"['musk', 'elon', 'access', 'information', 'treasury', 'datum', 'billionaire', 'payment', 'social', 'personal']",44,"[3, 6]","[['musk', 'access', 'elon', 'information', 'personal', 'data', 'social', 'security', 'datum', 'treasury'], ['musk', 'elon', 'government', 'donald', 'power', 'trump', 'takeover', 'billionaire', 'fight', 'people']]","[0.972, 0.92]","[0.578, 0.374]","[1.236, 1.077]",0.952,2.313,split,,,,,
43,1.0,"['woman', 'sport', 'girl', 'man', 'female', 'athlete', 'biological', 'sports', 'compete', 'executive']",44,[0],"[['woman', 'sport', 'girl', 'man', 'female', 'athlete', 'biological', 'compete', 'sports', 'executive']]",[0.999],[0.878],[0.893],0.878,0.893,continued,,,,,
43,2.0,"['tariff', 'price', 'canada', 'trade', 'donald', 'trump', 'cost', 'raise', 'mexico', 'grocery']",44,[15],"[['tariff', 'trade', 'canada', 'steel', 'price', 'trump', 'donald', 'cost', 'president', 'aluminum']]",[0.985],[0.925],[1.986],0.925,1.986,continued,,,,,
43,3.0,"['usaid', 'aid', 'foreign', 'global', 'agency', 'world', 'shut', 'humanitarian', 'america', 'security']",44,[16],"[['usaid', 'foreign', 'aid', 'dollar', 'fund', 'abolish', 'million', 'agency', 'terrorist', 'taxpayer']]",[0.982],[0.764],[1.478],0.764,1.478,continued,,,,,
43,4.0,"['energy', 'production', 'american', 'unleash', 'dominance', 'wright', 'protect', 'fracke', 'chris', 'secretary']",44,[5],"[['energy', 'production', 'american', 'fracke', 'protect', 'unleash', 'dominance', 'biden', 'joe', 'act']]",[0.986],[0.885],[1.074],0.885,1.074,continued,,,,,
43,5.0,"['vought', 'senate', 'confirm', 'omb', 'floor', 'russ', 'nominee', 'russell', 'cabinet', 'director']",44,[1],"[['vought', 'confirm', 'senate', 'director', 'omb', 'kash', 'patel', 'floor', 'russ', 'nomination']]",[0.974],[0.909],[0.711],0.909,0.711,continued,,,,,
43,6.0,"['fentanyl', 'halt', 'drug', 'act', 'enforcement', 'pass', 'crisis', 'law', 'substance', 'schedule']",44,[4],"[['fentanyl', 'halt', 'drug', 'act', 'enforcement', 'crisis', 'pass', 'law', 'substance', 'vote']]",[0.999],[0.96],[0.893],0.96,0.893,continued,,,,,
43,7.0,"['border', 'illegal', 'immigration', 'ice', 'criminal', 'alien', 'deportation', 'secure', 'joe', 'biden']",44,[2],"[['border', 'illegal', 'alien', 'criminal', 'secure', 'immigration', 'immigrant', 'sanctuary', 'ice', 'deport']]",[0.984],[0.883],[0.732],0.883,0.732,continued,,,,,
43,8.0,"['black', 'history', 'blackhistorymonth', 'month', 'honor', 'rosa', 'celebrate', 'contribution', 'parks', 'legacy']",44,[18],"[['black', 'history', 'blackhistorymonth', 'month', 'celebrate', 'honor', 'african', 'medal', 'contribution', 'first']]",[0.985],[0.901],[1.4],0.901,1.4,continued,,,,,
43,9.0,"['veteran', 'va', 'secretary', 'repdougcollin', 'doug', 'collins', 'care', 'congratulation', 'serve', 'veterans']",44,[32],"[['veteran', 'military', 'va', 'disabled', 'housing', 'family', 'spouse', 'benefit', 'introduce', 'bill']]",[0.878],[0.548],[1.338],0.548,1.338,unclear,,,,,
43,10.0,"['education', 'school', 'department', 'student', 'kid', 'child', 'teacher', 'public', 'parent', 'dismantle']",44,[12],"[['education', 'department', 'student', 'school', 'child', 'kid', 'parent', 'public', 'teacher', 'dismantle']]",[0.994],[0.894],[0.877],0.894,0.877,continued,,,,,
43,11.0,"['federal', 'employee', 'worker', 'offer', 'donald', 'trump', 'buyout', 'court', 'resignation', 'workforce']",44,[21],"[['federal', 'worker', 'employee', 'workforce', 'offer', 'resignation', 'servant', 'civil', 'labor', 'buyout']]",[0.969],[0.655],[0.775],0.655,0.775,continued,,,,,
43,12.0,"['sheriff', 'officer', 'enforcement', 'county', 'meet', 'law', 'community', 'safe', 'discuss', 'work']",44,[20],"[['sheriff', 'officer', 'county', 'community', 'enforcement', 'law', 'meet', 'great', 'discuss', 'safe']]",[0.989],[0.882],[1.0],0.882,1.0,continued,,,,,
43,13.0,"['prayer', 'breakfast', 'antisemitism', 'god', 'morning', 'faith', 'national', 'bless', 'religious', 'campus']",44,[28],"[['prayer', 'breakfast', 'morning', 'god', 'national', 'faith', 'pray', 'bless', 'rd', 'nation']]",[0.921],[0.594],[0.975],0.594,0.975,continued,,,,,
43,14.0,"['freeze', 'funding', 'federal', 'fund', 'donald', 'program', 'trump', 'health', 'head', 'start']",44,[27],"[['funding', 'freeze', 'federal', 'program', 'head', 'start', 'donald', 'illegal', 'fund', 'impact']]",[0.986],[0.752],[1.146],0.752,1.146,continued,,,,,
43,15.0,"['cfpb', 'financial', 'consumer', 'bank', 'banking', 'financialcmte', 'business', 'regulator', 'bessent', 'regulatory']",44,"[17, 33]","[['cfpb', 'consumer', 'billion', 'financial', 'return', 'predatory', 'bank', 'agency', 'credit', 'big'], ['banking', 'bank', 'financial', 'digital', 'asset', 'regulator', 'crypto', 'financialcmte', 'industry', 'debanking']]","[0.915, 0.931]","[0.373, 0.551]","[0.336, 1.048]",0.924,1.384,unclear,,,,,
43,16.0,"['health', 'care', 'healthcare', 'rural', 'center', 'hospital', 'community', 'quality', 'primary', 'patient']",44,[14],"[['health', 'care', 'healthcare', 'center', 'rural', 'community', 'access', 'hospital', 'patient', 'provide']]",[0.993],[0.982],[0.738],0.982,0.738,continued,,,,,
43,17.0,"['disaster', 'wildfire', 'emergency', 'fire', 'management', 'hurricane', 'agency', 'california', 'firefighter', 'federal']",44,[8],"[['water', 'emergency', 'management', 'disaster', 'agency', 'wildfire', 'fire', 'hurricane', 'helene', 'federal']]",[0.945],[0.87],[0.437],0.87,0.437,unclear,,,,,
43,18.0,"['win', 'happen', 'endwokeness', 'get', 'great', 'truth', 'thank', 'agree', 'good', 'guen']",44,[9],"[['thank', 'nancymace', 'win', 'great', 'gunthereagleman', 'cspan', 'god', 'another', 'bless', 'get']]",[0.892],[0.657],[0.335],0.657,0.335,disappeared,,,,,
43,19.0,"['attorney', 'general', 'bondi', 'pam', 'pambondi', 'justice', 'restore', 'ag', 'doj', 'congratulations']",44,[26],"[['attorney', 'general', 'bondi', 'pambondi', 'pam', 'justice', 'restore', 'doj', 'ag', 'congratulation']]",[0.999],[0.949],[1.0],0.949,1.0,continued,,,,,
43,21.0,"['tune', 'live', 'et', 'pm', 'foxbusiness', 'watch', 'join', 'youtube', 'shortly', 'come']",44,[23],"[['tune', 'live', 'pm', 'join', 'et', 'watch', 'listen', 'foxbusiness', 'shortly', 'talk']]",[0.984],[0.866],[0.816],0.866,0.816,continued,,,,,
43,22.0,"['town', 'hall', 'telephone', 'pm', 'join', 'question', 'host', 'hear', 'february', 'rsvp']",44,[7],"[['town', 'hall', 'telephone', 'join', 'pm', 'question', 'host', 'hear', 'february', 'call']]",[0.989],[0.875],[0.414],0.875,0.414,unclear,,,,,
43,23.0,"['crash', 'plane', 'tragic', 'aviation', 'family', 'alaska', 'pray', 'tragedy', 'lose', 'victim']",44,[30],"[['crash', 'plane', 'tragic', 'alaska', 'aviation', 'victim', 'air', 'family', 'pray', 'tragedy']]",[0.986],[0.886],[1.114],0.886,1.114,continued,,,,,
43,24.0,"['mexico', 'border', 'canada', 'fentanyl', 'flow', 'president', 'tariff', 'china', 'drug', 'trump']",44,[],[],[],[],[],0.0,0.0,disappeared,,,,,
43,25.0,"['chinese', 'communist', 'china', 'party', 'deepseek', 'propaganda', 'influence', 'hamadeh', 'taiwan', 'committeeonccp']",44,[25],"[['chinese', 'china', 'communist', 'party', 'deepseek', 'hamadeh', 'influence', 'propaganda', 'adversary', 'ai']]",[0.989],[0.963],[0.798],0.963,0.798,continued,,,,,
43,26.0,"['realdonaldtrump', 'president', 'leadership', 'win', 'white', 'another', 'america', 'trump', 'donald', 'thank']",44,[],[],[],[],[],0.0,0.0,disappeared,,,,,
43,27.0,"['cancer', 'worldcancerday', 'disease', 'heart', 'research', 'cure', 'detection', 'early', 'day', 'lose']",44,[],[],[],[],[],0.0,0.0,disappeared,,,,,
43,28.0,"['student', 'college', 'school', 'education', 'tribal', 'university', 'high', 'meet', 'washington', 'opportunity']",44,[29],"[['college', 'student', 'education', 'university', 'high', 'tribal', 'school', 'dr', 'meet', 'community']]",[0.984],[0.937],[1.0],0.937,1.0,continued,,,,,
43,29.0,"['dollar', 'waste', 'taxpayer', 'government', 'doge', 'spending', 'spend', 'abuse', 'american', 'corruption']",44,[19],"[['waste', 'fraud', 'dollar', 'taxpayer', 'government', 'doge', 'abuse', 'spending', 'billion', 'dogecommittee']]",[0.97],[0.942],[0.504],0.942,0.504,continued,,,,,
43,30.0,"['iran', 'maximum', 'iranian', 'pressure', 'nuclear', 'regime', 'sanction', 'weapon', 'iraq', 'terrorism']",44,[],[],[],[],[],0.0,0.0,disappeared,,,,,
43,32.0,"['farmer', 'farm', 'agriculture', 'ia', 'corn', 'iowa', 'biofuel', 'market', 'export', 'producer']",44,[22],"[['farmer', 'farm', 'corn', 'food', 'agriculture', 'producer', 'feed', 'usda', 'market', 'iowa']]",[0.967],[0.9],[0.519],0.9,0.519,continued,,,,,
43,33.0,"['jr', 'rfk', 'health', 'reject', 'nomination', 'vaccine', 'hhs', 'kennedy', 'robert', 'senate']",44,[31],"[['jr', 'rfk', 'abortion', 'reproductive', 'contraception', 'health', 'right', 'vaccine', 'birth', 'control']]",[0.841],[0.814],[0.706],0.814,0.706,unclear,,,,,
43,34.0,"['vladimir', 'ukraine', 'putin', 'tunisia', 'sanction', 'russian', 'regime', 'russia', 'ukrainian', 'democracy']",44,[35],"[['vladimir', 'putin', 'ukraine', 'russia', 'war', 'russian', 'baltic', 'ukrainian', 'criminal', 'sanction']]",[0.941],[0.759],[0.815],0.759,0.815,continued,,,,,
43,35.0,"['patel', 'investigation', 'bureau', 'kash', 'of', 'federal', 'director', 'agent', 'epstein', 'judiciary']",44,[],[],[],[],[],0.0,0.0,disappeared,,,,,
43,36.0,"['water', 'rural', 'association', 'drinking', 'infrastructure', 'river', 'clean', 'meet', 'community', 'conservation']",44,[],[],[],[],[],0.0,0.0,disappeared,,,,,
43,,,44,,,,"[0.98, 0.951]","[0.511, 0.309]",1.93,0.819,merge,"[20, 31]","[['gaza', 'palestinians', 'peace', 'donald', 'trump', 'proposal', 'hamas', 'east', 'would', 'middle'], ['israel', 'benjamin', 'netanyahu', 'prime', 'minister', 'ally', 'middle', 'east', 'meeting', 'states']]",10.0,"['gaza', 'israel', 'peace', 'benjamin', 'east', 'middle', 'palestinians', 'trump', 'donald', 'netanyahu']","[0.959, 0.863]"
44,0.0,"['woman', 'sport', 'girl', 'man', 'female', 'athlete', 'biological', 'compete', 'sports', 'executive']",45,[],[],[],[],[],0.0,0.0,disappeared,,,,,
44,1.0,"['vought', 'confirm', 'senate', 'director', 'omb', 'kash', 'patel', 'floor', 'russ', 'nomination']",45,[20],"[['kash', 'patel', 'investigation', 'bureau', 'confirm', 'of', 'senate', 'federal', 'vote', 'confirmation']]",[0.907],[0.437],[1.352],0.437,1.352,unclear,,,,,
44,2.0,"['border', 'illegal', 'alien', 'criminal', 'secure', 'immigration', 'immigrant', 'sanctuary', 'ice', 'deport']",45,[3],"[['border', 'agent', 'illegal', 'officer', 'gonzalez', 'raul', 'law', 'criminal', 'enforcement', 'safety']]",[0.968],[0.739],[0.654],0.739,0.654,continued,,,,,
44,4.0,"['fentanyl', 'halt', 'drug', 'act', 'enforcement', 'crisis', 'pass', 'law', 'substance', 'vote']",45,[37],"[['fentanyl', 'drug', 'halt', 'xylazine', 'enforcement', 'deadly', 'law', 'opioid', 'crisis', 'trafficker']]",[0.973],[0.959],[4.796],0.959,4.796,continued,,,,,
44,5.0,"['energy', 'production', 'american', 'fracke', 'protect', 'unleash', 'dominance', 'biden', 'joe', 'act']",45,[23],"[['energy', 'production', 'dominance', 'american', 'fuel', 'clean', 'unleash', 'gas', 'oil', 'fossil']]",[0.975],[0.856],[1.878],0.856,1.878,continued,,,,,
44,7.0,"['town', 'hall', 'telephone', 'join', 'pm', 'question', 'host', 'hear', 'february', 'call']",45,[1],"[['hall', 'town', 'join', 'tune', 'pm', 'telephone', 'question', 'hear', 'live', 'february']]",[0.956],[0.892],[0.433],0.892,0.433,unclear,,,,,
44,8.0,"['water', 'emergency', 'management', 'disaster', 'agency', 'wildfire', 'fire', 'hurricane', 'helene', 'federal']",45,[19],"[['weather', 'noaa', 'wildfire', 'disaster', 'stay', 'storm', 'winter', 'safe', 'emergency', 'forecast']]",[0.911],[0.432],[0.804],0.432,0.804,unclear,,,,,
44,9.0,"['thank', 'nancymace', 'win', 'great', 'gunthereagleman', 'cspan', 'god', 'another', 'bless', 'get']",45,[],[],[],[],[],0.0,0.0,disappeared,,,,,
44,10.0,"['gaza', 'israel', 'peace', 'benjamin', 'east', 'middle', 'palestinians', 'trump', 'donald', 'netanyahu']",45,[26],"[['hostage', 'hamas', 'release', 'hama', 'terrorist', 'captivity', 'gaza', 'home', 'israeli', 'must']]",[0.801],[0.761],[1.644],0.761,1.644,unclear,,,,,
44,11.0,"['bowl', 'super', 'eagle', 'flyeaglesfly', 'superbowllix', 'superbowl', 'sblix', 'bird', 'win', 'go']",45,[9],"[['bowl', 'super', 'eagle', 'flyeaglesfly', 'superbowllix', 'superbowl', 'win', 'bird', 'sblix', 'go']]",[0.996],[0.849],[0.844],0.849,0.844,continued,,,,,
44,12.0,"['education', 'department', 'student', 'school', 'child', 'kid', 'parent', 'public', 'teacher', 'dismantle']",45,[24],"[['education', 'school', 'teacher', 'department', 'student', 'public', 'child', 'kid', 'dept', 'educator']]",[0.973],[0.792],[1.271],0.792,1.271,continued,,,,,
44,13.0,"['research', 'institutes', 'cancer', 'health', 'of', 'funding', 'national', 'cut', 'cure', 'medical']",45,[7],"[['research', 'institutes', 'of', 'health', 'cancer', 'national', 'cut', 'funding', 'cure', 'disease']]",[0.994],[0.878],[0.717],0.878,0.717,continued,,,,,
44,14.0,"['health', 'care', 'healthcare', 'center', 'rural', 'community', 'access', 'hospital', 'patient', 'provide']",45,[16],"[['care', 'health', 'rural', 'healthcare', 'center', 'access', 'patient', 'physician', 'community', 'hospital']]",[0.986],[0.897],[1.102],0.897,1.102,continued,,,,,
44,15.0,"['tariff', 'trade', 'canada', 'steel', 'price', 'trump', 'donald', 'cost', 'president', 'aluminum']",45,[13],"[['tariff', 'trade', 'canada', 'trump', 'donald', 'president', 'reciprocal', 'american', 'steel', 'aluminum']]",[0.985],[0.782],[0.816],0.782,0.816,continued,,,,,
44,16.0,"['usaid', 'foreign', 'aid', 'dollar', 'fund', 'abolish', 'million', 'agency', 'terrorist', 'taxpayer']",45,[14],"[['usaid', 'aid', 'foreign', 'fund', 'dollar', 'million', 'taxpayer', 'world', 'program', 'abroad']]",[0.981],[0.963],[1.023],0.963,1.023,continued,,,,,
44,17.0,"['cfpb', 'consumer', 'billion', 'financial', 'return', 'predatory', 'bank', 'agency', 'credit', 'big']",45,[6],"[['cfpb', 'consumer', 'financial', 'bank', 'protection', 'billion', 'return', 'predatory', 'bureau', 'agency']]",[0.99],[0.977],[0.582],0.977,0.582,continued,,,,,
44,18.0,"['black', 'history', 'blackhistorymonth', 'month', 'celebrate', 'honor', 'african', 'medal', 'contribution', 'first']",45,[10],"[['black', 'history', 'blackhistorymonth', 'naacp', 'month', 'civil', 'celebrate', 'right', 'douglass', 'slavery']]",[0.979],[0.869],[0.706],0.869,0.706,continued,,,,,
44,19.0,"['waste', 'fraud', 'dollar', 'taxpayer', 'government', 'doge', 'abuse', 'spending', 'billion', 'dogecommittee']",45,[],[],[],[],[],0.0,0.0,disappeared,,,,,
44,20.0,"['sheriff', 'officer', 'county', 'community', 'enforcement', 'law', 'meet', 'great', 'discuss', 'safe']",45,[34],"[['firefighter', 'fire', 'chief', 'safe', 'community', 'association', 'keep', 'responder', 'discuss', 'support']]",[0.812],[0.3],[0.554],0.3,0.554,disappeared,,,,,
44,21.0,"['federal', 'worker', 'employee', 'workforce', 'offer', 'resignation', 'servant', 'civil', 'labor', 'buyout']",45,[12],"[['worker', 'federal', 'employee', 'veteran', 'labor', 'workforce', 'trump', 'donald', 'servant', 'afgenational']]",[0.967],[0.9],[0.783],0.9,0.783,continued,,,,,
44,22.0,"['farmer', 'farm', 'corn', 'food', 'agriculture', 'producer', 'feed', 'usda', 'market', 'iowa']",45,[8],"[['farmer', 'agriculture', 'farm', 'brookelrollin', 'secretary', 'usda', 'producer', 'rollin', 'rancher', 'congratulation']]",[0.938],[0.837],[0.512],0.837,0.512,continued,,,,,
44,23.0,"['tune', 'live', 'pm', 'join', 'et', 'watch', 'listen', 'foxbusiness', 'shortly', 'talk']",45,[],[],[],[],[],0.0,0.0,disappeared,,,,,
44,24.0,"['court', 'judge', 'supreme', 'law', 'donald', 'constitution', 'trump', 'judiciary', 'vance', 'check']",45,[11],"[['court', 'judge', 'donald', 'constitutional', 'trump', 'law', 'executive', 'constitution', 'judicial', 'supreme']]",[0.992],[0.949],[0.653],0.949,0.653,continued,,,,,
44,25.0,"['chinese', 'china', 'communist', 'party', 'deepseek', 'hamadeh', 'influence', 'propaganda', 'adversary', 'ai']",45,[29],"[['chinese', 'china', 'communist', 'party', 'deepseek', 'espionage', 'influence', 'threat', 'hamadeh', 'ban']]",[0.979],[0.909],[1.154],0.909,1.154,continued,,,,,
44,26.0,"['attorney', 'general', 'bondi', 'pambondi', 'pam', 'justice', 'restore', 'doj', 'ag', 'congratulation']",45,[],[],[],[],[],0.0,0.0,disappeared,,,,,
44,27.0,"['funding', 'freeze', 'federal', 'program', 'head', 'start', 'donald', 'illegal', 'fund', 'impact']",45,[],[],[],[],[],0.0,0.0,disappeared,,,,,
44,28.0,"['prayer', 'breakfast', 'morning', 'god', 'national', 'faith', 'pray', 'bless', 'rd', 'nation']",45,[],[],[],[],[],0.0,0.0,disappeared,,,,,
44,29.0,"['college', 'student', 'education', 'university', 'high', 'tribal', 'school', 'dr', 'meet', 'community']",45,[21],"[['college', 'student', 'education', 'community', 'workforce', 'meet', 'high', 'opportunity', 'discuss', 'university']]",[0.963],[0.892],[0.641],0.892,0.641,continued,,,,,
44,30.0,"['crash', 'plane', 'tragic', 'alaska', 'aviation', 'victim', 'air', 'family', 'pray', 'tragedy']",45,[],[],[],[],[],0.0,0.0,disappeared,,,,,
44,31.0,"['jr', 'rfk', 'abortion', 'reproductive', 'contraception', 'health', 'right', 'vaccine', 'birth', 'control']",45,[],[],[],[],[],0.0,0.0,disappeared,,,,,
44,32.0,"['veteran', 'military', 'va', 'disabled', 'housing', 'family', 'spouse', 'benefit', 'introduce', 'bill']",45,[31],"[['veteran', 'va', 'housing', 'disabled', 'care', 'vet', 'act', 'congressman', 'access', 'bill']]",[0.968],[0.838],[0.814],0.838,0.814,continued,,,,,
44,33.0,"['banking', 'bank', 'financial', 'digital', 'asset', 'regulator', 'crypto', 'financialcmte', 'industry', 'debanking']",45,[],[],[],[],[],0.0,0.0,disappeared,,,,,
44,34.0,"['medicaid', 'cut', 'care', 'medicare', 'republicans', 'billionaire', 'tax', 'health', 'republican', 'family']",45,[],[],[],[],[],0.0,0.0,disappeared,,,,,
44,35.0,"['vladimir', 'putin', 'ukraine', 'russia', 'war', 'russian', 'baltic', 'ukrainian', 'criminal', 'sanction']",45,[15],"[['vladimir', 'ukraine', 'putin', 'russia', 'war', 'russian', 'sanction', 'ukrainian', 'nato', 'deal']]",[0.971],[0.907],[0.398],0.907,0.398,disappeared,,,,,
44,36.0,"['year', 'lunar', 'new', 'celebrate', 'honor', 'event', 'community', 'congratulation', 'attend', 'thank']",45,[],[],[],[],[],0.0,0.0,disappeared,,,,,
44,,,45,,,,"[0.843, 0.918]","[0.4, 0.324]",1.761,0.724,merge,"[3, 6]","[['musk', 'access', 'elon', 'information', 'personal', 'data', 'social', 'security', 'datum', 'treasury'], ['musk', 'elon', 'government', 'donald', 'power', 'trump', 'takeover', 'billionaire', 'fight', 'people']]",0.0,"['musk', 'elon', 'doge', 'government', 'waste', 'taxpayer', 'fraud', 'abuse', 'datum', 'access']","[0.91, 0.914]"
45,0.0,"['musk', 'elon', 'doge', 'government', 'waste', 'taxpayer', 'fraud', 'abuse', 'datum', 'access']",46,[0],"[['musk', 'elon', 'doge', 'waste', 'government', 'taxpayer', 'fraud', 'abuse', 'datum', 'access']]",[0.998],[0.847],[1.014],0.847,1.014,continued,,,,,
45,1.0,"['hall', 'town', 'join', 'tune', 'pm', 'telephone', 'question', 'hear', 'live', 'february']",46,[1],"[['hall', 'town', 'join', 'tune', 'pm', 'telephone', 'question', 'hear', 'live', 'host']]",[0.995],[0.773],[0.857],0.773,0.857,continued,,,,,
45,2.0,"['republicans', 'cut', 'medicaid', 'budget', 'tax', 'republican', 'billionaire', 'care', 'trillion', 'pay']",46,[2],"[['cut', 'republicans', 'budget', 'medicaid', 'tax', 'republican', 'care', 'billionaire', 'trillion', 'pay']]",[0.999],[0.895],[0.844],0.895,0.844,continued,,,,,
45,3.0,"['border', 'agent', 'illegal', 'officer', 'gonzalez', 'raul', 'law', 'criminal', 'enforcement', 'safety']",46,[3],"[['border', 'agent', 'officer', 'illegal', 'law', 'gonzalez', 'raul', 'enforcement', 'criminal', 'safety']]",[0.997],[0.876],[0.946],0.876,0.946,continued,,,,,
45,4.0,"['jr', 'rfk', 'health', 'healthy', 'secretary', 'robertkennedyjr', 'john', 'kennedy', 'america', 'confirm']",46,[4],"[['rfk', 'jr', 'health', 'healthy', 'robertkennedyjr', 'secretary', 'john', 'america', 'kennedy', 'confirm']]",[0.997],[0.823],[0.735],0.823,0.735,continued,,,,,
45,5.0,"['honor', 'service', 'air', 'thank', 'serve', 'family', 'community', 'military', 'great', 'year']",46,[34],"[['air', 'cadet', 'service', 'meet', 'civil', 'patrol', 'great', 'force', 'chuck', 'honor']]",[0.901],[0.433],[1.59],0.433,1.59,unclear,,,,,
45,6.0,"['cfpb', 'consumer', 'financial', 'bank', 'protection', 'billion', 'return', 'predatory', 'bureau', 'agency']",46,[19],"[['cfpb', 'consumer', 'financial', 'bank', 'protection', 'bureau', 'fee', 'predatory', 'protect', 'musk']]",[0.995],[0.855],[2.022],0.855,2.022,continued,,,,,
45,7.0,"['research', 'institutes', 'of', 'health', 'cancer', 'national', 'cut', 'funding', 'cure', 'disease']",46,[11],"[['research', 'institutes', 'of', 'health', 'national', 'cancer', 'cut', 'funding', 'alzheimer', 'medical']]",[0.996],[0.917],[1.32],0.917,1.32,continued,,,,,
45,8.0,"['farmer', 'agriculture', 'farm', 'brookelrollin', 'secretary', 'usda', 'producer', 'rollin', 'rancher', 'congratulation']",46,[9],"[['farmer', 'agriculture', 'farm', 'brookelrollin', 'secretary', 'rollin', 'rancher', 'producer', 'congratulation', 'usda']]",[0.996],[0.871],[0.955],0.871,0.955,continued,,,,,
45,9.0,"['bowl', 'super', 'eagle', 'flyeaglesfly', 'superbowllix', 'superbowl', 'win', 'bird', 'sblix', 'go']",46,[32],"[['bowl', 'super', 'winner', 'eagle', 'win', 'daytona', 'coach', 'championship', 'school', 'flyeaglesfly']]",[0.892],[0.713],[1.776],0.713,1.776,unclear,,,,,
45,10.0,"['black', 'history', 'blackhistorymonth', 'naacp', 'month', 'civil', 'celebrate', 'right', 'douglass', 'slavery']",46,[14],"[['black', 'history', 'blackhistorymonth', 'naacp', 'civil', 'right', 'month', 'reparation', 'equality', 'legacy']]",[0.988],[0.825],[1.148],0.825,1.148,continued,,,,,
45,11.0,"['court', 'judge', 'donald', 'constitutional', 'trump', 'law', 'executive', 'constitution', 'judicial', 'supreme']",46,[10],"[['judge', 'court', 'donald', 'trump', 'constitution', 'constitutional', 'law', 'activist', 'judicial', 'order']]",[0.983],[0.965],[0.914],0.965,0.914,continued,,,,,
45,12.0,"['worker', 'federal', 'employee', 'veteran', 'labor', 'workforce', 'trump', 'donald', 'servant', 'afgenational']",46,[7],"[['worker', 'federal', 'veteran', 'employee', 'donald', 'trump', 'labor', 'fire', 'servant', 'va']]",[0.991],[0.899],[0.693],0.899,0.693,continued,,,,,
45,13.0,"['tariff', 'trade', 'canada', 'trump', 'donald', 'president', 'reciprocal', 'american', 'steel', 'aluminum']",46,[8],"[['tariff', 'trade', 'china', 'chinese', 'american', 'communist', 'reciprocal', 'canada', 'trump', 'donald']]",[0.948],[0.794],[0.614],0.794,0.614,continued,,,,,
45,14.0,"['usaid', 'aid', 'foreign', 'fund', 'dollar', 'million', 'taxpayer', 'world', 'program', 'abroad']",46,[22],"[['usaid', 'foreign', 'aid', 'security', 'assistance', 'global', 'world', 'terrorist', 'national', 'taxpayer']]",[0.987],[0.836],[1.189],0.836,1.189,continued,,,,,
45,15.0,"['vladimir', 'ukraine', 'putin', 'russia', 'war', 'russian', 'sanction', 'ukrainian', 'nato', 'deal']",46,[6],"[['vladimir', 'ukraine', 'putin', 'russia', 'war', 'nato', 'peace', 'sanction', 'russian', 'ally']]",[0.953],[0.943],[0.516],0.943,0.516,continued,,,,,
45,16.0,"['care', 'health', 'rural', 'healthcare', 'center', 'access', 'patient', 'physician', 'community', 'hospital']",46,[24],"[['rural', 'care', 'healthcare', 'health', 'physician', 'patient', 'access', 'doctor', 'community', 'medicare']]",[0.991],[0.966],[1.52],0.966,1.52,continued,,,,,
45,17.0,"['valentine', 'happy', 'day', 'love', 'wife', 'forever', 'wish', 'beautiful', 'life', 'bride']",46,[15],"[['valentine', 'happy', 'day', 'love', 'wife', 'forever', 'wish', 'beautiful', 'life', 'bride']]",[0.999],[0.879],[0.903],0.879,0.903,continued,,,,,
45,18.0,"['intelligence', 'tulsi', 'gabbard', 'director', 'national', 'tulsigabbard', 'confirm', 'congratulation', 'confirmation', 'senate']",46,[13],"[['intelligence', 'tulsi', 'gabbard', 'director', 'tulsigabbard', 'national', 'confirm', 'congratulation', 'confirmation', 'senate']]",[0.998],[0.972],[0.881],0.972,0.881,continued,,,,,
45,19.0,"['weather', 'noaa', 'wildfire', 'disaster', 'stay', 'storm', 'winter', 'safe', 'emergency', 'forecast']",46,[25],"[['weather', 'stay', 'flooding', 'noaa', 'safe', 'local', 'please', 'storm', 'rain', 'temperature']]",[0.927],[0.607],[0.89],0.607,0.89,continued,,,,,
45,20.0,"['kash', 'patel', 'investigation', 'bureau', 'confirm', 'of', 'senate', 'federal', 'vote', 'confirmation']",46,[37],"[['kash', 'patel', 'bureau', 'investigation', 'of', 'federal', 'confirm', 'senate', 'director', 'vote']]",[0.932],[0.552],[1.055],0.552,1.055,continued,,,,,
45,21.0,"['college', 'student', 'education', 'community', 'workforce', 'meet', 'high', 'opportunity', 'discuss', 'university']",46,[21],"[['college', 'student', 'education', 'community', 'workforce', 'meet', 'high', 'opportunity', 'career', 'discuss']]",[0.995],[0.942],[1.066],0.942,1.066,continued,,,,,
45,22.0,"['business', 'small', 'regulation', 'rule', 'midnight', 'biden', 'joe', 'relief', 'act', 'paperwork']",46,[29],"[['rule', 'regulation', 'midnight', 'joe', 'biden', 'relief', 'congress', 'act', 'minute', 'last']]",[0.957],[0.81],[1.141],0.81,1.141,continued,,,,,
45,23.0,"['energy', 'production', 'dominance', 'american', 'fuel', 'clean', 'unleash', 'gas', 'oil', 'fossil']",46,[17],"[['energy', 'dominance', 'american', 'unleash', 'production', 'fuel', 'fossil', 'oil', 'clean', 'council']]",[0.994],[0.959],[0.959],0.959,0.959,continued,,,,,
45,24.0,"['education', 'school', 'teacher', 'department', 'student', 'public', 'child', 'kid', 'dept', 'educator']",46,[28],"[['education', 'school', 'student', 'department', 'teacher', 'child', 'public', 'kid', 'dept', 'parent']]",[0.991],[0.99],[1.338],0.99,1.338,continued,,,,,
45,25.0,"['price', 'inflation', 'cost', 'donald', 'egg', 'grocery', 'trump', 'promise', 'low', 'trumpflation']",46,[12],"[['price', 'inflation', 'cost', 'donald', 'trump', 'egg', 'grocery', 'promise', 'low', 'housing']]",[0.993],[0.927],[0.724],0.927,0.724,continued,,,,,
45,26.0,"['hostage', 'hamas', 'release', 'hama', 'terrorist', 'captivity', 'gaza', 'home', 'israeli', 'must']",46,[16],"[['hostage', 'hamas', 'sagui', 'gaza', 'home', 'release', 'israel', 'israeli', 'terrorist', 'captivity']]",[0.98],[0.885],[0.681],0.885,0.681,continued,,,,,
45,27.0,"['valentine', 'veteran', 'card', 'day', 'love', 'happy', 'elementary', 'student', 'appreciation', 'thank']",46,[18],"[['valentine', 'veteran', 'card', 'day', 'love', 'happy', 'student', 'elementary', 'thank', 'deliver']]",[0.995],[0.904],[0.781],0.904,0.781,continued,,,,,
45,28.0,"['water', 'lake', 'land', 'manatee', 'state', 'wilderness', 'mining', 'river', 'local', 'resource']",46,[27],"[['water', 'lake', 'land', 'river', 'manatee', 'conservation', 'wilderness', 'protect', 'local', 'bipartisan']]",[0.991],[0.9],[1.0],0.9,1.0,continued,,,,,
45,29.0,"['chinese', 'china', 'communist', 'party', 'deepseek', 'espionage', 'influence', 'threat', 'hamadeh', 'ban']",46,[],[],[],[],[],0.0,0.0,disappeared,,,,,
45,30.0,"['victim', 'woman', 'mace', 'rape', 'nancy', 'speech', 'predator', 'text', 'truth', 'man']",46,[31],"[['victim', 'woman', 'rape', 'mace', 'nancy', 'speech', 'sex', 'wilson', 'text', 'predator']]",[0.992],[0.843],[0.868],0.843,0.868,continued,,,,,
45,31.0,"['veteran', 'va', 'housing', 'disabled', 'care', 'vet', 'act', 'congressman', 'access', 'bill']",46,[30],"[['veteran', 'va', 'care', 'housing', 'disabled', 'access', 'hamadeh', 'act', 'legislation', 'congressman']]",[0.991],[0.971],[0.971],0.971,0.971,continued,,,,,
45,32.0,"['budget', 'resolution', 'agenda', 'deliver', 'president', 'reconciliation', 'spending', 'process', 'rein', 'trump']",46,[36],"[['budget', 'resolution', 'agenda', 'deliver', 'process', 'spending', 'committee', 'president', 'house', 'housebudgetgop']]",[0.987],[0.882],[1.071],0.882,1.071,continued,,,,,
45,33.0,"['marc', 'fogel', 'home', 'russia', 'welcome', 'detain', 'release', 'wrongfully', 'finally', 'year']",46,[33],"[['marc', 'fogel', 'home', 'russia', 'welcome', 'detain', 'release', 'wrongfully', 'finally', 'year']]",[0.999],[0.908],[0.881],0.908,0.881,continued,,,,,
45,34.0,"['firefighter', 'fire', 'chief', 'safe', 'community', 'association', 'keep', 'responder', 'discuss', 'support']",46,[26],"[['firefighter', 'fire', 'chief', 'safe', 'responder', 'community', 'keep', 'association', 'support', 'meet']]",[0.993],[0.923],[0.822],0.923,0.822,continued,,,,,
45,35.0,"['gun', 'stoneman', 'douglas', 'marjory', 'parkland', 'violence', 'school', 'seven', 'shooting', 'high']",46,[23],"[['gun', 'douglas', 'stoneman', 'marjory', 'school', 'violence', 'parkland', 'shooting', 'seven', 'high']]",[0.992],[0.938],[0.732],0.938,0.732,continued,,,,,
45,36.0,"['management', 'emergency', 'agency', 'hotel', 'luxury', 'federal', 'illegal', 'nyc', 'disaster', 'alien']",46,[],[],[],[],[],0.0,0.0,disappeared,,,,,
45,37.0,"['fentanyl', 'drug', 'halt', 'xylazine', 'enforcement', 'deadly', 'law', 'opioid', 'crisis', 'trafficker']",46,[],[],[],[],[],0.0,0.0,disappeared,,,,,
46,0.0,"['musk', 'elon', 'doge', 'waste', 'government', 'taxpayer', 'fraud', 'abuse', 'datum', 'access']",47,[],[],[],[],[],0.0,0.0,disappeared,,,,,
46,1.0,"['hall', 'town', 'join', 'tune', 'pm', 'telephone', 'question', 'hear', 'live', 'host']",47,[],[],[],[],[],0.0,0.0,disappeared,,,,,
46,2.0,"['cut', 'republicans', 'budget', 'medicaid', 'tax', 'republican', 'care', 'billionaire', 'trillion', 'pay']",47,[],[],[],[],[],0.0,0.0,disappeared,,,,,
46,3.0,"['border', 'agent', 'officer', 'illegal', 'law', 'gonzalez', 'raul', 'enforcement', 'criminal', 'safety']",47,[],[],[],[],[],0.0,0.0,disappeared,,,,,
46,4.0,"['rfk', 'jr', 'health', 'healthy', 'robertkennedyjr', 'secretary', 'john', 'america', 'kennedy', 'confirm']",47,[],[],[],[],[],0.0,0.0,disappeared,,,,,
46,5.0,"['president', 'day', 'nation', 'happy', 'honor', 'today', 'presidentsday', 'lincoln', 'washington', 'great']",47,[2],"[['president', 'day', 'nation', 'honor', 'happy', 'today', 'washington', 'great', 'america', 'presidentsday']]",[0.996],[0.899],[0.947],0.899,0.947,continued,,,,,
46,6.0,"['vladimir', 'ukraine', 'putin', 'russia', 'war', 'nato', 'peace', 'sanction', 'russian', 'ally']",47,[1],"[['vladimir', 'ukraine', 'putin', 'russia', 'war', 'donald', 'trump', 'volodymyr', 'europe', 'ally']]",[0.97],[0.764],[0.388],0.764,0.388,disappeared,,,,,
46,7.0,"['worker', 'federal', 'veteran', 'employee', 'donald', 'trump', 'labor', 'fire', 'servant', 'va']",47,[],[],[],[],[],0.0,0.0,disappeared,,,,,
46,8.0,"['tariff', 'trade', 'china', 'chinese', 'american', 'communist', 'reciprocal', 'canada', 'trump', 'donald']",47,[],[],[],[],[],0.0,0.0,disappeared,,,,,
46,9.0,"['farmer', 'agriculture', 'farm', 'brookelrollin', 'secretary', 'rollin', 'rancher', 'producer', 'congratulation', 'usda']",47,[],[],[],[],[],0.0,0.0,disappeared,,,,,
46,10.0,"['judge', 'court', 'donald', 'trump', 'constitution', 'constitutional', 'law', 'activist', 'judicial', 'order']",47,[],[],[],[],[],0.0,0.0,disappeared,,,,,
46,11.0,"['research', 'institutes', 'of', 'health', 'national', 'cancer', 'cut', 'funding', 'alzheimer', 'medical']",47,[],[],[],[],[],0.0,0.0,disappeared,,,,,
46,12.0,"['price', 'inflation', 'cost', 'donald', 'trump', 'egg', 'grocery', 'promise', 'low', 'housing']",47,[],[],[],[],[],0.0,0.0,disappeared,,,,,
46,13.0,"['intelligence', 'tulsi', 'gabbard', 'director', 'tulsigabbard', 'national', 'confirm', 'congratulation', 'confirmation', 'senate']",47,[],[],[],[],[],0.0,0.0,disappeared,,,,,
46,14.0,"['black', 'history', 'blackhistorymonth', 'naacp', 'civil', 'right', 'month', 'reparation', 'equality', 'legacy']",47,[],[],[],[],[],0.0,0.0,disappeared,,,,,
46,15.0,"['valentine', 'happy', 'day', 'love', 'wife', 'forever', 'wish', 'beautiful', 'life', 'bride']",47,[],[],[],[],[],0.0,0.0,disappeared,,,,,
46,16.0,"['hostage', 'hamas', 'sagui', 'gaza', 'home', 'release', 'israel', 'israeli', 'terrorist', 'captivity']",47,[3],"[['hamas', 'hostage', 'israel', 'home', 'bibas', 'terrorist', 'day', 'murder', 'kfir', 'shiri']]",[0.95],[0.973],[0.47],0.973,0.47,unclear,,,,,
46,17.0,"['energy', 'dominance', 'american', 'unleash', 'production', 'fuel', 'fossil', 'oil', 'clean', 'council']",47,[],[],[],[],[],0.0,0.0,disappeared,,,,,
46,18.0,"['valentine', 'veteran', 'card', 'day', 'love', 'happy', 'student', 'elementary', 'thank', 'deliver']",47,[],[],[],[],[],0.0,0.0,disappeared,,,,,
46,19.0,"['cfpb', 'consumer', 'financial', 'bank', 'protection', 'bureau', 'fee', 'predatory', 'protect', 'musk']",47,[],[],[],[],[],0.0,0.0,disappeared,,,,,
46,20.0,"['thank', 'bless', 'scattygenoffice', 'god', 'nancymace', 'prayer', 'woman', 'lie', 'psalm', 'agalanwilson']",47,[],[],[],[],[],0.0,0.0,disappeared,,,,,
46,21.0,"['college', 'student', 'education', 'community', 'workforce', 'meet', 'high', 'opportunity', 'career', 'discuss']",47,[],[],[],[],[],0.0,0.0,disappeared,,,,,
46,22.0,"['usaid', 'foreign', 'aid', 'security', 'assistance', 'global', 'world', 'terrorist', 'national', 'taxpayer']",47,[],[],[],[],[],0.0,0.0,disappeared,,,,,
46,23.0,"['gun', 'douglas', 'stoneman', 'marjory', 'school', 'violence', 'parkland', 'shooting', 'seven', 'high']",47,[],[],[],[],[],0.0,0.0,disappeared,,,,,
46,24.0,"['rural', 'care', 'healthcare', 'health', 'physician', 'patient', 'access', 'doctor', 'community', 'medicare']",47,[],[],[],[],[],0.0,0.0,disappeared,,,,,
46,25.0,"['weather', 'stay', 'flooding', 'noaa', 'safe', 'local', 'please', 'storm', 'rain', 'temperature']",47,[],[],[],[],[],0.0,0.0,disappeared,,,,,
46,26.0,"['firefighter', 'fire', 'chief', 'safe', 'responder', 'community', 'keep', 'association', 'support', 'meet']",47,[],[],[],[],[],0.0,0.0,disappeared,,,,,
46,27.0,"['water', 'lake', 'land', 'river', 'manatee', 'conservation', 'wilderness', 'protect', 'local', 'bipartisan']",47,[],[],[],[],[],0.0,0.0,disappeared,,,,,
46,28.0,"['education', 'school', 'student', 'department', 'teacher', 'child', 'public', 'kid', 'dept', 'parent']",47,[],[],[],[],[],0.0,0.0,disappeared,,,,,
46,29.0,"['rule', 'regulation', 'midnight', 'joe', 'biden', 'relief', 'congress', 'act', 'minute', 'last']",47,[],[],[],[],[],0.0,0.0,disappeared,,,,,
46,30.0,"['veteran', 'va', 'care', 'housing', 'disabled', 'access', 'hamadeh', 'act', 'legislation', 'congressman']",47,[],[],[],[],[],0.0,0.0,disappeared,,,,,
46,31.0,"['victim', 'woman', 'rape', 'mace', 'nancy', 'speech', 'sex', 'wilson', 'text', 'predator']",47,[],[],[],[],[],0.0,0.0,disappeared,,,,,
46,32.0,"['bowl', 'super', 'winner', 'eagle', 'win', 'daytona', 'coach', 'championship', 'school', 'flyeaglesfly']",47,[],[],[],[],[],0.0,0.0,disappeared,,,,,
46,33.0,"['marc', 'fogel', 'home', 'russia', 'welcome', 'detain', 'release', 'wrongfully', 'finally', 'year']",47,[],[],[],[],[],0.0,0.0,disappeared,,,,,
46,34.0,"['air', 'cadet', 'service', 'meet', 'civil', 'patrol', 'great', 'force', 'chuck', 'honor']",47,[],[],[],[],[],0.0,0.0,disappeared,,,,,
46,35.0,"['happy', 'day', 'president', 'presidentsday', 'potus', 'everyone', 'reminder', 'wish', 'great', 'elect']",47,[5],"[['happy', 'president', 'day', 'presidentsday', 'potus', 'white', 'everyone', 'donald', 'elect', 'reminder']]",[0.997],[0.918],[0.982],0.918,0.982,continued,,,,,
46,36.0,"['budget', 'resolution', 'agenda', 'deliver', 'process', 'spending', 'committee', 'president', 'house', 'housebudgetgop']",47,[],[],[],[],[],0.0,0.0,disappeared,,,,,
46,37.0,"['kash', 'patel', 'bureau', 'investigation', 'of', 'federal', 'confirm', 'senate', 'director', 'vote']",47,[],[],[],[],[],0.0,0.0,disappeared,,,,,
47,0.0,"['donald', 'trump', 'work', 'cut', 'community', 'make', 'federal', 'american', 'family', 'musk']",48,[0],"[['donald', 'trump', 'cut', 'work', 'make', 'community', 'people', 'federal', 'american', 'president']]",[0.998],[0.644],[0.633],0.644,0.633,continued,,,,,
47,1.0,"['vladimir', 'ukraine', 'putin', 'russia', 'war', 'donald', 'trump', 'volodymyr', 'europe', 'ally']",48,[1],"[['vladimir', 'ukraine', 'putin', 'russia', 'war', 'donald', 'trump', 'volodymyr', 'zelensky', 'dictator']]",[0.987],[0.752],[0.867],0.752,0.867,continued,,,,,
47,2.0,"['president', 'day', 'nation', 'honor', 'happy', 'today', 'washington', 'great', 'america', 'presidentsday']",48,[4],"[['president', 'day', 'nation', 'happy', 'today', 'honor', 'washington', 'great', 'america', 'presidentsday']]",[0.999],[0.889],[0.912],0.889,0.912,continued,,,,,
47,3.0,"['hamas', 'hostage', 'israel', 'home', 'bibas', 'terrorist', 'day', 'murder', 'kfir', 'shiri']",48,[3],"[['hamas', 'israel', 'hostage', 'bibas', 'murder', 'terrorist', 'shiri', 'kfir', 'ariel', 'must']]",[0.986],[0.821],[0.646],0.821,0.646,continued,,,,,
47,4.0,"['bureau', 'kash', 'investigation', 'patel', 'of', 'federal', 'director', 'confirm', 'vote', 'confirmation']",48,[2],"[['bureau', 'investigation', 'kash', 'patel', 'of', 'federal', 'director', 'confirm', 'confirmation', 'vote']]",[0.979],[0.937],[0.633],0.937,0.633,continued,,,,,
47,5.0,"['happy', 'president', 'day', 'presidentsday', 'potus', 'white', 'everyone', 'donald', 'elect', 'reminder']",48,[5],"[['happy', 'day', 'president', 'presidentsday', 'potus', 'white', 'everyone', 'donald', 'wish', 'elect']]",[0.999],[1.0],[0.966],1.0,0.966,continued,,,,,
47,6.0,"['secretary', 'commerce', 'lutnick', 'howard', 'howardlutnick', 'confirm', 'congratulation', 'marc', 'donald', 'vote']",48,[],[],[],[],[],0.0,0.0,disappeared,,,,,
48,0.0,"['donald', 'trump', 'cut', 'work', 'make', 'community', 'people', 'federal', 'american', 'president']",49,[],[],[],[],[],0.0,0.0,disappeared,,,,,
48,1.0,"['vladimir', 'ukraine', 'putin', 'russia', 'war', 'donald', 'trump', 'volodymyr', 'zelensky', 'dictator']",49,[1],"[['vladimir', 'ukraine', 'russia', 'putin', 'war', 'invasion', 'ukrainian', 'volodymyr', 'ally', 'stand']]",[0.986],[0.862],[0.661],0.862,0.661,continued,,,,,
48,2.0,"['bureau', 'investigation', 'kash', 'patel', 'of', 'federal', 'director', 'confirm', 'confirmation', 'vote']",49,[5],"[['bureau', 'investigation', 'kash', 'patel', 'of', 'federal', 'director', 'confirm', 'congratulation', 'confirmation']]",[0.976],[0.708],[0.939],0.708,0.939,continued,,,,,
48,3.0,"['hamas', 'israel', 'hostage', 'bibas', 'murder', 'terrorist', 'shiri', 'kfir', 'ariel', 'must']",49,[10],"[['hamas', 'bibas', 'israel', 'shiri', 'hostage', 'kfir', 'ariel', 'murder', 'terrorist', 'evil']]",[0.98],[0.66],[1.107],0.66,1.107,continued,,,,,
48,4.0,"['president', 'day', 'nation', 'happy', 'today', 'honor', 'washington', 'great', 'america', 'presidentsday']",49,[23],"[['america', 'month', 'president', 'trump', 'donald', 'first', 'joe', 'biden', 'realdonaldtrump', 'golden']]",[0.746],[0.748],[3.069],0.748,3.069,unclear,,,,,
48,5.0,"['happy', 'day', 'president', 'presidentsday', 'potus', 'white', 'everyone', 'donald', 'wish', 'elect']",49,[],[],[],[],[],0.0,0.0,disappeared,,,,,
49,0.0,"['medicaid', 'cut', 'republicans', 'budget', 'republican', 'billionaire', 'tax', 'vote', 'care', 'health']",50,[0],"[['medicaid', 'cut', 'republicans', 'budget', 'republican', 'billionaire', 'tax', 'vote', 'care', 'house']]",[0.998],[0.877],[0.863],0.877,0.863,continued,,,,,
49,1.0,"['vladimir', 'ukraine', 'russia', 'putin', 'war', 'invasion', 'ukrainian', 'volodymyr', 'ally', 'stand']",50,[1],"[['vladimir', 'ukraine', 'putin', 'volodymyr', 'russia', 'zelensky', 'war', 'ally', 'president', 'donald']]",[0.981],[0.9],[0.617],0.9,0.617,continued,,,,,
49,2.0,"['musk', 'elon', 'veteran', 'worker', 'federal', 'donald', 'trump', 'employee', 'fire', 'government']",50,[6],"[['musk', 'elon', 'federal', 'email', 'worker', 'government', 'donald', 'trump', 'employee', 'servant']]",[0.975],[0.64],[1.18],0.64,1.18,continued,,,,,
49,3.0,"['hall', 'town', 'pm', 'join', 'telephone', 'live', 'hear', 'tune', 'rsvp', 'host']",50,[8],"[['hall', 'town', 'telephone', 'pm', 'join', 'question', 'rsvp', 'live', 'newsletter', 'hear']]",[0.986],[0.804],[1.053],0.804,1.053,continued,,,,,
49,4.0,"['budget', 'resolution', 'agenda', 'deliver', 'president', 'border', 'spending', 'first', 'america', 'american']",50,[5],"[['resolution', 'budget', 'agenda', 'deliver', 'border', 'spending', 'first', 'house', 'secure', 'president']]",[0.997],[0.898],[0.862],0.898,0.862,continued,,,,,
49,5.0,"['bureau', 'investigation', 'kash', 'patel', 'of', 'federal', 'director', 'confirm', 'congratulation', 'confirmation']",50,[],[],[],[],[],0.0,0.0,disappeared,,,,,
49,6.0,"['border', 'illegal', 'alien', 'criminal', 'cartel', 'immigration', 'crossing', 'trump', 'donald', 'joe']",50,[3],"[['border', 'illegal', 'alien', 'fentanyl', 'immigration', 'law', 'criminal', 'ice', 'cartel', 'immigrant']]",[0.979],[0.911],[0.67],0.911,0.67,continued,,,,,
49,7.0,"['energy', 'joe', 'biden', 'gas', 'american', 'cost', 'natural', 'regulation', 'rule', 'oil']",50,[2],"[['energy', 'joe', 'biden', 'gas', 'natural', 'american', 'heater', 'cost', 'water', 'regulation']]",[0.994],[0.877],[0.505],0.877,0.505,continued,,,,,
49,8.0,"['doge', 'waste', 'fraud', 'government', 'abuse', 'taxpayer', 'dollar', 'spending', 'federal', 'information']",50,[16],"[['doge', 'waste', 'fraud', 'government', 'dollar', 'abuse', 'taxpayer', 'spending', 'federal', 'wasteful']]",[0.983],[0.819],[1.264],0.819,1.264,continued,,,,,
49,9.0,"['veteran', 'service', 'honor', 'member', 'guard', 'veterans', 'legion', 'support', 'thank', 'va']",50,[7],"[['veteran', 'service', 'honor', 'legion', 'va', 'family', 'veterans', 'meet', 'member', 'hamadeh']]",[0.99],[0.859],[0.72],0.859,0.72,continued,,,,,
49,10.0,"['hamas', 'bibas', 'israel', 'shiri', 'hostage', 'kfir', 'ariel', 'murder', 'terrorist', 'evil']",50,[9],"[['israel', 'hamas', 'iran', 'aipac', 'hostage', 'iraq', 'antisemitism', 'terrorist', 'jewish', 'terrorism']]",[0.845],[0.768],[0.712],0.768,0.712,unclear,,,,,
49,11.0,"['health', 'institutes', 'research', 'national', 'of', 'care', 'cancer', 'funding', 'cut', 'medical']",50,[21],"[['care', 'health', 'cancer', 'access', 'survivor', 'patient', 'rural', 'responder', 'funding', 'act']]",[0.94],[0.734],[1.461],0.734,1.461,continued,,,,,
49,12.0,"['student', 'school', 'education', 'teacher', 'college', 'program', 'high', 'great', 'public', 'visit']",50,[4],"[['student', 'school', 'education', 'birthday', 'happy', 'great', 'teacher', 'state', 'high', 'university']]",[0.97],[0.893],[0.469],0.893,0.469,unclear,,,,,
49,13.0,"['military', 'brown', 'secretary', 'general', 'driscoll', 'army', 'fire', 'dan', 'joint', 'chief']",50,[14],"[['military', 'secretary', 'driscoll', 'defense', 'army', 'dan', 'national', 'readiness', 'base', 'pentagon']]",[0.935],[0.819],[0.83],0.819,0.83,continued,,,,,
49,14.0,"['disaster', 'park', 'fire', 'wildfire', 'forest', 'emergency', 'water', 'management', 'federal', 'service']",50,[10],"[['wildfire', 'water', 'fire', 'forest', 'noaa', 'park', 'disaster', 'weather', 'service', 'river']]",[0.979],[0.845],[0.744],0.845,0.744,continued,,,,,
49,15.0,"['gunthereagleman', 'go', 'thank', 'good', 'win', 'nut', 'shawnryan', 'absolutely', 'get', 'shameful']",50,[17],"[['tune', 'et', 'come', 'live', 'watch', 'si', 'youtu', 'news', 'ct', 'foxbusiness']]",[0.89],[0.398],[0.405],0.398,0.405,disappeared,,,,,
49,16.0,"['china', 'chinese', 'communist', 'party', 'national', 'security', 'american', 'america', 'trade', 'taiwan']",50,[24],"[['communist', 'chinese', 'china', 'party', 'american', 'taiwan', 'bill', 'farmland', 'adversary', 'act']]",[0.967],[0.71],[1.128],0.71,1.128,continued,,,,,
49,17.0,"['judge', 'court', 'atf', 'president', 'impeachment', 'donald', 'trump', 'law', 'constitution', 'order']",50,[13],"[['judge', 'court', 'investigation', 'bureau', 'donald', 'of', 'trump', 'impeach', 'federal', 'impeachment']]",[0.97],[0.902],[0.701],0.902,0.701,continued,,,,,
49,18.0,"['black', 'history', 'blackhistorymonth', 'month', 'honor', 'celebration', 'african', 'essay', 'celebrate', 'blackhistory']",50,[11],"[['black', 'history', 'month', 'blackhistorymonth', 'honor', 'african', 'celebrate', 'legacy', 'celebration', 'contribution']]",[0.99],[0.936],[0.611],0.936,0.611,continued,,,,,
49,19.0,"['farmer', 'farm', 'corn', 'ethanol', 'food', 'agricultural', 'price', 'agriculture', 'ag', 'crop']",50,[20],"[['farmer', 'farm', 'agriculture', 'food', 'agricultural', 'corn', 'ag', 'ethanol', 'potato', 'crop']]",[0.969],[0.716],[0.73],0.716,0.73,continued,,,,,
49,20.0,"['apple', 'trade', 'investment', 'greer', 'jamieson', 'job', 'innovation', 'manufacture', 'billion', 'america']",50,[27],"[['apple', 'investment', 'job', 'innovation', 'billion', 'manufacture', 'manufacturing', 'america', 'bullish', 'technology']]",[0.951],[0.678],[1.017],0.678,1.017,continued,,,,,
49,21.0,"['mayor', 'community', 'city', 'local', 'together', 'week', 'work', 'meet', 'doug', 'leader']",50,[25],"[['great', 'business', 'mayor', 'local', 'community', 'small', 'meeting', 'thank', 'meet', 'work']]",[0.92],[0.774],[0.686],0.774,0.686,continued,,,,,
49,22.0,"['israel', 'aipac', 'antisemitism', 'jewish', 'ally', 'meet', 'great', 'support', 'relationship', 'syria']",50,[],[],[],[],[],0.0,0.0,disappeared,,,,,
49,23.0,"['america', 'month', 'president', 'trump', 'donald', 'first', 'joe', 'biden', 'realdonaldtrump', 'golden']",50,[12],"[['president', 'america', 'maduro', 'thank', 'first', 'venezuela', 'trump', 'strength', 'leadership', 'donald']]",[0.9],[0.862],[0.309],0.862,0.309,disappeared,,,,,
49,24.0,"['faa', 'safety', 'air', 'aviation', 'crash', 'traffic', 'safe', 'sky', 'plane', 'near']",50,[],[],[],[],[],0.0,0.0,disappeared,,,,,
50,0.0,"['medicaid', 'cut', 'republicans', 'budget', 'republican', 'billionaire', 'tax', 'vote', 'care', 'house']",51,[1],"[['medicaid', 'cut', 'republicans', 'budget', 'republican', 'vote', 'tax', 'billionaire', 'care', 'house']]",[0.999],[0.906],[1.334],0.906,1.334,continued,,,,,
50,1.0,"['vladimir', 'ukraine', 'putin', 'volodymyr', 'russia', 'zelensky', 'war', 'ally', 'president', 'donald']",51,[0],"[['vladimir', 'ukraine', 'volodymyr', 'putin', 'zelensky', 'russia', 'president', 'ally', 'donald', 'trump']]",[0.991],[0.892],[0.97],0.892,0.97,continued,,,,,
50,2.0,"['energy', 'joe', 'biden', 'gas', 'natural', 'american', 'heater', 'cost', 'water', 'regulation']",51,[2],"[['energy', 'biden', 'joe', 'gas', 'natural', 'american', 'heater', 'cost', 'water', 'rule']]",[0.998],[0.85],[0.973],0.85,0.973,continued,,,,,
50,3.0,"['border', 'illegal', 'alien', 'fentanyl', 'immigration', 'law', 'criminal', 'ice', 'cartel', 'immigrant']",51,"[11, 22]","[['border', 'illegal', 'biden', 'joe', 'crossing', 'secure', 'promise', 'president', 'immigration', 'trump'], ['sanctuary', 'mayor', 'city', 'alien', 'illegal', 'ice', 'law', 'denver', 'criminal', 'immigration']]","[0.901, 0.876]","[0.395, 0.317]","[0.829, 1.293]",0.712,2.122,split,,,,,
50,4.0,"['student', 'school', 'education', 'birthday', 'happy', 'great', 'teacher', 'state', 'high', 'university']",51,[21],"[['student', 'school', 'great', 'enjoy', 'high', 'university', 'visit', 'teacher', 'bright', 'future']]",[0.957],[0.515],[1.975],0.515,1.975,continued,,,,,
50,5.0,"['resolution', 'budget', 'agenda', 'deliver', 'border', 'spending', 'first', 'house', 'secure', 'president']",51,[7],"[['budget', 'resolution', 'agenda', 'spending', 'deliver', 'border', 'step', 'first', 'house', 'tax']]",[0.995],[0.899],[1.187],0.899,1.187,continued,,,,,
50,6.0,"['musk', 'elon', 'federal', 'email', 'worker', 'government', 'donald', 'trump', 'employee', 'servant']",51,[10],"[['musk', 'elon', 'doge', 'contract', 'government', 'faa', 'waste', 'taxpayer', 'abuse', 'fraud']]",[0.961],[0.702],[1.017],0.702,1.017,continued,,,,,
50,7.0,"['veteran', 'service', 'honor', 'legion', 'va', 'family', 'veterans', 'meet', 'member', 'hamadeh']",51,[4],"[['veteran', 'care', 'health', 'service', 'va', 'access', 'support', 'meet', 'cancer', 'discuss']]",[0.947],[0.742],[0.646],0.742,0.646,continued,,,,,
50,8.0,"['hall', 'town', 'telephone', 'pm', 'join', 'question', 'rsvp', 'live', 'newsletter', 'hear']",51,[9],"[['hall', 'town', 'question', 'telephone', 'join', 'pm', 'rsvp', 'virtual', 'newsletter', 'march']]",[0.992],[0.835],[0.94],0.835,0.94,continued,,,,,
50,9.0,"['israel', 'hamas', 'iran', 'aipac', 'hostage', 'iraq', 'antisemitism', 'terrorist', 'jewish', 'terrorism']",51,[20],"[['israel', 'hamas', 'hostage', 'aipac', 'terrorist', 'jewish', 'barnard', 'israeli', 'home', 'gaza']]",[0.958],[0.67],[1.28],0.67,1.28,continued,,,,,
50,10.0,"['wildfire', 'water', 'fire', 'forest', 'noaa', 'park', 'disaster', 'weather', 'service', 'river']",51,[26],"[['wildfire', 'fire', 'responder', 'firefighter', 'community', 'safe', 'emergency', 'first', 'carolina', 'support']]",[0.84],[0.393],[0.971],0.393,0.971,disappeared,,,,,
50,11.0,"['black', 'history', 'month', 'blackhistorymonth', 'honor', 'african', 'celebrate', 'legacy', 'celebration', 'contribution']",51,[16],"[['black', 'history', 'blackhistorymonth', 'month', 'african', 'honor', 'legacy', 'celebrate', 'civil', 'contribution']]",[0.996],[0.946],[1.317],0.946,1.317,continued,,,,,
50,12.0,"['president', 'america', 'maduro', 'thank', 'first', 'venezuela', 'trump', 'strength', 'leadership', 'donald']",51,[14],"[['america', 'president', 'first', 'vice', 'vance', 'thank', 'peace', 'strength', 'potus', 'trump']]",[0.98],[0.79],[0.992],0.79,0.992,continued,,,,,
50,13.0,"['judge', 'court', 'investigation', 'bureau', 'donald', 'of', 'trump', 'impeach', 'federal', 'impeachment']",51,[18],"[['judge', 'court', 'impeach', 'activist', 'judicial', 'supreme', 'donald', 'corrupt', 'trump', 'constitution']]",[0.982],[0.803],[1.125],0.803,1.125,continued,,,,,
50,14.0,"['military', 'secretary', 'driscoll', 'defense', 'army', 'dan', 'national', 'readiness', 'base', 'pentagon']",51,[],[],[],[],[],0.0,0.0,disappeared,,,,,
50,15.0,"['ramadan', 'mubarak', 'wish', 'month', 'holy', 'reflection', 'observe', 'muslim', 'around', 'prayer']",51,[12],"[['ramadan', 'mubarak', 'wish', 'holy', 'month', 'reflection', 'observe', 'muslim', 'around', 'prayer']]",[1.0],[0.978],[0.957],0.978,0.957,continued,,,,,
50,16.0,"['doge', 'waste', 'fraud', 'government', 'dollar', 'abuse', 'taxpayer', 'spending', 'federal', 'wasteful']",51,[],[],[],[],[],0.0,0.0,disappeared,,,,,
50,17.0,"['tune', 'et', 'come', 'live', 'watch', 'si', 'youtu', 'news', 'ct', 'foxbusiness']",51,"[15, 31]","[['agalanwilson', 'thank', 'romcommystery', 'lie', 'correct', 'believe', 'good', 'disgrace', 'shawnryan', 'jaketapper'], ['tune', 'youtu', 'watch', 'si', 'live', 'full', 'et', 'remark', 'foxnew', 'join']]","[0.881, 0.82]","[0.421, 0.349]","[0.414, 0.746]",0.77,1.16,unclear,,,,,
50,18.0,"['price', 'flu', 'tariff', 'egg', 'bird', 'donald', 'trump', 'cost', 'outbreak', 'usda']",51,[33],"[['flu', 'bird', 'egg', 'price', 'outbreak', 'usda', 'avian', 'farmer', 'secrollin', 'producer']]",[0.863],[0.405],[0.839],0.405,0.839,unclear,,,,,
50,19.0,"['veteran', 'va', 'fire', 'employee', 'musk', 'donald', 'trump', 'veterans', 'elon', 'serve']",51,[6],"[['veteran', 'fire', 'federal', 'worker', 'va', 'musk', 'employee', 'donald', 'trump', 'elon']]",[0.955],[0.866],[0.437],0.866,0.437,unclear,,,,,
50,20.0,"['farmer', 'farm', 'agriculture', 'food', 'agricultural', 'corn', 'ag', 'ethanol', 'potato', 'crop']",51,[5],"[['farmer', 'farm', 'water', 'agriculture', 'food', 'river', 'support', 'community', 'agricultural', 'rural']]",[0.946],[0.91],[0.399],0.91,0.399,disappeared,,,,,
50,21.0,"['care', 'health', 'cancer', 'access', 'survivor', 'patient', 'rural', 'responder', 'funding', 'act']",51,[],[],[],[],[],0.0,0.0,disappeared,,,,,
50,22.0,"['woman', 'history', 'month', 'womenshistorymonth', 'girl', 'sport', 'honor', 'celebrate', 'contribution', 'inspire']",51,[19],"[['woman', 'history', 'month', 'womenshistorymonth', 'celebrate', 'honor', 'march', 'inspire', 'contribution', 'shape']]",[0.974],[0.707],[0.552],0.707,0.552,continued,,,,,
50,23.0,"['social', 'security', 'benefit', 'earn', 'senior', 'cut', 'half', 'office', 'musk', 'donald']",51,[13],"[['social', 'security', 'benefit', 'earn', 'cut', 'musk', 'ponzi', 'elon', 'scheme', 'senior']]",[0.992],[0.914],[0.556],0.914,0.556,continued,,,,,
50,24.0,"['communist', 'chinese', 'china', 'party', 'american', 'taiwan', 'bill', 'farmland', 'adversary', 'act']",51,[29],"[['china', 'communist', 'chinese', 'party', 'deepseek', 'adversary', 'national', 'american', 'technology', 'threat']]",[0.98],[0.923],[1.143],0.923,1.143,continued,,,,,
50,25.0,"['great', 'business', 'mayor', 'local', 'community', 'small', 'meeting', 'thank', 'meet', 'work']",51,[],[],[],[],[],0.0,0.0,disappeared,,,,,
50,26.0,"['cfpb', 'consumer', 'financial', 'bank', 'protection', 'bureau', 'dismantle', 'donald', 'agency', 'trump']",51,[24],"[['cfpb', 'consumer', 'financial', 'dismantle', 'bank', 'bureau', 'protection', 'court', 'agency', 'amicus']]",[0.995],[0.9],[0.887],0.9,0.887,continued,,,,,
50,27.0,"['apple', 'investment', 'job', 'innovation', 'billion', 'manufacture', 'manufacturing', 'america', 'bullish', 'technology']",51,[],[],[],[],[],0.0,0.0,disappeared,,,,,
50,28.0,"['measle', 'vaccine', 'rfk', 'child', 'jr', 'outbreak', 'die', 'texas', 'preventable', 'disease']",51,[],[],[],[],[],0.0,0.0,disappeared,,,,,
50,29.0,"['dreamer', 'dream', 'homeishere', 'promise', 'repsylviagarcia', 'citizenship', 'act', 'neighbor', 'pathway', 'american']",51,[25],"[['dreamer', 'dream', 'citizenship', 'homeishere', 'promise', 'repsylviagarcia', 'act', 'pathway', 'american', 'proud']]",[0.975],[0.907],[0.721],0.907,0.721,continued,,,,,
50,30.0,"['tax', 'hike', 'cut', 'taxis', 'family', 'expire', 'relief', 'small', 'extend', 'increase']",51,[],[],[],[],[],0.0,0.0,disappeared,,,,,
51,0.0,"['vladimir', 'ukraine', 'volodymyr', 'putin', 'zelensky', 'russia', 'president', 'ally', 'donald', 'trump']",52,[2],"[['vladimir', 'ukraine', 'volodymyr', 'putin', 'zelensky', 'russia', 'ally', 'peace', 'war', 'donald']]",[0.989],[0.853],[1.065],0.853,1.065,continued,,,,,
51,1.0,"['medicaid', 'cut', 'republicans', 'budget', 'republican', 'vote', 'tax', 'billionaire', 'care', 'house']",52,[7],"[['medicaid', 'cut', 'republicans', 'budget', 'care', 'health', 'billionaire', 'republican', 'tax', 'would']]",[0.972],[0.88],[1.796],0.88,1.796,continued,,,,,
51,2.0,"['energy', 'biden', 'joe', 'gas', 'natural', 'american', 'heater', 'cost', 'water', 'rule']",52,[3],"[['energy', 'joe', 'biden', 'regulation', 'american', 'rule', 'investment', 'america', 'business', 'unleash']]",[0.939],[0.804],[0.706],0.804,0.706,continued,,,,,
51,3.0,"['tariff', 'price', 'donald', 'cost', 'trump', 'canada', 'mexico', 'trade', 'economy', 'family']",52,[1],"[['tariff', 'price', 'cost', 'donald', 'trump', 'trade', 'canada', 'grocery', 'family', 'mexico']]",[0.995],[0.909],[0.456],0.909,0.456,unclear,,,,,
51,4.0,"['veteran', 'care', 'health', 'service', 'va', 'access', 'support', 'meet', 'cancer', 'discuss']",52,[20],"[['veteran', 'veterans', 'service', 'honor', 'benefit', 'war', 'support', 'vfw', 'member', 'nation']]",[0.939],[0.561],[1.382],0.561,1.382,continued,,,,,
51,5.0,"['farmer', 'farm', 'water', 'agriculture', 'food', 'river', 'support', 'community', 'agricultural', 'rural']",52,[11],"[['farmer', 'community', 'farm', 'great', 'water', 'wildlife', 'discuss', 'credit', 'project', 'business']]",[0.966],[0.789],[0.896],0.789,0.896,continued,,,,,
51,6.0,"['veteran', 'fire', 'federal', 'worker', 'va', 'musk', 'employee', 'donald', 'trump', 'elon']",52,[6],"[['veteran', 'va', 'fire', 'employee', 'federal', 'worker', 'care', 'musk', 'donald', 'service']]",[0.985],[0.829],[0.548],0.829,0.548,continued,,,,,
51,7.0,"['budget', 'resolution', 'agenda', 'spending', 'deliver', 'border', 'step', 'first', 'house', 'tax']",52,[],[],[],[],[],0.0,0.0,disappeared,,,,,
51,8.0,"['address', 'joint', 'tonight', 'president', 'congress', 'donald', 'trump', 'vision', 'hear', 'potus']",52,[],[],[],[],[],0.0,0.0,disappeared,,,,,
51,9.0,"['hall', 'town', 'question', 'telephone', 'join', 'pm', 'rsvp', 'virtual', 'newsletter', 'march']",52,[17],"[['town', 'hall', 'question', 'pm', 'join', 'telephone', 'host', 'march', 'rsvp', 'newsletter']]",[0.991],[0.831],[1.109],0.831,1.109,continued,,,,,
51,10.0,"['musk', 'elon', 'doge', 'contract', 'government', 'faa', 'waste', 'taxpayer', 'abuse', 'fraud']",52,[4],"[['musk', 'doge', 'elon', 'waste', 'government', 'fraud', 'abuse', 'taxpayer', 'money', 'billion']]",[0.945],[0.903],[0.442],0.903,0.442,unclear,,,,,
51,11.0,"['border', 'illegal', 'biden', 'joe', 'crossing', 'secure', 'promise', 'president', 'immigration', 'trump']",52,[5],"[['border', 'illegal', 'secure', 'biden', 'joe', 'crossing', 'president', 'promise', 'alien', 'trump']]",[0.992],[0.966],[0.418],0.966,0.418,unclear,,,,,
51,12.0,"['ramadan', 'mubarak', 'wish', 'holy', 'month', 'reflection', 'observe', 'muslim', 'around', 'prayer']",52,[30],"[['ramadan', 'mubarak', 'reflection', 'holy', 'wish', 'month', 'muslim', 'observe', 'around', 'prayer']]",[0.997],[0.978],[1.943],0.978,1.943,continued,,,,,
51,13.0,"['social', 'security', 'benefit', 'earn', 'cut', 'musk', 'ponzi', 'elon', 'scheme', 'senior']",52,[9],"[['social', 'security', 'benefit', 'musk', 'earn', 'cut', 'elon', 'senior', 'ponzi', 'pay']]",[0.988],[0.955],[0.567],0.955,0.567,continued,,,,,
51,14.0,"['america', 'president', 'first', 'vice', 'vance', 'thank', 'peace', 'strength', 'potus', 'trump']",52,[],[],[],[],[],0.0,0.0,disappeared,,,,,
51,15.0,"['agalanwilson', 'thank', 'romcommystery', 'lie', 'correct', 'believe', 'good', 'disgrace', 'shawnryan', 'jaketapper']",52,[26],"[['lie', 'start', 'get', 'weird', 'enough', 'let', 'normalize', 'dumb', 'confirm', 'stuff']]",[0.893],[0.398],[0.646],0.398,0.646,disappeared,,,,,
51,16.0,"['black', 'history', 'blackhistorymonth', 'month', 'african', 'honor', 'legacy', 'celebrate', 'civil', 'contribution']",52,[],[],[],[],[],0.0,0.0,disappeared,,,,,
51,17.0,"['woman', 'sport', 'girl', 'athlete', 'man', 'compete', 'female', 'sports', 'biological', 'protection']",52,[10],"[['woman', 'sport', 'girl', 'man', 'female', 'athlete', 'compete', 'biological', 'male', 'common']]",[0.973],[0.921],[0.517],0.921,0.517,continued,,,,,
51,18.0,"['judge', 'court', 'impeach', 'activist', 'judicial', 'supreme', 'donald', 'corrupt', 'trump', 'constitution']",52,[18],"[['judge', 'court', 'law', 'order', 'judicial', 'pardon', 'impeach', 'donald', 'trump', 'january']]",[0.96],[0.92],[0.752],0.92,0.752,continued,,,,,
51,19.0,"['woman', 'history', 'month', 'womenshistorymonth', 'celebrate', 'honor', 'march', 'inspire', 'contribution', 'shape']",52,[19],"[['woman', 'history', 'month', 'womenshistorymonth', 'celebrate', 'honor', 'shape', 'contribution', 'march', 'inspire']]",[0.998],[0.905],[0.754],0.905,0.754,continued,,,,,
51,20.0,"['israel', 'hamas', 'hostage', 'aipac', 'terrorist', 'jewish', 'barnard', 'israeli', 'home', 'gaza']",52,[13],"[['hostage', 'hamas', 'israel', 'antisemitism', 'terrorist', 'columbia', 'campus', 'university', 'gaza', 'home']]",[0.918],[0.92],[0.495],0.92,0.495,unclear,,,,,
51,21.0,"['student', 'school', 'great', 'enjoy', 'high', 'university', 'visit', 'teacher', 'bright', 'future']",52,[21],"[['student', 'young', 'school', 'future', 'leader', 'youth', 'high', 'meet', 'program', 'education']]",[0.972],[0.949],[0.701],0.949,0.701,continued,,,,,
51,22.0,"['sanctuary', 'mayor', 'city', 'alien', 'illegal', 'ice', 'law', 'denver', 'criminal', 'immigration']",52,[14],"[['sanctuary', 'city', 'mayor', 'denver', 'mike', 'johnson', 'illegal', 'ice', 'law', 'boston']]",[0.96],[0.76],[0.373],0.76,0.373,disappeared,,,,,
51,24.0,"['cfpb', 'consumer', 'financial', 'dismantle', 'bank', 'bureau', 'protection', 'court', 'agency', 'amicus']",52,[],[],[],[],[],0.0,0.0,disappeared,,,,,
51,25.0,"['dreamer', 'dream', 'citizenship', 'homeishere', 'promise', 'repsylviagarcia', 'act', 'pathway', 'american', 'proud']",52,[],[],[],[],[],0.0,0.0,disappeared,,,,,
51,26.0,"['wildfire', 'fire', 'responder', 'firefighter', 'community', 'safe', 'emergency', 'first', 'carolina', 'support']",52,[12],"[['firefighter', 'wildfire', 'responder', 'fire', 'emergency', 'disaster', 'community', 'county', 'management', 'safe']]",[0.975],[0.985],[0.356],0.985,0.356,disappeared,,,,,
51,27.0,"['birthday', 'happy', 'florida', 'state', 'ohio', 'sunshine', 'celebrate', 'strawberry', 'year', 'th']",52,[32],"[['happy', 'birthday', 'state', 'ohio', 'florida', 'sunshine', 'celebrate', 'th', 'year', 'day']]",[0.979],[0.941],[1.016],0.941,1.016,continued,,,,,
51,29.0,"['china', 'communist', 'chinese', 'party', 'deepseek', 'adversary', 'national', 'american', 'technology', 'threat']",52,[23],"[['chinese', 'communist', 'china', 'panama', 'party', 'canal', 'screenact', 'influence', 'oscar', 'threat']]",[0.955],[0.873],[0.598],0.873,0.598,continued,,,,,
51,30.0,"['fentanyl', 'border', 'drug', 'china', 'flow', 'mexico', 'deadly', 'crisis', 'overdose', 'stop']",52,[22],"[['fentanyl', 'drug', 'cartel', 'flow', 'mexico', 'border', 'crisis', 'china', 'overdose', 'deadly']]",[0.992],[0.984],[0.663],0.984,0.663,continued,,,,,
51,31.0,"['tune', 'youtu', 'watch', 'si', 'live', 'full', 'et', 'remark', 'foxnew', 'join']",52,[28],"[['tune', 'live', 'instagram', 'watch', 'youtu', 'si', 'et', 'cnn', 'kaitlancollin', 'full']]",[0.968],[0.831],[0.671],0.831,0.671,continued,,,,,
51,32.0,"['lincoln', 'balart', 'friend', 'prayer', 'love', 'family', 'az', 'mia', 'diaz', 'entire']",52,[],[],[],[],[],0.0,0.0,disappeared,,,,,
51,33.0,"['flu', 'bird', 'egg', 'price', 'outbreak', 'usda', 'avian', 'farmer', 'secrollin', 'producer']",52,[],[],[],[],[],0.0,0.0,disappeared,,,,,
51,34.0,"['office', 'help', 'agency', 'federal', 'passport', 'team', 'casework', 'hour', 'assistance', 'need']",52,[],[],[],[],[],0.0,0.0,disappeared,,,,,
51,,,52,,,,"[0.861, 0.968]","[0.449, 0.442]",1.829,0.891,merge,"[23, 28]","[['education', 'school', 'student', 'department', 'teacher', 'public', 'child', 'protectourkid', 'educator', 'kid'], ['mcmahon', 'education', 'linda', 'secretary', 'confirm', 'department', 'congratulation', 'student', 'confirmation', 'vote']]",16.0,"['education', 'mcmahon', 'linda', 'department', 'student', 'school', 'secretary', 'confirm', 'teacher', 'public']","[0.907, 0.907]"
52,0.0,"['president', 'address', 'joint', 'donald', 'trump', 'tonight', 'congress', 'america', 'american', 'potus']",53,[0],"[['president', 'address', 'joint', 'america', 'donald', 'trump', 'tonight', 'american', 'congress', 'potus']]",[0.999],[0.885],[0.944],0.885,0.944,continued,,,,,
52,1.0,"['tariff', 'price', 'cost', 'donald', 'trump', 'trade', 'canada', 'grocery', 'family', 'mexico']",53,[1],"[['tariff', 'price', 'cost', 'donald', 'trump', 'trade', 'canada', 'grocery', 'family', 'low']]",[0.999],[0.886],[0.975],0.886,0.975,continued,,,,,
52,2.0,"['vladimir', 'ukraine', 'volodymyr', 'putin', 'zelensky', 'russia', 'ally', 'peace', 'war', 'donald']",53,[3],"[['vladimir', 'ukraine', 'putin', 'russia', 'ally', 'ukrainian', 'volodymyr', 'war', 'peace', 'zelensky']]",[0.995],[0.859],[1.239],0.859,1.239,continued,,,,,
52,3.0,"['energy', 'joe', 'biden', 'regulation', 'american', 'rule', 'investment', 'america', 'business', 'unleash']",53,[6],"[['energy', 'joe', 'biden', 'american', 'production', 'regulation', 'unleash', 'nuclear', 'climate', 'rule']]",[0.964],[0.532],[0.953],0.532,0.953,continued,,,,,
52,4.0,"['musk', 'doge', 'elon', 'waste', 'government', 'fraud', 'abuse', 'taxpayer', 'money', 'billion']",53,[11],"[['doge', 'waste', 'fraud', 'musk', 'elon', 'abuse', 'government', 'taxpayer', 'dollar', 'federal']]",[0.984],[0.753],[1.369],0.753,1.369,continued,,,,,
52,5.0,"['border', 'illegal', 'secure', 'biden', 'joe', 'crossing', 'president', 'promise', 'alien', 'trump']",53,[4],"[['border', 'illegal', 'secure', 'joe', 'biden', 'crossing', 'president', 'immigration', 'alien', 'cbp']]",[0.997],[0.95],[0.994],0.95,0.994,continued,,,,,
52,6.0,"['veteran', 'va', 'fire', 'employee', 'federal', 'worker', 'care', 'musk', 'donald', 'service']",53,[7],"[['veteran', 'va', 'fire', 'care', 'employee', 'cut', 'donald', 'serve', 'musk', 'trump']]",[0.976],[0.616],[0.981],0.616,0.981,continued,,,,,
52,7.0,"['medicaid', 'cut', 'republicans', 'budget', 'care', 'health', 'billionaire', 'republican', 'tax', 'would']",53,[2],"[['medicaid', 'cut', 'republicans', 'tax', 'care', 'budget', 'health', 'republican', 'billionaire', 'medicare']]",[0.991],[0.947],[0.681],0.947,0.681,continued,,,,,
52,8.0,"['turner', 'sylvester', 'houston', 'pass', 'congressman', 'sadden', 'friend', 'family', 'love', 'prayer']",53,[15],"[['turner', 'sylvester', 'houston', 'pass', 'congressman', 'sadden', 'texas', 'friend', 'love', 'deeply']]",[0.982],[0.745],[1.048],0.745,1.048,continued,,,,,
52,9.0,"['social', 'security', 'benefit', 'musk', 'earn', 'cut', 'elon', 'senior', 'ponzi', 'pay']",53,[10],"[['social', 'security', 'benefit', 'senior', 'musk', 'cut', 'earn', 'elon', 'lie', 'doge']]",[0.997],[0.942],[1.066],0.942,1.066,continued,,,,,
52,10.0,"['woman', 'sport', 'girl', 'man', 'female', 'athlete', 'compete', 'biological', 'male', 'common']",53,[14],"[['sport', 'woman', 'girl', 'man', 'female', 'compete', 'athlete', 'biological', 'male', 'common']]",[0.997],[0.926],[1.126],0.926,1.126,continued,,,,,
52,11.0,"['farmer', 'community', 'farm', 'great', 'water', 'wildlife', 'discuss', 'credit', 'project', 'business']",53,[12],"[['farmer', 'farm', 'community', 'credit', 'county', 'local', 'business', 'discuss', 'rural', 'support']]",[0.984],[0.791],[0.828],0.791,0.828,continued,,,,,
52,12.0,"['firefighter', 'wildfire', 'responder', 'fire', 'emergency', 'disaster', 'community', 'county', 'management', 'safe']",53,[9],"[['firefighter', 'fire', 'emergency', 'disaster', 'management', 'wildfire', 'responder', 'community', 'agency', 'weather']]",[0.993],[0.926],[0.874],0.926,0.874,continued,,,,,
52,13.0,"['hostage', 'hamas', 'israel', 'antisemitism', 'terrorist', 'columbia', 'campus', 'university', 'gaza', 'home']",53,[13],"[['hostage', 'hamas', 'antisemitism', 'university', 'columbia', 'campus', 'jewish', 'israel', 'terrorist', 'student']]",[0.969],[0.629],[0.65],0.629,0.65,continued,,,,,
52,14.0,"['sanctuary', 'city', 'mayor', 'denver', 'mike', 'johnson', 'illegal', 'ice', 'law', 'boston']",53,[16],"[['sanctuary', 'city', 'mayor', 'denver', 'johnson', 'mike', 'illegal', 'ice', 'law', 'boston']]",[0.999],[0.922],[0.928],0.922,0.928,continued,,,,,
52,15.0,"['right', 'voting', 'lewis', 'john', 'advancement', 'bloody', 'selma', 'vote', 'sunday', 'march']",53,[5],"[['right', 'voting', 'lewis', 'john', 'bloody', 'selma', 'sunday', 'march', 'bridge', 'advancement']]",[0.983],[0.844],[0.556],0.844,0.556,continued,,,,,
52,16.0,"['education', 'mcmahon', 'linda', 'department', 'student', 'school', 'secretary', 'confirm', 'teacher', 'public']",53,[20],"[['education', 'student', 'department', 'school', 'mcmahon', 'linda', 'teacher', 'dismantle', 'kid', 'secretary']]",[0.982],[0.92],[1.155],0.92,1.155,continued,,,,,
52,17.0,"['town', 'hall', 'question', 'pm', 'join', 'telephone', 'host', 'march', 'rsvp', 'newsletter']",53,[17],"[['town', 'hall', 'pm', 'question', 'join', 'telephone', 'host', 'facebook', 'live', 'rsvp']]",[0.988],[0.861],[0.849],0.861,0.849,continued,,,,,
52,18.0,"['judge', 'court', 'law', 'order', 'judicial', 'pardon', 'impeach', 'donald', 'trump', 'january']",53,[32],"[['court', 'judge', 'law', 'order', 'judicial', 'constitution', 'must', 'rogue', 'donald', 'justice']]",[0.98],[0.854],[1.95],0.854,1.95,continued,,,,,
52,19.0,"['woman', 'history', 'month', 'womenshistorymonth', 'celebrate', 'honor', 'shape', 'contribution', 'march', 'inspire']",53,[8],"[['woman', 'internationalwomensday', 'international', 'celebrate', 'day', 'history', 'happy', 'fight', 'world', 'girl']]",[0.935],[0.897],[0.557],0.897,0.557,continued,,,,,
52,20.0,"['veteran', 'veterans', 'service', 'honor', 'benefit', 'war', 'support', 'vfw', 'member', 'nation']",53,[22],"[['veteran', 'veterans', 'vfw', 'service', 'support', 'benefit', 'nation', 'hero', 'meet', 'member']]",[0.996],[0.945],[1.13],0.945,1.13,continued,,,,,
52,21.0,"['student', 'young', 'school', 'future', 'leader', 'youth', 'high', 'meet', 'program', 'education']",53,[18],"[['student', 'young', 'school', 'leader', 'youth', 'future', 'program', 'meet', 'read', 'bright']]",[0.984],[0.925],[0.773],0.925,0.773,continued,,,,,
52,22.0,"['fentanyl', 'drug', 'cartel', 'flow', 'mexico', 'border', 'crisis', 'china', 'overdose', 'deadly']",53,[23],"[['fentanyl', 'drug', 'cartel', 'halt', 'overdose', 'border', 'flow', 'mexico', 'canada', 'crisis']]",[0.995],[0.935],[0.956],0.935,0.956,continued,,,,,
52,23.0,"['chinese', 'communist', 'china', 'panama', 'party', 'canal', 'screenact', 'influence', 'oscar', 'threat']",53,[21],"[['china', 'chinese', 'communist', 'panama', 'canal', 'farmland', 'party', 'threat', 'security', 'national']]",[0.986],[0.891],[0.837],0.891,0.837,continued,,,,,
52,24.0,"['cancer', 'health', 'institutes', 'research', 'of', 'disease', 'dr', 'national', 'patient', 'medical']",53,[19],"[['research', 'institutes', 'health', 'cancer', 'of', 'disease', 'national', 'funding', 'dr', 'medical']]",[0.981],[0.889],[0.655],0.889,0.655,continued,,,,,
52,25.0,"['censure', 'green', 'al', 'rep', 'behavior', 'house', 'decorum', 'vote', 'resolution', 'address']",53,[26],"[['censure', 'green', 'al', 'rep', 'behavior', 'decorum', 'house', 'vote', 'resolution', 'address']]",[0.999],[0.938],[0.962],0.938,0.962,continued,,,,,
52,26.0,"['lie', 'start', 'get', 'weird', 'enough', 'let', 'normalize', 'dumb', 'confirm', 'stuff']",53,[28],"[['get', 'start', 'weird', 'let', 'surprise', 'rapidresponse', 'really', 'thread', 'upgrade', 'fact']]",[0.97],[0.671],[0.757],0.671,0.757,continued,,,,,
52,27.0,"['democrats', 'cancer', 'democrat', 'stand', 'clap', 'survivor', 'old', 'party', 'refuse', 'dem']",53,[30],"[['democrats', 'cancer', 'democrat', 'stand', 'survivor', 'clap', 'old', 'refuse', 'party', 'dem']]",[0.991],[0.986],[1.141],0.986,1.141,continued,,,,,
52,28.0,"['tune', 'live', 'instagram', 'watch', 'youtu', 'si', 'et', 'cnn', 'kaitlancollin', 'full']",53,[34],"[['tune', 'instagram', 'live', 'watch', 'youtu', 'si', 'pm', 'full', 'rephuffman', 'repmikelevin']]",[0.991],[0.863],[1.086],0.863,1.086,continued,,,,,
52,29.0,"['agalanwilson', 'bennyjohnson', 'thank', 'correct', 'nancymace', 'gutfeldfox', 'jarvis', 'weare', 'eginne', 'wesleyhunttx']",53,[],[],[],[],[],0.0,0.0,disappeared,,,,,
52,30.0,"['ramadan', 'mubarak', 'reflection', 'holy', 'wish', 'month', 'muslim', 'observe', 'around', 'prayer']",53,[],[],[],[],[],0.0,0.0,disappeared,,,,,
52,31.0,"['proact', 'worker', 'union', 'right', 'pro', 'organize', 'labor', 'wage', 'condition', 'protect']",53,[25],"[['worker', 'proact', 'union', 'right', 'pro', 'organize', 'labor', 'wage', 'condition', 'protect']]",[0.998],[1.0],[0.807],1.0,0.807,continued,,,,,
52,32.0,"['happy', 'birthday', 'state', 'ohio', 'florida', 'sunshine', 'celebrate', 'th', 'year', 'day']",53,[],[],[],[],[],0.0,0.0,disappeared,,,,,
52,33.0,"['ash', 'wednesday', 'season', 'wish', 'dust', 'bless', 'lent', 'ashwednesday', 'reflection', 'lenten']",53,[29],"[['ash', 'wednesday', 'season', 'wish', 'faith', 'dust', 'reflection', 'bless', 'prayer', 'observe']]",[0.991],[0.982],[0.846],0.982,0.846,continued,,,,,
53,0.0,"['president', 'address', 'joint', 'america', 'donald', 'trump', 'tonight', 'american', 'congress', 'potus']",54,[31],"[['president', 'america', 'potus', 'first', 'realdonaldtrump', 'american', 'win', 'trump', 'donald', 'back']]",[0.91],[0.746],[7.95],0.746,7.95,continued,,,,,
53,1.0,"['tariff', 'price', 'cost', 'donald', 'trump', 'trade', 'canada', 'grocery', 'family', 'low']",54,[0],"[['tariff', 'price', 'donald', 'trump', 'trade', 'cost', 'economy', 'inflation', 'low', 'market']]",[0.969],[0.896],[1.285],0.896,1.285,continued,,,,,
53,2.0,"['medicaid', 'cut', 'republicans', 'tax', 'care', 'budget', 'health', 'republican', 'billionaire', 'medicare']",54,[5],"[['medicaid', 'care', 'health', 'cut', 'republicans', 'access', 'patient', 'budget', 'healthcare', 'republican']]",[0.954],[0.649],[1.237],0.649,1.237,continued,,,,,
53,3.0,"['vladimir', 'ukraine', 'putin', 'russia', 'ally', 'ukrainian', 'volodymyr', 'war', 'peace', 'zelensky']",54,[3],"[['vladimir', 'ukraine', 'putin', 'russia', 'peace', 'war', 'ukrainian', 'iran', 'russian', 'donald']]",[0.974],[0.928],[1.311],0.928,1.311,continued,,,,,
53,4.0,"['border', 'illegal', 'secure', 'joe', 'biden', 'crossing', 'president', 'immigration', 'alien', 'cbp']",54,[4],"[['border', 'illegal', 'joe', 'biden', 'alien', 'immigrant', 'cbp', 'secure', 'president', 'immigration']]",[0.976],[0.953],[1.312],0.953,1.312,continued,,,,,
53,5.0,"['right', 'voting', 'lewis', 'john', 'bloody', 'selma', 'sunday', 'march', 'bridge', 'advancement']",54,[8],"[['right', 'bloody', 'lewis', 'selma', 'sunday', 'john', 'bridge', 'voting', 'march', 'edmund']]",[0.975],[0.857],[1.038],0.857,1.038,continued,,,,,
53,6.0,"['energy', 'joe', 'biden', 'american', 'production', 'regulation', 'unleash', 'nuclear', 'climate', 'rule']",54,[7],"[['energy', 'environmental', 'water', 'protection', 'agency', 'biden', 'joe', 'wotus', 'rule', 'epaleezeldin']]",[0.9],[0.678],[0.726],0.678,0.726,continued,,,,,
53,9.0,"['firefighter', 'fire', 'emergency', 'disaster', 'management', 'wildfire', 'responder', 'community', 'agency', 'weather']",54,[17],"[['fire', 'firefighter', 'wildfire', 'emergency', 'disaster', 'management', 'responder', 'forest', 'agency', 'federal']]",[0.982],[0.874],[1.611],0.874,1.611,continued,,,,,
53,10.0,"['social', 'security', 'benefit', 'senior', 'musk', 'cut', 'earn', 'elon', 'lie', 'doge']",54,[11],"[['social', 'security', 'benefit', 'musk', 'earn', 'senior', 'elon', 'phone', 'doge', 'donald']]",[0.982],[0.965],[1.24],0.965,1.24,continued,,,,,
53,11.0,"['doge', 'waste', 'fraud', 'musk', 'elon', 'abuse', 'government', 'taxpayer', 'dollar', 'federal']",54,[32],"[['waste', 'fraud', 'abuse', 'doge', 'dollar', 'government', 'taxpayer', 'federal', 'billion', 'find']]",[0.924],[0.606],[2.0],0.606,2.0,continued,,,,,
53,12.0,"['farmer', 'farm', 'community', 'credit', 'county', 'local', 'business', 'discuss', 'rural', 'support']",54,"[13, 21]","[['mayor', 'great', 'city', 'community', 'discuss', 'business', 'county', 'local', 'economic', 'airport'], ['farmer', 'farm', 'agriculture', 'rural', 'producer', 'agricultural', 'secrollin', 'ag', 'corn', 'support']]","[0.923, 0.895]","[0.479, 0.344]","[0.667, 0.795]",0.823,1.462,split,,,,,
53,13.0,"['hostage', 'hamas', 'antisemitism', 'university', 'columbia', 'campus', 'jewish', 'israel', 'terrorist', 'student']",54,[9],"[['hamas', 'terrorist', 'university', 'antisemitism', 'campus', 'israel', 'jewish', 'columbia', 'student', 'antisemitic']]",[0.976],[0.811],[0.834],0.811,0.834,continued,,,,,
53,15.0,"['turner', 'sylvester', 'houston', 'pass', 'congressman', 'sadden', 'texas', 'friend', 'love', 'deeply']",54,[],[],[],[],[],0.0,0.0,disappeared,,,,,
53,16.0,"['sanctuary', 'city', 'mayor', 'denver', 'johnson', 'mike', 'illegal', 'ice', 'law', 'boston']",54,[4],"[['border', 'illegal', 'joe', 'biden', 'alien', 'immigrant', 'cbp', 'secure', 'president', 'immigration']]",[0.718],[0.493],[0.321],0.493,0.321,disappeared,,,,,
53,17.0,"['town', 'hall', 'pm', 'question', 'join', 'telephone', 'host', 'facebook', 'live', 'rsvp']",54,[6],"[['hall', 'town', 'tune', 'pm', 'join', 'question', 'live', 'rsvp', 'march', 'hear']]",[0.973],[0.835],[0.555],0.835,0.555,continued,,,,,
53,18.0,"['student', 'young', 'school', 'leader', 'youth', 'future', 'program', 'meet', 'read', 'bright']",54,[19],"[['student', 'young', 'scout', 'girl', 'great', 'leader', 'meet', 'youth', 'generation', 'program']]",[0.982],[0.922],[1.255],0.922,1.255,continued,,,,,
53,19.0,"['research', 'institutes', 'health', 'cancer', 'of', 'disease', 'national', 'funding', 'dr', 'medical']",54,[],[],[],[],[],0.0,0.0,disappeared,,,,,
53,20.0,"['education', 'student', 'department', 'school', 'mcmahon', 'linda', 'teacher', 'dismantle', 'kid', 'secretary']",54,[2],"[['education', 'department', 'student', 'school', 'teacher', 'child', 'kid', 'public', 'donald', 'trump']]",[0.966],[0.855],[0.333],0.855,0.333,disappeared,,,,,
53,21.0,"['china', 'chinese', 'communist', 'panama', 'canal', 'farmland', 'party', 'threat', 'security', 'national']",54,[22],"[['china', 'chinese', 'communist', 'national', 'party', 'security', 'farmland', 'threat', 'supply', 'chain']]",[0.963],[0.816],[1.039],0.816,1.039,continued,,,,,
53,23.0,"['fentanyl', 'drug', 'cartel', 'halt', 'overdose', 'border', 'flow', 'mexico', 'canada', 'crisis']",54,[34],"[['fentanyl', 'halt', 'act', 'drug', 'overdose', 'enforcement', 'senate', 'life', 'deadly', 'law']]",[0.941],[0.844],[1.462],0.844,1.462,continued,,,,,
53,24.0,"['shutdown', 'government', 'cr', 'democrats', 'shut', 'spending', 'republicans', 'vote', 'keep', 'want']",54,[],[],[],[],[],0.0,0.0,disappeared,,,,,
53,25.0,"['worker', 'proact', 'union', 'right', 'pro', 'organize', 'labor', 'wage', 'condition', 'protect']",54,[],[],[],[],[],0.0,0.0,disappeared,,,,,
53,26.0,"['censure', 'green', 'al', 'rep', 'behavior', 'decorum', 'house', 'vote', 'resolution', 'address']",54,[],[],[],[],[],0.0,0.0,disappeared,,,,,
53,27.0,"['iran', 'abbey', 'gate', 'terrorist', 'bombing', 'afghanistan', 'justice', 'iraq', 'iraqi', 'attack']",54,[],[],[],[],[],0.0,0.0,disappeared,,,,,
53,28.0,"['get', 'start', 'weird', 'let', 'surprise', 'rapidresponse', 'really', 'thread', 'upgrade', 'fact']",54,[15],"[['thank', 'gunthereagleman', 'repmtg', 'elisestefanik', 'well', 'confirm', 'speakerjohnson', 'eginne', 'elbridgecolby', 'reptroycarter']]",[0.892],[0.671],[0.385],0.671,0.385,disappeared,,,,,
53,29.0,"['ash', 'wednesday', 'season', 'wish', 'faith', 'dust', 'reflection', 'bless', 'prayer', 'observe']",54,[],[],[],[],[],0.0,0.0,disappeared,,,,,
53,30.0,"['democrats', 'cancer', 'democrat', 'stand', 'survivor', 'clap', 'old', 'refuse', 'party', 'dem']",54,[],[],[],[],[],0.0,0.0,disappeared,,,,,
53,31.0,"['worker', 'federal', 'merit', 'wilcox', 'employee', 'hochul', 'back', 'nlrb', 'labor', 'firing']",54,[16],"[['federal', 'worker', 'employee', 'fire', 'judge', 'reinstate', 'probationary', 'servant', 'court', 'thousand']]",[0.92],[0.836],[0.447],0.836,0.447,unclear,,,,,
53,32.0,"['court', 'judge', 'law', 'order', 'judicial', 'constitution', 'must', 'rogue', 'donald', 'justice']",54,[],[],[],[],[],0.0,0.0,disappeared,,,,,
53,33.0,"['investment', 'job', 'manufacturing', 'america', 'manufacture', 'invest', 'president', 'trillion', 'billion', 'company']",54,[],[],[],[],[],0.0,0.0,disappeared,,,,,
53,34.0,"['tune', 'instagram', 'live', 'watch', 'youtu', 'si', 'pm', 'full', 'rephuffman', 'repmikelevin']",54,[],[],[],[],[],0.0,0.0,disappeared,,,,,
53,,,54,,,,"[0.951, 0.814]","[0.645, 0.455]",1.765,1.1,merge,"[8, 14]","[['woman', 'internationalwomensday', 'international', 'celebrate', 'day', 'history', 'happy', 'fight', 'world', 'girl'], ['sport', 'woman', 'girl', 'man', 'female', 'compete', 'athlete', 'biological', 'male', 'common']]",1.0,"['woman', 'internationalwomensday', 'day', 'international', 'celebrate', 'history', 'fight', 'girl', 'honor', 'happy']","[0.985, 0.741]"
53,,,54,,,,"[0.924, 0.609]","[2.566, 0.737]",1.533,3.303,merge,"[7, 22]","[['veteran', 'va', 'fire', 'care', 'employee', 'cut', 'donald', 'serve', 'musk', 'trump'], ['veteran', 'veterans', 'vfw', 'service', 'support', 'benefit', 'nation', 'hero', 'meet', 'member']]",23.0,"['veteran', 'va', 'cut', 'employee', 'fire', 'donald', 'trump', 'care', 'firing', 'musk']","[0.992, 0.773]"
54,0.0,"['tariff', 'price', 'donald', 'trump', 'trade', 'cost', 'economy', 'inflation', 'low', 'market']",55,[0],"[['tariff', 'price', 'donald', 'trump', 'inflation', 'trade', 'economy', 'cost', 'market', 'stock']]",[0.994],[0.843],[0.951],0.843,0.951,continued,,,,,
54,1.0,"['woman', 'internationalwomensday', 'day', 'international', 'celebrate', 'history', 'fight', 'girl', 'honor', 'happy']",55,[14],"[['woman', 'nita', 'lowey', 'congresswoman', 'history', 'month', 'first', 'chair', 'committee', 'friend']]",[0.868],[0.799],[2.06],0.799,2.06,unclear,,,,,
54,2.0,"['education', 'department', 'student', 'school', 'teacher', 'child', 'kid', 'public', 'donald', 'trump']",55,[2],"[['education', 'department', 'student', 'school', 'child', 'teacher', 'kid', 'public', 'donald', 'trump']]",[0.999],[0.872],[0.875],0.872,0.875,continued,,,,,
54,3.0,"['vladimir', 'ukraine', 'putin', 'russia', 'peace', 'war', 'ukrainian', 'iran', 'russian', 'donald']",55,[5],"[['vladimir', 'ukraine', 'putin', 'russia', 'peace', 'war', 'ceasefire', 'russian', 'ukrainian', 'ronald']]",[0.975],[0.705],[0.979],0.705,0.979,continued,,,,,
54,4.0,"['border', 'illegal', 'joe', 'biden', 'alien', 'immigrant', 'cbp', 'secure', 'president', 'immigration']",55,[8],"[['illegal', 'border', 'alien', 'joe', 'biden', 'immigrant', 'arrest', 'president', 'criminal', 'ice']]",[0.983],[0.833],[1.175],0.833,1.175,continued,,,,,
54,5.0,"['medicaid', 'care', 'health', 'cut', 'republicans', 'access', 'patient', 'budget', 'healthcare', 'republican']",55,[10],"[['medicaid', 'care', 'health', 'cut', 'medicare', 'republicans', 'hospital', 'tax', 'plan', 'americans']]",[0.986],[0.681],[1.019],0.681,1.019,continued,,,,,
54,6.0,"['hall', 'town', 'tune', 'pm', 'join', 'question', 'live', 'rsvp', 'march', 'hear']",55,[1],"[['hall', 'town', 'pm', 'join', 'office', 'tune', 'march', 'host', 'question', 'rsvp']]",[0.972],[0.727],[0.462],0.727,0.462,unclear,,,,,
54,7.0,"['energy', 'environmental', 'water', 'protection', 'agency', 'biden', 'joe', 'wotus', 'rule', 'epaleezeldin']",55,[3],"[['energy', 'environmental', 'water', 'protection', 'agency', 'biden', 'joe', 'wotus', 'rule', 'climate']]",[0.996],[0.817],[0.647],0.817,0.647,continued,,,,,
54,8.0,"['right', 'bloody', 'lewis', 'selma', 'sunday', 'john', 'bridge', 'voting', 'march', 'edmund']",55,[],[],[],[],[],0.0,0.0,disappeared,,,,,
54,9.0,"['hamas', 'terrorist', 'university', 'antisemitism', 'campus', 'israel', 'jewish', 'columbia', 'student', 'antisemitic']",55,[13],"[['hamas', 'israel', 'campus', 'jewish', 'terrorist', 'university', 'antisemitism', 'student', 'columbia', 'antisemitic']]",[0.989],[0.886],[1.292],0.886,1.292,continued,,,,,
54,10.0,"['shutdown', 'government', 'democrats', 'senate', 'shut', 'house', 'republicans', 'vote', 'bill', 'cr']",55,[19],"[['shutdown', 'government', 'shut', 'democrats', 'want', 'senate', 'democrat', 'american', 'vote', 'would']]",[0.946],[0.545],[0.978],0.545,0.978,continued,,,,,
54,11.0,"['social', 'security', 'benefit', 'musk', 'earn', 'senior', 'elon', 'phone', 'doge', 'donald']",55,[7],"[['social', 'security', 'benefit', 'musk', 'earn', 'elon', 'senior', 'donald', 'phone', 'doge']]",[0.997],[0.903],[0.832],0.903,0.832,continued,,,,,
54,12.0,"['grijalva', 'ra', 'sadden', 'friend', 'family', 'arizona', 'love', 'pass', 'congressman', 'deeply']",55,[6],"[['grijalva', 'ra', 'arizona', 'sadden', 'friend', 'congressman', 'pass', 'family', 'champion', 'love']]",[0.996],[0.83],[0.694],0.83,0.694,continued,,,,,
54,13.0,"['mayor', 'great', 'city', 'community', 'discuss', 'business', 'county', 'local', 'economic', 'airport']",55,[17],"[['mayor', 'city', 'local', 'discuss', 'great', 'community', 'county', 'washington', 'meet', 'airport']]",[0.975],[0.812],[1.067],0.812,1.067,continued,,,,,
54,14.0,"['musk', 'elon', 'blank', 'republicans', 'bill', 'check', 'republican', 'funding', 'donald', 'vote']",55,[4],"[['musk', 'elon', 'bill', 'blank', 'republicans', 'donald', 'check', 'trump', 'vote', 'republican']]",[0.993],[0.872],[0.568],0.872,0.568,continued,,,,,
54,15.0,"['thank', 'gunthereagleman', 'repmtg', 'elisestefanik', 'well', 'confirm', 'speakerjohnson', 'eginne', 'elbridgecolby', 'reptroycarter']",55,[9],"[['thank', 'third', 'gunthereagleman', 'poll', 'multiple', 'agree', 'really', 'fact', 'true', 'well']]",[0.969],[0.689],[0.515],0.689,0.515,continued,,,,,
54,16.0,"['federal', 'worker', 'employee', 'fire', 'judge', 'reinstate', 'probationary', 'servant', 'court', 'thousand']",55,[15],"[['federal', 'employee', 'fire', 'worker', 'probationary', 'reinstate', 'servant', 'court', 'judge', 'thousand']]",[0.994],[0.912],[0.945],0.912,0.945,continued,,,,,
54,17.0,"['fire', 'firefighter', 'wildfire', 'emergency', 'disaster', 'management', 'responder', 'forest', 'agency', 'federal']",55,[25],"[['fire', 'management', 'wildfire', 'emergency', 'firefighter', 'agency', 'disaster', 'federal', 'forest', 'community']]",[0.986],[0.889],[1.143],0.889,1.143,continued,,,,,
54,18.0,"['spending', 'cr', 'government', 'president', 'agenda', 'continue', 'first', 'deliver', 'keep', 'america']",55,[11],"[['agenda', 'government', 'president', 'spending', 'cr', 'deliver', 'continue', 'keep', 'first', 'america']]",[0.994],[0.99],[0.673],0.99,0.673,continued,,,,,
54,19.0,"['student', 'young', 'scout', 'girl', 'great', 'leader', 'meet', 'youth', 'generation', 'program']",55,[21],"[['student', 'scout', 'girl', 'young', 'school', 'youth', 'leader', 'future', 'generation', 'meet']]",[0.984],[0.894],[0.933],0.894,0.933,continued,,,,,
54,20.0,"['secretary', 'labor', 'confirm', 'deremer', 'chavez', 'lchavezderemer', 'lori', 'congratulation', 'cabinet', 'friend']",55,[18],"[['secretary', 'labor', 'confirm', 'congratulation', 'lchavezderemer', 'lori', 'deremer', 'chavez', 'deputy', 'friend']]",[0.993],[0.898],[0.832],0.898,0.832,continued,,,,,
54,21.0,"['farmer', 'farm', 'agriculture', 'rural', 'producer', 'agricultural', 'secrollin', 'ag', 'corn', 'support']",55,[24],"[['farmer', 'farm', 'agriculture', 'producer', 'rural', 'agricultural', 'industry', 'secrollin', 'ag', 'crop']]",[0.989],[0.928],[0.906],0.928,0.906,continued,,,,,
54,22.0,"['china', 'chinese', 'communist', 'national', 'party', 'security', 'farmland', 'threat', 'supply', 'chain']",55,[12],"[['china', 'chinese', 'communist', 'party', 'national', 'threat', 'security', 'counter', 'farmland', 'adversary']]",[0.983],[0.87],[0.528],0.87,0.528,continued,,,,,
54,23.0,"['veteran', 'va', 'cut', 'employee', 'fire', 'donald', 'trump', 'care', 'firing', 'musk']",55,[34],"[['veteran', 'va', 'cut', 'fire', 'care', 'vet', 'employee', 'trump', 'musk', 'donald']]",[0.987],[0.974],[1.213],0.974,1.213,continued,,,,,
54,24.0,"['extension', 'four', 'funding', 'ready', 'week', 'harmful', 'agreement', 'reach', 'friday', 'bipartisan']",55,[29],"[['extension', 'four', 'ready', 'funding', 'week', 'agreement', 'harmful', 'reach', 'friday', 'bipartisan']]",[1.0],[0.973],[1.029],0.973,1.029,continued,,,,,
54,25.0,"['veteran', 'bill', 'republicans', 'vote', 'cut', 'housing', 'funding', 'benefit', 'house', 'healthcare']",55,[30],"[['veteran', 'bill', 'cut', 'benefit', 'republicans', 'housing', 'senior', 'care', 'funding', 'vote']]",[0.995],[0.931],[0.985],0.931,0.985,continued,,,,,
54,26.0,"['digital', 'stablecoin', 'bitcoin', 'financial', 'crypto', 'asset', 'innovation', 'cbdc', 'act', 'privacy']",55,[38],"[['stablecoin', 'bitcoin', 'digital', 'asset', 'genius', 'financial', 'innovation', 'act', 'reserve', 'framework']]",[0.987],[0.903],[1.25],0.903,1.25,continued,,,,,
54,27.0,"['art', 'competition', 'congressional', 'submit', 'april', 'submission', 'artwork', 'artist', 'high', 'display']",55,[32],"[['art', 'competition', 'congressional', 'submit', 'submission', 'artwork', 'april', 'artist', 'high', 'display']]",[0.996],[0.928],[0.985],0.928,0.985,continued,,,,,
54,28.0,"['khalil', 'mahmoud', 'speech', 'amendment', 'free', 'legal', 'resident', 'first', 'arrest', 'right']",55,[26],"[['khalil', 'mahmoud', 'speech', 'amendment', 'legal', 'free', 'resident', 'right', 'arrest', 'detain']]",[0.996],[0.924],[0.753],0.924,0.753,continued,,,,,
54,29.0,"['tournament', 'congratulation', 'basketball', 'championship', 'ncaa', 'win', 'coach', 'luck', 'season', 'title']",55,[16],"[['championship', 'congratulation', 'tournament', 'basketball', 'win', 'title', 'game', 'ncaa', 'team', 'coach']]",[0.983],[0.924],[0.575],0.924,0.575,continued,,,,,
54,30.0,"['office', 'help', 'team', 'hour', 'agency', 'passport', 'mobile', 'federal', 'please', 'district']",55,[],[],[],[],[],0.0,0.0,disappeared,,,,,
54,31.0,"['president', 'america', 'potus', 'first', 'realdonaldtrump', 'american', 'win', 'trump', 'donald', 'back']",55,[],[],[],[],[],0.0,0.0,disappeared,,,,,
54,32.0,"['waste', 'fraud', 'abuse', 'doge', 'dollar', 'government', 'taxpayer', 'federal', 'billion', 'find']",55,[31],"[['waste', 'doge', 'musk', 'abuse', 'fraud', 'elon', 'corruption', 'dollar', 'government', 'taxpayer']]",[0.939],[0.9],[0.806],0.9,0.806,continued,,,,,
54,33.0,"['schumer', 'schumershutdown', 'shutdown', 'chuck', 'democrats', 'government', 'shut', 'senate', 'appropriation', 'senator']",55,[22],"[['schumer', 'schumershutdown', 'shutdown', 'chuck', 'democrats', 'government', 'senate', 'senator', 'shut', 'appropriation']]",[0.994],[0.983],[0.659],0.983,0.659,continued,,,,,
54,34.0,"['fentanyl', 'halt', 'act', 'drug', 'overdose', 'enforcement', 'senate', 'life', 'deadly', 'law']",55,[23],"[['fentanyl', 'halt', 'act', 'drug', 'enforcement', 'law', 'deadly', 'pass', 'senate', 'tool']]",[0.991],[0.962],[0.575],0.962,0.575,continued,,,,,
55,0.0,"['tariff', 'price', 'donald', 'trump', 'inflation', 'trade', 'economy', 'cost', 'market', 'stock']",56,[18],"[['tariff', 'trade', 'donald', 'trump', 'business', 'cost', 'canada', 'war', 'price', 'president']]",[0.949],[0.728],[2.008],0.728,2.008,continued,,,,,
55,1.0,"['hall', 'town', 'pm', 'join', 'office', 'tune', 'march', 'host', 'question', 'rsvp']",56,[4],"[['hall', 'town', 'join', 'tune', 'pm', 'facebook', 'rsvp', 'hear', 'person', 'host']]",[0.977],[0.632],[0.73],0.632,0.73,continued,,,,,
55,2.0,"['education', 'department', 'student', 'school', 'child', 'teacher', 'kid', 'public', 'donald', 'trump']",56,[17],"[['education', 'department', 'student', 'school', 'child', 'kid', 'public', 'donald', 'trump', 'teacher']]",[0.985],[0.843],[1.809],0.843,1.809,continued,,,,,
55,3.0,"['energy', 'environmental', 'water', 'protection', 'agency', 'biden', 'joe', 'wotus', 'rule', 'climate']",56,[3],"[['energy', 'gas', 'price', 'water', 'protection', 'environmental', 'joe', 'biden', 'agency', 'unleash']]",[0.946],[0.775],[0.627],0.775,0.627,continued,,,,,
55,4.0,"['musk', 'elon', 'bill', 'blank', 'republicans', 'donald', 'check', 'trump', 'vote', 'republican']",56,[],[],[],[],[],0.0,0.0,disappeared,,,,,
55,5.0,"['vladimir', 'ukraine', 'putin', 'russia', 'peace', 'war', 'ceasefire', 'russian', 'ukrainian', 'ronald']",56,[12],"[['vladimir', 'ukraine', 'putin', 'russia', 'peace', 'war', 'russian', 'ukrainian', 'ronald', 'ceasefire']]",[0.993],[0.926],[1.06],0.926,1.06,continued,,,,,
55,6.0,"['grijalva', 'ra', 'arizona', 'sadden', 'friend', 'congressman', 'pass', 'family', 'champion', 'love']",56,[8],"[['grijalva', 'ra', 'pass', 'arizona', 'friend', 'sadden', 'congressman', 'family', 'love', 'champion']]",[0.999],[0.929],[0.919],0.929,0.919,continued,,,,,
55,7.0,"['social', 'security', 'benefit', 'musk', 'earn', 'elon', 'senior', 'donald', 'phone', 'doge']",56,[14],"[['social', 'security', 'benefit', 'musk', 'senior', 'earn', 'phone', 'elon', 'doge', 'cut']]",[0.979],[0.922],[1.048],0.922,1.048,continued,,,,,
55,8.0,"['illegal', 'border', 'alien', 'joe', 'biden', 'immigrant', 'arrest', 'president', 'criminal', 'ice']",56,[5],"[['border', 'illegal', 'alien', 'donald', 'criminal', 'trump', 'deport', 'president', 'gang', 'law']]",[0.978],[0.94],[0.639],0.94,0.639,continued,,,,,
55,9.0,"['thank', 'third', 'gunthereagleman', 'poll', 'multiple', 'agree', 'really', 'fact', 'true', 'well']",56,[10],"[['thank', 'third', 'poll', 'mute', 'multiple', 'nice', 'fact', 'good', 'say', 'agree']]",[0.979],[0.656],[0.608],0.656,0.608,continued,,,,,
55,10.0,"['medicaid', 'care', 'health', 'cut', 'medicare', 'republicans', 'hospital', 'tax', 'plan', 'americans']",56,[],[],[],[],[],0.0,0.0,disappeared,,,,,
55,11.0,"['agenda', 'government', 'president', 'spending', 'cr', 'deliver', 'continue', 'keep', 'first', 'america']",56,[],[],[],[],[],0.0,0.0,disappeared,,,,,
55,12.0,"['china', 'chinese', 'communist', 'party', 'national', 'threat', 'security', 'counter', 'farmland', 'adversary']",56,[22],"[['chinese', 'communist', 'china', 'party', 'national', 'communism', 'counter', 'security', 'adversary', 'ai']]",[0.977],[0.764],[0.951],0.764,0.951,continued,,,,,
55,13.0,"['hamas', 'israel', 'campus', 'jewish', 'terrorist', 'university', 'antisemitism', 'student', 'columbia', 'antisemitic']",56,[15],"[['hamas', 'israel', 'hostage', 'gaza', 'terrorist', 'benjamin', 'ceasefire', 'jewish', 'anti', 'israeli']]",[0.926],[0.792],[0.674],0.792,0.674,continued,,,,,
55,14.0,"['woman', 'nita', 'lowey', 'congresswoman', 'history', 'month', 'first', 'chair', 'committee', 'friend']",56,"[26, 31]","[['woman', 'history', 'month', 'honor', 'womenshistorymonth', 'islands', 'virgin', 'community', 'dedication', 'present'], ['nita', 'lowey', 'congresswoman', 'woman', 'appropriations', 'committee', 'friend', 'york', 'chair', 'former']]","[0.907, 0.905]","[0.526, 0.397]","[0.859, 0.836]",0.922,1.696,split,,,,,
55,15.0,"['federal', 'employee', 'fire', 'worker', 'probationary', 'reinstate', 'servant', 'court', 'judge', 'thousand']",56,[13],"[['federal', 'employee', 'worker', 'fire', 'musk', 'donald', 'trump', 'probationary', 'reinstate', 'court']]",[0.973],[0.927],[0.65],0.927,0.65,continued,,,,,
55,16.0,"['championship', 'congratulation', 'tournament', 'basketball', 'win', 'title', 'game', 'ncaa', 'team', 'coach']",56,[16],"[['basketball', 'championship', 'congratulation', 'tournament', 'win', 'team', 'ncaa', 'bracket', 'madness', 'game']]",[0.987],[0.849],[0.667],0.849,0.667,continued,,,,,
55,17.0,"['mayor', 'city', 'local', 'discuss', 'great', 'community', 'county', 'washington', 'meet', 'airport']",56,[7],"[['office', 'mayor', 'discuss', 'great', 'business', 'city', 'community', 'local', 'help', 'meet']]",[0.949],[0.914],[0.487],0.914,0.487,unclear,,,,,
55,18.0,"['secretary', 'labor', 'confirm', 'congratulation', 'lchavezderemer', 'lori', 'deremer', 'chavez', 'deputy', 'friend']",56,[],[],[],[],[],0.0,0.0,disappeared,,,,,
55,19.0,"['shutdown', 'government', 'shut', 'democrats', 'want', 'senate', 'democrat', 'american', 'vote', 'would']",56,[],[],[],[],[],0.0,0.0,disappeared,,,,,
55,20.0,"['bill', 'spending', 'vote', 'republican', 'partisan', 'funding', 'republicans', 'senate', 'house', 'statement']",56,[],[],[],[],[],0.0,0.0,disappeared,,,,,
55,21.0,"['student', 'scout', 'girl', 'young', 'school', 'youth', 'leader', 'future', 'generation', 'meet']",56,[21],"[['student', 'school', 'future', 'education', 'young', 'stem', 'visit', 'bright', 'opportunity', 'high']]",[0.963],[0.778],[0.667],0.778,0.667,continued,,,,,
55,22.0,"['schumer', 'schumershutdown', 'shutdown', 'chuck', 'democrats', 'government', 'senate', 'senator', 'shut', 'appropriation']",56,[],[],[],[],[],0.0,0.0,disappeared,,,,,
55,23.0,"['fentanyl', 'halt', 'act', 'drug', 'enforcement', 'law', 'deadly', 'pass', 'senate', 'tool']",56,[25],"[['fentanyl', 'halt', 'act', 'drug', 'pass', 'senate', 'enforcement', 'law', 'deadly', 'tool']]",[0.996],[0.977],[1.181],0.977,1.181,continued,,,,,
55,24.0,"['farmer', 'farm', 'agriculture', 'producer', 'rural', 'agricultural', 'industry', 'secrollin', 'ag', 'crop']",56,[],[],[],[],[],0.0,0.0,disappeared,,,,,
55,26.0,"['khalil', 'mahmoud', 'speech', 'amendment', 'legal', 'free', 'resident', 'right', 'arrest', 'detain']",56,[],[],[],[],[],0.0,0.0,disappeared,,,,,
55,27.0,"['holi', 'color', 'celebrate', 'festival', 'happy', 'joy', 'may', 'wish', 'hope', 'bring']",56,[20],"[['holi', 'celebrate', 'color', 'festival', 'happy', 'purim', 'joy', 'wish', 'may', 'hope']]",[0.972],[0.949],[0.655],0.949,0.655,continued,,,,,
55,29.0,"['extension', 'four', 'ready', 'funding', 'week', 'agreement', 'harmful', 'reach', 'friday', 'bipartisan']",56,[],[],[],[],[],0.0,0.0,disappeared,,,,,
55,30.0,"['veteran', 'bill', 'cut', 'benefit', 'republicans', 'housing', 'senior', 'care', 'funding', 'vote']",56,[],[],[],[],[],0.0,0.0,disappeared,,,,,
55,31.0,"['waste', 'doge', 'musk', 'abuse', 'fraud', 'elon', 'corruption', 'dollar', 'government', 'taxpayer']",56,[],[],[],[],[],0.0,0.0,disappeared,,,,,
55,32.0,"['art', 'competition', 'congressional', 'submit', 'submission', 'artwork', 'april', 'artist', 'high', 'display']",56,[28],"[['competition', 'art', 'congressional', 'artwork', 'submit', 'high', 'student', 'artist', 'april', 'display']]",[0.995],[0.954],[0.899],0.954,0.899,continued,,,,,
55,33.0,"['food', 'bank', 'local', 'usda', 'school', 'farmer', 'hungry', 'program', 'kid', 'feed']",56,[30],"[['food', 'school', 'bank', 'hungry', 'program', 'usda', 'local', 'farmer', 'child', 'meal']]",[0.98],[0.984],[1.088],0.984,1.088,continued,,,,,
55,34.0,"['veteran', 'va', 'cut', 'fire', 'care', 'vet', 'employee', 'trump', 'musk', 'donald']",56,[27],"[['veteran', 'va', 'employee', 'care', 'fire', 'benefit', 'deserve', 'serve', 'service', 'put']]",[0.977],[0.967],[0.843],0.967,0.843,continued,,,,,
55,35.0,"['care', 'health', 'patient', 'access', 'medical', 'improve', 'healthcare', 'shortage', 'quality', 'provider']",56,[],[],[],[],[],0.0,0.0,disappeared,,,,,
55,36.0,"['service', 'dog', 'veteran', 'veteransday', 'honor', 'nation', 'history', 'legion', 'military', 'veterans']",56,[19],"[['veteran', 'service', 'military', 'honor', 'dog', 'guard', 'serve', 'legion', 'veteransday', 'nation']]",[0.947],[0.772],[0.386],0.772,0.386,disappeared,,,,,
55,37.0,"['iran', 'houthis', 'houthi', 'terrorist', 'isis', 'decisive', 'iranian', 'president', 'attack', 'sea']",56,[23],"[['iran', 'houthis', 'president', 'terrorist', 'houthi', 'trump', 'donald', 'iranian', 'attack', 'isis']]",[0.991],[0.962],[0.593],0.962,0.593,continued,,,,,
55,38.0,"['stablecoin', 'bitcoin', 'digital', 'asset', 'genius', 'financial', 'innovation', 'act', 'reserve', 'framework']",56,[],[],[],[],[],0.0,0.0,disappeared,,,,,
55,,,56,,,,"[0.702, 0.958]","[0.333, 0.384]",1.66,0.718,merge,"[25, 28]","[['fire', 'management', 'wildfire', 'emergency', 'firefighter', 'agency', 'disaster', 'federal', 'forest', 'community'], ['weather', 'storm', 'severe', 'stay', 'tornado', 'please', 'local', 'safe', 'aware', 'pray']]",9.0,"['weather', 'storm', 'emergency', 'fire', 'severe', 'stay', 'tornado', 'please', 'wildfire', 'damage']","[0.875, 0.919]"
56,0.0,"['vote', 'government', 'democrats', 'bill', 'senate', 'shutdown', 'funding', 'house', 'republican', 'republicans']",57,[19],"[['democrats', 'house', 'republicans', 'people', 'government', 'party', 'work', 'agenda', 'money', 'american']]",[0.916],[0.765],[7.587],0.765,7.587,continued,,,,,
56,1.0,"['medicaid', 'care', 'health', 'cut', 'republicans', 'patient', 'healthcare', 'tax', 'billionaire', 'fight']",57,[2],"[['medicaid', 'care', 'health', 'cut', 'republicans', 'republican', 'fight', 'healthcare', 'tax', 'rely']]",[0.996],[0.797],[0.898],0.797,0.898,continued,,,,,
56,2.0,"['farmer', 'agriculture', 'ag', 'producer', 'feed', 'day', 'national', 'rancher', 'nationalagday', 'farm']",57,[4],"[['farmer', 'agriculture', 'food', 'feed', 'ag', 'day', 'national', 'producer', 'farm', 'rancher']]",[0.993],[0.887],[0.735],0.887,0.735,continued,,,,,
56,3.0,"['energy', 'gas', 'price', 'water', 'protection', 'environmental', 'joe', 'biden', 'agency', 'unleash']",57,[11],"[['energy', 'gas', 'joe', 'biden', 'price', 'american', 'unleash', 'lng', 'president', 'production']]",[0.952],[0.597],[1.136],0.597,1.136,continued,,,,,
56,4.0,"['hall', 'town', 'join', 'tune', 'pm', 'facebook', 'rsvp', 'hear', 'person', 'host']",57,[3],"[['hall', 'town', 'join', 'pm', 'tune', 'question', 'office', 'tonight', 'night', 'rsvp']]",[0.989],[0.804],[0.508],0.804,0.508,continued,,,,,
56,5.0,"['border', 'illegal', 'alien', 'donald', 'criminal', 'trump', 'deport', 'president', 'gang', 'law']",57,[6],"[['border', 'criminal', 'donald', 'alien', 'trump', 'deport', 'gang', 'illegal', 'president', 'de']]",[0.989],[0.914],[0.941],0.914,0.941,continued,,,,,
56,6.0,"['patrick', 'st', 'day', 'happy', 'irish', 'celebrate', 'wish', 'parade', 'ireland', 'everyone']",57,[8],"[['patrick', 'st', 'day', 'happy', 'irish', 'wish', 'celebrate', 'everyone', 'luck', 'parade']]",[0.999],[0.918],[0.99],0.918,0.99,continued,,,,,
56,7.0,"['office', 'mayor', 'discuss', 'great', 'business', 'city', 'community', 'local', 'help', 'meet']",57,[],[],[],[],[],0.0,0.0,disappeared,,,,,
56,9.0,"['weather', 'storm', 'emergency', 'fire', 'severe', 'stay', 'tornado', 'please', 'wildfire', 'damage']",57,[10],"[['emergency', 'fire', 'storm', 'wildfire', 'management', 'damage', 'firefighter', 'community', 'recovery', 'tornado']]",[0.976],[0.96],[0.971],0.96,0.971,continued,,,,,
56,10.0,"['thank', 'third', 'poll', 'mute', 'multiple', 'nice', 'fact', 'good', 'say', 'agree']",57,[12],"[['donjbacon', 'danielle', 'beard', 'petericketts', 'vet', 'repadriansmith', 'senatorfischer', 'usrepmikeflood', 'tweeplebug', 'coclarifie']]",[0.953],[0.523],[0.634],0.523,0.634,continued,,,,,
56,11.0,"['judge', 'activist', 'impeach', 'court', 'impeachment', 'donald', 'president', 'boasberg', 'trump', 'swat']",57,[9],"[['judge', 'activist', 'court', 'impeach', 'constitution', 'impeachment', 'president', 'donald', 'trump', 'power']]",[0.974],[0.749],[0.681],0.749,0.681,continued,,,,,
56,12.0,"['vladimir', 'ukraine', 'putin', 'russia', 'peace', 'war', 'russian', 'ukrainian', 'ronald', 'ceasefire']",57,[17],"[['vladimir', 'ukraine', 'putin', 'russia', 'ukrainian', 'war', 'russian', 'peace', 'ceasefire', 'donald']]",[0.988],[0.928],[1.604],0.928,1.604,continued,,,,,
56,13.0,"['federal', 'employee', 'worker', 'fire', 'musk', 'donald', 'trump', 'probationary', 'reinstate', 'court']",57,[],[],[],[],[],0.0,0.0,disappeared,,,,,
56,14.0,"['social', 'security', 'benefit', 'musk', 'senior', 'earn', 'phone', 'elon', 'doge', 'cut']",57,[5],"[['social', 'security', 'musk', 'elon', 'benefit', 'doge', 'donald', 'senior', 'trump', 'earn']]",[0.961],[0.912],[0.429],0.912,0.429,unclear,,,,,
56,15.0,"['hamas', 'israel', 'hostage', 'gaza', 'terrorist', 'benjamin', 'ceasefire', 'jewish', 'anti', 'israeli']",57,[18],"[['israel', 'hamas', 'hostage', 'gaza', 'ceasefire', 'benjamin', 'must', 'war', 'netanyahu', 'release']]",[0.934],[0.667],[1.022],0.667,1.022,continued,,,,,
56,16.0,"['basketball', 'championship', 'congratulation', 'tournament', 'win', 'team', 'ncaa', 'bracket', 'madness', 'game']",57,[7],"[['marchmadness', 'basketball', 'madness', 'win', 'championship', 'tournament', 'congratulation', 'march', 'bracket', 'go']]",[0.979],[0.859],[0.532],0.859,0.532,continued,,,,,
56,17.0,"['education', 'department', 'student', 'school', 'child', 'kid', 'public', 'donald', 'trump', 'teacher']",57,[],[],[],[],[],0.0,0.0,disappeared,,,,,
56,18.0,"['tariff', 'trade', 'donald', 'trump', 'business', 'cost', 'canada', 'war', 'price', 'president']",57,[14],"[['tariff', 'donald', 'trump', 'trade', 'canada', 'business', 'american', 'cost', 'president', 'price']]",[0.992],[0.968],[1.071],0.968,1.071,continued,,,,,
56,19.0,"['veteran', 'service', 'military', 'honor', 'dog', 'guard', 'serve', 'legion', 'veteransday', 'nation']",57,[16],"[['veteran', 'va', 'care', 'serve', 'deserve', 'fire', 'military', 'employee', 'donald', 'benefit']]",[0.79],[0.395],[0.429],0.395,0.429,disappeared,,,,,
56,20.0,"['holi', 'celebrate', 'color', 'festival', 'happy', 'purim', 'joy', 'wish', 'may', 'hope']",57,[],[],[],[],[],0.0,0.0,disappeared,,,,,
56,21.0,"['student', 'school', 'future', 'education', 'young', 'stem', 'visit', 'bright', 'opportunity', 'high']",57,[],[],[],[],[],0.0,0.0,disappeared,,,,,
56,22.0,"['chinese', 'communist', 'china', 'party', 'national', 'communism', 'counter', 'security', 'adversary', 'ai']",57,[22],"[['china', 'chinese', 'communist', 'party', 'briefing', 'interest', 'national', 'adversary', 'security', 'must']]",[0.97],[0.843],[1.41],0.843,1.41,continued,,,,,
56,23.0,"['iran', 'houthis', 'president', 'terrorist', 'houthi', 'trump', 'donald', 'iranian', 'attack', 'isis']",57,[],[],[],[],[],0.0,0.0,disappeared,,,,,
56,24.0,"['astronaut', 'home', 'welcome', 'spacex', 'butch', 'suni', 'space', 'nasa', 'crew', 'earth']",57,[15],"[['home', 'welcome', 'astronaut', 'spacex', 'butch', 'suni', 'space', 'nasa', 'earth', 'crew']]",[0.983],[0.975],[0.745],0.975,0.745,continued,,,,,
56,25.0,"['fentanyl', 'halt', 'act', 'drug', 'pass', 'senate', 'enforcement', 'law', 'deadly', 'tool']",57,[],[],[],[],[],0.0,0.0,disappeared,,,,,
56,27.0,"['veteran', 'va', 'employee', 'care', 'fire', 'benefit', 'deserve', 'serve', 'service', 'put']",57,[16],"[['veteran', 'va', 'care', 'serve', 'deserve', 'fire', 'military', 'employee', 'donald', 'benefit']]",[0.986],[0.986],[0.657],0.986,0.657,continued,,,,,
56,28.0,"['competition', 'art', 'congressional', 'artwork', 'submit', 'high', 'student', 'artist', 'april', 'display']",57,[20],"[['art', 'competition', 'congressional', 'artwork', 'capitol', 'submit', 'display', 'submission', 'high', 'artist']]",[0.996],[0.928],[0.853],0.928,0.853,continued,,,,,
56,29.0,"['erase', 'history', 'hero', 'military', 'wwii', 'dei', 'website', 'black', 'code', 'navajo']",57,[21],"[['erase', 'history', 'dei', 'military', 'hero', 'wwii', 'jackie', 'robinson', 'website', 'serve']]",[0.992],[0.938],[0.845],0.938,0.845,continued,,,,,
56,30.0,"['food', 'school', 'bank', 'hungry', 'program', 'usda', 'local', 'farmer', 'child', 'meal']",57,[],[],[],[],[],0.0,0.0,disappeared,,,,,
56,,,57,,,,"[0.735, 0.859, 0.964]","[1.038, 0.466, 0.405]",2.558,1.908,merge,"[8, 26, 31]","[['grijalva', 'ra', 'pass', 'arizona', 'friend', 'sadden', 'congressman', 'family', 'love', 'champion'], ['woman', 'history', 'month', 'honor', 'womenshistorymonth', 'islands', 'virgin', 'community', 'dedication', 'present'], ['nita', 'lowey', 'congresswoman', 'woman', 'appropriations', 'committee', 'friend', 'york', 'chair', 'former']]",13.0,"['woman', 'nita', 'lowey', 'friend', 'history', 'congresswoman', 'month', 'chair', 'pass', 'committee']","[0.74, 0.891, 0.926]"
57,0.0,"['education', 'department', 'student', 'school', 'donald', 'trump', 'child', 'dismantle', 'kid', 'order']",58,[0],"[['education', 'department', 'student', 'school', 'donald', 'trump', 'child', 'dismantle', 'teacher', 'order']]",[0.997],[0.808],[0.823],0.808,0.823,continued,,,,,
57,1.0,"['great', 'community', 'county', 'visit', 'thank', 'meet', 'work', 'honor', 'student', 'housing']",58,[7],"[['county', 'housing', 'business', 'community', 'mayor', 'development', 'meet', 'great', 'discuss', 'local']]",[0.943],[0.467],[1.116],0.467,1.116,unclear,,,,,
57,2.0,"['medicaid', 'care', 'health', 'cut', 'republicans', 'republican', 'fight', 'healthcare', 'tax', 'rely']",58,[9],"[['medicaid', 'cut', 'care', 'health', 'republicans', 'would', 'republican', 'tax', 'fight', 'healthcare']]",[0.991],[0.745],[1.957],0.745,1.957,continued,,,,,
57,3.0,"['hall', 'town', 'join', 'pm', 'tune', 'question', 'office', 'tonight', 'night', 'rsvp']",58,[3],"[['hall', 'town', 'tune', 'join', 'pm', 'question', 'live', 'hear', 'tonight', 'night']]",[0.988],[0.685],[0.966],0.685,0.966,continued,,,,,
57,4.0,"['farmer', 'agriculture', 'food', 'feed', 'ag', 'day', 'national', 'producer', 'farm', 'rancher']",58,[17],"[['farmer', 'farm', 'agriculture', 'producer', 'ag', 'rancher', 'feed', 'industry', 'beef', 'nationalagweek']]",[0.962],[0.815],[2.472],0.815,2.472,continued,,,,,
57,5.0,"['social', 'security', 'musk', 'elon', 'benefit', 'doge', 'donald', 'senior', 'trump', 'earn']",58,[1],"[['social', 'security', 'musk', 'benefit', 'doge', 'elon', 'senior', 'donald', 'trump', 'cut']]",[0.99],[0.776],[0.634],0.776,0.634,continued,,,,,
57,6.0,"['border', 'criminal', 'donald', 'alien', 'trump', 'deport', 'gang', 'illegal', 'president', 'de']",58,[4],"[['border', 'illegal', 'criminal', 'alien', 'immigration', 'trump', 'donald', 'law', 'deport', 'biden']]",[0.985],[0.928],[0.876],0.928,0.876,continued,,,,,
57,7.0,"['marchmadness', 'basketball', 'madness', 'win', 'championship', 'tournament', 'congratulation', 'march', 'bracket', 'go']",58,[5],"[['marchmadness', 'championship', 'madness', 'win', 'congratulation', 'go', 'basketball', 'luck', 'ncaa', 'march']]",[0.99],[0.807],[0.775],0.807,0.775,continued,,,,,
57,8.0,"['patrick', 'st', 'day', 'happy', 'irish', 'wish', 'celebrate', 'everyone', 'luck', 'parade']",58,[25],"[['nowruz', 'celebrate', 'happy', 'wish', 'year', 'parade', 'new', 'mubarak', 'day', 'ramadan']]",[0.738],[0.906],[2.762],0.906,2.762,unclear,,,,,
57,9.0,"['judge', 'activist', 'court', 'impeach', 'constitution', 'impeachment', 'president', 'donald', 'trump', 'power']",58,[10],"[['judge', 'court', 'activist', 'impeachment', 'president', 'constitution', 'trump', 'donald', 'rogue', 'congress']]",[0.988],[0.952],[0.973],0.952,0.973,continued,,,,,
57,10.0,"['emergency', 'fire', 'storm', 'wildfire', 'management', 'damage', 'firefighter', 'community', 'recovery', 'tornado']",58,[8],"[['emergency', 'management', 'disaster', 'agency', 'water', 'federal', 'wildfire', 'fire', 'county', 'storm']]",[0.956],[0.829],[0.759],0.829,0.759,continued,,,,,
57,11.0,"['energy', 'gas', 'joe', 'biden', 'price', 'american', 'unleash', 'lng', 'president', 'production']",58,[13],"[['energy', 'gas', 'biden', 'joe', 'american', 'lng', 'price', 'unleash', 'climate', 'export']]",[0.979],[0.833],[0.964],0.833,0.964,continued,,,,,
57,12.0,"['donjbacon', 'danielle', 'beard', 'petericketts', 'vet', 'repadriansmith', 'senatorfischer', 'usrepmikeflood', 'tweeplebug', 'coclarifie']",58,[15],"[['beard', 'vet', 'danielle', 'donjbacon', 'petericketts', 'repadriansmith', 'senatorfischer', 'usrepmikeflood', 'tweeplebug', 'gragedustin']]",[0.984],[0.6],[0.659],0.6,0.659,continued,,,,,
57,13.0,"['woman', 'nita', 'lowey', 'friend', 'history', 'congresswoman', 'month', 'chair', 'pass', 'committee']",58,"[27, 28]","[['woman', 'history', 'month', 'womenshistorymonth', 'community', 'honor', 'virgin', 'islands', 'barrier', 'first'], ['mia', 'love', 'family', 'prayer', 'friend', 'pass', 'condolence', 'congresswoman', 'sadden', 'trailblazer']]","[0.904, 0.813]","[0.542, 0.374]","[1.164, 0.803]",0.916,1.967,split,,,,,
57,14.0,"['tariff', 'donald', 'trump', 'trade', 'canada', 'business', 'american', 'cost', 'president', 'price']",58,[11],"[['tariff', 'donald', 'trump', 'economy', 'investment', 'business', 'president', 'price', 'small', 'trade']]",[0.964],[0.912],[0.678],0.912,0.678,continued,,,,,
57,15.0,"['home', 'welcome', 'astronaut', 'spacex', 'butch', 'suni', 'space', 'nasa', 'earth', 'crew']",58,[],[],[],[],[],0.0,0.0,disappeared,,,,,
57,16.0,"['veteran', 'va', 'care', 'serve', 'deserve', 'fire', 'military', 'employee', 'donald', 'benefit']",58,[6],"[['health', 'veteran', 'care', 'research', 'va', 'hiv', 'institutes', 'medical', 'patient', 'mental']]",[0.849],[0.676],[0.316],0.676,0.316,disappeared,,,,,
57,17.0,"['vladimir', 'ukraine', 'putin', 'russia', 'ukrainian', 'war', 'russian', 'peace', 'ceasefire', 'donald']",58,[18],"[['vladimir', 'russia', 'ukraine', 'putin', 'ukrainian', 'nato', 'war', 'russian', 'donald', 'child']]",[0.982],[0.948],[0.948],0.948,0.948,continued,,,,,
57,18.0,"['israel', 'hamas', 'hostage', 'gaza', 'ceasefire', 'benjamin', 'must', 'war', 'netanyahu', 'release']",58,[14],"[['israel', 'hamas', 'hostage', 'gaza', 'ceasefire', 'benjamin', 'terrorist', 'netanyahu', 'war', 'release']]",[0.965],[0.978],[0.667],0.978,0.667,continued,,,,,
57,19.0,"['democrats', 'house', 'republicans', 'people', 'government', 'party', 'work', 'agenda', 'money', 'american']",58,[19],"[['debt', 'government', 'budget', 'tax', 'spending', 'cut', 'bill', 'trump', 'donald', 'american']]",[0.865],[0.8],[0.652],0.8,0.652,unclear,,,,,
57,20.0,"['art', 'competition', 'congressional', 'artwork', 'capitol', 'submit', 'display', 'submission', 'high', 'artist']",58,[21],"[['art', 'competition', 'congressional', 'artwork', 'capitol', 'display', 'submit', 'artist', 'april', 'submission']]",[0.995],[0.96],[0.911],0.96,0.911,continued,,,,,
57,21.0,"['erase', 'history', 'dei', 'military', 'hero', 'wwii', 'jackie', 'robinson', 'website', 'serve']",58,[],[],[],[],[],0.0,0.0,disappeared,,,,,
57,22.0,"['china', 'chinese', 'communist', 'party', 'briefing', 'interest', 'national', 'adversary', 'security', 'must']",58,[24],"[['china', 'chinese', 'communist', 'party', 'briefing', 'national', 'threat', 'adversary', 'security', 'must']]",[0.982],[0.852],[0.765],0.852,0.765,continued,,,,,
58,0.0,"['education', 'department', 'student', 'school', 'donald', 'trump', 'child', 'dismantle', 'teacher', 'order']",59,[7],"[['education', 'student', 'department', 'school', 'teacher', 'child', 'dismantle', 'kid', 'parent', 'donald']]",[0.987],[0.898],[3.075],0.898,3.075,continued,,,,,
58,1.0,"['social', 'security', 'musk', 'benefit', 'doge', 'elon', 'senior', 'donald', 'trump', 'cut']",59,[1],"[['social', 'security', 'musk', 'benefit', 'elon', 'senior', 'cut', 'phone', 'donald', 'doge']]",[0.996],[0.827],[0.932],0.827,0.932,continued,,,,,
58,2.0,"['security', 'national', 'chat', 'plan', 'hegseth', 'war', 'administration', 'breach', 'incompetence', 'classified']",59,[0],"[['hegseth', 'chat', 'security', 'national', 'plan', 'signal', 'classified', 'resign', 'information', 'pete']]",[0.988],[0.846],[0.437],0.846,0.437,unclear,,,,,
58,3.0,"['hall', 'town', 'tune', 'join', 'pm', 'question', 'live', 'hear', 'tonight', 'night']",59,[8],"[['hall', 'town', 'telephone', 'pm', 'question', 'join', 'newsletter', 'tonight', 'subscribe', 'constituent']]",[0.971],[0.625],[1.29],0.625,1.29,continued,,,,,
58,4.0,"['border', 'illegal', 'criminal', 'alien', 'immigration', 'trump', 'donald', 'law', 'deport', 'biden']",59,[2],"[['border', 'illegal', 'arrest', 'criminal', 'law', 'alien', 'enforcement', 'immigration', 'rumeysa', 'safe']]",[0.972],[0.821],[0.678],0.821,0.678,continued,,,,,
58,5.0,"['marchmadness', 'championship', 'madness', 'win', 'congratulation', 'go', 'basketball', 'luck', 'ncaa', 'march']",59,[4],"[['championship', 'sport', 'congratulation', 'win', 'sweet', 'basketball', 'state', 'go', 'maryland', 'champion']]",[0.974],[0.775],[1.041],0.775,1.041,continued,,,,,
58,6.0,"['health', 'veteran', 'care', 'research', 'va', 'hiv', 'institutes', 'medical', 'patient', 'mental']",59,[28],"[['care', 'veteran', 'health', 'healthcare', 'rural', 'access', 'support', 'va', 'community', 'patient']]",[0.957],[0.627],[1.855],0.627,1.855,continued,,,,,
58,7.0,"['county', 'housing', 'business', 'community', 'mayor', 'development', 'meet', 'great', 'discuss', 'local']",59,[31],"[['housing', 'home', 'community', 'development', 'business', 'small', 'trucker', 'affordable', 'discuss', 'county']]",[0.918],[0.551],[1.676],0.551,1.676,continued,,,,,
58,8.0,"['emergency', 'management', 'disaster', 'agency', 'water', 'federal', 'wildfire', 'fire', 'county', 'storm']",59,[5],"[['emergency', 'management', 'agency', 'disaster', 'federal', 'weather', 'storm', 'wildfire', 'severe', 'hurricane']]",[0.968],[0.681],[0.774],0.681,0.774,continued,,,,,
58,9.0,"['medicaid', 'cut', 'care', 'health', 'republicans', 'would', 'republican', 'tax', 'fight', 'healthcare']",59,[18],"[['medicaid', 'cut', 'care', 'health', 'republicans', 'medicare', 'billionaire', 'tax', 'would', 'republican']]",[0.993],[0.904],[1.523],0.904,1.523,continued,,,,,
58,10.0,"['judge', 'court', 'activist', 'impeachment', 'president', 'constitution', 'trump', 'donald', 'rogue', 'congress']",59,[11],"[['judge', 'court', 'activist', 'injunction', 'president', 'impeachment', 'rogue', 'donald', 'trump', 'judicial']]",[0.993],[0.929],[1.276],0.929,1.276,continued,,,,,
58,11.0,"['tariff', 'donald', 'trump', 'economy', 'investment', 'business', 'president', 'price', 'small', 'trade']",59,[19],"[['tariff', 'trade', 'price', 'donald', 'trump', 'car', 'consumer', 'economy', 'raise', 'president']]",[0.959],[0.763],[1.137],0.763,1.137,continued,,,,,
58,12.0,"['honor', 'medal', 'sacrifice', 'nation', 'courage', 'hero', 'recipient', 'day', 'duty', 'bravery']",59,[6],"[['honor', 'medal', 'sacrifice', 'nation', 'courage', 'hero', 'day', 'bravery', 'recipient', 'duty']]",[0.998],[0.973],[0.888],0.973,0.888,continued,,,,,
58,13.0,"['energy', 'gas', 'biden', 'joe', 'american', 'lng', 'price', 'unleash', 'climate', 'export']",59,[3],"[['energy', 'gas', 'joe', 'biden', 'american', 'price', 'freezer', 'nuclear', 'cost', 'regulation']]",[0.964],[0.836],[0.65],0.836,0.65,continued,,,,,
58,14.0,"['israel', 'hamas', 'hostage', 'gaza', 'ceasefire', 'benjamin', 'terrorist', 'netanyahu', 'war', 'release']",59,[20],"[['hamas', 'israel', 'hostage', 'gaza', 'antisemitism', 'benjamin', 'campus', 'jewish', 'college', 'ceasefire']]",[0.978],[0.881],[1.19],0.881,1.19,continued,,,,,
58,15.0,"['beard', 'vet', 'danielle', 'donjbacon', 'petericketts', 'repadriansmith', 'senatorfischer', 'usrepmikeflood', 'tweeplebug', 'gragedustin']",59,[17],"[['beard', 'vet', 'danielle', 'donjbacon', 'petericketts', 'usrepmikeflood', 'repadriansmith', 'senatorfischer', 'tweeplebug', 'gragedustin']]",[0.971],[0.515],[0.596],0.515,0.596,continued,,,,,
58,16.0,"['equal', 'pay', 'equalpayday', 'woman', 'gap', 'wage', 'fairness', 'paycheck', 'man', 'gender']",59,[10],"[['equal', 'pay', 'equalpayday', 'woman', 'gap', 'wage', 'paycheck', 'fairness', 'gender', 'man']]",[1.0],[0.961],[0.904],0.961,0.904,continued,,,,,
58,17.0,"['farmer', 'farm', 'agriculture', 'producer', 'ag', 'rancher', 'feed', 'industry', 'beef', 'nationalagweek']",59,[22],"[['farm', 'farmer', 'industry', 'producer', 'agriculture', 'beef', 'brisket', 'bill', 'crop', 'discuss']]",[0.964],[0.935],[1.307],0.935,1.307,continued,,,,,
58,18.0,"['vladimir', 'russia', 'ukraine', 'putin', 'ukrainian', 'nato', 'war', 'russian', 'donald', 'child']",59,[29],"[['russia', 'vladimir', 'ukraine', 'nato', 'putin', 'ukrainian', 'europe', 'russian', 'ally', 'peace']]",[0.98],[0.927],[1.187],0.927,1.187,continued,,,,,
58,19.0,"['debt', 'government', 'budget', 'tax', 'spending', 'cut', 'bill', 'trump', 'donald', 'american']",59,[9],"[['tax', 'government', 'spending', 'cut', 'waste', 'budget', 'money', 'debt', 'bill', 'congress']]",[0.977],[0.859],[0.534],0.859,0.534,continued,,,,,
58,20.0,"['affordable', 'care', 'act', 'health', 'year', 'coverage', 'ago', 'million', 'healthcare', 'expand']",59,[24],"[['affordable', 'care', 'act', 'health', 'coverage', 'million', 'ago', 'healthcare', 'year', 'americans']]",[0.999],[0.955],[0.988],0.955,0.988,continued,,,,,
58,21.0,"['art', 'competition', 'congressional', 'artwork', 'capitol', 'display', 'submit', 'artist', 'april', 'submission']",59,[27],"[['art', 'competition', 'congressional', 'artwork', 'submit', 'april', 'high', 'school', 'student', 'display']]",[0.995],[0.937],[0.949],0.937,0.949,continued,,,,,
58,22.0,"['student', 'university', 'school', 'cybersecurity', 'future', 'visit', 'great', 'college', 'bright', 'opportunity']",59,[15],"[['student', 'great', 'bright', 'future', 'community', 'school', 'young', 'welcome', 'leader', 'meet']]",[0.975],[0.973],[0.6],0.973,0.6,continued,,,,,
58,23.0,"['fighter', 'space', 'air', 'defense', 'base', 'force', 'generation', 'jet', 'national', 'aerospace']",59,[],[],[],[],[],0.0,0.0,disappeared,,,,,
58,24.0,"['china', 'chinese', 'communist', 'party', 'briefing', 'national', 'threat', 'adversary', 'security', 'must']",59,[13],"[['chinese', 'china', 'communist', 'foreign', 'university', 'deterrent', 'influence', 'party', 'act', 'adversary']]",[0.931],[0.882],[0.472],0.882,0.472,unclear,,,,,
58,25.0,"['nowruz', 'celebrate', 'happy', 'wish', 'year', 'parade', 'new', 'mubarak', 'day', 'ramadan']",59,[],[],[],[],[],0.0,0.0,disappeared,,,,,
58,26.0,"['sport', 'woman', 'biological', 'girl', 'man', 'female', 'athlete', 'compete', 'space', 'college']",59,[],[],[],[],[],0.0,0.0,disappeared,,,,,
58,27.0,"['woman', 'history', 'month', 'womenshistorymonth', 'community', 'honor', 'virgin', 'islands', 'barrier', 'first']",59,[16],"[['woman', 'history', 'month', 'womenshistorymonth', 'white', 'countdowntosrd', 'celebrate', 'slavery', 'honor', 'strong']]",[0.947],[0.934],[0.496],0.934,0.496,unclear,,,,,
58,28.0,"['mia', 'love', 'family', 'prayer', 'friend', 'pass', 'condolence', 'congresswoman', 'sadden', 'trailblazer']",59,[23],"[['mia', 'love', 'family', 'prayer', 'friend', 'may', 'kitty', 'former', 'pass', 'pray']]",[0.986],[0.934],[0.648],0.934,0.648,continued,,,,,
58,29.0,"['postal', 'service', 'usps', 'worker', 'carrier', 'mail', 'privatize', 'letter', 'nalc', 'rally']",59,[32],"[['postal', 'usps', 'carrier', 'service', 'mail', 'letter', 'worker', 'privatize', 'nalc', 'privatization']]",[0.99],[0.962],[0.704],0.962,0.704,continued,,,,,
59,0.0,"['hegseth', 'chat', 'security', 'national', 'plan', 'signal', 'classified', 'resign', 'information', 'pete']",60,[0],"[['hegseth', 'chat', 'signal', 'security', 'resign', 'national', 'classified', 'information', 'pete', 'plan']]",[0.998],[0.859],[0.99],0.859,0.99,continued,,,,,
59,1.0,"['social', 'security', 'musk', 'benefit', 'elon', 'senior', 'cut', 'phone', 'donald', 'doge']",60,[2],"[['social', 'security', 'musk', 'elon', 'benefit', 'doge', 'phone', 'cut', 'senior', 'donald']]",[0.997],[0.914],[1.084],0.914,1.084,continued,,,,,
59,2.0,"['border', 'illegal', 'arrest', 'criminal', 'law', 'alien', 'enforcement', 'immigration', 'rumeysa', 'safe']",60,[1],"[['border', 'biden', 'joe', 'illegal', 'criminal', 'arrest', 'law', 'trump', 'donald', 'president']]",[0.975],[0.806],[0.491],0.806,0.491,unclear,,,,,
59,3.0,"['energy', 'gas', 'joe', 'biden', 'american', 'price', 'freezer', 'nuclear', 'cost', 'regulation']",60,"[25, 31]","[['energy', 'nuclear', 'power', 'unleash', 'american', 'grid', 'mining', 'gas', 'america', 'dominance'], ['biden', 'joe', 'freezer', 'regulation', 'energy', 'refrigerator', 'rule', 'business', 'cost', 'repeal']]","[0.938, 0.886]","[0.55, 0.356]","[1.076, 0.97]",0.906,2.046,split,,,,,
59,4.0,"['championship', 'sport', 'congratulation', 'win', 'sweet', 'basketball', 'state', 'go', 'maryland', 'champion']",60,[11],"[['season', 'opening', 'championship', 'congratulation', 'win', 'go', 'team', 'happy', 'basketball', 'baseball']]",[0.949],[0.769],[0.922],0.769,0.922,continued,,,,,
59,5.0,"['emergency', 'management', 'agency', 'disaster', 'federal', 'weather', 'storm', 'wildfire', 'severe', 'hurricane']",60,[9],"[['emergency', 'management', 'agency', 'disaster', 'federal', 'weather', 'hurricane', 'storm', 'severe', 'helene']]",[0.997],[0.929],[1.061],0.929,1.061,continued,,,,,
59,6.0,"['honor', 'medal', 'sacrifice', 'nation', 'courage', 'hero', 'day', 'bravery', 'recipient', 'duty']",60,[15],"[['medal', 'honor', 'sacrifice', 'nation', 'courage', 'duty', 'hero', 'bravery', 'day', 'recipient']]",[0.995],[0.845],[1.088],0.845,1.088,continued,,,,,
59,7.0,"['education', 'student', 'department', 'school', 'teacher', 'child', 'dismantle', 'kid', 'parent', 'donald']",60,[18],"[['education', 'student', 'department', 'teacher', 'school', 'child', 'educator', 'dismantle', 'parent', 'donald']]",[0.996],[0.938],[1.261],0.938,1.261,continued,,,,,
59,8.0,"['hall', 'town', 'telephone', 'pm', 'question', 'join', 'newsletter', 'tonight', 'subscribe', 'constituent']",60,[10],"[['hall', 'town', 'pm', 'telephone', 'question', 'tonight', 'join', 'constituent', 'bacon', 'newsletter']]",[0.993],[0.935],[1.021],0.935,1.021,continued,,,,,
59,9.0,"['tax', 'government', 'spending', 'cut', 'waste', 'budget', 'money', 'debt', 'bill', 'congress']",60,[33],"[['tax', 'debt', 'spending', 'government', 'cut', 'trillion', 'waste', 'budget', 'americans', 'fiscal']]",[0.976],[0.818],[2.017],0.818,2.017,continued,,,,,
59,10.0,"['equal', 'pay', 'equalpayday', 'woman', 'gap', 'wage', 'paycheck', 'fairness', 'gender', 'man']",60,[13],"[['equal', 'pay', 'equalpayday', 'woman', 'gap', 'wage', 'paycheck', 'fairness', 'man', 'gender']]",[1.0],[0.963],[0.963],0.963,0.963,continued,,,,,
59,11.0,"['judge', 'court', 'activist', 'injunction', 'president', 'impeachment', 'rogue', 'donald', 'trump', 'judicial']",60,[17],"[['judge', 'court', 'activist', 'injunction', 'president', 'rogue', 'donald', 'trump', 'impeachment', 'ruling']]",[0.995],[0.94],[1.024],0.94,1.024,continued,,,,,
59,12.0,"['health', 'disease', 'rfk', 'hhs', 'cut', 'outbreak', 'jr', 'measle', 'vaccine', 'prevention']",60,[3],"[['health', 'disease', 'cut', 'rfk', 'hhs', 'jr', 'donald', 'outbreak', 'funding', 'research']]",[0.992],[0.908],[0.601],0.908,0.601,continued,,,,,
59,13.0,"['chinese', 'china', 'communist', 'foreign', 'university', 'deterrent', 'influence', 'party', 'act', 'adversary']",60,[20],"[['chinese', 'communist', 'china', 'foreign', 'university', 'deterrent', 'party', 'influence', 'act', 'adversary']]",[0.994],[0.89],[0.966],0.89,0.966,continued,,,,,
59,14.0,"['union', 'worker', 'bargaining', 'collective', 'right', 'federal', 'labor', 'attack', 'bust', 'donald']",60,[6],"[['union', 'worker', 'bargaining', 'federal', 'collective', 'right', 'order', 'donald', 'attack', 'trump']]",[0.998],[0.96],[0.763],0.96,0.763,continued,,,,,
59,15.0,"['student', 'great', 'bright', 'future', 'community', 'school', 'young', 'welcome', 'leader', 'meet']",60,[29],"[['student', 'bright', 'school', 'young', 'great', 'future', 'college', 'meet', 'university', 'visit']]",[0.968],[0.842],[1.423],0.842,1.423,continued,,,,,
59,16.0,"['woman', 'history', 'month', 'womenshistorymonth', 'white', 'countdowntosrd', 'celebrate', 'slavery', 'honor', 'strong']",60,[8],"[['woman', 'history', 'womenshistorymonth', 'month', 'delta', 'celebrate', 'white', 'community', 'honor', 'sigma']]",[0.987],[0.913],[0.714],0.913,0.714,continued,,,,,
59,17.0,"['beard', 'vet', 'danielle', 'donjbacon', 'petericketts', 'usrepmikeflood', 'repadriansmith', 'senatorfischer', 'tweeplebug', 'gragedustin']",60,[34],"[['say', 'agree', 'do', 'lgm', 'let', 'believe', 'nice', 'ne', 'shameful', 'exactly']]",[0.788],[0.325],[0.649],0.325,0.649,disappeared,,,,,
59,19.0,"['tariff', 'trade', 'price', 'donald', 'trump', 'car', 'consumer', 'economy', 'raise', 'president']",60,[4],"[['tariff', 'trade', 'price', 'donald', 'trump', 'car', 'cost', 'economy', 'american', 'president']]",[0.992],[0.931],[0.492],0.931,0.492,unclear,,,,,
59,20.0,"['hamas', 'israel', 'hostage', 'gaza', 'antisemitism', 'benjamin', 'campus', 'jewish', 'college', 'ceasefire']",60,[19],"[['hamas', 'israel', 'antisemitism', 'campus', 'hostage', 'college', 'gaza', 'terrorist', 'jewish', 'benjamin']]",[0.981],[0.95],[0.805],0.95,0.805,continued,,,,,
59,21.0,"['npr', 'pbs', 'taxpayer', 'propaganda', 'fund', 'defund', 'dogecommittee', 'dollar', 'ceo', 'funding']",60,[23],"[['npr', 'pbs', 'taxpayer', 'propaganda', 'fund', 'dollar', 'defund', 'dogecommittee', 'ceo', 'krmaher']]",[0.996],[0.966],[0.827],0.966,0.827,continued,,,,,
59,22.0,"['farm', 'farmer', 'industry', 'producer', 'agriculture', 'beef', 'brisket', 'bill', 'crop', 'discuss']",60,[24],"[['farm', 'farmer', 'agriculture', 'bill', 'iowa', 'industry', 'producer', 'association', 'discuss', 'apple']]",[0.989],[0.966],[0.885],0.966,0.885,continued,,,,,
59,23.0,"['mia', 'love', 'family', 'prayer', 'friend', 'may', 'kitty', 'former', 'pass', 'pray']",60,[],[],[],[],[],0.0,0.0,disappeared,,,,,
59,26.0,"['election', 'vote', 'voter', 'executive', 'order', 'citizenship', 'citizen', 'integrity', 'save', 'donald']",60,[7],"[['election', 'vote', 'citizen', 'save', 'voter', 'citizenship', 'act', 'american', 'require', 'proof']]",[0.948],[0.815],[0.44],0.815,0.44,unclear,,,,,
59,27.0,"['art', 'competition', 'congressional', 'artwork', 'submit', 'april', 'high', 'school', 'student', 'display']",60,[26],"[['art', 'competition', 'congressional', 'artwork', 'high', 'school', 'submit', 'april', 'artist', 'student']]",[0.997],[0.949],[0.914],0.949,0.914,continued,,,,,
59,29.0,"['russia', 'vladimir', 'ukraine', 'nato', 'putin', 'ukrainian', 'europe', 'russian', 'ally', 'peace']",60,[16],"[['vladimir', 'ukraine', 'russia', 'putin', 'russian', 'poll', 'ukrainian', 'europe', 'peace', 'war']]",[0.963],[0.96],[0.585],0.96,0.585,continued,,,,,
59,30.0,"['gun', 'ghost', 'carry', 'supreme', 'court', 'constitutional', 'amendment', 'untraceable', 'firearm', 'second']",60,[28],"[['gun', 'ghost', 'supreme', 'carry', 'court', 'amendment', 'firearm', 'constitutional', 'untraceable', 'second']]",[0.996],[0.931],[0.944],0.931,0.944,continued,,,,,
59,31.0,"['housing', 'home', 'community', 'development', 'business', 'small', 'trucker', 'affordable', 'discuss', 'county']",60,[],[],[],[],[],0.0,0.0,disappeared,,,,,
59,32.0,"['postal', 'usps', 'carrier', 'service', 'mail', 'letter', 'worker', 'privatize', 'nalc', 'privatization']",60,[],[],[],[],[],0.0,0.0,disappeared,,,,,
59,33.0,"['president', 'white', 'oval', 'potus', 'america', 'donald', 'trump', 'mr', 'house', 'thank']",60,[21],"[['thank', 'president', 'white', 'oval', 'beard', 'potus', 'mr', 'vet', 'great', 'catturd']]",[0.88],[0.706],[0.41],0.706,0.41,unclear,,,,,
59,34.0,"['tune', 'watch', 'rumble', 'youtube', 'et', 'live', 'interview', 'pm', 'foxbusiness', 'seanhannity']",60,[30],"[['tune', 'rumble', 'et', 'watch', 'dj', 'pm', 'youtube', 'youtu', 'live', 'interview']]",[0.987],[0.846],[0.821],0.846,0.821,continued,,,,,
59,36.0,"['tesla', 'crockett', 'jasmine', 'domestic', 'democrats', 'condemn', 'terrorism', 'democrat', 'dealership', 'violence']",60,[],[],[],[],[],0.0,0.0,disappeared,,,,,
59,37.0,"['conservation', 'water', 'wildlife', 'wetland', 'preserve', 'beach', 'land', 'park', 'resource', 'ocmulgee']",60,[35],"[['conservation', 'wildlife', 'preserve', 'wetland', 'park', 'protect', 'land', 'beach', 'river', 'natural']]",[0.989],[0.949],[1.037],0.949,1.037,continued,,,,,
59,,,60,,,,"[0.982, 0.651, 0.687]","[0.596, 0.306, 0.311]",2.32,1.213,merge,"[18, 24, 25]","[['medicaid', 'cut', 'care', 'health', 'republicans', 'medicare', 'billionaire', 'tax', 'would', 'republican'], ['affordable', 'care', 'act', 'health', 'coverage', 'million', 'ago', 'healthcare', 'year', 'americans'], ['food', 'snap', 'bank', 'family', 'usda', 'hungry', 'cut', 'farmer', 'program', 'assistance']]",5.0,"['medicaid', 'food', 'cut', 'snap', 'care', 'medicare', 'program', 'health', 'republicans', 'family']","[0.961, 0.782, 0.873]"
59,,,60,,,,"[0.776, 0.734]","[0.434, 0.346]",1.511,0.779,merge,"[28, 35]","[['care', 'veteran', 'health', 'healthcare', 'rural', 'access', 'support', 'va', 'community', 'patient'], ['abortion', 'parenthood', 'care', 'woman', 'baby', 'plan', 'unborn', 'pregnancy', 'reproductive', 'birth']]",12.0,"['care', 'patient', 'abortion', 'health', 'access', 'life', 'parenthood', 'cancer', 'healthcare', 'medical']","[0.875, 0.887]"
60,0.0,"['hegseth', 'chat', 'signal', 'security', 'resign', 'national', 'classified', 'information', 'pete', 'plan']",61,[6],"[['signal', 'hegseth', 'chat', 'security', 'national', 'information', 'official', 'classified', 'waltz', 'resign']]",[0.986],[0.878],[2.995],0.878,2.995,continued,,,,,
60,1.0,"['border', 'biden', 'joe', 'illegal', 'criminal', 'arrest', 'law', 'trump', 'donald', 'president']",61,[1],"[['border', 'illegal', 'deport', 'trump', 'donald', 'immigration', 'criminal', 'president', 'secure', 'law']]",[0.948],[0.555],[0.676],0.555,0.676,continued,,,,,
60,2.0,"['social', 'security', 'musk', 'elon', 'benefit', 'doge', 'phone', 'cut', 'senior', 'donald']",61,[11],"[['social', 'security', 'benefit', 'musk', 'elon', 'earn', 'senior', 'cut', 'hard', 'phone']]",[0.978],[0.741],[1.404],0.741,1.404,continued,,,,,
60,3.0,"['health', 'disease', 'cut', 'rfk', 'hhs', 'jr', 'donald', 'outbreak', 'funding', 'research']",61,[2],"[['health', 'disease', 'cut', 'hhs', 'rfk', 'care', 'research', 'public', 'jr', 'and']]",[0.977],[0.884],[0.658],0.884,0.658,continued,,,,,
60,4.0,"['tariff', 'trade', 'price', 'donald', 'trump', 'car', 'cost', 'economy', 'american', 'president']",61,[],[],[],[],[],0.0,0.0,disappeared,,,,,
60,5.0,"['medicaid', 'food', 'cut', 'snap', 'care', 'medicare', 'program', 'health', 'republicans', 'family']",61,"[19, 30]","[['medicaid', 'cut', 'care', 'health', 'medicare', 'republicans', 'billionaire', 'would', 'republican', 'tax'], ['food', 'snap', 'healthy', 'meal', 'bank', 'hunger', 'cut', 'hungry', 'program', 'hot']]","[0.964, 0.852]","[0.628, 0.328]","[1.162, 0.984]",0.956,2.145,split,,,,,
60,6.0,"['union', 'worker', 'bargaining', 'federal', 'collective', 'right', 'order', 'donald', 'attack', 'trump']",61,[10],"[['union', 'worker', 'federal', 'bargaining', 'collective', 'right', 'order', 'executive', 'attack', 'bust']]",[0.998],[0.929],[0.906],0.929,0.906,continued,,,,,
60,7.0,"['election', 'vote', 'citizen', 'save', 'voter', 'citizenship', 'act', 'american', 'require', 'proof']",61,[7],"[['vote', 'election', 'save', 'citizen', 'voter', 'act', 'american', 'citizenship', 'require', 'non']]",[0.982],[0.9],[0.738],0.9,0.738,continued,,,,,
60,8.0,"['woman', 'history', 'womenshistorymonth', 'month', 'delta', 'celebrate', 'white', 'community', 'honor', 'sigma']",61,[17],"[['woman', 'womenshistorymonth', 'history', 'month', 'girl', 'female', 'honor', 'recognize', 'community', 'native']]",[0.961],[0.837],[1.218],0.837,1.218,continued,,,,,
60,9.0,"['emergency', 'management', 'agency', 'disaster', 'federal', 'weather', 'hurricane', 'storm', 'severe', 'helene']",61,[9],"[['emergency', 'weather', 'disaster', 'management', 'storm', 'severe', 'agency', 'flood', 'federal', 'please']]",[0.971],[0.898],[0.75],0.898,0.75,continued,,,,,
60,10.0,"['hall', 'town', 'pm', 'telephone', 'question', 'tonight', 'join', 'constituent', 'bacon', 'newsletter']",61,[21],"[['hall', 'town', 'pm', 'newsletter', 'question', 'telephone', 'host', 'join', 'event', 'subscribe']]",[0.984],[0.838],[1.368],0.838,1.368,continued,,,,,
60,11.0,"['season', 'opening', 'championship', 'congratulation', 'win', 'go', 'team', 'happy', 'basketball', 'baseball']",61,[25],"[['win', 'congratulation', 'championship', 'basketball', 'ncaa', 'elite', 'title', 'team', 'luck', 'go']]",[0.961],[0.844],[1.653],0.844,1.653,continued,,,,,
60,12.0,"['care', 'patient', 'abortion', 'health', 'access', 'life', 'parenthood', 'cancer', 'healthcare', 'medical']",61,[31],"[['parenthood', 'abortion', 'care', 'plan', 'woman', 'reproductive', 'ivf', 'health', 'screening', 'life']]",[0.842],[0.368],[0.893],0.368,0.893,disappeared,,,,,
60,13.0,"['equal', 'pay', 'equalpayday', 'woman', 'gap', 'wage', 'paycheck', 'fairness', 'man', 'gender']",61,[],[],[],[],[],0.0,0.0,disappeared,,,,,
60,14.0,"['eid', 'mubarak', 'wish', 'ramadan', 'fitr', 'celebrate', 'al', 'muslim', 'peace', 'eidmubarak']",61,[15],"[['eid', 'mubarak', 'wish', 'fitr', 'ramadan', 'al', 'celebrate', 'muslim', 'eidmubarak', 'peace']]",[0.993],[0.872],[1.0],0.872,1.0,continued,,,,,
60,16.0,"['vladimir', 'ukraine', 'russia', 'putin', 'russian', 'poll', 'ukrainian', 'europe', 'peace', 'war']",61,[18],"[['vladimir', 'ukraine', 'putin', 'russia', 'russian', 'ukrainian', 'war', 'aggression', 'sanction', 'peace']]",[0.972],[0.659],[0.818],0.659,0.818,continued,,,,,
60,17.0,"['judge', 'court', 'activist', 'injunction', 'president', 'rogue', 'donald', 'trump', 'impeachment', 'ruling']",61,[8],"[['judge', 'court', 'injunction', 'judicial', 'activist', 'nationwide', 'law', 'power', 'rogue', 'donald']]",[0.984],[0.927],[0.648],0.927,0.648,continued,,,,,
60,18.0,"['education', 'student', 'department', 'teacher', 'school', 'child', 'educator', 'dismantle', 'parent', 'donald']",61,[13],"[['education', 'student', 'school', 'child', 'department', 'kid', 'educator', 'parent', 'every', 'mcmahon']]",[0.979],[0.983],[0.83],0.983,0.83,continued,,,,,
60,19.0,"['hamas', 'israel', 'antisemitism', 'campus', 'hostage', 'college', 'gaza', 'terrorist', 'jewish', 'benjamin']",61,[28],"[['hamas', 'gaza', 'israel', 'terrorist', 'hostage', 'weapon', 'benjamin', 'group', 'block', 'oct']]",[0.928],[0.627],[1.175],0.627,1.175,continued,,,,,
60,20.0,"['chinese', 'communist', 'china', 'foreign', 'university', 'deterrent', 'party', 'influence', 'act', 'adversary']",61,[24],"[['chinese', 'china', 'communist', 'party', 'taiwan', 'myanmar', 'foreign', 'threat', 'earthquake', 'national']]",[0.938],[0.838],[1.256],0.838,1.256,continued,,,,,
60,21.0,"['thank', 'president', 'white', 'oval', 'beard', 'potus', 'mr', 'vet', 'great', 'catturd']",61,[],[],[],[],[],0.0,0.0,disappeared,,,,,
60,23.0,"['npr', 'pbs', 'taxpayer', 'propaganda', 'fund', 'dollar', 'defund', 'dogecommittee', 'ceo', 'krmaher']",61,[26],"[['doge', 'waste', 'government', 'elon', 'musk', 'fraud', 'abuse', 'billion', 'taxpayer', 'federal']]",[0.72],[0.423],[0.629],0.423,0.629,unclear,,,,,
60,24.0,"['farm', 'farmer', 'agriculture', 'bill', 'iowa', 'industry', 'producer', 'association', 'discuss', 'apple']",61,[4],"[['energy', 'farm', 'farmer', 'water', 'iowa', 'producer', 'agriculture', 'support', 'land', 'bill']]",[0.923],[0.948],[0.394],0.948,0.394,disappeared,,,,,
60,25.0,"['energy', 'nuclear', 'power', 'unleash', 'american', 'grid', 'mining', 'gas', 'america', 'dominance']",61,[],[],[],[],[],0.0,0.0,disappeared,,,,,
60,26.0,"['art', 'competition', 'congressional', 'artwork', 'high', 'school', 'submit', 'april', 'artist', 'student']",61,[23],"[['art', 'competition', 'congressional', 'artwork', 'submit', 'school', 'high', 'artist', 'april', 'capitol']]",[0.996],[0.914],[0.914],0.914,0.914,continued,,,,,
60,27.0,"['trans', 'transdayofvisibility', 'transgender', 'visibility', 'stand', 'equalitycaucus', 'tran', 'tdov', 'live', 'right']",61,[20],"[['trans', 'transdayofvisibility', 'visibility', 'transgender', 'tran', 'equalitycaucus', 'tdov', 'community', 'live', 'stand']]",[0.997],[0.949],[0.773],0.949,0.773,continued,,,,,
60,28.0,"['gun', 'ghost', 'supreme', 'carry', 'court', 'amendment', 'firearm', 'constitutional', 'untraceable', 'second']",61,[],[],[],[],[],0.0,0.0,disappeared,,,,,
60,29.0,"['student', 'bright', 'school', 'young', 'great', 'future', 'college', 'meet', 'university', 'visit']",61,[16],"[['student', 'school', 'great', 'visit', 'community', 'capitol', 'meet', 'high', 'bright', 'leader']]",[0.966],[0.944],[0.644],0.944,0.644,continued,,,,,
60,30.0,"['tune', 'rumble', 'et', 'watch', 'dj', 'pm', 'youtube', 'youtu', 'live', 'interview']",61,[5],"[['tune', 'live', 'podcast', 'watch', 'et', 'join', 'pm', 'come', 'listen', 'episode']]",[0.891],[0.851],[0.303],0.851,0.303,disappeared,,,,,
60,31.0,"['biden', 'joe', 'freezer', 'regulation', 'energy', 'refrigerator', 'rule', 'business', 'cost', 'repeal']",61,[],[],[],[],[],0.0,0.0,disappeared,,,,,
60,32.0,"['air', 'traffic', 'controller', 'aviation', 'natca', 'airport', 'sky', 'meet', 'safe', 'safety']",61,[],[],[],[],[],0.0,0.0,disappeared,,,,,
60,33.0,"['tax', 'debt', 'spending', 'government', 'cut', 'trillion', 'waste', 'budget', 'americans', 'fiscal']",61,[22],"[['debt', 'budget', 'spending', 'tax', 'republicans', 'trillion', 'cut', 'fiscal', 'senate', 'spend']]",[0.934],[0.767],[0.541],0.767,0.541,continued,,,,,
60,34.0,"['say', 'agree', 'do', 'lgm', 'let', 'believe', 'nice', 'ne', 'shameful', 'exactly']",61,[],[],[],[],[],0.0,0.0,disappeared,,,,,
60,35.0,"['conservation', 'wildlife', 'preserve', 'wetland', 'park', 'protect', 'land', 'beach', 'river', 'natural']",61,[],[],[],[],[],0.0,0.0,disappeared,,,,,
60,,,61,,,,"[0.92, 1.0]","[0.81, 0.768]",1.92,1.577,merge,"[15, 22]","[['medal', 'honor', 'sacrifice', 'nation', 'courage', 'duty', 'hero', 'bravery', 'day', 'recipient'], ['vietnam', 'veteran', 'war', 'sacrifice', 'honor', 'veterans', 'serve', 'service', 'day', 'thank']]",12.0,"['vietnam', 'veteran', 'honor', 'sacrifice', 'war', 'service', 'serve', 'veterans', 'day', 'nation']","[0.827, 0.995]"
61,0.0,"['tariff', 'donald', 'trump', 'trade', 'price', 'american', 'president', 'cost', 'tax', 'economy']",62,[0],"[['tariff', 'donald', 'trump', 'trade', 'price', 'president', 'american', 'economy', 'cost', 'tax']]",[0.998],[0.859],[0.592],0.859,0.592,continued,,,,,
61,1.0,"['border', 'illegal', 'deport', 'trump', 'donald', 'immigration', 'criminal', 'president', 'secure', 'law']",62,[1],"[['border', 'illegal', 'deport', 'trump', 'donald', 'president', 'criminal', 'immigration', 'fentanyl', 'secure']]",[0.993],[0.832],[0.797],0.832,0.797,continued,,,,,
61,2.0,"['health', 'disease', 'cut', 'hhs', 'rfk', 'care', 'research', 'public', 'jr', 'and']",62,[6],"[['health', 'disease', 'hhs', 'public', 'drug', 'rfk', 'cut', 'and', 'research', 'administration']]",[0.995],[0.887],[1.118],0.887,1.118,continued,,,,,
61,3.0,"['senbooker', 'floor', 'hour', 'senate', 'booker', 'senator', 'cory', 'record', 'speech', 'stand']",62,[5],"[['senbooker', 'floor', 'hour', 'senate', 'booker', 'senator', 'cory', 'record', 'speech', 'stand']]",[0.999],[0.879],[0.869],0.879,0.869,continued,,,,,
61,4.0,"['energy', 'farm', 'farmer', 'water', 'iowa', 'producer', 'agriculture', 'support', 'land', 'bill']",62,"[2, 28]","[['great', 'student', 'community', 'meet', 'farmer', 'farm', 'support', 'discuss', 'work', 'business'], ['energy', 'clean', 'climate', 'unleash', 'joe', 'biden', 'american', 'production', 'reliable', 'green']]","[0.855, 0.854]","[0.506, 0.355]","[0.306, 1.608]",0.861,1.914,unclear,,,,,
61,5.0,"['tune', 'live', 'podcast', 'watch', 'et', 'join', 'pm', 'come', 'listen', 'episode']",62,[25],"[['tune', 'et', 'live', 'join', 'cnn', 'pm', 'morning', 'foxnew', 'foxbusiness', 'ct']]",[0.831],[0.351],[1.222],0.351,1.222,disappeared,,,,,
61,6.0,"['signal', 'hegseth', 'chat', 'security', 'national', 'information', 'official', 'classified', 'waltz', 'resign']",62,[7],"[['security', 'signal', 'national', 'investigation', 'chat', 'fire', 'hegseth', 'official', 'waltz', 'donald']]",[0.985],[0.827],[0.793],0.827,0.793,continued,,,,,
61,7.0,"['vote', 'election', 'save', 'citizen', 'voter', 'act', 'american', 'citizenship', 'require', 'non']",62,[9],"[['election', 'vote', 'save', 'citizen', 'voter', 'act', 'american', 'citizenship', 'require', 'integrity']]",[0.996],[0.891],[0.937],0.891,0.937,continued,,,,,
61,8.0,"['judge', 'court', 'injunction', 'judicial', 'activist', 'nationwide', 'law', 'power', 'rogue', 'donald']",62,[8],"[['judge', 'court', 'injunction', 'constitution', 'judicial', 'donald', 'nationwide', 'activist', 'law', 'trump']]",[0.987],[0.938],[0.873],0.938,0.873,continued,,,,,
61,9.0,"['emergency', 'weather', 'disaster', 'management', 'storm', 'severe', 'agency', 'flood', 'federal', 'please']",62,[13],"[['weather', 'storm', 'severe', 'emergency', 'management', 'flood', 'stay', 'please', 'agency', 'local']]",[0.965],[0.761],[1.0],0.761,1.0,continued,,,,,
61,10.0,"['union', 'worker', 'federal', 'bargaining', 'collective', 'right', 'order', 'executive', 'attack', 'bust']",62,[],[],[],[],[],0.0,0.0,disappeared,,,,,
61,11.0,"['social', 'security', 'benefit', 'musk', 'elon', 'earn', 'senior', 'cut', 'hard', 'phone']",62,[4],"[['social', 'security', 'musk', 'elon', 'doge', 'benefit', 'cut', 'donald', 'earn', 'trump']]",[0.941],[0.914],[0.399],0.914,0.399,disappeared,,,,,
61,12.0,"['vietnam', 'veteran', 'honor', 'sacrifice', 'war', 'service', 'serve', 'veterans', 'day', 'nation']",62,[14],"[['honor', 'vietnam', 'veteran', 'service', 'medal', 'soldier', 'nation', 'sgt', 'guard', 'hero']]",[0.901],[0.972],[1.278],0.972,1.278,continued,,,,,
61,13.0,"['education', 'student', 'school', 'child', 'department', 'kid', 'educator', 'parent', 'every', 'mcmahon']",62,[11],"[['education', 'school', 'student', 'child', 'department', 'kid', 'mcmahon', 'choice', 'every', 'program']]",[0.989],[0.943],[0.905],0.943,0.905,continued,,,,,
61,14.0,"['mike', 'johnson', 'vote', 'proxy', 'parent', 'new', 'speaker', 'mom', 'congress', 'house']",62,[10],"[['johnson', 'mike', 'vote', 'proxy', 'parent', 'new', 'speaker', 'mom', 'congress', 'house']]",[0.998],[0.886],[0.756],0.886,0.756,continued,,,,,
61,15.0,"['eid', 'mubarak', 'wish', 'fitr', 'ramadan', 'al', 'celebrate', 'muslim', 'eidmubarak', 'peace']",62,[],[],[],[],[],0.0,0.0,disappeared,,,,,
61,16.0,"['student', 'school', 'great', 'visit', 'community', 'capitol', 'meet', 'high', 'bright', 'leader']",62,[],[],[],[],[],0.0,0.0,disappeared,,,,,
61,17.0,"['woman', 'womenshistorymonth', 'history', 'month', 'girl', 'female', 'honor', 'recognize', 'community', 'native']",62,[19],"[['woman', 'sport', 'history', 'womenshistorymonth', 'month', 'girl', 'athlete', 'female', 'honor', 'rankin']]",[0.977],[0.812],[1.155],0.812,1.155,continued,,,,,
61,18.0,"['vladimir', 'ukraine', 'putin', 'russia', 'russian', 'ukrainian', 'war', 'aggression', 'sanction', 'peace']",62,[21],"[['vladimir', 'putin', 'ukraine', 'russia', 'russian', 'ukrainian', 'sanction', 'war', 'aggression', 'peace']]",[0.986],[0.929],[1.415],0.929,1.415,continued,,,,,
61,19.0,"['medicaid', 'cut', 'care', 'health', 'medicare', 'republicans', 'billionaire', 'would', 'republican', 'tax']",62,[],[],[],[],[],0.0,0.0,disappeared,,,,,
61,20.0,"['trans', 'transdayofvisibility', 'visibility', 'transgender', 'tran', 'equalitycaucus', 'tdov', 'community', 'live', 'stand']",62,[15],"[['trans', 'transdayofvisibility', 'transgender', 'visibility', 'tran', 'community', 'equalitycaucus', 'right', 'stand', 'tdov']]",[0.998],[0.928],[0.909],0.928,0.909,continued,,,,,
61,22.0,"['debt', 'budget', 'spending', 'tax', 'republicans', 'trillion', 'cut', 'fiscal', 'senate', 'spend']",62,[],[],[],[],[],0.0,0.0,disappeared,,,,,
61,23.0,"['art', 'competition', 'congressional', 'artwork', 'submit', 'school', 'high', 'artist', 'april', 'capitol']",62,[17],"[['art', 'competition', 'congressional', 'submit', 'artwork', 'capitol', 'submission', 'artist', 'april', 'high']]",[0.996],[0.951],[0.939],0.951,0.939,continued,,,,,
61,24.0,"['chinese', 'china', 'communist', 'party', 'taiwan', 'myanmar', 'foreign', 'threat', 'earthquake', 'national']",62,[20],"[['chinese', 'china', 'communist', 'party', 'taiwan', 'foreign', 'national', 'mineral', 'security', 'hong']]",[0.974],[0.808],[0.913],0.808,0.913,continued,,,,,
61,25.0,"['win', 'congratulation', 'championship', 'basketball', 'ncaa', 'elite', 'title', 'team', 'luck', 'go']",62,[16],"[['championship', 'congratulation', 'game', 'final', 'team', 'win', 'luck', 'ncaa', 'season', 'four']]",[0.978],[0.944],[0.694],0.944,0.694,continued,,,,,
61,26.0,"['doge', 'waste', 'government', 'elon', 'musk', 'fraud', 'abuse', 'billion', 'taxpayer', 'federal']",62,[],[],[],[],[],0.0,0.0,disappeared,,,,,
61,27.0,"['vez', 'ch', 'chavez', 'sar', 'cesar', 'right', 'legacy', 'worker', 'labor', 'honor']",62,[],[],[],[],[],0.0,0.0,disappeared,,,,,
61,28.0,"['hamas', 'gaza', 'israel', 'terrorist', 'hostage', 'weapon', 'benjamin', 'group', 'block', 'oct']",62,[27],"[['hamas', 'gaza', 'israel', 'weapon', 'terrorist', 'benjamin', 'hostage', 'sale', 'offensive', 'netanyahu']]",[0.987],[0.968],[1.196],0.968,1.196,continued,,,,,
61,29.0,"['ambassador', 'nato', 'ally', 'israel', 'minister', 'alliance', 'united', 'foreign', 'meet', 'baltic']",62,[22],"[['nato', 'ambassador', 'alliance', 'ally', 'baltic', 'united', 'defense', 'meet', 'foreign', 'strengthen']]",[0.972],[0.871],[0.844],0.871,0.844,continued,,,,,
61,30.0,"['food', 'snap', 'healthy', 'meal', 'bank', 'hunger', 'cut', 'hungry', 'program', 'hot']",62,[],[],[],[],[],0.0,0.0,disappeared,,,,,
61,31.0,"['parenthood', 'abortion', 'care', 'plan', 'woman', 'reproductive', 'ivf', 'health', 'screening', 'life']",62,[24],"[['parenthood', 'abortion', 'care', 'plan', 'woman', 'health', 'reproductive', 'screening', 'life', 'defund']]",[0.994],[0.946],[0.898],0.946,0.898,continued,,,,,
61,,,62,,,,"[0.954, 0.929]","[0.576, 0.361]",1.883,0.938,merge,"[21, 32]","[['hall', 'town', 'pm', 'newsletter', 'question', 'telephone', 'host', 'join', 'event', 'subscribe'], ['office', 'help', 'team', 'hour', 'mobile', 'casework', 'passport', 'need', 'agency', 'federal']]",12.0,"['hall', 'town', 'office', 'pm', 'april', 'host', 'team', 'question', 'help', 'casework']","[0.94, 0.878]"
62,0.0,"['tariff', 'donald', 'trump', 'trade', 'price', 'president', 'american', 'economy', 'cost', 'tax']",63,[0],"[['tariff', 'donald', 'trump', 'trade', 'price', 'economy', 'president', 'american', 'market', 'cost']]",[0.99],[0.698],[0.821],0.698,0.821,continued,,,,,
62,1.0,"['border', 'illegal', 'deport', 'trump', 'donald', 'president', 'criminal', 'immigration', 'fentanyl', 'secure']",63,[6],"[['border', 'deport', 'criminal', 'illegal', 'gang', 'salvador', 'el', 'administration', 'trump', 'biden']]",[0.971],[0.766],[1.726],0.766,1.726,continued,,,,,
62,2.0,"['great', 'student', 'community', 'meet', 'farmer', 'farm', 'support', 'discuss', 'work', 'business']",63,"[2, 4]","[['farmer', 'great', 'farm', 'discuss', 'support', 'industry', 'producer', 'business', 'meet', 'local'], ['student', 'school', 'great', 'community', 'celebrate', 'proud', 'future', 'wonderful', 'visit', 'week']]","[0.93, 0.92]","[0.453, 0.442]","[0.794, 0.858]",0.895,1.651,split,,,,,
62,3.0,"['budget', 'medicaid', 'cut', 'republicans', 'tax', 'senate', 'billionaire', 'republican', 'resolution', 'debt']",63,[1],"[['medicaid', 'cut', 'republicans', 'billionaire', 'budget', 'tax', 'republican', 'vote', 'trillion', 'break']]",[0.976],[0.562],[0.821],0.562,0.821,continued,,,,,
62,4.0,"['social', 'security', 'musk', 'elon', 'doge', 'benefit', 'cut', 'donald', 'earn', 'trump']",63,"[15, 27]","[['social', 'security', 'musk', 'benefit', 'senior', 'elon', 'earn', 'office', 'phone', 'donald'], ['musk', 'doge', 'elon', 'government', 'waste', 'billion', 'federal', 'contract', 'cut', 'dollar']]","[0.917, 0.88]","[0.399, 0.35]","[1.16, 1.921]",0.749,3.08,split,,,,,
62,5.0,"['senbooker', 'floor', 'hour', 'senate', 'booker', 'senator', 'cory', 'record', 'speech', 'stand']",63,[28],"[['speaker', 'proxy', 'johnson', 'mike', 'vote', 'resolution', 'congress', 'parent', 'mom', 'voting']]",[0.731],[0.464],[2.102],0.464,2.102,unclear,,,,,
62,6.0,"['health', 'disease', 'hhs', 'public', 'drug', 'rfk', 'cut', 'and', 'research', 'administration']",63,[3],"[['health', 'care', 'public', 'research', 'administration', 'mental', 'disease', 'cut', 'institutes', 'and']]",[0.979],[0.858],[0.842],0.858,0.842,continued,,,,,
62,7.0,"['security', 'signal', 'national', 'investigation', 'chat', 'fire', 'hegseth', 'official', 'waltz', 'donald']",63,[18],"[['fire', 'security', 'haugh', 'national', 'nsa', 'signal', 'general', 'investigation', 'cyber', 'hegseth']]",[0.978],[0.86],[1.865],0.86,1.865,continued,,,,,
62,8.0,"['judge', 'court', 'injunction', 'constitution', 'judicial', 'donald', 'nationwide', 'activist', 'law', 'trump']",63,[8],"[['judge', 'court', 'rogue', 'ruling', 'judicial', 'activist', 'injunction', 'nationwide', 'law', 'supreme']]",[0.984],[0.857],[1.102],0.857,1.102,continued,,,,,
62,9.0,"['election', 'vote', 'save', 'citizen', 'voter', 'act', 'american', 'citizenship', 'require', 'integrity']",63,[17],"[['election', 'vote', 'save', 'voter', 'act', 'citizen', 'integrity', 'hamadeh', 'require', 'citizenship']]",[0.981],[0.92],[1.616],0.92,1.616,continued,,,,,
62,10.0,"['johnson', 'mike', 'vote', 'proxy', 'parent', 'new', 'speaker', 'mom', 'congress', 'house']",63,[28],"[['speaker', 'proxy', 'johnson', 'mike', 'vote', 'resolution', 'congress', 'parent', 'mom', 'voting']]",[0.947],[0.835],[2.322],0.835,2.322,continued,,,,,
62,11.0,"['education', 'school', 'student', 'child', 'department', 'kid', 'mcmahon', 'choice', 'every', 'program']",63,[14],"[['education', 'student', 'school', 'child', 'kid', 'department', 'parent', 'classroom', 'funding', 'public']]",[0.982],[0.823],[0.984],0.823,0.984,continued,,,,,
62,12.0,"['hall', 'town', 'office', 'pm', 'april', 'host', 'team', 'question', 'help', 'casework']",63,"[13, 22]","[['hall', 'town', 'pm', 'telephone', 'april', 'join', 'live', 'host', 'question', 'rsvp'], ['office', 'hour', 'mobile', 'help', 'agency', 'team', 'passport', 'federal', 'casework', 'constituent']]","[0.954, 0.874]","[0.59, 0.326]","[0.68, 0.653]",0.917,1.333,split,,,,,
62,13.0,"['weather', 'storm', 'severe', 'emergency', 'management', 'flood', 'stay', 'please', 'agency', 'local']",63,[10],"[['emergency', 'storm', 'management', 'weather', 'agency', 'disaster', 'severe', 'federal', 'flood', 'hurricane']]",[0.976],[0.94],[0.9],0.94,0.9,continued,,,,,
62,15.0,"['trans', 'transdayofvisibility', 'transgender', 'visibility', 'tran', 'community', 'equalitycaucus', 'right', 'stand', 'tdov']",63,[],[],[],[],[],0.0,0.0,disappeared,,,,,
62,16.0,"['championship', 'congratulation', 'game', 'final', 'team', 'win', 'luck', 'ncaa', 'season', 'four']",63,[11],"[['championship', 'basketball', 'gator', 'win', 'congratulation', 'game', 'team', 'national', 'coach', 'gatorsmbk']]",[0.979],[0.888],[0.654],0.888,0.654,continued,,,,,
62,17.0,"['art', 'competition', 'congressional', 'submit', 'artwork', 'capitol', 'submission', 'artist', 'april', 'high']",63,[20],"[['art', 'competition', 'congressional', 'submit', 'artwork', 'submission', 'april', 'capitol', 'artist', 'deadline']]",[0.994],[0.915],[0.904],0.915,0.904,continued,,,,,
62,19.0,"['woman', 'sport', 'history', 'womenshistorymonth', 'month', 'girl', 'athlete', 'female', 'honor', 'rankin']",63,[],[],[],[],[],0.0,0.0,disappeared,,,,,
62,20.0,"['chinese', 'china', 'communist', 'party', 'taiwan', 'foreign', 'national', 'mineral', 'security', 'hong']",63,[9],"[['china', 'communist', 'chinese', 'party', 'american', 'national', 'adversary', 'foreign', 'security', 'biotech']]",[0.964],[0.841],[0.406],0.841,0.406,unclear,,,,,
62,21.0,"['vladimir', 'putin', 'ukraine', 'russia', 'russian', 'ukrainian', 'sanction', 'war', 'aggression', 'peace']",63,[30],"[['vladimir', 'ukraine', 'putin', 'russia', 'ukrainian', 'russian', 'sanction', 'invasion', 'peace', 'freedom']]",[0.982],[1.0],[1.226],1.0,1.226,continued,,,,,
62,22.0,"['nato', 'ambassador', 'alliance', 'ally', 'baltic', 'united', 'defense', 'meet', 'foreign', 'strengthen']",63,[29],"[['ambassador', 'israel', 'govmikehuckabee', 'johnson', 'mike', 'east', 'huckabee', 'morocco', 'strengthen', 'relationship']]",[0.845],[0.766],[0.875],0.766,0.875,unclear,,,,,
62,23.0,"['iran', 'iraq', 'iranian', 'maximum', 'pressure', 'regime', 'houthis', 'terror', 'terrorist', 'threat']",63,[],[],[],[],[],0.0,0.0,disappeared,,,,,
62,24.0,"['parenthood', 'abortion', 'care', 'plan', 'woman', 'health', 'reproductive', 'screening', 'life', 'defund']",63,[],[],[],[],[],0.0,0.0,disappeared,,,,,
62,25.0,"['tune', 'et', 'live', 'join', 'cnn', 'pm', 'morning', 'foxnew', 'foxbusiness', 'ct']",63,[21],"[['tune', 'live', 'podcast', 'et', 'pm', 'morning', 'youtube', 'join', 'watch', 'seanhannity']]",[0.954],[0.963],[0.712],0.963,0.712,continued,,,,,
62,26.0,"['repmtg', 'realwilloxman', 'happen', 'thank', 'anyone', 'nice', 'follow', 'let', 'ne', 'good']",63,[16],"[['whack', 'lauraloomer', 'thank', 'great', 'win', 'happen', 'bobmarley', 'repjohnmcguire', 'repfranklin', 'repbrandongill']]",[0.915],[0.66],[0.321],0.66,0.321,disappeared,,,,,
62,27.0,"['hamas', 'gaza', 'israel', 'weapon', 'terrorist', 'benjamin', 'hostage', 'sale', 'offensive', 'netanyahu']",63,[24],"[['benjamin', 'gaza', 'hostage', 'hamas', 'israel', 'netanyahu', 'weapon', 'terrorist', 'israeli', 'sale']]",[0.98],[1.0],[0.718],1.0,0.718,continued,,,,,
62,28.0,"['energy', 'clean', 'climate', 'unleash', 'joe', 'biden', 'american', 'production', 'reliable', 'green']",63,[],[],[],[],[],0.0,0.0,disappeared,,,,,
62,,,63,,,,"[0.694, 0.919]","[0.387, 0.351]",1.613,0.737,merge,"[14, 18]","[['honor', 'vietnam', 'veteran', 'service', 'medal', 'soldier', 'nation', 'sgt', 'guard', 'hero'], ['spouse', 'gold', 'star', 'sacrifice', 'honor', 'love', 'strength', 'today', 'fall', 'service']]",5.0,"['honor', 'sacrifice', 'spouse', 'gold', 'star', 'service', 'hero', 'nation', 'love', 'day']","[0.902, 0.916]"
63,0.0,"['tariff', 'donald', 'trump', 'trade', 'price', 'economy', 'president', 'american', 'market', 'cost']",64,[0],"[['tariff', 'donald', 'trump', 'trade', 'president', 'economy', 'price', 'market', 'business', 'chaos']]",[0.997],[0.888],[1.106],0.888,1.106,continued,,,,,
63,1.0,"['medicaid', 'cut', 'republicans', 'billionaire', 'budget', 'tax', 'republican', 'vote', 'trillion', 'break']",64,[3],"[['medicaid', 'cut', 'budget', 'republicans', 'billionaire', 'republican', 'tax', 'snap', 'care', 'break']]",[0.988],[0.853],[0.614],0.853,0.614,continued,,,,,
63,2.0,"['farmer', 'great', 'farm', 'discuss', 'support', 'industry', 'producer', 'business', 'meet', 'local']",64,[13],"[['farmer', 'farm', 'producer', 'agriculture', 'association', 'industry', 'iowa', 'discuss', 'great', 'support']]",[0.977],[0.688],[1.111],0.688,1.111,continued,,,,,
63,3.0,"['health', 'care', 'public', 'research', 'administration', 'mental', 'disease', 'cut', 'institutes', 'and']",64,[15],"[['health', 'public', 'institutes', 'research', 'and', 'food', 'disease', 'administration', 'cancer', 'hiv']]",[0.985],[0.828],[1.359],0.828,1.359,continued,,,,,
63,4.0,"['student', 'school', 'great', 'community', 'celebrate', 'proud', 'future', 'wonderful', 'visit', 'week']",64,[12],"[['student', 'school', 'high', 'young', 'leader', 'bright', 'great', 'future', 'community', 'lily']]",[0.969],[0.726],[1.021],0.726,1.021,continued,,,,,
63,5.0,"['honor', 'sacrifice', 'spouse', 'gold', 'star', 'service', 'hero', 'nation', 'love', 'day']",64,[14],"[['honor', 'service', 'sacrifice', 'nation', 'veteran', 'hero', 'army', 'freedom', 'serve', 'thank']]",[0.933],[0.912],[1.331],0.912,1.331,continued,,,,,
63,6.0,"['border', 'deport', 'criminal', 'illegal', 'gang', 'salvador', 'el', 'administration', 'trump', 'biden']",64,[],[],[],[],[],0.0,0.0,disappeared,,,,,
63,7.0,"['energy', 'coal', 'american', 'executive', 'unleash', 'clean', 'order', 'potus', 'industry', 'power']",64,[9],"[['energy', 'coal', 'clean', 'executive', 'american', 'order', 'power', 'potus', 'unleash', 'industry']]",[0.996],[0.878],[0.825],0.878,0.825,continued,,,,,
63,8.0,"['judge', 'court', 'rogue', 'ruling', 'judicial', 'activist', 'injunction', 'nationwide', 'law', 'supreme']",64,[],[],[],[],[],0.0,0.0,disappeared,,,,,
63,9.0,"['china', 'communist', 'chinese', 'party', 'american', 'national', 'adversary', 'foreign', 'security', 'biotech']",64,[5],"[['china', 'chinese', 'communist', 'party', 'threat', 'national', 'security', 'adversary', 'american', 'foreign']]",[0.991],[0.888],[0.635],0.888,0.635,continued,,,,,
63,10.0,"['emergency', 'storm', 'management', 'weather', 'agency', 'disaster', 'severe', 'federal', 'flood', 'hurricane']",64,[8],"[['water', 'agency', 'wildfire', 'management', 'disaster', 'emergency', 'forest', 'environmental', 'community', 'federal']]",[0.859],[0.8],[0.667],0.8,0.667,unclear,,,,,
63,11.0,"['championship', 'basketball', 'gator', 'win', 'congratulation', 'game', 'team', 'national', 'coach', 'gatorsmbk']",64,[10],"[['championship', 'college', 'athlete', 'gator', 'athletic', 'win', 'basketball', 'national', 'sport', 'congratulation']]",[0.973],[0.865],[0.737],0.865,0.737,continued,,,,,
63,12.0,"['budget', 'senate', 'resolution', 'deliver', 'agenda', 'pass', 'reconciliation', 'border', 'cut', 'bill']",64,[4],"[['budget', 'resolution', 'spending', 'agenda', 'senate', 'deliver', 'pass', 'house', 'cut', 'reconciliation']]",[0.982],[0.94],[0.488],0.94,0.488,unclear,,,,,
63,13.0,"['hall', 'town', 'pm', 'telephone', 'april', 'join', 'live', 'host', 'question', 'rsvp']",64,[7],"[['hall', 'town', 'pm', 'april', 'join', 'host', 'office', 'question', 'rsvp', 'telephone']]",[0.985],[0.904],[0.653],0.904,0.653,continued,,,,,
63,14.0,"['education', 'student', 'school', 'child', 'kid', 'department', 'parent', 'classroom', 'funding', 'public']",64,[17],"[['education', 'student', 'school', 'child', 'department', 'classroom', 'parent', 'kid', 'choice', 'gender']]",[0.988],[0.878],[1.161],0.878,1.161,continued,,,,,
63,15.0,"['social', 'security', 'musk', 'benefit', 'senior', 'elon', 'earn', 'office', 'phone', 'donald']",64,[16],"[['social', 'security', 'benefit', 'musk', 'senior', 'phone', 'elon', 'doge', 'earn', 'office']]",[0.995],[0.95],[1.097],0.95,1.097,continued,,,,,
63,16.0,"['whack', 'lauraloomer', 'thank', 'great', 'win', 'happen', 'bobmarley', 'repjohnmcguire', 'repfranklin', 'repbrandongill']",64,[11],"[['lauraloomer', 'whack', 'generalmcnews', 'repbrianfitz', 'loomer', 'false', 'doodle', 'txrealtordalla', 'know', 'job']]",[0.937],[0.459],[0.342],0.459,0.342,disappeared,,,,,
63,17.0,"['election', 'vote', 'save', 'voter', 'act', 'citizen', 'integrity', 'hamadeh', 'require', 'citizenship']",64,[],[],[],[],[],0.0,0.0,disappeared,,,,,
63,18.0,"['fire', 'security', 'haugh', 'national', 'nsa', 'signal', 'general', 'investigation', 'cyber', 'hegseth']",64,[],[],[],[],[],0.0,0.0,disappeared,,,,,
63,19.0,"['tax', 'cut', 'extend', 'taxis', 'family', 'taxday', 'expire', 'business', 'job', 'hike']",64,[19],"[['tax', 'cut', 'extend', 'taxis', 'business', 'family', 'taxday', 'small', 'hike', 'job']]",[0.992],[0.905],[0.864],0.905,0.864,continued,,,,,
63,20.0,"['art', 'competition', 'congressional', 'submit', 'artwork', 'submission', 'april', 'capitol', 'artist', 'deadline']",64,[18],"[['art', 'competition', 'submit', 'congressional', 'artwork', 'april', 'deadline', 'submission', 'artist', 'capitol']]",[0.997],[0.904],[0.833],0.904,0.833,continued,,,,,
63,21.0,"['tune', 'live', 'podcast', 'et', 'pm', 'morning', 'youtube', 'join', 'watch', 'seanhannity']",64,[25],"[['tune', 'live', 'et', 'youtube', 'watch', 'pm', 'morning', 'foxbusiness', 'join', 'ct']]",[0.984],[0.89],[1.083],0.89,1.083,continued,,,,,
63,22.0,"['office', 'hour', 'mobile', 'help', 'agency', 'team', 'passport', 'federal', 'casework', 'constituent']",64,[],[],[],[],[],0.0,0.0,disappeared,,,,,
63,23.0,"['worker', 'union', 'bargaining', 'collective', 'right', 'labor', 'federal', 'employee', 'strip', 'fair']",64,[26],"[['worker', 'bargaining', 'federal', 'union', 'collective', 'right', 'labor', 'servant', 'employee', 'donald']]",[0.964],[0.958],[1.214],0.958,1.214,continued,,,,,
63,24.0,"['benjamin', 'gaza', 'hostage', 'hamas', 'israel', 'netanyahu', 'weapon', 'terrorist', 'israeli', 'sale']",64,[],[],[],[],[],0.0,0.0,disappeared,,,,,
63,25.0,"['veteran', 'va', 'care', 'deserve', 'act', 'serve', 'bill', 'service', 'benefit', 'dog']",64,[22],"[['veteran', 'va', 'veterans', 'act', 'bill', 'support', 'serve', 'vietnam', 'deserve', 'benefit']]",[0.983],[0.985],[1.015],0.985,1.015,continued,,,,,
63,26.0,"['job', 'march', 'add', 'expectation', 'report', 'private', 'economy', 'growth', 'president', 'promise']",64,[],[],[],[],[],0.0,0.0,disappeared,,,,,
63,27.0,"['musk', 'doge', 'elon', 'government', 'waste', 'billion', 'federal', 'contract', 'cut', 'dollar']",64,[20],"[['musk', 'elon', 'doge', 'government', 'datum', 'taxpayer', 'employee', 'federal', 'fire', 'law']]",[0.967],[0.778],[0.598],0.778,0.598,continued,,,,,
63,28.0,"['speaker', 'proxy', 'johnson', 'mike', 'vote', 'resolution', 'congress', 'parent', 'mom', 'voting']",64,[],[],[],[],[],0.0,0.0,disappeared,,,,,
63,29.0,"['ambassador', 'israel', 'govmikehuckabee', 'johnson', 'mike', 'east', 'huckabee', 'morocco', 'strengthen', 'relationship']",64,[],[],[],[],[],0.0,0.0,disappeared,,,,,
63,30.0,"['vladimir', 'ukraine', 'putin', 'russia', 'ukrainian', 'russian', 'sanction', 'invasion', 'peace', 'freedom']",64,[21],"[['vladimir', 'ukraine', 'russia', 'putin', 'ukrainian', 'ally', 'russian', 'sanction', 'nato', 'peace']]",[0.955],[0.981],[0.703],0.981,0.703,continued,,,,,
64,0.0,"['tariff', 'donald', 'trump', 'trade', 'president', 'economy', 'price', 'market', 'business', 'chaos']",65,[0],"[['tariff', 'donald', 'trump', 'trade', 'president', 'business', 'economy', 'market', 'chaos', 'price']]",[0.997],[0.887],[1.238],0.887,1.238,continued,,,,,
64,1.0,"['judge', 'court', 'law', 'rogue', 'trump', 'donald', 'ruling', 'criminal', 'supreme', 'biden']",65,"[5, 15]","[['abrego', 'kilmar', 'garcia', 'court', 'deport', 'supreme', 'donald', 'trump', 'el', 'salvador'], ['judge', 'rogue', 'ruling', 'court', 'injunction', 'activist', 'judicial', 'nationwide', 'president', 'agenda']]","[0.909, 0.891]","[0.381, 0.386]","[0.799, 2.133]",0.768,2.931,split,,,,,
64,2.0,"['vote', 'election', 'save', 'act', 'voter', 'citizen', 'american', 'citizenship', 'register', 'proof']",65,[1],"[['vote', 'election', 'save', 'act', 'voter', 'citizen', 'american', 'citizenship', 'register', 'proof']]",[1.0],[0.936],[0.907],0.936,0.907,continued,,,,,
64,3.0,"['medicaid', 'cut', 'budget', 'republicans', 'billionaire', 'republican', 'tax', 'snap', 'care', 'break']",65,[3],"[['medicaid', 'cut', 'budget', 'republicans', 'billionaire', 'care', 'republican', 'tax', 'health', 'snap']]",[0.999],[0.929],[0.84],0.929,0.84,continued,,,,,
64,4.0,"['budget', 'resolution', 'spending', 'agenda', 'senate', 'deliver', 'pass', 'house', 'cut', 'reconciliation']",65,[4],"[['budget', 'resolution', 'spending', 'house', 'agenda', 'deliver', 'pass', 'bill', 'president', 'reconciliation']]",[0.984],[0.914],[0.639],0.914,0.639,continued,,,,,
64,5.0,"['china', 'chinese', 'communist', 'party', 'threat', 'national', 'security', 'adversary', 'american', 'foreign']",65,[9],"[['china', 'chinese', 'communist', 'party', 'adversary', 'national', 'american', 'america', 'security', 'military']]",[0.989],[0.825],[0.902],0.825,0.902,continued,,,,,
64,6.0,"['passover', 'chag', 'sameach', 'wish', 'celebrate', 'pesach', 'jewish', 'hostage', 'happy', 'meaningful']",65,[6],"[['passover', 'chag', 'sameach', 'celebrate', 'wish', 'pesach', 'jewish', 'happy', 'meaningful', 'around']]",[0.98],[0.715],[0.522],0.715,0.522,continued,,,,,
64,7.0,"['hall', 'town', 'pm', 'april', 'join', 'host', 'office', 'question', 'rsvp', 'telephone']",65,[7],"[['hall', 'town', 'pm', 'rsvp', 'join', 'tune', 'question', 'april', 'tonight', 'live']]",[0.966],[0.85],[0.687],0.85,0.687,continued,,,,,
64,8.0,"['water', 'agency', 'wildfire', 'management', 'disaster', 'emergency', 'forest', 'environmental', 'community', 'federal']",65,[16],"[['disaster', 'wildfire', 'emergency', 'management', 'agency', 'federal', 'recovery', 'community', 'forest', 'storm']]",[0.966],[0.744],[1.225],0.744,1.225,continued,,,,,
64,9.0,"['energy', 'coal', 'clean', 'executive', 'american', 'order', 'power', 'potus', 'unleash', 'industry']",65,[19],"[['energy', 'coal', 'fossil', 'power', 'fuel', 'solar', 'nuclear', 'order', 'executive', 'america']]",[0.979],[0.916],[1.747],0.916,1.747,continued,,,,,
64,10.0,"['championship', 'college', 'athlete', 'gator', 'athletic', 'win', 'basketball', 'national', 'sport', 'congratulation']",65,[22],"[['championship', 'national', 'win', 'congratulation', 'ndsufootball', 'athlete', 'athletic', 'great', 'basketball', 'gobison']]",[0.959],[0.801],[1.623],0.801,1.623,continued,,,,,
64,11.0,"['lauraloomer', 'whack', 'generalmcnews', 'repbrianfitz', 'loomer', 'false', 'doodle', 'txrealtordalla', 'know', 'job']",65,[12],"[['lauraloomer', 'whack', 'generalmcnews', 'repbrianfitz', 'loomer', 'false', 'thank', 'txrealtordalla', 'doodle', 'az']]",[0.978],[0.527],[0.575],0.527,0.575,continued,,,,,
64,12.0,"['student', 'school', 'high', 'young', 'leader', 'bright', 'great', 'future', 'community', 'lily']",65,[23],"[['student', 'school', 'bright', 'young', 'lily', 'high', 'community', 'great', 'future', 'leader']]",[0.98],[0.821],[1.597],0.821,1.597,continued,,,,,
64,13.0,"['farmer', 'farm', 'producer', 'agriculture', 'association', 'industry', 'iowa', 'discuss', 'great', 'support']",65,[14],"[['farm', 'farmer', 'agriculture', 'rural', 'producer', 'ag', 'industry', 'pennsylvania', 'great', 'secrollin']]",[0.977],[0.859],[0.975],0.859,0.975,continued,,,,,
64,14.0,"['honor', 'service', 'sacrifice', 'nation', 'veteran', 'hero', 'army', 'freedom', 'serve', 'thank']",65,[21],"[['air', 'honor', 'reserve', 'force', 'birthday', 'serve', 'nation', 'thank', 'brave', 'service']]",[0.914],[0.805],[1.338],0.805,1.338,continued,,,,,
64,15.0,"['health', 'public', 'institutes', 'research', 'and', 'food', 'disease', 'administration', 'cancer', 'hiv']",65,[],[],[],[],[],0.0,0.0,disappeared,,,,,
64,16.0,"['social', 'security', 'benefit', 'musk', 'senior', 'phone', 'elon', 'doge', 'earn', 'office']",65,[],[],[],[],[],0.0,0.0,disappeared,,,,,
64,17.0,"['education', 'student', 'school', 'child', 'department', 'classroom', 'parent', 'kid', 'choice', 'gender']",65,[11],"[['education', 'student', 'school', 'harvard', 'antisemitism', 'university', 'child', 'department', 'kid', 'donald']]",[0.951],[0.86],[0.541],0.86,0.541,continued,,,,,
64,18.0,"['art', 'competition', 'submit', 'congressional', 'artwork', 'april', 'deadline', 'submission', 'artist', 'capitol']",65,[20],"[['art', 'competition', 'congressional', 'artwork', 'submit', 'deadline', 'capitol', 'april', 'student', 'school']]",[0.997],[0.956],[1.0],0.956,1.0,continued,,,,,
64,19.0,"['tax', 'cut', 'extend', 'taxis', 'business', 'family', 'taxday', 'small', 'hike', 'job']",65,[10],"[['tax', 'cut', 'extend', 'taxis', 'hike', 'taxday', 'family', 'day', 'earn', 'job']]",[0.978],[0.886],[0.506],0.886,0.506,continued,,,,,
64,20.0,"['musk', 'elon', 'doge', 'government', 'datum', 'taxpayer', 'employee', 'federal', 'fire', 'law']",65,[],[],[],[],[],0.0,0.0,disappeared,,,,,
64,21.0,"['vladimir', 'ukraine', 'russia', 'putin', 'ukrainian', 'ally', 'russian', 'sanction', 'nato', 'peace']",65,[8],"[['vladimir', 'ukraine', 'iran', 'ambassador', 'israel', 'russia', 'putin', 'ally', 'peace', 'russian']]",[0.904],[0.865],[0.328],0.865,0.328,disappeared,,,,,
64,22.0,"['veteran', 'va', 'veterans', 'act', 'bill', 'support', 'serve', 'vietnam', 'deserve', 'benefit']",65,[25],"[['veteran', 'va', 'veterans', 'survivor', 'act', 'vasp', 'care', 'bill', 'program', 'prioritize']]",[0.988],[1.0],[1.065],1.0,1.065,continued,,,,,
64,23.0,"['fee', 'overdraft', 'bank', 'cfpb', 'cap', 'rule', 'consumer', 'republicans', 'vote', 'big']",65,[24],"[['overdraft', 'fee', 'bank', 'cap', 'cfpb', 'rule', 'consumer', 'financial', 'vote', 'big']]",[0.999],[0.969],[0.969],0.969,0.969,continued,,,,,
64,24.0,"['dominican', 'helicopter', 'tragic', 'crash', 'republic', 'family', 'tragedy', 'lose', 'victim', 'prayer']",65,[26],"[['dominican', 'helicopter', 'crash', 'republic', 'tragedy', 'victim', 'tragic', 'family', 'nightclub', 'heart']]",[0.989],[0.918],[1.018],0.918,1.018,continued,,,,,
64,25.0,"['tune', 'live', 'et', 'youtube', 'watch', 'pm', 'morning', 'foxbusiness', 'join', 'ct']",65,[],[],[],[],[],0.0,0.0,disappeared,,,,,
64,26.0,"['worker', 'bargaining', 'federal', 'union', 'collective', 'right', 'labor', 'servant', 'employee', 'donald']",65,[],[],[],[],[],0.0,0.0,disappeared,,,,,
64,27.0,"['student', 'antisemitism', 'university', 'history', 'book', 'visa', 'rabbi', 'kaploun', 'naval', 'campus']",65,[],[],[],[],[],0.0,0.0,disappeared,,,,,
65,0.0,"['tariff', 'donald', 'trump', 'trade', 'president', 'business', 'economy', 'market', 'chaos', 'price']",66,[5],"[['tariff', 'donald', 'trump', 'business', 'trade', 'cost', 'economy', 'small', 'president', 'war']]",[0.99],[0.894],[1.956],0.894,1.956,continued,,,,,
65,1.0,"['vote', 'election', 'save', 'act', 'voter', 'citizen', 'american', 'citizenship', 'register', 'proof']",66,[22],"[['vote', 'election', 'voter', 'save', 'act', 'citizen', 'american', 'roll', 'register', 'citizenship']]",[0.973],[0.914],[7.226],0.914,7.226,continued,,,,,
65,2.0,"['social', 'security', 'musk', 'benefit', 'elon', 'earn', 'doge', 'senior', 'donald', 'trump']",66,[1],"[['social', 'security', 'benefit', 'musk', 'elon', 'earn', 'senior', 'donald', 'trump', 'office']]",[0.993],[0.785],[0.832],0.785,0.832,continued,,,,,
65,3.0,"['medicaid', 'cut', 'budget', 'republicans', 'billionaire', 'care', 'republican', 'tax', 'health', 'snap']",66,[4],"[['medicaid', 'cut', 'care', 'health', 'republicans', 'republican', 'rely', 'million', 'healthcare', 'fight']]",[0.939],[0.793],[1.023],0.793,1.023,continued,,,,,
65,4.0,"['budget', 'resolution', 'spending', 'house', 'agenda', 'deliver', 'pass', 'bill', 'president', 'reconciliation']",66,[17],"[['day', 'first', 'congress', 'th', 'senate', 'mark', 'start', 'deliver', 'get', 'house']]",[0.88],[0.557],[2.458],0.557,2.458,unclear,,,,,
65,5.0,"['abrego', 'kilmar', 'garcia', 'court', 'deport', 'supreme', 'donald', 'trump', 'el', 'salvador']",66,[0],"[['court', 'donald', 'garcia', 'abrego', 'illegal', 'trump', 'kilmar', 'el', 'salvador', 'deport']]",[0.963],[0.946],[0.323],0.946,0.323,disappeared,,,,,
65,6.0,"['passover', 'chag', 'sameach', 'celebrate', 'wish', 'pesach', 'jewish', 'happy', 'meaningful', 'around']",66,[6],"[['passover', 'chag', 'sameach', 'celebrate', 'wish', 'pesach', 'happy', 'jewish', 'may', 'meaningful']]",[0.994],[0.909],[0.853],0.909,0.853,continued,,,,,
65,7.0,"['hall', 'town', 'pm', 'rsvp', 'join', 'tune', 'question', 'april', 'tonight', 'live']",66,[9],"[['hall', 'town', 'join', 'pm', 'rsvp', 'tune', 'host', 'question', 'person', 'hear']]",[0.98],[0.78],[0.856],0.78,0.856,continued,,,,,
65,8.0,"['vladimir', 'ukraine', 'iran', 'ambassador', 'israel', 'russia', 'putin', 'ally', 'peace', 'russian']",66,[16],"[['vladimir', 'ukraine', 'russia', 'putin', 'war', 'russian', 'peace', 'ukrainian', 'kill', 'sumy']]",[0.863],[0.518],[1.174],0.518,1.174,unclear,,,,,
65,9.0,"['china', 'chinese', 'communist', 'party', 'adversary', 'national', 'american', 'america', 'security', 'military']",66,[14],"[['china', 'chinese', 'communist', 'party', 'national', 'adversary', 'american', 'military', 'security', 'industrial']]",[0.984],[0.907],[1.523],0.907,1.523,continued,,,,,
65,10.0,"['tax', 'cut', 'extend', 'taxis', 'hike', 'taxday', 'family', 'day', 'earn', 'job']",66,[7],"[['tax', 'cut', 'taxis', 'extend', 'hike', 'family', 'file', 'americans', 'donald', 'trump']]",[0.992],[0.974],[0.725],0.974,0.725,continued,,,,,
65,11.0,"['education', 'student', 'school', 'harvard', 'antisemitism', 'university', 'child', 'department', 'kid', 'donald']",66,[13],"[['harvard', 'student', 'university', 'education', 'trump', 'donald', 'institution', 'funding', 'visa', 'fund']]",[0.93],[0.568],[0.724],0.568,0.724,continued,,,,,
65,12.0,"['lauraloomer', 'whack', 'generalmcnews', 'repbrianfitz', 'loomer', 'false', 'thank', 'txrealtordalla', 'doodle', 'az']",66,[20],"[['day', 'good', 'uncertainty', 'time', 'let', 'thank', 'know', 'stop', 'morning', 'krmaher']]",[0.866],[0.313],[0.764],0.313,0.764,disappeared,,,,,
65,13.0,"['violence', 'governor', 'shapiro', 'family', 'political', 'governorshapiro', 'safe', 'attack', 'arson', 'grateful']",66,[12],"[['violence', 'governor', 'shapiro', 'family', 'political', 'attack', 'governorshapiro', 'safe', 'arson', 'grateful']]",[0.995],[0.859],[0.821],0.859,0.821,continued,,,,,
65,15.0,"['judge', 'rogue', 'ruling', 'court', 'injunction', 'activist', 'judicial', 'nationwide', 'president', 'agenda']",66,[],[],[],[],[],0.0,0.0,disappeared,,,,,
65,17.0,"['palm', 'sunday', 'bless', 'holy', 'wish', 'lord', 'hosanna', 'week', 'jesus', 'palmsunday']",66,[2],"[['friday', 'bless', 'good', 'wish', 'palm', 'sunday', 'holy', 'jesus', 'sacrifice', 'chris']]",[0.908],[0.97],[0.316],0.97,0.316,disappeared,,,,,
65,18.0,"['file', 'internal', 'revenue', 'service', 'taxis', 'tax', 'deadline', 'free', 'extension', 'filing']",66,[18],"[['file', 'internal', 'revenue', 'service', 'taxis', 'tax', 'deadline', 'extension', 'free', 'direct']]",[0.996],[0.967],[1.208],0.967,1.208,continued,,,,,
65,19.0,"['energy', 'coal', 'fossil', 'power', 'fuel', 'solar', 'nuclear', 'order', 'executive', 'america']",66,[],[],[],[],[],0.0,0.0,disappeared,,,,,
65,20.0,"['art', 'competition', 'congressional', 'artwork', 'submit', 'deadline', 'capitol', 'april', 'student', 'school']",66,[15],"[['art', 'competition', 'congressional', 'artwork', 'submit', 'capitol', 'april', 'artist', 'submission', 'high']]",[0.995],[0.988],[0.944],0.988,0.944,continued,,,,,
65,21.0,"['air', 'honor', 'reserve', 'force', 'birthday', 'serve', 'nation', 'thank', 'brave', 'service']",66,[],[],[],[],[],0.0,0.0,disappeared,,,,,
65,22.0,"['championship', 'national', 'win', 'congratulation', 'ndsufootball', 'athlete', 'athletic', 'great', 'basketball', 'gobison']",66,[],[],[],[],[],0.0,0.0,disappeared,,,,,
65,23.0,"['student', 'school', 'bright', 'young', 'lily', 'high', 'community', 'great', 'future', 'leader']",66,[],[],[],[],[],0.0,0.0,disappeared,,,,,
65,24.0,"['overdraft', 'fee', 'bank', 'cap', 'cfpb', 'rule', 'consumer', 'financial', 'vote', 'big']",66,[],[],[],[],[],0.0,0.0,disappeared,,,,,
65,25.0,"['veteran', 'va', 'veterans', 'survivor', 'act', 'vasp', 'care', 'bill', 'program', 'prioritize']",66,[19],"[['veteran', 'va', 'care', 'service', 'program', 'vasp', 'deserve', 'access', 'bill', 'bipartisan']]",[0.969],[0.903],[0.889],0.903,0.889,continued,,,,,
65,26.0,"['dominican', 'helicopter', 'crash', 'republic', 'tragedy', 'victim', 'tragic', 'family', 'nightclub', 'heart']",66,[],[],[],[],[],0.0,0.0,disappeared,,,,,
65,,,66,,,,"[0.832, 0.843]","[0.556, 0.483]",1.675,1.039,merge,"[14, 16]","[['farm', 'farmer', 'agriculture', 'rural', 'producer', 'ag', 'industry', 'pennsylvania', 'great', 'secrollin'], ['disaster', 'wildfire', 'emergency', 'management', 'agency', 'federal', 'recovery', 'community', 'forest', 'storm']]",10.0,"['farmer', 'farm', 'energy', 'agriculture', 'water', 'local', 'disaster', 'ag', 'work', 'community']","[0.888, 0.883]"
66,0.0,"['court', 'donald', 'garcia', 'abrego', 'illegal', 'trump', 'kilmar', 'el', 'salvador', 'deport']",67,[2],"[['court', 'garcia', 'abrego', 'kilmar', 'donald', 'trump', 'supreme', 'deport', 'order', 'el']]",[0.962],[0.542],[1.278],0.542,1.278,continued,,,,,
66,1.0,"['social', 'security', 'benefit', 'musk', 'elon', 'earn', 'senior', 'donald', 'trump', 'office']",67,[1],"[['social', 'security', 'musk', 'benefit', 'senior', 'earn', 'donald', 'elon', 'trump', 'doge']]",[0.995],[0.88],[0.808],0.88,0.808,continued,,,,,
66,2.0,"['friday', 'bless', 'good', 'wish', 'palm', 'sunday', 'holy', 'jesus', 'sacrifice', 'chris']",67,[0],"[['easter', 'happy', 'wish', 'bless', 'celebrate', 'hope', 'friday', 'love', 'good', 'chris']]",[0.882],[0.884],[0.395],0.884,0.395,disappeared,,,,,
66,3.0,"['honor', 'thank', 'great', 'student', 'community', 'service', 'award', 'veteran', 'school', 'team']",67,[10],"[['student', 'honor', 'thank', 'community', 'school', 'high', 'veteran', 'service', 'great', 'attend']]",[0.975],[0.83],[1.818],0.83,1.818,continued,,,,,
66,4.0,"['medicaid', 'cut', 'care', 'health', 'republicans', 'republican', 'rely', 'million', 'healthcare', 'fight']",67,[4],"[['medicaid', 'cut', 'care', 'health', 'republicans', 'republican', 'rely', 'would', 'fight', 'program']]",[0.999],[0.943],[0.983],0.943,0.983,continued,,,,,
66,5.0,"['tariff', 'donald', 'trump', 'business', 'trade', 'cost', 'economy', 'small', 'president', 'war']",67,[6],"[['tariff', 'business', 'donald', 'trump', 'price', 'trade', 'economy', 'small', 'cost', 'war']]",[0.993],[0.902],[1.23],0.902,1.23,continued,,,,,
66,6.0,"['passover', 'chag', 'sameach', 'celebrate', 'wish', 'pesach', 'happy', 'jewish', 'may', 'meaningful']",67,[],[],[],[],[],0.0,0.0,disappeared,,,,,
66,7.0,"['tax', 'cut', 'taxis', 'extend', 'hike', 'family', 'file', 'americans', 'donald', 'trump']",67,[8],"[['tax', 'cut', 'taxis', 'hike', 'extend', 'family', 'trump', 'donald', 'day', 'taxday']]",[0.995],[0.874],[1.011],0.874,1.011,continued,,,,,
66,8.0,"['gun', 'fsu', 'violence', 'florida', 'pray', 'shooting', 'victim', 'family', 'tragedy', 'prayer']",67,[7],"[['gun', 'fsu', 'violence', 'shooting', 'florida', 'school', 'family', 'heart', 'pray', 'university']]",[0.996],[0.821],[0.826],0.821,0.826,continued,,,,,
66,9.0,"['hall', 'town', 'join', 'pm', 'rsvp', 'tune', 'host', 'question', 'person', 'hear']",67,[5],"[['hall', 'town', 'pm', 'join', 'county', 'constituent', 'rsvp', 'tune', 'district', 'person']]",[0.984],[0.882],[0.625],0.882,0.625,continued,,,,,
66,10.0,"['farmer', 'farm', 'energy', 'agriculture', 'water', 'local', 'disaster', 'ag', 'work', 'community']",67,"[17, 18]","[['farmer', 'agriculture', 'ag', 'producer', 'energy', 'farm', 'manufacturing', 'secrollin', 'policy', 'texas'], ['disaster', 'protection', 'storm', 'agency', 'environmental', 'federal', 'iowa', 'weather', 'water', 'management']]","[0.91, 0.894]","[0.433, 0.444]","[0.987, 1.254]",0.876,2.241,split,,,,,
66,11.0,"['head', 'child', 'start', 'kid', 'health', 'research', 'education', 'donald', 'trump', 'rfk']",67,[11],"[['head', 'start', 'child', 'health', 'kid', 'care', 'donald', 'trump', 'research', 'family']]",[0.987],[0.805],[0.977],0.805,0.977,continued,,,,,
66,12.0,"['violence', 'governor', 'shapiro', 'family', 'political', 'attack', 'governorshapiro', 'safe', 'arson', 'grateful']",67,[],[],[],[],[],0.0,0.0,disappeared,,,,,
66,13.0,"['harvard', 'student', 'university', 'education', 'trump', 'donald', 'institution', 'funding', 'visa', 'fund']",67,[13],"[['harvard', 'university', 'student', 'education', 'trump', 'donald', 'fund', 'school', 'endowment', 'institution']]",[0.994],[0.888],[1.0],0.888,1.0,continued,,,,,
66,14.0,"['china', 'chinese', 'communist', 'party', 'national', 'adversary', 'american', 'military', 'security', 'industrial']",67,[16],"[['china', 'chinese', 'communist', 'mineral', 'party', 'trade', 'deepseek', 'american', 'adversary', 'national']]",[0.988],[0.963],[1.265],0.963,1.265,continued,,,,,
66,15.0,"['art', 'competition', 'congressional', 'artwork', 'submit', 'capitol', 'april', 'artist', 'submission', 'high']",67,[14],"[['art', 'competition', 'congressional', 'artwork', 'submit', 'capitol', 'high', 'submission', 'school', 'student']]",[0.995],[0.956],[0.86],0.956,0.86,continued,,,,,
66,16.0,"['vladimir', 'ukraine', 'russia', 'putin', 'war', 'russian', 'peace', 'ukrainian', 'kill', 'sumy']",67,[15],"[['ukraine', 'vladimir', 'russia', 'putin', 'russian', 'war', 'ukrainian', 'marco', 'invasion', 'peace']]",[0.983],[0.93],[0.941],0.93,0.941,continued,,,,,
66,17.0,"['day', 'first', 'congress', 'th', 'senate', 'mark', 'start', 'deliver', 'get', 'house']",67,[],[],[],[],[],0.0,0.0,disappeared,,,,,
66,18.0,"['file', 'internal', 'revenue', 'service', 'taxis', 'tax', 'deadline', 'extension', 'free', 'direct']",67,[19],"[['file', 'internal', 'revenue', 'service', 'taxis', 'tax', 'deadline', 'extension', 'today', 'free']]",[0.997],[0.972],[1.321],0.972,1.321,continued,,,,,
66,19.0,"['veteran', 'va', 'care', 'service', 'program', 'vasp', 'deserve', 'access', 'bill', 'bipartisan']",67,[],[],[],[],[],0.0,0.0,disappeared,,,,,
66,20.0,"['day', 'good', 'uncertainty', 'time', 'let', 'thank', 'know', 'stop', 'morning', 'krmaher']",67,[],[],[],[],[],0.0,0.0,disappeared,,,,,
66,21.0,"['black', 'maternal', 'blackmaternalhealthweek', 'mother', 'health', 'woman', 'pregnancy', 'die', 'likely', 'relate']",67,[],[],[],[],[],0.0,0.0,disappeared,,,,,
66,22.0,"['vote', 'election', 'voter', 'save', 'act', 'citizen', 'american', 'roll', 'register', 'citizenship']",67,[],[],[],[],[],0.0,0.0,disappeared,,,,,
67,0.0,"['easter', 'happy', 'wish', 'bless', 'celebrate', 'hope', 'friday', 'love', 'good', 'chris']",68,[1],"[['easter', 'happy', 'wish', 'celebrate', 'bless', 'hope', 'risen', 'family', 'love', 'rise']]",[0.981],[0.647],[0.939],0.647,0.939,continued,,,,,
67,1.0,"['social', 'security', 'musk', 'benefit', 'senior', 'earn', 'donald', 'elon', 'trump', 'doge']",68,[14],"[['social', 'musk', 'security', 'elon', 'doge', 'donald', 'benefit', 'trump', 'government', 'earn']]",[0.977],[0.813],[2.763],0.813,2.763,continued,,,,,
67,2.0,"['court', 'garcia', 'abrego', 'kilmar', 'donald', 'trump', 'supreme', 'deport', 'order', 'el']",68,[0],"[['illegal', 'donald', 'trump', 'border', 'court', 'garcia', 'law', 'alien', 'president', 'abrego']]",[0.928],[0.897],[0.51],0.897,0.51,continued,,,,,
67,3.0,"['pope', 'francis', 'world', 'peace', 'rest', 'may', 'catholic', 'compassion', 'pass', 'mourning']",68,[2],"[['pope', 'francis', 'rest', 'world', 'peace', 'may', 'catholic', 'compassion', 'pass', 'mourning']]",[1.0],[0.966],[0.932],0.966,0.932,continued,,,,,
67,4.0,"['medicaid', 'cut', 'care', 'health', 'republicans', 'republican', 'rely', 'would', 'fight', 'program']",68,[10],"[['medicaid', 'cut', 'care', 'health', 'republicans', 'republican', 'would', 'budget', 'tax', 'medicare']]",[0.994],[0.941],[1.613],0.941,1.613,continued,,,,,
67,5.0,"['hall', 'town', 'pm', 'join', 'county', 'constituent', 'rsvp', 'tune', 'district', 'person']",68,[5],"[['hall', 'town', 'join', 'pm', 'rsvp', 'thank', 'tune', 'hear', 'person', 'event']]",[0.982],[0.735],[0.902],0.735,0.902,continued,,,,,
67,6.0,"['tariff', 'business', 'donald', 'trump', 'price', 'trade', 'economy', 'small', 'cost', 'war']",68,[8],"[['tariff', 'business', 'donald', 'trump', 'price', 'trade', 'small', 'cost', 'economy', 'raise']]",[0.994],[0.94],[1.115],0.94,1.115,continued,,,,,
67,7.0,"['gun', 'fsu', 'violence', 'shooting', 'florida', 'school', 'family', 'heart', 'pray', 'university']",68,[12],"[['gun', 'molly', 'family', 'mcgovern', 'violence', 'prayer', 'heart', 'love', 'life', 'shooting']]",[0.923],[0.831],[1.182],0.831,1.182,continued,,,,,
67,8.0,"['tax', 'cut', 'taxis', 'hike', 'extend', 'family', 'trump', 'donald', 'day', 'taxday']",68,[18],"[['tax', 'cut', 'extend', 'hike', 'family', 'act', 'worker', 'relief', 'job', 'business']]",[0.975],[0.955],[2.25],0.955,2.25,continued,,,,,
67,9.0,"['illegal', 'gang', 'ms', 'democrats', 'member', 'alien', 'el', 'salvador', 'morin', 'rachel']",68,[],[],[],[],[],0.0,0.0,disappeared,,,,,
67,10.0,"['student', 'honor', 'thank', 'community', 'school', 'high', 'veteran', 'service', 'great', 'attend']",68,[13],"[['student', 'school', 'academy', 'great', 'service', 'young', 'team', 'college', 'high', 'community']]",[0.941],[0.62],[0.714],0.62,0.714,continued,,,,,
67,11.0,"['head', 'start', 'child', 'health', 'kid', 'care', 'donald', 'trump', 'research', 'family']",68,[6],"[['child', 'education', 'start', 'head', 'kid', 'school', 'parent', 'donald', 'trump', 'program']]",[0.917],[0.626],[0.394],0.626,0.394,disappeared,,,,,
67,12.0,"['hegseth', 'pete', 'resign', 'secretary', 'signal', 'fire', 'chat', 'national', 'security', 'must']",68,[7],"[['hegseth', 'pete', 'secretary', 'resign', 'security', 'signal', 'chat', 'national', 'fire', 'defense']]",[0.993],[0.941],[0.603],0.941,0.603,continued,,,,,
67,13.0,"['harvard', 'university', 'student', 'education', 'trump', 'donald', 'fund', 'school', 'endowment', 'institution']",68,[],[],[],[],[],0.0,0.0,disappeared,,,,,
67,14.0,"['art', 'competition', 'congressional', 'artwork', 'submit', 'capitol', 'high', 'submission', 'school', 'student']",68,[16],"[['art', 'competition', 'congressional', 'artwork', 'submit', 'capitol', 'artist', 'high', 'submission', 'school']]",[0.993],[0.93],[1.107],0.93,1.107,continued,,,,,
67,15.0,"['ukraine', 'vladimir', 'russia', 'putin', 'russian', 'war', 'ukrainian', 'marco', 'invasion', 'peace']",68,[17],"[['vladimir', 'ukraine', 'putin', 'russia', 'russian', 'peace', 'war', 'donald', 'trump', 'kyiv']]",[0.982],[0.941],[1.013],0.941,1.013,continued,,,,,
67,16.0,"['china', 'chinese', 'communist', 'mineral', 'party', 'trade', 'deepseek', 'american', 'adversary', 'national']",68,[],[],[],[],[],0.0,0.0,disappeared,,,,,
67,17.0,"['farmer', 'agriculture', 'ag', 'producer', 'energy', 'farm', 'manufacturing', 'secrollin', 'policy', 'texas']",68,[],[],[],[],[],0.0,0.0,disappeared,,,,,
67,18.0,"['disaster', 'protection', 'storm', 'agency', 'environmental', 'federal', 'iowa', 'weather', 'water', 'management']",68,[],[],[],[],[],0.0,0.0,disappeared,,,,,
67,19.0,"['file', 'internal', 'revenue', 'service', 'taxis', 'tax', 'deadline', 'extension', 'today', 'free']",68,[],[],[],[],[],0.0,0.0,disappeared,,,,,
68,0.0,"['illegal', 'donald', 'trump', 'border', 'court', 'garcia', 'law', 'alien', 'president', 'abrego']",69,[],[],[],[],[],0.0,0.0,disappeared,,,,,
68,1.0,"['easter', 'happy', 'wish', 'celebrate', 'bless', 'hope', 'risen', 'family', 'love', 'rise']",69,[],[],[],[],[],0.0,0.0,disappeared,,,,,
68,2.0,"['pope', 'francis', 'rest', 'world', 'peace', 'may', 'catholic', 'compassion', 'pass', 'mourning']",69,[1],"[['pope', 'francis', 'world', 'peace', 'may', 'rest', 'pass', 'catholic', 'compassion', 'mourning']]",[0.999],[0.975],[0.877],0.975,0.877,continued,,,,,
68,3.0,"['earth', 'earthday', 'day', 'climate', 'clean', 'planet', 'protect', 'environmental', 'park', 'future']",69,[],[],[],[],[],0.0,0.0,disappeared,,,,,
68,4.0,"['county', 'housing', 'great', 'local', 'community', 'farmer', 'countytour', 'support', 'work', 'farm']",69,[],[],[],[],[],0.0,0.0,disappeared,,,,,
68,5.0,"['hall', 'town', 'join', 'pm', 'rsvp', 'thank', 'tune', 'hear', 'person', 'event']",69,[],[],[],[],[],0.0,0.0,disappeared,,,,,
68,6.0,"['child', 'education', 'start', 'head', 'kid', 'school', 'parent', 'donald', 'trump', 'program']",69,[],[],[],[],[],0.0,0.0,disappeared,,,,,
68,7.0,"['hegseth', 'pete', 'secretary', 'resign', 'security', 'signal', 'chat', 'national', 'fire', 'defense']",69,[],[],[],[],[],0.0,0.0,disappeared,,,,,
68,8.0,"['tariff', 'business', 'donald', 'trump', 'price', 'trade', 'small', 'cost', 'economy', 'raise']",69,[],[],[],[],[],0.0,0.0,disappeared,,,,,
68,9.0,"['friday', 'good', 'sacrifice', 'bless', 'wish', 'sin', 'love', 'chris', 'cross', 'jesus']",69,[],[],[],[],[],0.0,0.0,disappeared,,,,,
68,10.0,"['medicaid', 'cut', 'care', 'health', 'republicans', 'republican', 'would', 'budget', 'tax', 'medicare']",69,[],[],[],[],[],0.0,0.0,disappeared,,,,,
68,11.0,"['holocaust', 'hashoah', 'yom', 'million', 'antisemitism', 'never', 'jews', 'six', 'jewish', 'murder']",69,[2],"[['holocaust', 'yom', 'hashoah', 'million', 'antisemitism', 'never', 'remember', 'murder', 'six', 'jewish']]",[0.999],[0.965],[0.895],0.965,0.895,continued,,,,,
68,12.0,"['gun', 'molly', 'family', 'mcgovern', 'violence', 'prayer', 'heart', 'love', 'life', 'shooting']",69,[],[],[],[],[],0.0,0.0,disappeared,,,,,
68,13.0,"['student', 'school', 'academy', 'great', 'service', 'young', 'team', 'college', 'high', 'community']",69,[],[],[],[],[],0.0,0.0,disappeared,,,,,
68,14.0,"['social', 'musk', 'security', 'elon', 'doge', 'donald', 'benefit', 'trump', 'government', 'earn']",69,[],[],[],[],[],0.0,0.0,disappeared,,,,,
68,15.0,"['india', 'attack', 'kashmir', 'terrorist', 'victim', 'condemn', 'tourist', 'terrorism', 'pahalgam', 'stand']",69,[3],"[['india', 'attack', 'kashmir', 'terrorist', 'victim', 'condemn', 'family', 'stand', 'violence', 'terrorism']]",[0.988],[0.809],[0.838],0.809,0.838,continued,,,,,
68,16.0,"['art', 'competition', 'congressional', 'artwork', 'submit', 'capitol', 'artist', 'high', 'submission', 'school']",69,[],[],[],[],[],0.0,0.0,disappeared,,,,,
68,17.0,"['vladimir', 'ukraine', 'putin', 'russia', 'russian', 'peace', 'war', 'donald', 'trump', 'kyiv']",69,[],[],[],[],[],0.0,0.0,disappeared,,,,,
68,18.0,"['tax', 'cut', 'extend', 'hike', 'family', 'act', 'worker', 'relief', 'job', 'business']",69,[],[],[],[],[],0.0,0.0,disappeared,,,,,
68,19.0,"['birthday', 'army', 'usarmyreserve', 'reserve', 'nation', 'thank', 'th', 'happy', 'serve', 'woman']",69,[],[],[],[],[],0.0,0.0,disappeared,,,,,
68,20.0,"['energy', 'american', 'dominance', 'unleash', 'clean', 'coal', 'future', 'potus', 'production', 'independence']",69,[],[],[],[],[],0.0,0.0,disappeared,,,,,
68,21.0,"['armenian', 'genocide', 'million', 'honor', 'remembrance', 'never', 'remember', 'today', 'azerbaijan', 'armenians']",69,[4],"[['armenian', 'genocide', 'million', 'remember', 'honor', 'today', 'never', 'remembrance', 'anniversary', 'stand']]",[0.998],[1.0],[0.75],1.0,0.75,continued,,,,,
69,0.0,"['donald', 'trump', 'work', 'community', 'make', 'day', 'family', 'protect', 'cut', 'president']",70,[0],"[['donald', 'trump', 'day', 'president', 'make', 'work', 'american', 'first', 'community', 'america']]",[0.99],[0.606],[0.488],0.606,0.488,unclear,,,,,
69,1.0,"['pope', 'francis', 'world', 'peace', 'may', 'rest', 'pass', 'catholic', 'compassion', 'mourning']",70,[],[],[],[],[],0.0,0.0,disappeared,,,,,
69,2.0,"['holocaust', 'yom', 'hashoah', 'million', 'antisemitism', 'never', 'remember', 'murder', 'six', 'jewish']",70,[1],"[['holocaust', 'antisemitism', 'jewish', 'yom', 'hashoah', 'million', 'never', 'remember', 'must', 'murder']]",[0.95],[0.967],[0.715],0.967,0.715,continued,,,,,
69,3.0,"['india', 'attack', 'kashmir', 'terrorist', 'victim', 'condemn', 'family', 'stand', 'violence', 'terrorism']",70,[],[],[],[],[],0.0,0.0,disappeared,,,,,
69,4.0,"['armenian', 'genocide', 'million', 'remember', 'honor', 'today', 'never', 'remembrance', 'anniversary', 'stand']",70,[4],"[['armenian', 'genocide', 'million', 'remember', 'honor', 'today', 'never', 'remembrance', 'armenians', 'stand']]",[0.999],[1.0],[0.96],1.0,0.96,continued,,,,,
70,0.0,"['donald', 'trump', 'day', 'president', 'make', 'work', 'american', 'first', 'community', 'america']",71,[],[],[],[],[],0.0,0.0,disappeared,,,,,
70,1.0,"['holocaust', 'antisemitism', 'jewish', 'yom', 'hashoah', 'million', 'never', 'remember', 'must', 'murder']",71,[8],"[['israel', 'jewish', 'antisemitism', 'hostage', 'hamas', 'must', 'iran', 'independence', 'terrorist', 'hold']]",[0.895],[0.908],[1.087],0.908,1.087,unclear,,,,,
70,2.0,"['vladimir', 'ukraine', 'putin', 'russia', 'donald', 'trump', 'peace', 'war', 'russian', 'ukrainian']",71,[13],"[['ukraine', 'vladimir', 'putin', 'russia', 'peace', 'mineral', 'war', 'russian', 'deal', 'agreement']]",[0.945],[0.98],[0.893],0.98,0.893,continued,,,,,
70,3.0,"['fentanyl', 'drug', 'awareness', 'day', 'national', 'prescription', 'take', 'nationalfentanylawarenessday', 'deadly', 'crisis']",71,[22],"[['fentanyl', 'awareness', 'drug', 'nationalfentanylawarenessday', 'deadly', 'national', 'crisis', 'day', 'epidemic', 'fentanylawarenessday']]",[0.985],[0.93],[1.143],0.93,1.143,continued,,,,,
70,4.0,"['armenian', 'genocide', 'million', 'remember', 'honor', 'today', 'never', 'remembrance', 'armenians', 'stand']",71,[],[],[],[],[],0.0,0.0,disappeared,,,,,
71,0.0,"['border', 'promise', 'president', 'secure', 'day', 'illegal', 'trump', 'donald', 'first', 'american']",72,"[0, 8]","[['illegal', 'law', 'border', 'judge', 'deport', 'alien', 'constitution', 'donald', 'trump', 'ice'], ['day', 'chaos', 'first', 'donald', 'trump', 'administration', 'corruption', 'people', 'president', 'office']]","[0.794, 0.829]","[0.405, 0.429]","[0.332, 1.171]",0.834,1.503,unclear,,,,,
71,1.0,"['tax', 'budget', 'cut', 'musk', 'government', 'donald', 'spending', 'trump', 'billion', 'doge']",72,[2],"[['budget', 'tax', 'cut', 'donald', 'trump', 'spending', 'president', 'billion', 'american', 'proposal']]",[0.973],[0.698],[0.829],0.698,0.829,continued,,,,,
71,2.0,"['tariff', 'economy', 'donald', 'trump', 'price', 'business', 'cost', 'trade', 'recession', 'gdp']",72,[1],"[['tariff', 'donald', 'trump', 'economy', 'price', 'business', 'cost', 'president', 'trade', 'recession']]",[0.995],[0.901],[0.815],0.901,0.815,continued,,,,,
71,3.0,"['health', 'mental', 'research', 'cancer', 'care', 'funding', 'cut', 'child', 'kid', 'school']",72,[15],"[['health', 'mental', 'research', 'funding', 'institutes', 'school', 'cut', 'cancer', 'grant', 'of']]",[0.971],[0.651],[1.681],0.651,1.681,continued,,,,,
71,4.0,"['judge', 'deport', 'illegal', 'process', 'due', 'court', 'law', 'deportation', 'citizen', 'ice']",72,[0],"[['illegal', 'law', 'border', 'judge', 'deport', 'alien', 'constitution', 'donald', 'trump', 'ice']]",[0.975],[0.898],[0.504],0.898,0.504,continued,,,,,
71,5.0,"['china', 'hegseth', 'security', 'waltz', 'military', 'pete', 'national', 'defense', 'johnson', 'mike']",72,"[9, 22]","[['hegseth', 'waltz', 'pete', 'mike', 'johnson', 'security', 'defense', 'nations', 'military', 'national'], ['china', 'communist', 'chinese', 'taiwan', 'party', 'states', 'america', 'united', 'global', 'pacific']]","[0.924, 0.817]","[0.518, 0.332]","[0.785, 1.042]",0.85,1.827,split,,,,,
71,6.0,"['honor', 'sacrifice', 'military', 'veteran', 'vietnam', 'service', 'month', 'serve', 'appreciation', 'vietnamese']",72,[12],"[['military', 'month', 'honor', 'sacrifice', 'serve', 'service', 'appreciation', 'veteran', 'man', 'woman']]",[0.968],[0.639],[0.944],0.639,0.944,continued,,,,,
71,7.0,"['medicaid', 'cut', 'care', 'health', 'republicans', 'million', 'republican', 'medicare', 'healthcare', 'budget']",72,[3],"[['medicaid', 'cut', 'care', 'health', 'republicans', 'snap', 'republican', 'million', 'food', 'people']]",[0.994],[0.933],[0.669],0.933,0.669,continued,,,,,
71,8.0,"['israel', 'jewish', 'antisemitism', 'hostage', 'hamas', 'must', 'iran', 'independence', 'terrorist', 'hold']",72,[4],"[['jewish', 'israel', 'antisemitism', 'iran', 'hamas', 'hostage', 'terrorist', 'ally', 'must', 'gaza']]",[0.979],[0.717],[0.571],0.717,0.571,continued,,,,,
71,9.0,"['prayer', 'god', 'pray', 'nation', 'national', 'bless', 'nationaldayofprayer', 'faith', 'day', 'may']",72,[5],"[['prayer', 'god', 'pray', 'nation', 'national', 'faith', 'day', 'nationaldayofprayer', 'bless', 'may']]",[0.996],[0.916],[0.815],0.916,0.815,continued,,,,,
71,10.0,"['worker', 'union', 'labor', 'fight', 'wage', 'internationalworkersday', 'workplace', 'right', 'condition', 'safe']",72,[10],"[['worker', 'union', 'labor', 'wage', 'internationalworkersday', 'federal', 'fight', 'stand', 'fair', 'employee']]",[0.975],[0.896],[0.902],0.896,0.902,continued,,,,,
71,11.0,"['tune', 'live', 'watch', 'join', 'youtube', 'talk', 'podcast', 'first', 'day', 'morning']",72,[30],"[['tune', 'watch', 'live', 'si', 'full', 'youtu', 'youtube', 'join', 'remark', 'newsmax']]",[0.906],[0.597],[1.291],0.597,1.291,continued,,,,,
71,12.0,"['take', 'online', 'act', 'victim', 'deepfake', 'image', 'ai', 'pass', 'protect', 'desk']",72,[],[],[],[],[],0.0,0.0,disappeared,,,,,
71,13.0,"['ukraine', 'vladimir', 'putin', 'russia', 'peace', 'mineral', 'war', 'russian', 'deal', 'agreement']",72,[18],"[['ukraine', 'vladimir', 'mineral', 'peace', 'putin', 'russia', 'agreement', 'deal', 'partnership', 'war']]",[0.98],[0.946],[1.165],0.946,1.165,continued,,,,,
71,14.0,"['student', 'school', 'great', 'high', 'leader', 'team', 'community', 'celebrate', 'host', 'university']",72,[13],"[['school', 'student', 'great', 'community', 'team', 'attend', 'event', 'meet', 'annual', 'honor']]",[0.984],[0.895],[0.79],0.895,0.79,continued,,,,,
71,15.0,"['california', 'vehicle', 'mandate', 'biden', 'joe', 'air', 'emission', 'ev', 'vote', 'standard']",72,[16],"[['california', 'vehicle', 'mandate', 'biden', 'joe', 'standard', 'emission', 'vote', 'air', 'ev']]",[0.997],[0.951],[0.99],0.951,0.99,continued,,,,,
71,16.0,"['art', 'competition', 'congressional', 'winner', 'artwork', 'piece', 'high', 'school', 'year', 'artist']",72,[11],"[['art', 'competition', 'winner', 'congressional', 'year', 'piece', 'artist', 'congratulation', 'capitol', 'artwork']]",[0.992],[0.902],[0.719],0.902,0.719,continued,,,,,
71,17.0,"['farm', 'farmer', 'agriculture', 'ag', 'crop', 'great', 'rancher', 'insurance', 'bill', 'rural']",72,[14],"[['farm', 'farmer', 'insurance', 'texas', 'agriculture', 'rancher', 'producer', 'meet', 'discuss', 'ag']]",[0.982],[0.833],[0.647],0.833,0.647,continued,,,,,
71,18.0,"['emergency', 'wildfire', 'management', 'weather', 'disaster', 'agency', 'storm', 'severe', 'fire', 'federal']",72,[24],"[['emergency', 'hurricane', 'wildfire', 'weather', 'season', 'management', 'disaster', 'preparedness', 'agency', 'fire']]",[0.985],[0.925],[1.088],0.925,1.088,continued,,,,,
71,19.0,"['chaos', 'day', 'donald', 'trump', 'first', 'administration', 'cruelty', 'back', 'people', 'fight']",72,[8],"[['day', 'chaos', 'first', 'donald', 'trump', 'administration', 'corruption', 'people', 'president', 'office']]",[0.984],[0.974],[0.5],0.974,0.5,unclear,,,,,
71,20.0,"['equalityact', 'equality', 'lgbtq', 'equalitycaucus', 'discrimination', 'lgbtqi', 'right', 'reintroduce', 'protection', 'law']",72,[],[],[],[],[],0.0,0.0,disappeared,,,,,
71,21.0,"['aanhpi', 'asian', 'heritage', 'month', 'pacific', 'islander', 'native', 'hawaiian', 'contribution', 'celebrate']",72,[19],"[['aanhpi', 'asian', 'pacific', 'islander', 'month', 'heritage', 'native', 'hawaiian', 'contribution', 'celebrate']]",[0.995],[0.932],[0.821],0.932,0.821,continued,,,,,
71,22.0,"['fentanyl', 'awareness', 'drug', 'nationalfentanylawarenessday', 'deadly', 'national', 'crisis', 'day', 'epidemic', 'fentanylawarenessday']",72,[28],"[['fentanyl', 'drug', 'cartel', 'large', 'agpambondi', 'deadly', 'seizure', 'bust', 'flow', 'wire']]",[0.942],[0.943],[1.138],0.943,1.138,continued,,,,,
71,23.0,"['energy', 'oil', 'gas', 'unleash', 'american', 'drill', 'dominance', 'nuclear', 'power', 'production']",72,[20],"[['energy', 'power', 'nuclear', 'coal', 'grid', 'biofuel', 'wind', 'renewable', 'american', 'dominance']]",[0.943],[0.857],[0.741],0.857,0.741,continued,,,,,
71,24.0,"['investment', 'manufacturing', 'president', 'american', 'job', 'invest', 'trump', 'manufacture', 'donald', 'tennessee']",72,[],[],[],[],[],0.0,0.0,disappeared,,,,,
71,25.0,"['transportgop', 'transportation', 'highway', 'transit', 'infrastructure', 'today', 'road', 'rail', 'uscg', 'bill']",72,[],[],[],[],[],0.0,0.0,disappeared,,,,,
71,26.0,"['social', 'security', 'benefit', 'earn', 'senior', 'office', 'bisignano', 'elon', 'hard', 'administration']",72,[25],"[['social', 'security', 'bisignano', 'frank', 'benefit', 'doge', 'vote', 'senior', 'ssa', 'elon']]",[0.948],[0.82],[0.746],0.82,0.746,continued,,,,,
71,27.0,"['pray', 'family', 'chatham', 'tragic', 'thought', 'injure', 'tragedy', 'crash', 'community', 'heart']",72,[],[],[],[],[],0.0,0.0,disappeared,,,,,
72,0.0,"['illegal', 'law', 'border', 'judge', 'deport', 'alien', 'constitution', 'donald', 'trump', 'ice']",73,[0],"[['illegal', 'law', 'investigation', 'border', 'donald', 'trump', 'bureau', 'criminal', 'immigration', 'of']]",[0.972],[0.889],[0.625],0.889,0.625,continued,,,,,
72,1.0,"['tariff', 'donald', 'trump', 'economy', 'price', 'business', 'cost', 'president', 'trade', 'recession']",73,[17],"[['tariff', 'price', 'donald', 'trump', 'business', 'trade', 'port', 'economy', 'cost', 'chaotic']]",[0.96],[0.741],[2.627],0.741,2.627,continued,,,,,
72,2.0,"['budget', 'tax', 'cut', 'donald', 'trump', 'spending', 'president', 'billion', 'american', 'proposal']",73,[5],"[['tax', 'cut', 'budget', 'debt', 'donald', 'trump', 'family', 'spending', 'fiscal', 'trillion']]",[0.98],[0.862],[1.236],0.862,1.236,continued,,,,,
72,3.0,"['medicaid', 'cut', 'care', 'health', 'republicans', 'snap', 'republican', 'million', 'food', 'people']",73,[1],"[['medicaid', 'cut', 'republicans', 'snap', 'health', 'million', 'republican', 'care', 'budget', 'people']]",[0.993],[0.837],[0.458],0.837,0.458,unclear,,,,,
72,4.0,"['jewish', 'israel', 'antisemitism', 'iran', 'hamas', 'hostage', 'terrorist', 'ally', 'must', 'gaza']",73,"[7, 15]","[['jewish', 'antisemitism', 'campus', 'college', 'student', 'university', 'columbia', 'edworkforcecmte', 'antisemitic', 'month'], ['iran', 'israel', 'gaza', 'hamas', 'nuclear', 'hostage', 'benjamin', 'terrorist', 'aid', 'sanction']]","[0.84, 0.881]","[0.382, 0.507]","[0.576, 0.948]",0.889,1.525,split,,,,,
72,5.0,"['prayer', 'god', 'pray', 'nation', 'national', 'faith', 'day', 'nationaldayofprayer', 'bless', 'may']",73,[],[],[],[],[],0.0,0.0,disappeared,,,,,
72,6.0,"['business', 'small', 'smallbusinessweek', 'economy', 'week', 'entrepreneur', 'owner', 'backbone', 'local', 'nationalsmallbusinessweek']",73,[2],"[['business', 'small', 'economy', 'smallbusinessweek', 'week', 'entrepreneur', 'owner', 'backbone', 'nationalsmallbusinessweek', 'community']]",[0.998],[0.988],[0.62],0.988,0.62,continued,,,,,
72,7.0,"['teacher', 'educator', 'appreciation', 'thank', 'student', 'happy', 'teacherappreciationweek', 'shape', 'day', 'generation']",73,[4],"[['teacher', 'educator', 'appreciation', 'teacherappreciationweek', 'thank', 'student', 'happy', 'day', 'shape', 'week']]",[0.998],[0.962],[0.664],0.962,0.664,continued,,,,,
72,8.0,"['day', 'chaos', 'first', 'donald', 'trump', 'administration', 'corruption', 'people', 'president', 'office']",73,[],[],[],[],[],0.0,0.0,disappeared,,,,,
72,9.0,"['hegseth', 'waltz', 'pete', 'mike', 'johnson', 'security', 'defense', 'nations', 'military', 'national']",73,[],[],[],[],[],0.0,0.0,disappeared,,,,,
72,10.0,"['worker', 'union', 'labor', 'wage', 'internationalworkersday', 'federal', 'fight', 'stand', 'fair', 'employee']",73,[22],"[['public', 'servant', 'service', 'recognition', 'publicservicerecognitionweek', 'worker', 'federal', 'week', 'employee', 'thank']]",[0.841],[0.602],[0.86],0.602,0.86,unclear,,,,,
72,11.0,"['art', 'competition', 'winner', 'congressional', 'year', 'piece', 'artist', 'congratulation', 'capitol', 'artwork']",73,[12],"[['art', 'competition', 'congressional', 'winner', 'year', 'congratulation', 'display', 'piece', 'artist', 'high']]",[0.986],[0.883],[0.911],0.883,0.911,continued,,,,,
72,12.0,"['military', 'month', 'honor', 'sacrifice', 'serve', 'service', 'appreciation', 'veteran', 'man', 'woman']",73,[35],"[['veteran', 'month', 'service', 'honor', 'military', 'sacrifice', 'appreciation', 'serve', 'nation', 'militaryappreciationmonth']]",[0.98],[0.879],[2.057],0.879,2.057,continued,,,,,
72,13.0,"['school', 'student', 'great', 'community', 'team', 'attend', 'event', 'meet', 'annual', 'honor']",73,[20],"[['community', 'student', 'great', 'school', 'team', 'thank', 'enjoy', 'event', 'dc', 'az']]",[0.979],[0.899],[1.059],0.899,1.059,continued,,,,,
72,14.0,"['farm', 'farmer', 'insurance', 'texas', 'agriculture', 'rancher', 'producer', 'meet', 'discuss', 'ag']",73,[19],"[['farmer', 'farm', 'agriculture', 'usda', 'producer', 'director', 'rural', 'ag', 'secrollin', 'state']]",[0.971],[0.698],[0.786],0.698,0.786,continued,,,,,
72,15.0,"['health', 'mental', 'research', 'funding', 'institutes', 'school', 'cut', 'cancer', 'grant', 'of']",73,[13],"[['mental', 'health', 'awareness', 'gun', 'violence', 'suicide', 'crisis', 'community', 'lifeline', 'prevention']]",[0.884],[0.478],[0.45],0.478,0.45,unclear,,,,,
72,17.0,"['nurse', 'care', 'nationalnursesday', 'compassion', 'thank', 'day', 'dedication', 'every', 'national', 'healthy']",73,[10],"[['nurse', 'care', 'nationalnursesweek', 'thank', 'compassion', 'day', 'nationalnursesday', 'national', 'dedication', 'patient']]",[0.996],[0.914],[0.634],0.914,0.634,continued,,,,,
72,18.0,"['ukraine', 'vladimir', 'mineral', 'peace', 'putin', 'russia', 'agreement', 'deal', 'partnership', 'war']",73,[34],"[['ukraine', 'vladimir', 'russia', 'putin', 'nato', 'mineral', 'russian', 'ukrainian', 'war', 'peace']]",[0.935],[0.747],[1.259],0.747,1.259,continued,,,,,
72,19.0,"['aanhpi', 'asian', 'pacific', 'islander', 'month', 'heritage', 'native', 'hawaiian', 'contribution', 'celebrate']",73,[],[],[],[],[],0.0,0.0,disappeared,,,,,
72,21.0,"['preside', 'agree', 'good', 'jamiebonkiewicz', 'wear', 'speaker', 'say', 'boxman', 'tempore', 'danrich']",73,[33],"[['agree', 'lol', 'exactly', 'true', 'good', 'spot', 'soon', 'look', 'let', 'xx']]",[0.952],[0.662],[0.964],0.662,0.964,continued,,,,,
72,22.0,"['china', 'communist', 'chinese', 'taiwan', 'party', 'states', 'america', 'united', 'global', 'pacific']",73,[8],"[['chinese', 'communist', 'china', 'party', 'influence', 'confucius', 'university', 'taiwan', 'ai', 'foreign']]",[0.958],[0.931],[0.482],0.931,0.482,unclear,,,,,
72,23.0,"['real', 'passport', 'may', 'license', 'fly', 'start', 'form', 'domestic', 'flight', 'deadline']",73,[24],"[['real', 'passport', 'license', 'start', 'fly', 'may', 'driver', 'domestic', 'flight', 'compliant']]",[0.989],[0.914],[0.753],0.914,0.753,continued,,,,,
72,24.0,"['emergency', 'hurricane', 'wildfire', 'weather', 'season', 'management', 'disaster', 'preparedness', 'agency', 'fire']",73,[18],"[['emergency', 'management', 'agency', 'hurricane', 'federal', 'disaster', 'season', 'wildfire', 'fire', 'preparedness']]",[0.978],[0.971],[0.606],0.971,0.606,continued,,,,,
72,25.0,"['social', 'security', 'bisignano', 'frank', 'benefit', 'doge', 'vote', 'senior', 'ssa', 'elon']",73,[31],"[['social', 'security', 'bisignano', 'frank', 'benefit', 'ssa', 'commissioner', 'vote', 'doge', 'earn']]",[0.995],[0.985],[1.158],0.985,1.158,continued,,,,,
72,26.0,"['pbs', 'npr', 'public', 'medium', 'attack', 'broadcasting', 'donald', 'order', 'press', 'trump']",73,[],[],[],[],[],0.0,0.0,disappeared,,,,,
72,27.0,"['veteran', 'va', 'care', 'veterans', 'benefit', 'foreclosure', 'health', 'act', 'vet', 'secvetaffair']",73,[11],"[['veteran', 'va', 'care', 'act', 'bill', 'veterans', 'pass', 'secvetaffair', 'access', 'deserve']]",[0.979],[0.919],[0.452],0.919,0.452,unclear,,,,,
72,28.0,"['fentanyl', 'drug', 'cartel', 'large', 'agpambondi', 'deadly', 'seizure', 'bust', 'flow', 'wire']",73,[],[],[],[],[],0.0,0.0,disappeared,,,,,
72,29.0,"['office', 'help', 'federal', 'agency', 'team', 'hour', 'need', 'social', 'mobile', 'casework']",73,[29],"[['office', 'help', 'team', 'agency', 'federal', 'hour', 'mobile', 'social', 'need', 'pm']]",[0.988],[0.893],[0.862],0.893,0.862,continued,,,,,
72,30.0,"['tune', 'watch', 'live', 'si', 'full', 'youtu', 'youtube', 'join', 'remark', 'newsmax']",73,[32],"[['tune', 'live', 'join', 'youtube', 'minute', 'broadcast', 'watch', 'et', 'fm', 'pm']]",[0.949],[0.8],[0.786],0.8,0.786,continued,,,,,
72,31.0,"['vietnam', 'vietnamese', 'saigon', 'war', 'fall', 'anniversary', 'honor', 'april', 'black', 'th']",73,[35],"[['veteran', 'month', 'service', 'honor', 'military', 'sacrifice', 'appreciation', 'serve', 'nation', 'militaryappreciationmonth']]",[0.756],[0.4],[0.415],0.4,0.415,unclear,,,,,
72,,,73,,,,"[0.727, 0.864]","[0.465, 0.452]",1.591,0.916,merge,"[16, 20]","[['california', 'vehicle', 'mandate', 'biden', 'joe', 'standard', 'emission', 'vote', 'air', 'ev'], ['energy', 'power', 'nuclear', 'coal', 'grid', 'biofuel', 'wind', 'renewable', 'american', 'dominance']]",6.0,"['energy', 'natural', 'power', 'oil', 'clean', 'utm', 'gas', 'resource', 'land', 'grid']","[0.786, 0.935]"
73,0.0,"['illegal', 'law', 'investigation', 'border', 'donald', 'trump', 'bureau', 'criminal', 'immigration', 'of']",74,[0],"[['illegal', 'border', 'donald', 'trump', 'law', 'ice', 'investigation', 'bureau', 'criminal', 'of']]",[0.995],[0.796],[0.758],0.796,0.758,continued,,,,,
73,1.0,"['medicaid', 'cut', 'republicans', 'snap', 'health', 'million', 'republican', 'care', 'budget', 'people']",74,[1],"[['medicaid', 'cut', 'republicans', 'health', 'million', 'care', 'republican', 'snap', 'budget', 'people']]",[0.999],[0.904],[0.731],0.904,0.731,continued,,,,,
73,2.0,"['business', 'small', 'economy', 'smallbusinessweek', 'week', 'entrepreneur', 'owner', 'backbone', 'nationalsmallbusinessweek', 'community']",74,[9],"[['business', 'small', 'smallbusinessweek', 'entrepreneur', 'economy', 'week', 'nationalsmallbusinessweek', 'owner', 'community', 'backbone']]",[0.997],[0.932],[1.283],0.932,1.283,continued,,,,,
73,3.0,"['pope', 'leo', 'xiv', 'catholic', 'church', 'first', 'american', 'world', 'god', 'pray']",74,[5],"[['pope', 'leo', 'xiv', 'catholic', 'church', 'first', 'american', 'world', 'may', 'god']]",[1.0],[0.943],[0.946],0.943,0.946,continued,,,,,
73,4.0,"['teacher', 'educator', 'appreciation', 'teacherappreciationweek', 'thank', 'student', 'happy', 'day', 'shape', 'week']",74,[8],"[['teacher', 'educator', 'appreciation', 'teacherappreciationweek', 'student', 'thank', 'shape', 'generation', 'future', 'happy']]",[0.999],[0.948],[1.073],0.948,1.073,continued,,,,,
73,7.0,"['jewish', 'antisemitism', 'campus', 'college', 'student', 'university', 'columbia', 'edworkforcecmte', 'antisemitic', 'month']",74,[14],"[['antisemitism', 'jewish', 'campus', 'college', 'university', 'student', 'columbia', 'contribution', 'month', 'antisemitic']]",[0.992],[0.938],[0.971],0.938,0.971,continued,,,,,
73,8.0,"['chinese', 'communist', 'china', 'party', 'influence', 'confucius', 'university', 'taiwan', 'ai', 'foreign']",74,[31],"[['chinese', 'communist', 'party', 'confucius', 'university', 'influence', 'institutes', 'pass', 'entity', 'dhs']]",[0.925],[0.705],[1.75],0.705,1.75,continued,,,,,
73,9.0,"['gulf', 'rename', 'mexico', 'america', 'vote', 'codify', 'house', 'executive', 'bill', 'name']",74,[16],"[['gulf', 'rename', 'mexico', 'america', 'vote', 'house', 'codify', 'bill', 'name', 'republicans']]",[0.999],[0.869],[0.881],0.869,0.881,continued,,,,,
73,10.0,"['nurse', 'care', 'nationalnursesweek', 'thank', 'compassion', 'day', 'nationalnursesday', 'national', 'dedication', 'patient']",74,[15],"[['nurse', 'care', 'nationalnursesweek', 'compassion', 'thank', 'patient', 'nationalnursesday', 'dedication', 'national', 'day']]",[0.999],[0.925],[0.899],0.925,0.899,continued,,,,,
73,11.0,"['veteran', 'va', 'care', 'act', 'bill', 'veterans', 'pass', 'secvetaffair', 'access', 'deserve']",74,[22],"[['veteran', 'va', 'care', 'act', 'cancer', 'bill', 'benefit', 'deserve', 'veterans', 'pass']]",[0.995],[0.889],[1.0],0.889,1.0,continued,,,,,
73,12.0,"['art', 'competition', 'congressional', 'winner', 'year', 'congratulation', 'display', 'piece', 'artist', 'high']",74,[6],"[['student', 'art', 'competition', 'academy', 'winner', 'congressional', 'congratulation', 'school', 'year', 'capitol']]",[0.912],[0.927],[0.444],0.927,0.444,unclear,,,,,
73,13.0,"['mental', 'health', 'awareness', 'gun', 'violence', 'suicide', 'crisis', 'community', 'lifeline', 'prevention']",74,[32],"[['mental', 'health', 'awareness', 'month', 'crisis', 'stigma', 'suicide', 'lifeline', 'text', 'mhcaucus']]",[0.932],[0.608],[1.304],0.608,1.304,continued,,,,,
73,14.0,"['victory', 'europe', 'freedom', 'sacrifice', 'honor', 'wwii', 'today', 'world', 'war', 'tyranny']",74,[20],"[['victory', 'europe', 'freedom', 'sacrifice', 'honor', 'wwii', 'war', 'today', 'world', 'tyranny']]",[0.997],[0.905],[0.882],0.905,0.882,continued,,,,,
73,15.0,"['iran', 'israel', 'gaza', 'hamas', 'nuclear', 'hostage', 'benjamin', 'terrorist', 'aid', 'sanction']",74,[],[],[],[],[],0.0,0.0,disappeared,,,,,
73,16.0,"['crypto', 'genius', 'corruption', 'digital', 'asset', 'stablecoin', 'donald', 'coin', 'trump', 'act']",74,[12],"[['crypto', 'corruption', 'donald', 'trump', 'foreign', 'gift', 'qatar', 'accept', 'asset', 'genius']]",[0.952],[0.752],[0.491],0.752,0.491,unclear,,,,,
73,17.0,"['tariff', 'price', 'donald', 'trump', 'business', 'trade', 'port', 'economy', 'cost', 'chaotic']",74,[13],"[['tariff', 'donald', 'price', 'trump', 'business', 'small', 'cost', 'economy', 'trade', 'port']]",[0.992],[0.964],[0.726],0.964,0.726,continued,,,,,
73,18.0,"['emergency', 'management', 'agency', 'hurricane', 'federal', 'disaster', 'season', 'wildfire', 'fire', 'preparedness']",74,[17],"[['emergency', 'management', 'agency', 'fire', 'federal', 'hurricane', 'firefighter', 'disaster', 'wildfire', 'preparedness']]",[0.982],[0.954],[0.782],0.954,0.782,continued,,,,,
73,19.0,"['farmer', 'farm', 'agriculture', 'usda', 'producer', 'director', 'rural', 'ag', 'secrollin', 'state']",74,[7],"[['farmer', 'farm', 'great', 'land', 'agriculture', 'work', 'meet', 'producer', 'discuss', 'state']]",[0.947],[0.932],[0.4],0.932,0.4,unclear,,,,,
73,20.0,"['community', 'student', 'great', 'school', 'team', 'thank', 'enjoy', 'event', 'dc', 'az']",74,[],[],[],[],[],0.0,0.0,disappeared,,,,,
73,21.0,"['woman', 'man', 'sport', 'dogecommittee', 'lehfeldt', 'usa', 'damien', 'fencing', 'gopoversight', 'repmtg']",74,[25],"[['woman', 'sport', 'dogecommittee', 'man', 'lehfeldt', 'usa', 'damien', 'fencing', 'gopoversight', 'repmtg']]",[0.979],[0.768],[0.948],0.768,0.948,continued,,,,,
73,22.0,"['public', 'servant', 'service', 'recognition', 'publicservicerecognitionweek', 'worker', 'federal', 'week', 'employee', 'thank']",74,[23],"[['public', 'service', 'servant', 'worker', 'recognition', 'publicservicerecognitionweek', 'federal', 'week', 'civil', 'employee']]",[0.994],[0.935],[0.791],0.935,0.791,continued,,,,,
73,23.0,"['trade', 'deal', 'uk', 'president', 'market', 'historic', 'potus', 'america', 'kingdom', 'fair']",74,[21],"[['trade', 'deal', 'uk', 'historic', 'president', 'fair', 'potus', 'agreement', 'market', 'america']]",[0.997],[0.967],[0.744],0.967,0.744,continued,,,,,
73,24.0,"['real', 'passport', 'license', 'start', 'fly', 'may', 'driver', 'domestic', 'flight', 'compliant']",74,[26],"[['real', 'passport', 'license', 'travel', 'fly', 'start', 'may', 'tsa', 'driver', 'dmv']]",[0.994],[0.965],[1.093],0.965,1.093,continued,,,,,
73,25.0,"['child', 'mom', 'mother', 'family', 'parent', 'care', 'momsequalpayday', 'support', 'pay', 'act']",74,[18],"[['child', 'mom', 'care', 'family', 'parent', 'mother', 'pay', 'act', 'parenthood', 'momsequalpayday']]",[0.985],[0.864],[0.534],0.864,0.534,continued,,,,,
73,26.0,"['traffic', 'air', 'airport', 'newark', 'controller', 'faa', 'safety', 'delay', 'aviation', 'flight']",74,[27],"[['newark', 'traffic', 'air', 'controller', 'airport', 'faa', 'safety', 'delay', 'aviation', 'flight']]",[0.992],[0.935],[0.973],0.935,0.973,continued,,,,,
73,27.0,"['spouse', 'military', 'sacrifice', 'strength', 'appreciation', 'militaryspouseappreciationday', 'thank', 'support', 'wife', 'service']",74,[28],"[['spouse', 'military', 'sacrifice', 'strength', 'appreciation', 'militaryspouseappreciationday', 'support', 'thank', 'service', 'member']]",[0.998],[0.944],[0.905],0.944,0.905,continued,,,,,
73,28.0,"['hospital', 'care', 'patient', 'healthcare', 'discuss', 'health', 'meeting', 'meet', 'iowa', 'anesthesiologist']",74,[24],"[['care', 'cancer', 'patient', 'breast', 'hospital', 'discuss', 'healthcare', 'health', 'access', 'meet']]",[0.979],[0.924],[0.61],0.924,0.61,continued,,,,,
73,29.0,"['office', 'help', 'team', 'agency', 'federal', 'hour', 'mobile', 'social', 'need', 'pm']",74,[30],"[['office', 'team', 'help', 'agency', 'hour', 'federal', 'mobile', 'constituent', 'casework', 'need']]",[0.988],[0.966],[0.918],0.966,0.918,continued,,,,,
73,30.0,"['hayden', 'dr', 'carla', 'librarian', 'library', 'congress', 'fire', 'donald', 'history', 'trump']",74,[29],"[['hayden', 'dr', 'librarian', 'carla', 'congress', 'library', 'fire', 'history', 'donald', 'trump']]",[0.996],[0.983],[0.803],0.983,0.803,continued,,,,,
73,31.0,"['social', 'security', 'bisignano', 'frank', 'benefit', 'ssa', 'commissioner', 'vote', 'doge', 'earn']",74,[],[],[],[],[],0.0,0.0,disappeared,,,,,
73,32.0,"['tune', 'live', 'join', 'youtube', 'minute', 'broadcast', 'watch', 'et', 'fm', 'pm']",74,[19],"[['tune', 'live', 'join', 'fm', 'watch', 'fox', 'podcast', 'chesschick', 'pm', 'broadcast']]",[0.92],[0.946],[0.431],0.946,0.431,unclear,,,,,
73,33.0,"['agree', 'lol', 'exactly', 'true', 'good', 'spot', 'soon', 'look', 'let', 'xx']",74,[],[],[],[],[],0.0,0.0,disappeared,,,,,
73,34.0,"['ukraine', 'vladimir', 'russia', 'putin', 'nato', 'mineral', 'russian', 'ukrainian', 'war', 'peace']",74,[],[],[],[],[],0.0,0.0,disappeared,,,,,
73,35.0,"['veteran', 'month', 'service', 'honor', 'military', 'sacrifice', 'appreciation', 'serve', 'nation', 'militaryappreciationmonth']",74,[28],"[['spouse', 'military', 'sacrifice', 'strength', 'appreciation', 'militaryspouseappreciationday', 'support', 'thank', 'service', 'member']]",[0.794],[0.434],[0.311],0.434,0.311,disappeared,,,,,
73,36.0,"['water', 'land', 'lake', 'river', 'conservation', 'project', 'protect', 'public', 'great', 'infrastructure']",74,[],[],[],[],[],0.0,0.0,disappeared,,,,,
73,,,74,,,,"[0.684, 0.748]","[0.403, 0.322]",1.432,0.725,merge,"[5, 6]","[['tax', 'cut', 'budget', 'debt', 'donald', 'trump', 'family', 'spending', 'fiscal', 'trillion'], ['energy', 'natural', 'power', 'oil', 'clean', 'utm', 'gas', 'resource', 'land', 'grid']]",3.0,"['energy', 'tax', 'bill', 'reconciliation', 'american', 'debt', 'cut', 'big', 'clean', 'beautiful']","[0.918, 0.929]"
74,0.0,"['illegal', 'border', 'donald', 'trump', 'law', 'ice', 'investigation', 'bureau', 'criminal', 'of']",75,[],[],[],[],[],0.0,0.0,disappeared,,,,,
74,1.0,"['medicaid', 'cut', 'republicans', 'health', 'million', 'care', 'republican', 'snap', 'budget', 'people']",75,[],[],[],[],[],0.0,0.0,disappeared,,,,,
74,2.0,"['mother', 'mom', 'happy', 'day', 'love', 'wife', 'wish', 'incredible', 'amazing', 'figure']",75,[1],"[['mother', 'day', 'mom', 'happy', 'love', 'wife', 'incredible', 'wish', 'thank', 'today']]",[1.0],[0.972],[0.982],0.972,0.982,continued,,,,,
74,3.0,"['energy', 'tax', 'bill', 'reconciliation', 'american', 'debt', 'cut', 'big', 'clean', 'beautiful']",75,[],[],[],[],[],0.0,0.0,disappeared,,,,,
74,4.0,"['edan', 'hostage', 'alexander', 'hamas', 'home', 'release', 'israel', 'captivity', 'iran', 'finally']",75,[2],"[['edan', 'hostage', 'alexander', 'hamas', 'home', 'release', 'captivity', 'finally', 'hold', 'gaza']]",[0.981],[0.832],[0.923],0.832,0.923,continued,,,,,
74,5.0,"['pope', 'leo', 'xiv', 'catholic', 'church', 'first', 'american', 'world', 'may', 'god']",75,[],[],[],[],[],0.0,0.0,disappeared,,,,,
74,6.0,"['student', 'art', 'competition', 'academy', 'winner', 'congressional', 'congratulation', 'school', 'year', 'capitol']",75,[],[],[],[],[],0.0,0.0,disappeared,,,,,
74,7.0,"['farmer', 'farm', 'great', 'land', 'agriculture', 'work', 'meet', 'producer', 'discuss', 'state']",75,[],[],[],[],[],0.0,0.0,disappeared,,,,,
74,8.0,"['teacher', 'educator', 'appreciation', 'teacherappreciationweek', 'student', 'thank', 'shape', 'generation', 'future', 'happy']",75,[],[],[],[],[],0.0,0.0,disappeared,,,,,
74,9.0,"['business', 'small', 'smallbusinessweek', 'entrepreneur', 'economy', 'week', 'nationalsmallbusinessweek', 'owner', 'community', 'backbone']",75,[],[],[],[],[],0.0,0.0,disappeared,,,,,
74,10.0,"['vladimir', 'pakistan', 'india', 'ukraine', 'russia', 'putin', 'peace', 'cuba', 'ceasefire', 'regime']",75,[],[],[],[],[],0.0,0.0,disappeared,,,,,
74,11.0,"['police', 'officer', 'enforcement', 'week', 'law', 'national', 'honor', 'community', 'man', 'safe']",75,[],[],[],[],[],0.0,0.0,disappeared,,,,,
74,12.0,"['crypto', 'corruption', 'donald', 'trump', 'foreign', 'gift', 'qatar', 'accept', 'asset', 'genius']",75,[],[],[],[],[],0.0,0.0,disappeared,,,,,
74,13.0,"['tariff', 'donald', 'price', 'trump', 'business', 'small', 'cost', 'economy', 'trade', 'port']",75,[],[],[],[],[],0.0,0.0,disappeared,,,,,
74,14.0,"['antisemitism', 'jewish', 'campus', 'college', 'university', 'student', 'columbia', 'contribution', 'month', 'antisemitic']",75,[],[],[],[],[],0.0,0.0,disappeared,,,,,
74,15.0,"['nurse', 'care', 'nationalnursesweek', 'compassion', 'thank', 'patient', 'nationalnursesday', 'dedication', 'national', 'day']",75,[],[],[],[],[],0.0,0.0,disappeared,,,,,
74,16.0,"['gulf', 'rename', 'mexico', 'america', 'vote', 'house', 'codify', 'bill', 'name', 'republicans']",75,[],[],[],[],[],0.0,0.0,disappeared,,,,,
74,17.0,"['emergency', 'management', 'agency', 'fire', 'federal', 'hurricane', 'firefighter', 'disaster', 'wildfire', 'preparedness']",75,[],[],[],[],[],0.0,0.0,disappeared,,,,,
74,18.0,"['child', 'mom', 'care', 'family', 'parent', 'mother', 'pay', 'act', 'parenthood', 'momsequalpayday']",75,[],[],[],[],[],0.0,0.0,disappeared,,,,,
74,19.0,"['tune', 'live', 'join', 'fm', 'watch', 'fox', 'podcast', 'chesschick', 'pm', 'broadcast']",75,[],[],[],[],[],0.0,0.0,disappeared,,,,,
74,20.0,"['victory', 'europe', 'freedom', 'sacrifice', 'honor', 'wwii', 'war', 'today', 'world', 'tyranny']",75,[],[],[],[],[],0.0,0.0,disappeared,,,,,
74,21.0,"['trade', 'deal', 'uk', 'historic', 'president', 'fair', 'potus', 'agreement', 'market', 'america']",75,[],[],[],[],[],0.0,0.0,disappeared,,,,,
74,22.0,"['veteran', 'va', 'care', 'act', 'cancer', 'bill', 'benefit', 'deserve', 'veterans', 'pass']",75,[],[],[],[],[],0.0,0.0,disappeared,,,,,
74,23.0,"['public', 'service', 'servant', 'worker', 'recognition', 'publicservicerecognitionweek', 'federal', 'week', 'civil', 'employee']",75,[],[],[],[],[],0.0,0.0,disappeared,,,,,
74,24.0,"['care', 'cancer', 'patient', 'breast', 'hospital', 'discuss', 'healthcare', 'health', 'access', 'meet']",75,[],[],[],[],[],0.0,0.0,disappeared,,,,,
74,25.0,"['woman', 'sport', 'dogecommittee', 'man', 'lehfeldt', 'usa', 'damien', 'fencing', 'gopoversight', 'repmtg']",75,[],[],[],[],[],0.0,0.0,disappeared,,,,,
74,26.0,"['real', 'passport', 'license', 'travel', 'fly', 'start', 'may', 'tsa', 'driver', 'dmv']",75,[],[],[],[],[],0.0,0.0,disappeared,,,,,
74,27.0,"['newark', 'traffic', 'air', 'controller', 'airport', 'faa', 'safety', 'delay', 'aviation', 'flight']",75,[],[],[],[],[],0.0,0.0,disappeared,,,,,
74,28.0,"['spouse', 'military', 'sacrifice', 'strength', 'appreciation', 'militaryspouseappreciationday', 'support', 'thank', 'service', 'member']",75,[],[],[],[],[],0.0,0.0,disappeared,,,,,
74,29.0,"['hayden', 'dr', 'librarian', 'carla', 'congress', 'library', 'fire', 'history', 'donald', 'trump']",75,[3],"[['hayden', 'dr', 'librarian', 'carla', 'congress', 'library', 'fire', 'donald', 'trump', 'history']]",[0.996],[0.958],[0.84],0.958,0.84,continued,,,,,
74,30.0,"['office', 'team', 'help', 'agency', 'hour', 'federal', 'mobile', 'constituent', 'casework', 'need']",75,[],[],[],[],[],0.0,0.0,disappeared,,,,,
74,31.0,"['chinese', 'communist', 'party', 'confucius', 'university', 'influence', 'institutes', 'pass', 'entity', 'dhs']",75,[],[],[],[],[],0.0,0.0,disappeared,,,,,
74,32.0,"['mental', 'health', 'awareness', 'month', 'crisis', 'stigma', 'suicide', 'lifeline', 'text', 'mhcaucus']",75,[],[],[],[],[],0.0,0.0,disappeared,,,,,
74,33.0,"['research', 'measle', 'lab', 'science', 'function', 'gain', 'rfk', 'covid', 'health', 'vaccine']",75,[],[],[],[],[],0.0,0.0,disappeared,,,,,
75,0.0,"['donald', 'trump', 'cut', 'work', 'week', 'community', 'bill', 'tax', 'make', 'family']",76,[],[],[],[],[],0.0,0.0,disappeared,,,,,
75,1.0,"['mother', 'day', 'mom', 'happy', 'love', 'wife', 'incredible', 'wish', 'thank', 'today']",76,[],[],[],[],[],0.0,0.0,disappeared,,,,,
75,2.0,"['edan', 'hostage', 'alexander', 'hamas', 'home', 'release', 'captivity', 'finally', 'hold', 'gaza']",76,[5],"[['edan', 'hostage', 'alexander', 'hamas', 'home', 'release', 'captivity', 'finally', 'gaza', 'hold']]",[0.999],[0.894],[0.952],0.894,0.952,continued,,,,,
75,3.0,"['hayden', 'dr', 'librarian', 'carla', 'congress', 'library', 'fire', 'donald', 'trump', 'history']",76,[],[],[],[],[],0.0,0.0,disappeared,,,,,
76,0.0,"['tax', 'medicaid', 'cut', 'republicans', 'bill', 'americans', 'care', 'republican', 'people', 'million']",77,[0],"[['medicaid', 'republicans', 'cut', 'republican', 'budget', 'tax', 'million', 'billionaire', 'health', 'care']]",[0.989],[0.647],[0.889],0.647,0.889,continued,,,,,
76,1.0,"['police', 'officer', 'week', 'enforcement', 'law', 'national', 'honor', 'community', 'safe', 'sacrifice']",77,[2],"[['officer', 'police', 'enforcement', 'law', 'week', 'honor', 'national', 'community', 'sacrifice', 'line']]",[0.996],[0.854],[1.574],0.854,1.574,continued,,,,,
76,2.0,"['border', 'illegal', 'citizenship', 'donald', 'court', 'trump', 'ice', 'birthright', 'due', 'criminal']",77,[9],"[['border', 'illegal', 'deportation', 'deport', 'alien', 'immigrant', 'criminal', 'secure', 'donald', 'ice']]",[0.948],[0.549],[1.293],0.549,1.293,continued,,,,,
76,3.0,"['student', 'academy', 'school', 'congratulation', 'art', 'competition', 'year', 'great', 'congressional', 'th']",77,[3],"[['student', 'school', 'congratulation', 'academy', 'great', 'proud', 'high', 'see', 'year', 'class']]",[0.986],[0.792],[0.86],0.792,0.86,continued,,,,,
76,4.0,"['farmer', 'great', 'discuss', 'industry', 'farm', 'business', 'meet', 'producer', 'community', 'support']",77,[5],"[['farmer', 'great', 'agriculture', 'business', 'industry', 'discuss', 'farm', 'usda', 'small', 'meet']]",[0.989],[0.844],[0.96],0.844,0.96,continued,,,,,
76,5.0,"['edan', 'hostage', 'alexander', 'hamas', 'home', 'release', 'captivity', 'finally', 'gaza', 'hold']",77,[],[],[],[],[],0.0,0.0,disappeared,,,,,
76,6.0,"['donald', 'qatar', 'trump', 'gift', 'accept', 'corruption', 'foreign', 'jet', 'plane', 'luxury']",77,[21],"[['qatar', 'accept', 'jet', 'plane', 'donald', 'gift', 'trump', 'foreign', 'luxury', 'bribe']]",[0.972],[0.733],[2.077],0.733,2.077,continued,,,,,
76,7.0,"['armed', 'force', 'day', 'sacrifice', 'woman', 'man', 'armedforcesday', 'nation', 'serve', 'service']",77,[7],"[['armed', 'force', 'serve', 'sacrifice', 'day', 'woman', 'man', 'service', 'armedforcesday', 'nation']]",[0.996],[0.852],[0.813],0.852,0.813,continued,,,,,
76,8.0,"['emergency', 'fire', 'management', 'firefighter', 'agency', 'hurricane', 'responder', 'disaster', 'weather', 'wildfire']",77,[11],"[['emergency', 'management', 'weather', 'agency', 'hurricane', 'storm', 'federal', 'disaster', 'season', 'tornado']]",[0.971],[0.83],[0.938],0.83,0.938,continued,,,,,
76,9.0,"['joe', 'biden', 'president', 'cancer', 'prayer', 'recovery', 'family', 'pray', 'diagnosis', 'wish']",77,[4],"[['biden', 'joe', 'cancer', 'president', 'recovery', 'diagnosis', 'family', 'pray', 'wish', 'strength']]",[0.992],[0.88],[0.471],0.88,0.471,unclear,,,,,
76,10.0,"['iran', 'nuclear', 'east', 'middle', 'president', 'donald', 'trump', 'peace', 'world', 'deal']",77,[15],"[['iran', 'nuclear', 'east', 'middle', 'president', 'donald', 'trump', 'deal', 'peace', 'syria']]",[0.991],[0.911],[1.198],0.911,1.198,continued,,,,,
76,11.0,"['energy', 'green', 'clean', 'dominance', 'solar', 'new', 'subsidy', 'repeal', 'job', 'wind']",77,[17],"[['energy', 'clean', 'gas', 'green', 'california', 'american', 'repeal', 'subsidy', 'inflation', 'oil']]",[0.976],[0.914],[1.116],0.914,1.116,continued,,,,,
76,12.0,"['town', 'hall', 'tune', 'telephone', 'live', 'pm', 'join', 'newsletter', 'rsvp', 'may']",77,[13],"[['town', 'hall', 'office', 'telephone', 'pm', 'join', 'help', 'host', 'may', 'live']]",[0.84],[0.455],[0.42],0.455,0.42,unclear,,,,,
76,13.0,"['head', 'start', 'child', 'mom', 'care', 'family', 'baby', 'program', 'health', 'support']",77,[18],"[['start', 'head', 'education', 'child', 'school', 'program', 'kid', 'student', 'early', 'choice']]",[0.884],[0.627],[0.674],0.627,0.674,unclear,,,,,
76,14.0,"['research', 'rfk', 'jr', 'health', 'science', 'cancer', 'institutes', 'cut', 'of', 'hhs']",77,[14],"[['research', 'health', 'rfk', 'cancer', 'jr', 'institutes', 'science', 'john', 'kennedy', 'donald']]",[0.976],[0.9],[0.796],0.9,0.796,continued,,,,,
76,16.0,"['china', 'trade', 'deal', 'chinese', 'american', 'donald', 'trump', 'communist', 'worker', 'president']",77,[25],"[['china', 'chinese', 'communist', 'party', 'taiwan', 'harvard', 'chip', 'security', 'ai', 'stop']]",[0.868],[0.595],[0.82],0.595,0.82,unclear,,,,,
76,17.0,"['airport', 'air', 'traffic', 'faa', 'newark', 'controller', 'aviation', 'duffy', 'system', 'dca']",77,[22],"[['air', 'traffic', 'airport', 'faa', 'controller', 'flight', 'system', 'control', 'dca', 'aviation']]",[0.981],[0.923],[1.075],0.923,1.075,continued,,,,,
76,18.0,"['veteran', 'va', 'secvetaffair', 'deserve', 'collins', 'care', 'secretary', 'veterans', 'service', 'administration']",77,[20],"[['veteran', 'va', 'care', 'deserve', 'bipartisan', 'benefit', 'act', 'earn', 'survivor', 'ensure']]",[0.978],[0.939],[0.681],0.939,0.681,continued,,,,,
76,19.0,"['let', 'win', 'yike', 'yes', 'hour', 'get', 'count', 'go', 'time', 'true']",77,[],[],[],[],[],0.0,0.0,disappeared,,,,,
76,20.0,"['office', 'help', 'team', 'agency', 'mobile', 'federal', 'casework', 'hour', 'need', 'may']",77,[13],"[['town', 'hall', 'office', 'telephone', 'pm', 'join', 'help', 'host', 'may', 'live']]",[0.885],[0.871],[0.454],0.871,0.454,unclear,,,,,
76,21.0,"['mental', 'health', 'suicide', 'crisis', 'awareness', 'mentalhealthawarenessmonth', 'lifeline', 'youth', 'month', 'text']",77,[],[],[],[],[],0.0,0.0,disappeared,,,,,
76,22.0,"['biden', 'joe', 'decline', 'medium', 'cover', 'democrat', 'lie', 'people', 'democrats', 'american']",77,[],[],[],[],[],0.0,0.0,disappeared,,,,,
76,24.0,"['comey', 'investigation', 'bureau', 'james', 'of', 'director', 'post', 'federal', 'former', 'assassination']",77,[24],"[['comey', 'james', 'bureau', 'investigation', 'of', 'director', 'post', 'former', 'federal', 'assassination']]",[0.991],[0.946],[0.815],0.946,0.815,continued,,,,,
76,25.0,"['jewish', 'antisemitism', 'hate', 'heritage', 'transphobia', 'homophobia', 'lgbtq', 'month', 'international', 'biphobia']",77,[28],"[['jewish', 'antisemitism', 'hate', 'heritage', 'israel', 'month', 'homophobia', 'transphobia', 'lgbtq', 'international']]",[0.992],[0.889],[0.857],0.889,0.857,continued,,,,,
76,26.0,"['vladimir', 'ukraine', 'putin', 'russia', 'cuba', 'russian', 'war', 'volodymyr', 'ukrainian', 'cuban']",77,[23],"[['vladimir', 'ukraine', 'putin', 'russia', 'war', 'sanction', 'peace', 'russian', 'europe', 'ceasefire']]",[0.963],[0.792],[0.627],0.792,0.627,continued,,,,,
76,27.0,"['defense', 'space', 'readiness', 'mission', 'security', 'national', 'military', 'navy', 'force', 'planetary']",77,[27],"[['defense', 'military', 'readiness', 'guard', 'national', 'general', 'mission', 'security', 'army', 'critical']]",[0.956],[0.849],[0.763],0.849,0.763,continued,,,,,
76,,,77,,,,"[0.978, 0.86]","[0.798, 0.45]",1.837,1.248,merge,"[15, 23]","[['tariff', 'price', 'trump', 'donald', 'walmart', 'business', 'cost', 'small', 'trade', 'raise'], ['inflation', 'low', 'price', 'since', 'april', 'drop', 'year', 'grocery', 'four', 'cpi']]",16.0,"['tariff', 'price', 'donald', 'trump', 'walmart', 'business', 'trade', 'cost', 'economy', 'small']","[0.991, 0.712]"
77,0.0,"['medicaid', 'republicans', 'cut', 'republican', 'budget', 'tax', 'million', 'billionaire', 'health', 'care']",78,[],[],[],[],[],0.0,0.0,disappeared,,,,,
77,1.0,"['beautiful', 'tax', 'big', 'bill', 'one', 'american', 'deliver', 'president', 'trump', 'donald']",78,[],[],[],[],[],0.0,0.0,disappeared,,,,,
77,2.0,"['officer', 'police', 'enforcement', 'law', 'week', 'honor', 'national', 'community', 'sacrifice', 'line']",78,[],[],[],[],[],0.0,0.0,disappeared,,,,,
77,3.0,"['student', 'school', 'congratulation', 'academy', 'great', 'proud', 'high', 'see', 'year', 'class']",78,[],[],[],[],[],0.0,0.0,disappeared,,,,,
77,4.0,"['biden', 'joe', 'cancer', 'president', 'recovery', 'diagnosis', 'family', 'pray', 'wish', 'strength']",78,[2],"[['joe', 'biden', 'president', 'cancer', 'family', 'diagnosis', 'recovery', 'wish', 'pray', 'strength']]",[0.999],[0.975],[0.907],0.975,0.907,continued,,,,,
77,5.0,"['farmer', 'great', 'agriculture', 'business', 'industry', 'discuss', 'farm', 'usda', 'small', 'meet']",78,[],[],[],[],[],0.0,0.0,disappeared,,,,,
77,6.0,"['mciver', 'oversight', 'charge', 'replamonica', 'intimidate', 'member', 'congress', 'conduct', 'congresswoman', 'stand']",78,[],[],[],[],[],0.0,0.0,disappeared,,,,,
77,7.0,"['armed', 'force', 'serve', 'sacrifice', 'day', 'woman', 'man', 'service', 'armedforcesday', 'nation']",78,[],[],[],[],[],0.0,0.0,disappeared,,,,,
77,8.0,"['gerry', 'connolly', 'friend', 'virginia', 'servant', 'congressman', 'pass', 'sadden', 'family', 'public']",78,[3],"[['gerry', 'connolly', 'friend', 'family', 'pass', 'virginia', 'congressman', 'servant', 'public', 'sadden']]",[1.0],[0.935],[0.894],0.935,0.894,continued,,,,,
77,9.0,"['border', 'illegal', 'deportation', 'deport', 'alien', 'immigrant', 'criminal', 'secure', 'donald', 'ice']",78,[],[],[],[],[],0.0,0.0,disappeared,,,,,
77,10.0,"['tune', 'live', 'et', 'join', 'watch', 'foxbusiness', 'pm', 'si', 'mornings', 'with']",78,[],[],[],[],[],0.0,0.0,disappeared,,,,,
77,11.0,"['emergency', 'management', 'weather', 'agency', 'hurricane', 'storm', 'federal', 'disaster', 'season', 'tornado']",78,[],[],[],[],[],0.0,0.0,disappeared,,,,,
77,12.0,"['victim', 'act', 'woman', 'take', 'protect', 'image', 'law', 'deepfake', 'predator', 'online']",78,[],[],[],[],[],0.0,0.0,disappeared,,,,,
77,13.0,"['town', 'hall', 'office', 'telephone', 'pm', 'join', 'help', 'host', 'may', 'live']",78,[],[],[],[],[],0.0,0.0,disappeared,,,,,
77,14.0,"['research', 'health', 'rfk', 'cancer', 'jr', 'institutes', 'science', 'john', 'kennedy', 'donald']",78,[],[],[],[],[],0.0,0.0,disappeared,,,,,
77,15.0,"['iran', 'nuclear', 'east', 'middle', 'president', 'donald', 'trump', 'deal', 'peace', 'syria']",78,[],[],[],[],[],0.0,0.0,disappeared,,,,,
77,16.0,"['tariff', 'price', 'donald', 'trump', 'walmart', 'business', 'trade', 'cost', 'economy', 'small']",78,[],[],[],[],[],0.0,0.0,disappeared,,,,,
77,17.0,"['energy', 'clean', 'gas', 'green', 'california', 'american', 'repeal', 'subsidy', 'inflation', 'oil']",78,[],[],[],[],[],0.0,0.0,disappeared,,,,,
77,18.0,"['start', 'head', 'education', 'child', 'school', 'program', 'kid', 'student', 'early', 'choice']",78,[],[],[],[],[],0.0,0.0,disappeared,,,,,
77,19.0,"['doge', 'elon', 'musk', 'genius', 'fraud', 'act', 'social', 'donald', 'trump', 'security']",78,[],[],[],[],[],0.0,0.0,disappeared,,,,,
77,20.0,"['veteran', 'va', 'care', 'deserve', 'bipartisan', 'benefit', 'act', 'earn', 'survivor', 'ensure']",78,[],[],[],[],[],0.0,0.0,disappeared,,,,,
77,21.0,"['qatar', 'accept', 'jet', 'plane', 'donald', 'gift', 'trump', 'foreign', 'luxury', 'bribe']",78,[],[],[],[],[],0.0,0.0,disappeared,,,,,
77,22.0,"['air', 'traffic', 'airport', 'faa', 'controller', 'flight', 'system', 'control', 'dca', 'aviation']",78,[],[],[],[],[],0.0,0.0,disappeared,,,,,
77,23.0,"['vladimir', 'ukraine', 'putin', 'russia', 'war', 'sanction', 'peace', 'russian', 'europe', 'ceasefire']",78,[],[],[],[],[],0.0,0.0,disappeared,,,,,
77,24.0,"['comey', 'james', 'bureau', 'investigation', 'of', 'director', 'post', 'former', 'federal', 'assassination']",78,[],[],[],[],[],0.0,0.0,disappeared,,,,,
77,25.0,"['china', 'chinese', 'communist', 'party', 'taiwan', 'harvard', 'chip', 'security', 'ai', 'stop']",78,[],[],[],[],[],0.0,0.0,disappeared,,,,,
77,26.0,"['citizenship', 'birthright', 'constitution', 'supreme', 'court', 'bear', 'right', 'donald', 'trump', 'amendment']",78,[],[],[],[],[],0.0,0.0,disappeared,,,,,
77,27.0,"['defense', 'military', 'readiness', 'guard', 'national', 'general', 'mission', 'security', 'army', 'critical']",78,[],[],[],[],[],0.0,0.0,disappeared,,,,,
77,28.0,"['jewish', 'antisemitism', 'hate', 'heritage', 'israel', 'month', 'homophobia', 'transphobia', 'lgbtq', 'international']",78,[],[],[],[],[],0.0,0.0,disappeared,,,,,
78,0.0,"['bill', 'donald', 'trump', 'tax', 'cut', 'big', 'work', 'house', 'american', 'republicans']",79,[],[],[],[],[],0.0,0.0,disappeared,,,,,
78,1.0,"['jewish', 'israeli', 'antisemitism', 'embassy', 'violence', 'two', 'murder', 'capital', 'museum', 'victim']",79,[3],"[['jewish', 'israeli', 'antisemitism', 'embassy', 'violence', 'two', 'capital', 'museum', 'murder', 'victim']]",[0.999],[0.934],[0.928],0.934,0.928,continued,,,,,
78,2.0,"['joe', 'biden', 'president', 'cancer', 'family', 'diagnosis', 'recovery', 'wish', 'pray', 'strength']",79,[],[],[],[],[],0.0,0.0,disappeared,,,,,
78,3.0,"['gerry', 'connolly', 'friend', 'family', 'pass', 'virginia', 'congressman', 'servant', 'public', 'sadden']",79,[5],"[['gerry', 'connolly', 'friend', 'virginia', 'congressman', 'servant', 'sadden', 'public', 'pass', 'family']]",[0.999],[0.899],[0.94],0.899,0.94,continued,,,,,
79,1.0,"['memorial', 'honor', 'day', 'sacrifice', 'freedom', 'hero', 'remember', 'ultimate', 'service', 'never']",80,[1],"[['honor', 'memorial', 'day', 'sacrifice', 'freedom', 'service', 'remember', 'hero', 'ultimate', 'veteran']]",[0.999],[0.909],[0.875],0.909,0.875,continued,,,,,
79,3.0,"['jewish', 'israeli', 'antisemitism', 'embassy', 'violence', 'two', 'capital', 'museum', 'murder', 'victim']",80,[8],"[['israel', 'antisemitism', 'gaza', 'hostage', 'jewish', 'hamas', 'aid', 'innocent', 'hate', 'israeli']]",[0.864],[0.916],[3.852],0.916,3.852,unclear,,,,,
79,4.0,"['man', 'woman', 'brave', 'sacrifice', 'honor', 'freedom', 'day', 'remember', 'memorial', 'ultimate']",80,[5],"[['man', 'woman', 'brave', 'sacrifice', 'honor', 'day', 'freedom', 'remember', 'memorial', 'ultimate']]",[1.0],[0.959],[0.917],0.959,0.917,continued,,,,,
79,5.0,"['gerry', 'connolly', 'friend', 'virginia', 'congressman', 'servant', 'sadden', 'public', 'pass', 'family']",80,[],[],[],[],[],0.0,0.0,disappeared,,,,,
79,6.0,"['energy', 'nuclear', 'china', 'ai', 'communist', 'america', 'threat', 'chinese', 'security', 'critical']",80,[17],"[['energy', 'nuclear', 'climate', 'lng', 'mineral', 'gas', 'power', 'cruz', 'new', 'security']]",[0.859],[0.401],[1.473],0.401,1.473,unclear,,,,,
79,7.0,"['academy', 'student', 'graduate', 'school', 'congratulation', 'class', 'future', 'great', 'high', 'year']",80,[2],"[['student', 'school', 'academy', 'congratulation', 'education', 'class', 'future', 'high', 'great', 'graduate']]",[0.967],[0.942],[0.465],0.942,0.465,unclear,,,,,
79,8.0,"['education', 'student', 'harvard', 'department', 'donald', 'trump', 'judge', 'dismantle', 'court', 'school']",80,[],[],[],[],[],0.0,0.0,disappeared,,,,,
79,9.0,"['criminal', 'illegal', 'ice', 'alien', 'law', 'biden', 'joe', 'donald', 'trump', 'administration']",80,[3],"[['illegal', 'ice', 'border', 'criminal', 'alien', 'trump', 'donald', 'immigrant', 'deportation', 'immigration']]",[0.964],[0.77],[0.384],0.77,0.384,disappeared,,,,,
79,12.0,"['vaccine', 'research', 'health', 'cancer', 'rfk', 'covid', 'jr', 'institutes', 'disease', 'hiv']",80,[16],"[['vaccine', 'rfk', 'jr', 'covid', 'science', 'health', 'pregnant', 'conspiracy', 'flu', 'bird']]",[0.929],[0.604],[0.982],0.604,0.982,continued,,,,,
79,13.0,"['crypto', 'dinner', 'donald', 'trump', 'corruption', 'coin', 'meme', 'genius', 'buyer', 'investor']",80,[18],"[['crypto', 'donald', 'trump', 'bitcoin', 'corruption', 'coin', 'meme', 'sell', 'dinner', 'influence']]",[0.955],[0.833],[1.273],0.833,1.273,continued,,,,,
79,14.0,"['vladimir', 'putin', 'russia', 'ukraine', 'sanction', 'war', 'peace', 'donald', 'trump', 'russian']",80,[11],"[['vladimir', 'putin', 'ukraine', 'russia', 'sanction', 'war', 'peace', 'russian', 'trump', 'donald']]",[0.99],[0.962],[0.95],0.962,0.95,continued,,,,,
79,15.0,"['baseball', 'championship', 'gator', 'team', 'win', 'congrat', 'ncaa', 'congratulation', 'softball', 'gatorsmbk']",80,[],[],[],[],[],0.0,0.0,disappeared,,,,,
79,16.0,"['hall', 'town', 'pm', 'join', 'rsvp', 'host', 'milpita', 'may', 'telephone', 'thursday']",80,[9],"[['hall', 'town', 'host', 'pm', 'join', 'rsvp', 'may', 'question', 'hear', 'conversation']]",[0.979],[0.89],[0.524],0.89,0.524,continued,,,,,
79,17.0,"['tariff', 'donald', 'trump', 'trade', 'business', 'price', 'small', 'war', 'eu', 'expensive']",80,[7],"[['tariff', 'donald', 'trump', 'trade', 'court', 'business', 'power', 'authority', 'small', 'president']]",[0.943],[0.914],[0.344],0.914,0.344,disappeared,,,,,
79,18.0,"['rangel', 'kirk', 'charlie', 'charles', 'congressman', 'black', 'found', 'harlem', 'legacy', 'friend']",80,[12],"[['rangel', 'kirk', 'congressman', 'charlie', 'charles', 'black', 'friend', 'pass', 'sadden', 'harlem']]",[0.996],[0.923],[0.845],0.923,0.845,continued,,,,,
79,19.0,"['california', 'senate', 'mandate', 'air', 'ev', 'vehicle', 'overturn', 'car', 'consumer', 'waiver']",80,[],[],[],[],[],0.0,0.0,disappeared,,,,,
79,20.0,"['veteran', 'va', 'care', 'act', 'service', 'access', 'ensure', 'military', 'deserve', 'need']",80,[10],"[['veteran', 'va', 'care', 'health', 'access', 'provide', 'support', 'service', 'deserve', 'help']]",[0.933],[0.952],[0.509],0.952,0.509,continued,,,,,
79,21.0,"['gas', 'price', 'low', 'weekend', 'memorial', 'day', 'since', 'year', 'promise', 'cheap']",80,[],[],[],[],[],0.0,0.0,disappeared,,,,,
79,22.0,"['floyd', 'george', 'justice', 'five', 'police', 'year', 'murder', 'ago', 'reform', 'today']",80,[14],"[['floyd', 'george', 'justice', 'murder', 'five', 'year', 'police', 'ago', 'reform', 'today']]",[0.997],[0.982],[0.932],0.982,0.932,continued,,,,,
79,23.0,"['border', 'texas', 'wall', 'secure', 'security', 'biden', 'joe', 'agent', 'mile', 'flow']",80,[],[],[],[],[],0.0,0.0,disappeared,,,,,
79,,,80,,,,"[0.907, 0.86]","[1.321, 0.682]",1.767,2.003,merge,"[0, 2]","[['republicans', 'medicaid', 'cut', 'bill', 'care', 'health', 'republican', 'million', 'food', 'tax'], ['beautiful', 'big', 'tax', 'bill', 'one', 'american', 'deliver', 'president', 'pass', 'trump']]",0.0,"['tax', 'bill', 'cut', 'medicaid', 'big', 'republicans', 'care', 'beautiful', 'republican', 'health']","[0.967, 0.905]"
79,,,80,,,,"[0.889, 0.763]","[0.426, 0.331]",1.652,0.757,merge,"[10, 11]","[['emergency', 'disaster', 'management', 'federal', 'agency', 'storm', 'declaration', 'hurricane', 'request', 'weather'], ['farmer', 'farm', 'agriculture', 'industry', 'great', 'discuss', 'support', 'food', 'economy', 'ag']]",4.0,"['business', 'federal', 'community', 'emergency', 'project', 'disaster', 'work', 'county', 'agency', 'small']","[0.837, 0.914]"
80,0.0,"['tax', 'bill', 'cut', 'medicaid', 'big', 'republicans', 'care', 'beautiful', 'republican', 'health']",81,[],[],[],[],[],0.0,0.0,disappeared,,,,,
80,1.0,"['honor', 'memorial', 'day', 'sacrifice', 'freedom', 'service', 'remember', 'hero', 'ultimate', 'veteran']",81,[],[],[],[],[],0.0,0.0,disappeared,,,,,
80,2.0,"['student', 'school', 'academy', 'congratulation', 'education', 'class', 'future', 'high', 'great', 'graduate']",81,[],[],[],[],[],0.0,0.0,disappeared,,,,,
80,3.0,"['illegal', 'ice', 'border', 'criminal', 'alien', 'trump', 'donald', 'immigrant', 'deportation', 'immigration']",81,[],[],[],[],[],0.0,0.0,disappeared,,,,,
80,4.0,"['business', 'federal', 'community', 'emergency', 'project', 'disaster', 'work', 'county', 'agency', 'small']",81,[],[],[],[],[],0.0,0.0,disappeared,,,,,
80,5.0,"['man', 'woman', 'brave', 'sacrifice', 'honor', 'day', 'freedom', 'remember', 'memorial', 'ultimate']",81,[],[],[],[],[],0.0,0.0,disappeared,,,,,
80,6.0,"['doge', 'musk', 'elon', 'waste', 'government', 'fraud', 'cut', 'abuse', 'codify', 'congress']",81,[],[],[],[],[],0.0,0.0,disappeared,,,,,
80,7.0,"['tariff', 'donald', 'trump', 'trade', 'court', 'business', 'power', 'authority', 'small', 'president']",81,[],[],[],[],[],0.0,0.0,disappeared,,,,,
80,8.0,"['israel', 'antisemitism', 'gaza', 'hostage', 'jewish', 'hamas', 'aid', 'innocent', 'hate', 'israeli']",81,[],[],[],[],[],0.0,0.0,disappeared,,,,,
80,9.0,"['hall', 'town', 'host', 'pm', 'join', 'rsvp', 'may', 'question', 'hear', 'conversation']",81,[],[],[],[],[],0.0,0.0,disappeared,,,,,
80,10.0,"['veteran', 'va', 'care', 'health', 'access', 'provide', 'support', 'service', 'deserve', 'help']",81,[],[],[],[],[],0.0,0.0,disappeared,,,,,
80,11.0,"['vladimir', 'putin', 'ukraine', 'russia', 'sanction', 'war', 'peace', 'russian', 'trump', 'donald']",81,[3],"[['vladimir', 'ukraine', 'russia', 'putin', 'war', 'sanction', 'russian', 'peace', 'ukrainian', 'trump']]",[0.988],[0.962],[0.658],0.962,0.658,continued,,,,,
80,12.0,"['rangel', 'kirk', 'congressman', 'charlie', 'charles', 'black', 'friend', 'pass', 'sadden', 'harlem']",81,[],[],[],[],[],0.0,0.0,disappeared,,,,,
80,13.0,"['chinese', 'china', 'communist', 'party', 'visa', 'student', 'national', 'missile', 'act', 'threat']",81,[],[],[],[],[],0.0,0.0,disappeared,,,,,
80,14.0,"['floyd', 'george', 'justice', 'murder', 'five', 'year', 'police', 'ago', 'reform', 'today']",81,[],[],[],[],[],0.0,0.0,disappeared,,,,,
80,15.0,"['border', 'patrol', 'birthday', 'st', 'happy', 'agent', 'thank', 'protect', 'man', 'secure']",81,[],[],[],[],[],0.0,0.0,disappeared,,,,,
80,16.0,"['vaccine', 'rfk', 'jr', 'covid', 'science', 'health', 'pregnant', 'conspiracy', 'flu', 'bird']",81,[],[],[],[],[],0.0,0.0,disappeared,,,,,
80,17.0,"['energy', 'nuclear', 'climate', 'lng', 'mineral', 'gas', 'power', 'cruz', 'new', 'security']",81,[],[],[],[],[],0.0,0.0,disappeared,,,,,
80,18.0,"['crypto', 'donald', 'trump', 'bitcoin', 'corruption', 'coin', 'meme', 'sell', 'dinner', 'influence']",81,[],[],[],[],[],0.0,0.0,disappeared,,,,,
81,0.0,"['donald', 'trump', 'work', 'community', 'make', 'cut', 'family', 'bill', 'american', 'thank']",82,[0],"[['donald', 'trump', 'bill', 'work', 'community', 'cut', 'make', 'american', 'people', 'family']]",[0.993],[0.665],[0.515],0.665,0.515,continued,,,,,
81,1.0,"['attack', 'boulder', 'jewish', 'antisemitism', 'victim', 'antisemitic', 'must', 'hate', 'violence', 'colorado']",82,[1],"[['attack', 'boulder', 'jewish', 'antisemitism', 'must', 'victim', 'antisemitic', 'violence', 'hate', 'terror']]",[0.998],[0.917],[0.785],0.917,0.785,continued,,,,,
81,2.0,"['pride', 'month', 'lgbtq', 'happy', 'equality', 'pridemonth', 'celebrate', 'community', 'fight', 'love']",82,[],[],[],[],[],0.0,0.0,disappeared,,,,,
81,3.0,"['vladimir', 'ukraine', 'russia', 'putin', 'war', 'sanction', 'russian', 'peace', 'ukrainian', 'trump']",82,[],[],[],[],[],0.0,0.0,disappeared,,,,,
82,0.0,"['donald', 'trump', 'bill', 'work', 'community', 'cut', 'make', 'american', 'people', 'family']",83,[],[],[],[],[],0.0,0.0,disappeared,,,,,
82,1.0,"['attack', 'boulder', 'jewish', 'antisemitism', 'must', 'victim', 'antisemitic', 'violence', 'hate', 'terror']",83,[1],"[['attack', 'boulder', 'jewish', 'antisemitism', 'antisemitic', 'victim', 'hate', 'must', 'terror', 'violence']]",[0.998],[0.841],[0.884],0.841,0.884,continued,,,,,
83,0.0,"['bill', 'tax', 'big', 'cut', 'medicaid', 'beautiful', 'republicans', 'million', 'care', 'health']",84,"[1, 3]","[['medicaid', 'care', 'health', 'cut', 'million', 'republicans', 'tax', 'bill', 'republican', 'billionaire'], ['bill', 'beautiful', 'tax', 'big', 'cut', 'one', 'spending', 'deliver', 'american', 'get']]","[0.955, 0.939]","[0.461, 0.409]","[1.056, 1.13]",0.87,2.186,split,,,,,
83,1.0,"['attack', 'boulder', 'jewish', 'antisemitism', 'antisemitic', 'victim', 'hate', 'must', 'terror', 'violence']",84,[4],"[['antisemitism', 'jewish', 'israel', 'hostage', 'antisemitic', 'hamas', 'condemn', 'attack', 'gaza', 'terrorist']]",[0.94],[0.87],[2.045],0.87,2.045,continued,,,,,
83,2.0,"['ice', 'joe', 'biden', 'illegal', 'law', 'alien', 'criminal', 'deport', 'border', 'enforcement']",84,[0],"[['law', 'ice', 'donald', 'trump', 'enforcement', 'illegal', 'los', 'angeles', 'la', 'guard']]",[0.964],[0.753],[0.305],0.753,0.305,disappeared,,,,,
83,3.0,"['normandy', 'beach', 'sacrifice', 'day', 'storm', 'freedom', 'ally', 'ago', 'honor', 'today']",84,[2],"[['normandy', 'beach', 'sacrifice', 'day', 'freedom', 'storm', 'ago', 'ally', 'honor', 'courage']]",[0.998],[0.933],[0.862],0.933,0.862,continued,,,,,
83,4.0,"['job', 'corps', 'education', 'student', 'program', 'center', 'young', 'training', 'donald', 'workforce']",84,[6],"[['job', 'corps', 'education', 'worker', 'young', 'labor', 'center', 'care', 'program', 'workforce']]",[0.959],[0.702],[1.154],0.702,1.154,continued,,,,,
83,5.0,"['doge', 'rescission', 'package', 'cut', 'codify', 'waste', 'fraud', 'billion', 'spending', 'congress']",84,[3],"[['bill', 'beautiful', 'tax', 'big', 'cut', 'one', 'spending', 'deliver', 'american', 'get']]",[0.843],[0.55],[0.302],0.55,0.302,disappeared,,,,,
83,6.0,"['hurricane', 'season', 'emergency', 'weather', 'management', 'agency', 'wildfire', 'disaster', 'federal', 'fire']",84,[5],"[['wildfire', 'weather', 'emergency', 'hurricane', 'disaster', 'management', 'water', 'federal', 'season', 'agency']]",[0.951],[0.849],[0.794],0.849,0.794,continued,,,,,
83,7.0,"['pride', 'month', 'lgbtq', 'happy', 'equality', 'pridemonth', 'celebrate', 'love', 'community', 'fight']",84,[22],"[['pride', 'lgbtq', 'equality', 'happy', 'month', 'celebrate', 'community', 'pridemonth', 'love', 'right']]",[0.983],[0.835],[1.934],0.835,1.934,continued,,,,,
83,8.0,"['academy', 'student', 'service', 'leader', 'school', 'congratulation', 'proud', 'young', 'honor', 'future']",84,[8],"[['art', 'competition', 'capitol', 'winner', 'school', 'congressional', 'student', 'artwork', 'high', 'congratulation']]",[0.951],[0.806],[0.835],0.806,0.835,continued,,,,,
83,9.0,"['gun', 'violence', 'wearorange', 'awareness', 'gunviolenceawarenessmonth', 'life', 'lose', 'safe', 'epidemic', 'day']",84,[10],"[['gun', 'violence', 'wearorange', 'awareness', 'life', 'lose', 'gunviolenceawarenessmonth', 'day', 'safe', 'epidemic']]",[0.995],[0.888],[0.87],0.888,0.87,continued,,,,,
83,10.0,"['musk', 'elon', 'donald', 'bill', 'trump', 'billionaire', 'abomination', 'disgusting', 'republicans', 'tax']",84,[15],"[['musk', 'elon', 'donald', 'trump', 'billionaire', 'breakup', 'bill', 'big', 'get', 'care']]",[0.98],[0.883],[1.056],0.883,1.056,continued,,,,,
83,11.0,"['tariff', 'business', 'trade', 'steel', 'trump', 'donald', 'price', 'small', 'cost', 'consumer']",84,[9],"[['tariff', 'price', 'trump', 'donald', 'job', 'inflation', 'economy', 'trade', 'business', 'president']]",[0.944],[0.891],[0.62],0.891,0.62,continued,,,,,
83,12.0,"['support', 'opioid', 'crisis', 'mental', 'addiction', 'act', 'treatment', 'recovery', 'overdose', 'health']",84,[25],"[['fentanyl', 'opioid', 'overdose', 'recovery', 'support', 'crisis', 'addiction', 'mental', 'life', 'drug']]",[0.976],[0.774],[1.262],0.774,1.262,continued,,,,,
83,13.0,"['fishing', 'lake', 'water', 'worldenvironmentday', 'protect', 'environment', 'trail', 'planet', 'boat', 'clean']",84,[],[],[],[],[],0.0,0.0,disappeared,,,,,
83,14.0,"['energy', 'alaska', 'reliable', 'power', 'clean', 'american', 'affordable', 'coal', 'oil', 'dominance']",84,[12],"[['energy', 'power', 'clean', 'reliable', 'cost', 'biden', 'joe', 'dominance', 'american', 'environmental']]",[0.969],[0.857],[0.596],0.857,0.596,continued,,,,,
83,15.0,"['chinese', 'communist', 'party', 'china', 'national', 'security', 'threat', 'smuggle', 'visa', 'singapore']",84,[14],"[['chinese', 'communist', 'china', 'party', 'threat', 'national', 'security', 'farmland', 'supply', 'agroterrorism']]",[0.973],[0.845],[0.695],0.845,0.695,continued,,,,,
83,16.0,"['eid', 'wish', 'mubarak', 'adha', 'celebrate', 'al', 'peace', 'reflection', 'joy', 'bless']",84,[21],"[['eid', 'mubarak', 'wish', 'adha', 'al', 'celebrate', 'peace', 'joy', 'reflection', 'bless']]",[0.995],[0.922],[1.078],0.922,1.078,continued,,,,,
83,17.0,"['housing', 'realtor', 'home', 'affordable', 'homeownership', 'association', 'discuss', 'meet', 'great', 'dream']",84,[20],"[['housing', 'realtor', 'home', 'affordable', 'urban', 'discuss', 'development', 'association', 'supply', 'homeownership']]",[0.979],[0.944],[1.077],0.944,1.077,continued,,,,,
83,18.0,"['court', 'judge', 'donald', 'trump', 'koch', 'nominee', 'supreme', 'judicial', 'leo', 'judiciary']",84,[],[],[],[],[],0.0,0.0,disappeared,,,,,
83,19.0,"['ban', 'travel', 'trump', 'donald', 'bigotry', 'security', 'muslim', 'safe', 'country', 'people']",84,[18],"[['ban', 'travel', 'trump', 'donald', 'security', 'bigotry', 'country', 'muslim', 'discriminatory', 'safe']]",[0.996],[0.908],[0.898],0.908,0.898,continued,,,,,
83,20.0,"['vladimir', 'ukraine', 'putin', 'russia', 'war', 'russian', 'ukrainian', 'sanction', 'peace', 'drone']",84,[],[],[],[],[],0.0,0.0,disappeared,,,,,
83,21.0,"['office', 'help', 'agency', 'federal', 'passport', 'team', 'social', 'security', 'constituent', 'hour']",84,[26],"[['office', 'help', 'passport', 'team', 'agency', 'hour', 'mobile', 'june', 'federal', 'social']]",[0.983],[0.908],[1.211],0.908,1.211,continued,,,,,
83,22.0,"['farmer', 'farm', 'producer', 'agriculture', 'feed', 'ag', 'food', 'conservation', 'kansas', 'usda']",84,[7],"[['farmer', 'farm', 'dairy', 'rural', 'producer', 'agriculture', 'food', 'usda', 'association', 'feed']]",[0.968],[0.945],[0.413],0.945,0.413,unclear,,,,,
83,23.0,"['faa', 'air', 'aviation', 'airport', 'traffic', 'safety', 'pilot', 'sky', 'controller', 'control']",84,[],[],[],[],[],0.0,0.0,disappeared,,,,,
83,24.0,"['business', 'small', 'crypto', 'loan', 'act', 'american', 'entrepreneur', 'pass', 'sba', 'first']",84,[23],"[['clarity', 'digital', 'asset', 'act', 'financialcmte', 'market', 'crypto', 'financial', 'stock', 'innovation']]",[0.893],[0.635],[0.541],0.635,0.541,unclear,,,,,
83,25.0,"['championship', 'baseball', 'win', 'congratulation', 'softball', 'title', 'series', 'school', 'state', 'proud']",84,[30],"[['championship', 'win', 'congratulation', 'state', 'softball', 'series', 'college', 'team', 'geauxtiger', 'school']]",[0.975],[0.883],[1.06],0.883,1.06,continued,,,,,
83,26.0,"['abortion', 'emergency', 'care', 'woman', 'guidance', 'emtala', 'donald', 'trump', 'hospital', 'doctor']",84,[16],"[['abortion', 'care', 'woman', 'act', 'face', 'repeal', 'reproductive', 'contraception', 'decision', 'emergency']]",[0.909],[0.95],[0.588],0.95,0.588,continued,,,,,
83,27.0,"['tune', 'watch', 'si', 'youtu', 'full', 'join', 'live', 'foxnew', 'et', 'senfettermanpa']",84,[],[],[],[],[],0.0,0.0,disappeared,,,,,
83,28.0,"['yes', 'agree', 'good', 'do', 'happen', 'tomorrow', 'let', 'yescer', 'crazy', 'get']",84,[],[],[],[],[],0.0,0.0,disappeared,,,,,
84,0.0,"['law', 'ice', 'donald', 'trump', 'enforcement', 'illegal', 'los', 'angeles', 'la', 'guard']",85,[0],"[['law', 'ice', 'donald', 'trump', 'illegal', 'enforcement', 'protest', 'angeles', 'los', 'la']]",[0.997],[0.743],[0.686],0.743,0.686,continued,,,,,
84,1.0,"['medicaid', 'care', 'health', 'cut', 'million', 'republicans', 'tax', 'bill', 'republican', 'billionaire']",85,[6],"[['medicaid', 'care', 'health', 'cut', 'tax', 'republicans', 'million', 'billionaire', 'bill', 'americans']]",[0.996],[0.842],[1.434],0.842,1.434,continued,,,,,
84,2.0,"['normandy', 'beach', 'sacrifice', 'day', 'freedom', 'storm', 'ago', 'ally', 'honor', 'courage']",85,[3],"[['army', 'birthday', 'th', 'woman', 'happy', 'serve', 'usarmy', 'sacrifice', 'service', 'thank']]",[0.8],[0.872],[0.947],0.872,0.947,unclear,,,,,
84,3.0,"['bill', 'beautiful', 'tax', 'big', 'cut', 'one', 'spending', 'deliver', 'american', 'get']",85,[7],"[['tax', 'beautiful', 'big', 'bill', 'one', 'cut', 'large', 'deliver', 'american', 'history']]",[0.973],[0.688],[1.294],0.688,1.294,continued,,,,,
84,4.0,"['antisemitism', 'jewish', 'israel', 'hostage', 'antisemitic', 'hamas', 'condemn', 'attack', 'gaza', 'terrorist']",85,[16],"[['antisemitism', 'jewish', 'antisemitic', 'condemn', 'sarah', 'yaron', 'boulder', 'lischinsky', 'milgrim', 'attack']]",[0.954],[0.592],[1.169],0.592,1.169,continued,,,,,
84,5.0,"['wildfire', 'weather', 'emergency', 'hurricane', 'disaster', 'management', 'water', 'federal', 'season', 'agency']",85,[12],"[['wildfire', 'emergency', 'disaster', 'management', 'water', 'hurricane', 'federal', 'agency', 'community', 'help']]",[0.981],[0.814],[1.073],0.814,1.073,continued,,,,,
84,6.0,"['job', 'corps', 'education', 'worker', 'young', 'labor', 'center', 'care', 'program', 'workforce']",85,[25],"[['care', 'child', 'health', 'healthcare', 'community', 'patient', 'work', 'meet', 'support', 'discuss']]",[0.833],[0.388],[0.901],0.388,0.901,disappeared,,,,,
84,7.0,"['farmer', 'farm', 'dairy', 'rural', 'producer', 'agriculture', 'food', 'usda', 'association', 'feed']",85,[15],"[['farmer', 'usda', 'farm', 'agriculture', 'discuss', 'rural', 'iowa', 'food', 'producer', 'agricultural']]",[0.987],[0.886],[1.147],0.886,1.147,continued,,,,,
84,8.0,"['art', 'competition', 'capitol', 'winner', 'school', 'congressional', 'student', 'artwork', 'high', 'congratulation']",85,"[20, 21]","[['art', 'competition', 'winner', 'congressional', 'capitol', 'artwork', 'display', 'piece', 'year', 'congratulation'], ['student', 'school', 'great', 'congratulation', 'young', 'award', 'service', 'gold', 'community', 'honor']]","[0.896, 0.944]","[0.329, 0.591]","[0.482, 0.89]",0.921,1.372,unclear,,,,,
84,9.0,"['tariff', 'price', 'trump', 'donald', 'job', 'inflation', 'economy', 'trade', 'business', 'president']",85,[26],"[['tariff', 'price', 'trump', 'business', 'donald', 'cost', 'trade', 'economy', 'small', 'reckless']]",[0.965],[0.835],[1.913],0.835,1.913,continued,,,,,
84,10.0,"['gun', 'violence', 'wearorange', 'awareness', 'life', 'lose', 'gunviolenceawarenessmonth', 'day', 'safe', 'epidemic']",85,[17],"[['gun', 'pulse', 'violence', 'nightclub', 'lgbtq', 'orlando', 'remember', 'hate', 'life', 'nine']]",[0.94],[0.856],[1.068],0.856,1.068,continued,,,,,
84,11.0,"['air', 'defense', 'military', 'force', 'faa', 'mission', 'national', 'aviation', 'base', 'security']",85,[11],"[['defense', 'hegseth', 'military', 'secdef', 'air', 'secretary', 'dod', 'budget', 'aviation', 'readiness']]",[0.974],[0.778],[0.727],0.778,0.727,continued,,,,,
84,12.0,"['energy', 'power', 'clean', 'reliable', 'cost', 'biden', 'joe', 'dominance', 'american', 'environmental']",85,[23],"[['energy', 'environmental', 'protection', 'power', 'agency', 'biden', 'joe', 'clean', 'plant', 'dominance']]",[0.978],[0.887],[1.179],0.887,1.179,continued,,,,,
84,13.0,"['game', 'baseball', 'tonight', 'tune', 'congressional', 'charity', 'podcast', 'fox', 'thunderup', 'great']",85,[10],"[['game', 'baseball', 'congressional', 'charity', 'tonight', 'team', 'win', 'great', 'raise', 'play']]",[0.869],[0.477],[0.362],0.477,0.362,disappeared,,,,,
84,14.0,"['chinese', 'communist', 'china', 'party', 'threat', 'national', 'security', 'farmland', 'supply', 'agroterrorism']",85,[24],"[['chinese', 'communist', 'china', 'party', 'foreign', 'tie', 'green', 'farmland', 'hunter', 'undermine']]",[0.971],[0.898],[1.262],0.898,1.262,continued,,,,,
84,15.0,"['musk', 'elon', 'donald', 'trump', 'billionaire', 'breakup', 'bill', 'big', 'get', 'care']",85,[],[],[],[],[],0.0,0.0,disappeared,,,,,
84,16.0,"['abortion', 'care', 'woman', 'act', 'face', 'repeal', 'reproductive', 'contraception', 'decision', 'emergency']",85,[27],"[['abortion', 'care', 'child', 'act', 'protect', 'reproductive', 'woman', 'bill', 'health', 'emtala']]",[0.977],[0.887],[1.458],0.887,1.458,continued,,,,,
84,17.0,"['veteran', 'va', 'care', 'milcon', 'bill', 'veterans', 'funding', 'affair', 'benefit', 'appropsdem']",85,[22],"[['veteran', 'va', 'bill', 'appropriation', 'care', 'military', 'funding', 'veterans', 'construction', 'ensure']]",[0.989],[0.956],[0.804],0.956,0.804,continued,,,,,
84,18.0,"['ban', 'travel', 'trump', 'donald', 'security', 'bigotry', 'country', 'muslim', 'discriminatory', 'safe']",85,[],[],[],[],[],0.0,0.0,disappeared,,,,,
84,19.0,"['vaccine', 'rfk', 'jr', 'health', 'disease', 'expert', 'for', 'centers', 'fire', 'advisory']",85,[13],"[['vaccine', 'alzheimer', 'rfk', 'health', 'disease', 'jr', 'expert', 'research', 'advisory', 'centers']]",[0.943],[0.977],[0.573],0.977,0.573,continued,,,,,
84,20.0,"['housing', 'realtor', 'home', 'affordable', 'urban', 'discuss', 'development', 'association', 'supply', 'homeownership']",85,[],[],[],[],[],0.0,0.0,disappeared,,,,,
84,21.0,"['eid', 'mubarak', 'wish', 'adha', 'al', 'celebrate', 'peace', 'joy', 'reflection', 'bless']",85,[],[],[],[],[],0.0,0.0,disappeared,,,,,
84,22.0,"['pride', 'lgbtq', 'equality', 'happy', 'month', 'celebrate', 'community', 'pridemonth', 'love', 'right']",85,[],[],[],[],[],0.0,0.0,disappeared,,,,,
84,25.0,"['fentanyl', 'opioid', 'overdose', 'recovery', 'support', 'crisis', 'addiction', 'mental', 'life', 'drug']",85,[28],"[['fentanyl', 'halt', 'drug', 'act', 'deadly', 'desk', 'substance', 'tool', 'crisis', 'enforcement']]",[0.852],[0.538],[0.648],0.538,0.648,unclear,,,,,
84,28.0,"['daca', 'dreamer', 'homeishere', 'dream', 'recipient', 'citizenship', 'pathway', 'year', 'protection', 'transform']",85,[29],"[['daca', 'dreamer', 'homeishere', 'dream', 'recipient', 'citizenship', 'pathway', 'year', 'protection', 'permanent']]",[0.999],[0.981],[0.944],0.981,0.944,continued,,,,,
84,29.0,"['datum', 'doge', 'social', 'privacy', 'security', 'sensitive', 'information', 'supreme', 'personal', 'access']",85,[],[],[],[],[],0.0,0.0,disappeared,,,,,
84,30.0,"['championship', 'win', 'congratulation', 'state', 'softball', 'series', 'college', 'team', 'geauxtiger', 'school']",85,[],[],[],[],[],0.0,0.0,disappeared,,,,,
84,,,85,,,,"[0.919, 0.667]","[0.596, 0.333]",1.586,0.93,merge,"[23, 27]","[['clarity', 'digital', 'asset', 'act', 'financialcmte', 'market', 'crypto', 'financial', 'stock', 'innovation'], ['ai', 'state', 'job', 'federalism', 'china', 'regulate', 'technology', 'replace', 'moratorium', 'innovation']]",18.0,"['ai', 'digital', 'clarity', 'act', 'innovation', 'asset', 'crypto', 'genius', 'protect', 'consumer']","[0.958, 0.839]"
84,,,85,,,,"[0.879, 0.825]","[0.509, 0.412]",1.703,0.921,merge,"[24, 26]","[['hall', 'town', 'pm', 'rsvp', 'newsletter', 'june', 'question', 'telephone', 'th', 'join'], ['office', 'help', 'passport', 'team', 'agency', 'hour', 'mobile', 'june', 'federal', 'social']]",19.0,"['office', 'pm', 'june', 'hall', 'town', 'help', 'team', 'hour', 'rsvp', 'th']","[0.919, 0.896]"
85,0.0,"['law', 'ice', 'donald', 'trump', 'illegal', 'enforcement', 'protest', 'angeles', 'los', 'la']",86,[0],"[['ice', 'illegal', 'law', 'donald', 'border', 'protest', 'trump', 'criminal', 'alien', 'immigration']]",[0.988],[0.754],[1.289],0.754,1.289,continued,,,,,
85,1.0,"['israel', 'iran', 'nuclear', 'weapon', 'ally', 'region', 'iranian', 'east', 'middle', 'regime']",86,[1],"[['israel', 'iran', 'nuclear', 'weapon', 'regime', 'ally', 'iranian', 'must', 'war', 'region']]",[0.993],[0.97],[0.561],0.97,0.561,continued,,,,,
85,2.0,"['minnesota', 'violence', 'political', 'hoffman', 'hortman', 'melissa', 'family', 'pray', 'john', 'husband']",86,[3],"[['violence', 'minnesota', 'political', 'hortman', 'hoffman', 'melissa', 'family', 'john', 'pray', 'place']]",[0.998],[0.902],[0.724],0.902,0.724,continued,,,,,
85,3.0,"['army', 'birthday', 'th', 'woman', 'happy', 'serve', 'usarmy', 'sacrifice', 'service', 'thank']",86,[5],"[['army', 'birthday', 'th', 'woman', 'serve', 'usarmy', 'sacrifice', 'service', 'happy', 'freedom']]",[0.999],[0.829],[0.814],0.829,0.814,continued,,,,,
85,4.0,"['senator', 'padilla', 'senalexpadilla', 'question', 'administration', 'ask', 'noem', 'conference', 'press', 'assault']",86,[4],"[['senator', 'padilla', 'senalexpadilla', 'administration', 'question', 'ask', 'noem', 'assault', 'conference', 'press']]",[0.997],[0.926],[0.738],0.926,0.738,continued,,,,,
85,5.0,"['rescission', 'cut', 'package', 'doge', 'npr', 'pbs', 'billion', 'vote', 'spending', 'taxpayer']",86,[6],"[['rescission', 'cut', 'package', 'vote', 'doge', 'pbs', 'billion', 'npr', 'taxpayer', 'spending']]",[0.998],[0.821],[0.805],0.821,0.805,continued,,,,,
85,6.0,"['medicaid', 'care', 'health', 'cut', 'tax', 'republicans', 'million', 'billionaire', 'bill', 'americans']",86,[2],"[['tax', 'bill', 'big', 'cut', 'beautiful', 'medicaid', 'care', 'health', 'family', 'republicans']]",[0.937],[0.923],[0.315],0.923,0.315,disappeared,,,,,
85,7.0,"['tax', 'beautiful', 'big', 'bill', 'one', 'cut', 'large', 'deliver', 'american', 'history']",86,[],[],[],[],[],0.0,0.0,disappeared,,,,,
85,8.0,"['flag', 'day', 'symbol', 'flagday', 'freedom', 'stripe', 'star', 'happy', 'nation', 'represent']",86,[8],"[['flag', 'symbol', 'day', 'flagday', 'freedom', 'stripe', 'star', 'nation', 'honor', 'represent']]",[0.999],[0.928],[0.988],0.928,0.988,continued,,,,,
85,9.0,"['tune', 'podcast', 'ericldaugh', 'youtu', 'watch', 'si', 'episode', 'full', 'live', 'join']",86,[],[],[],[],[],0.0,0.0,disappeared,,,,,
85,10.0,"['game', 'baseball', 'congressional', 'charity', 'tonight', 'team', 'win', 'great', 'raise', 'play']",86,[10],"[['game', 'baseball', 'congressional', 'charity', 'tonight', 'raise', 'win', 'play', 'team', 'great']]",[0.989],[0.816],[1.022],0.816,1.022,continued,,,,,
85,11.0,"['defense', 'hegseth', 'military', 'secdef', 'air', 'secretary', 'dod', 'budget', 'aviation', 'readiness']",86,[23],"[['hegseth', 'defense', 'secdef', 'military', 'readiness', 'secretary', 'pete', 'dod', 'general', 'arsenal']]",[0.961],[0.708],[1.677],0.708,1.677,continued,,,,,
85,12.0,"['wildfire', 'emergency', 'disaster', 'management', 'water', 'hurricane', 'federal', 'agency', 'community', 'help']",86,[16],"[['wildfire', 'emergency', 'federal', 'hurricane', 'management', 'weather', 'fire', 'storm', 'local', 'safe']]",[0.97],[0.742],[1.057],0.742,1.057,continued,,,,,
85,13.0,"['vaccine', 'alzheimer', 'rfk', 'health', 'disease', 'jr', 'expert', 'research', 'advisory', 'centers']",86,[],[],[],[],[],0.0,0.0,disappeared,,,,,
85,14.0,"['birthday', 'happy', 'president', 'america', 'of', 'potus', 'realdonaldtrump', 'great', 'thank', 'donald']",86,[11],"[['birthday', 'happy', 'president', 'potus', 'america', 'realdonaldtrump', 'donald', 'thank', 'first', 'great']]",[0.992],[0.863],[0.87],0.863,0.87,continued,,,,,
85,15.0,"['farmer', 'usda', 'farm', 'agriculture', 'discuss', 'rural', 'iowa', 'food', 'producer', 'agricultural']",86,[12],"[['farmer', 'farm', 'usda', 'agriculture', 'iowa', 'discuss', 'food', 'rural', 'secrollin', 'producer']]",[0.988],[0.915],[0.901],0.915,0.901,continued,,,,,
85,16.0,"['antisemitism', 'jewish', 'antisemitic', 'condemn', 'sarah', 'yaron', 'boulder', 'lischinsky', 'milgrim', 'attack']",86,[],[],[],[],[],0.0,0.0,disappeared,,,,,
85,17.0,"['gun', 'pulse', 'violence', 'nightclub', 'lgbtq', 'orlando', 'remember', 'hate', 'life', 'nine']",86,[14],"[['gun', 'pulse', 'nightclub', 'violence', 'lgbtq', 'nine', 'hate', 'ago', 'orlando', 'remember']]",[0.982],[0.889],[0.832],0.889,0.832,continued,,,,,
85,18.0,"['ai', 'digital', 'clarity', 'act', 'innovation', 'asset', 'crypto', 'genius', 'protect', 'consumer']",86,[22],"[['genius', 'stablecoin', 'digital', 'act', 'asset', 'crypto', 'pass', 'clarity', 'consumer', 'senate']]",[0.919],[0.693],[1.162],0.693,1.162,continued,,,,,
85,19.0,"['office', 'pm', 'june', 'hall', 'town', 'help', 'team', 'hour', 'rsvp', 'th']",86,"[15, 24]","[['hall', 'town', 'pm', 'tune', 'rsvp', 'live', 'june', 'watch', 'join', 'youtube'], ['office', 'help', 'hour', 'passport', 'federal', 'agency', 'june', 'team', 'assistance', 'mobile']]","[0.811, 0.916]","[0.395, 0.535]","[0.385, 0.984]",0.93,1.368,unclear,,,,,
85,20.0,"['art', 'competition', 'winner', 'congressional', 'capitol', 'artwork', 'display', 'piece', 'year', 'congratulation']",86,[13],"[['art', 'competition', 'winner', 'congressional', 'capitol', 'piece', 'display', 'artwork', 'year', 'welcome']]",[0.998],[0.946],[0.835],0.946,0.835,continued,,,,,
85,21.0,"['student', 'school', 'great', 'congratulation', 'young', 'award', 'service', 'gold', 'community', 'honor']",86,[9],"[['student', 'service', 'gold', 'award', 'great', 'young', 'congratulation', 'congressional', 'academy', 'honor']]",[0.982],[0.853],[0.574],0.853,0.574,continued,,,,,
85,22.0,"['veteran', 'va', 'bill', 'appropriation', 'care', 'military', 'funding', 'veterans', 'construction', 'ensure']",86,[17],"[['veteran', 'va', 'care', 'bill', 'military', 'appropriation', 'funding', 'benefit', 'support', 'ensure']]",[0.986],[0.935],[0.943],0.935,0.943,continued,,,,,
85,23.0,"['energy', 'environmental', 'protection', 'power', 'agency', 'biden', 'joe', 'clean', 'plant', 'dominance']",86,[18],"[['energy', 'power', 'environmental', 'protection', 'agency', 'clean', 'joe', 'biden', 'plant', 'dominance']]",[0.985],[0.953],[0.971],0.953,0.971,continued,,,,,
85,24.0,"['chinese', 'communist', 'china', 'party', 'foreign', 'tie', 'green', 'farmland', 'hunter', 'undermine']",86,[20],"[['china', 'chinese', 'communist', 'ai', 'party', 'adversary', 'foreign', 'security', 'hunter', 'technology']]",[0.964],[0.857],[1.0],0.857,1.0,continued,,,,,
85,25.0,"['care', 'child', 'health', 'healthcare', 'community', 'patient', 'work', 'meet', 'support', 'discuss']",86,[21],"[['child', 'youth', 'foster', 'job', 'corps', 'education', 'work', 'support', 'workforce', 'college']]",[0.873],[0.704],[0.838],0.704,0.838,unclear,,,,,
85,26.0,"['tariff', 'price', 'trump', 'business', 'donald', 'cost', 'trade', 'economy', 'small', 'reckless']",86,[],[],[],[],[],0.0,0.0,disappeared,,,,,
85,27.0,"['abortion', 'care', 'child', 'act', 'protect', 'reproductive', 'woman', 'bill', 'health', 'emtala']",86,[],[],[],[],[],0.0,0.0,disappeared,,,,,
85,28.0,"['fentanyl', 'halt', 'drug', 'act', 'deadly', 'desk', 'substance', 'tool', 'crisis', 'enforcement']",86,[26],"[['fentanyl', 'halt', 'drug', 'act', 'desk', 'deadly', 'substance', 'tool', 'law', 'enforcement']]",[0.995],[0.981],[1.0],0.981,1.0,continued,,,,,
85,29.0,"['daca', 'dreamer', 'homeishere', 'dream', 'recipient', 'citizenship', 'pathway', 'year', 'protection', 'permanent']",86,[19],"[['daca', 'dreamer', 'homeishere', 'citizenship', 'dream', 'recipient', 'pathway', 'year', 'protection', 'permanent']]",[0.998],[1.0],[0.659],1.0,0.659,continued,,,,,
86,1.0,"['israel', 'iran', 'nuclear', 'weapon', 'regime', 'ally', 'iranian', 'must', 'war', 'region']",87,[2],"[['iran', 'israel', 'nuclear', 'war', 'weapon', 'donald', 'regime', 'president', 'east', 'trump']]",[0.98],[0.891],[1.348],0.891,1.348,continued,,,,,
86,2.0,"['tax', 'bill', 'big', 'cut', 'beautiful', 'medicaid', 'care', 'health', 'family', 'republicans']",87,[0],"[['bill', 'tax', 'big', 'cut', 'beautiful', 'medicaid', 'republicans', 'care', 'one', 'health']]",[0.997],[0.893],[0.8],0.893,0.8,continued,,,,,
86,3.0,"['violence', 'minnesota', 'political', 'hortman', 'hoffman', 'melissa', 'family', 'john', 'pray', 'place']",87,[3],"[['violence', 'minnesota', 'political', 'hortman', 'hoffman', 'melissa', 'pray', 'family', 'john', 'place']]",[0.994],[0.904],[0.805],0.904,0.805,continued,,,,,
86,5.0,"['army', 'birthday', 'th', 'woman', 'serve', 'usarmy', 'sacrifice', 'service', 'happy', 'freedom']",87,[5],"[['army', 'birthday', 'th', 'usarmy', 'serve', 'year', 'sacrifice', 'happy', 'woman', 'service']]",[0.998],[0.871],[0.925],0.871,0.925,continued,,,,,
86,6.0,"['rescission', 'cut', 'package', 'vote', 'doge', 'pbs', 'billion', 'npr', 'taxpayer', 'spending']",87,[],[],[],[],[],0.0,0.0,disappeared,,,,,
86,7.0,"['father', 'dad', 'day', 'happy', 'figure', 'love', 'wish', 'grandfather', 'fathersday', 'great']",87,[6],"[['father', 'dad', 'day', 'happy', 'figure', 'love', 'wish', 'grandfather', 'fathersday', 'great']]",[1.0],[0.96],[0.985],0.96,0.985,continued,,,,,
86,8.0,"['flag', 'symbol', 'day', 'flagday', 'freedom', 'stripe', 'star', 'nation', 'honor', 'represent']",87,[7],"[['flag', 'symbol', 'day', 'flagday', 'stripe', 'star', 'freedom', 'nation', 'represent', 'american']]",[0.999],[0.923],[0.94],0.923,0.94,continued,,,,,
86,9.0,"['student', 'service', 'gold', 'award', 'great', 'young', 'congratulation', 'congressional', 'academy', 'honor']",87,[10],"[['academy', 'student', 'school', 'service', 'high', 'future', 'class', 'great', 'congratulation', 'leader']]",[0.96],[0.716],[0.951],0.716,0.951,continued,,,,,
86,10.0,"['game', 'baseball', 'congressional', 'charity', 'tonight', 'raise', 'win', 'play', 'team', 'great']",87,[16],"[['congratulation', 'championship', 'cup', 'win', 'team', 'stanley', 'title', 'wps', 'proud', 'florida']]",[0.708],[0.46],[1.0],0.46,1.0,unclear,,,,,
86,11.0,"['birthday', 'happy', 'president', 'potus', 'america', 'realdonaldtrump', 'donald', 'thank', 'first', 'great']",87,[11],"[['birthday', 'happy', 'president', 'potus', 'realdonaldtrump', 'america', 'donald', 'great', 'thank', 'trump']]",[0.991],[0.833],[1.018],0.833,1.018,continued,,,,,
86,12.0,"['farmer', 'farm', 'usda', 'agriculture', 'iowa', 'discuss', 'food', 'rural', 'secrollin', 'producer']",87,[12],"[['community', 'project', 'housing', 'local', 'development', 'business', 'tour', 'great', 'see', 'work']]",[0.792],[0.458],[0.645],0.458,0.645,unclear,,,,,
86,13.0,"['art', 'competition', 'winner', 'congressional', 'capitol', 'piece', 'display', 'artwork', 'year', 'welcome']",87,[],[],[],[],[],0.0,0.0,disappeared,,,,,
86,14.0,"['gun', 'pulse', 'nightclub', 'violence', 'lgbtq', 'nine', 'hate', 'ago', 'orlando', 'remember']",87,[],[],[],[],[],0.0,0.0,disappeared,,,,,
86,15.0,"['hall', 'town', 'pm', 'tune', 'rsvp', 'live', 'june', 'watch', 'join', 'youtube']",87,[8],"[['hall', 'town', 'pm', 'join', 'tune', 'live', 'youtube', 'june', 'watch', 'hear']]",[0.981],[0.726],[0.521],0.726,0.521,continued,,,,,
86,16.0,"['wildfire', 'emergency', 'federal', 'hurricane', 'management', 'weather', 'fire', 'storm', 'local', 'safe']",87,[14],"[['stay', 'weather', 'heat', 'wildfire', 'storm', 'response', 'west', 'flood', 'fire', 'severe']]",[0.954],[0.858],[1.338],0.858,1.338,continued,,,,,
86,17.0,"['veteran', 'va', 'care', 'bill', 'military', 'appropriation', 'funding', 'benefit', 'support', 'ensure']",87,[13],"[['veteran', 'va', 'care', 'doctor', 'theguardian', 'veterans', 'jun', 'refuse', 'marital', 'deny']]",[0.951],[0.802],[1.118],0.802,1.118,continued,,,,,
86,18.0,"['energy', 'power', 'environmental', 'protection', 'agency', 'clean', 'joe', 'biden', 'plant', 'dominance']",87,[17],"[['energy', 'clean', 'bill', 'solar', 'big', 'beautiful', 'dominance', 'cost', 'american', 'unleash']]",[0.931],[0.865],[1.429],0.865,1.429,continued,,,,,
86,19.0,"['daca', 'dreamer', 'homeishere', 'citizenship', 'dream', 'recipient', 'pathway', 'year', 'protection', 'permanent']",87,[],[],[],[],[],0.0,0.0,disappeared,,,,,
86,20.0,"['china', 'chinese', 'communist', 'ai', 'party', 'adversary', 'foreign', 'security', 'hunter', 'technology']",87,[],[],[],[],[],0.0,0.0,disappeared,,,,,
86,21.0,"['child', 'youth', 'foster', 'job', 'corps', 'education', 'work', 'support', 'workforce', 'college']",87,[],[],[],[],[],0.0,0.0,disappeared,,,,,
86,22.0,"['genius', 'stablecoin', 'digital', 'act', 'asset', 'crypto', 'pass', 'clarity', 'consumer', 'senate']",87,[],[],[],[],[],0.0,0.0,disappeared,,,,,
86,23.0,"['hegseth', 'defense', 'secdef', 'military', 'readiness', 'secretary', 'pete', 'dod', 'general', 'arsenal']",87,[],[],[],[],[],0.0,0.0,disappeared,,,,,
86,24.0,"['office', 'help', 'hour', 'passport', 'federal', 'agency', 'june', 'team', 'assistance', 'mobile']",87,[18],"[['office', 'help', 'agency', 'federal', 'passport', 'hour', 'internal', 'mobile', 'team', 'revenue']]",[0.982],[0.935],[0.967],0.935,0.967,continued,,,,,
86,25.0,"['parade', 'military', 'donald', 'birthday', 'million', 'trump', 'ego', 'taxpayer', 'dollar', 'waste']",87,[],[],[],[],[],0.0,0.0,disappeared,,,,,
86,26.0,"['fentanyl', 'halt', 'drug', 'act', 'desk', 'deadly', 'substance', 'tool', 'law', 'enforcement']",87,[],[],[],[],[],0.0,0.0,disappeared,,,,,
86,,,87,,,,"[0.772, 0.589]","[0.899, 0.341]",1.362,1.24,merge,"[0, 4]","[['ice', 'illegal', 'law', 'donald', 'border', 'protest', 'trump', 'criminal', 'alien', 'immigration'], ['senator', 'padilla', 'senalexpadilla', 'administration', 'question', 'ask', 'noem', 'assault', 'conference', 'press']]",1.0,"['ice', 'border', 'illegal', 'donald', 'trump', 'law', 'immigrant', 'agent', 'administration', 'immigration']","[0.976, 0.775]"
87,0.0,"['bill', 'tax', 'big', 'cut', 'beautiful', 'medicaid', 'republicans', 'care', 'one', 'health']",88,[],[],[],[],[],0.0,0.0,disappeared,,,,,
87,1.0,"['ice', 'border', 'illegal', 'donald', 'trump', 'law', 'immigrant', 'agent', 'administration', 'immigration']",88,[],[],[],[],[],0.0,0.0,disappeared,,,,,
87,2.0,"['iran', 'israel', 'nuclear', 'war', 'weapon', 'donald', 'regime', 'president', 'east', 'trump']",88,[],[],[],[],[],0.0,0.0,disappeared,,,,,
87,3.0,"['violence', 'minnesota', 'political', 'hortman', 'hoffman', 'melissa', 'pray', 'family', 'john', 'place']",88,[],[],[],[],[],0.0,0.0,disappeared,,,,,
87,4.0,"['juneteenth', 'freedom', 'celebrate', 'black', 'equality', 'justice', 'fight', 'slavery', 'today', 'emancipation']",88,[],[],[],[],[],0.0,0.0,disappeared,,,,,
87,5.0,"['army', 'birthday', 'th', 'usarmy', 'serve', 'year', 'sacrifice', 'happy', 'woman', 'service']",88,[],[],[],[],[],0.0,0.0,disappeared,,,,,
87,6.0,"['father', 'dad', 'day', 'happy', 'figure', 'love', 'wish', 'grandfather', 'fathersday', 'great']",88,[],[],[],[],[],0.0,0.0,disappeared,,,,,
87,7.0,"['flag', 'symbol', 'day', 'flagday', 'stripe', 'star', 'freedom', 'nation', 'represent', 'american']",88,[],[],[],[],[],0.0,0.0,disappeared,,,,,
87,8.0,"['hall', 'town', 'pm', 'join', 'tune', 'live', 'youtube', 'june', 'watch', 'hear']",88,[],[],[],[],[],0.0,0.0,disappeared,,,,,
87,9.0,"['court', 'supreme', 'child', 'decision', 'gender', 'minor', 'ban', 'care', 'tennessee', 'kid']",88,[],[],[],[],[],0.0,0.0,disappeared,,,,,
87,10.0,"['academy', 'student', 'school', 'service', 'high', 'future', 'class', 'great', 'congratulation', 'leader']",88,[],[],[],[],[],0.0,0.0,disappeared,,,,,
87,11.0,"['birthday', 'happy', 'president', 'potus', 'realdonaldtrump', 'america', 'donald', 'great', 'thank', 'trump']",88,[],[],[],[],[],0.0,0.0,disappeared,,,,,
87,12.0,"['community', 'project', 'housing', 'local', 'development', 'business', 'tour', 'great', 'see', 'work']",88,[],[],[],[],[],0.0,0.0,disappeared,,,,,
87,13.0,"['veteran', 'va', 'care', 'doctor', 'theguardian', 'veterans', 'jun', 'refuse', 'marital', 'deny']",88,[],[],[],[],[],0.0,0.0,disappeared,,,,,
87,14.0,"['stay', 'weather', 'heat', 'wildfire', 'storm', 'response', 'west', 'flood', 'fire', 'severe']",88,[],[],[],[],[],0.0,0.0,disappeared,,,,,
87,15.0,"['texas', 'job', 'august', 'globe', 'myntxjob', 'employer', 'seeker', 'interested', 'fair', 'field']",88,[1],"[['job', 'texas', 'august', 'employer', 'myntxjob', 'seeker', 'globe', 'fair', 'interested', 'field']]",[0.998],[0.954],[0.954],0.954,0.954,continued,,,,,
87,16.0,"['congratulation', 'championship', 'cup', 'win', 'team', 'stanley', 'title', 'wps', 'proud', 'florida']",88,[],[],[],[],[],0.0,0.0,disappeared,,,,,
87,17.0,"['energy', 'clean', 'bill', 'solar', 'big', 'beautiful', 'dominance', 'cost', 'american', 'unleash']",88,[],[],[],[],[],0.0,0.0,disappeared,,,,,
87,18.0,"['office', 'help', 'agency', 'federal', 'passport', 'hour', 'internal', 'mobile', 'team', 'revenue']",88,[],[],[],[],[],0.0,0.0,disappeared,,,,,
87,19.0,"['institutes', 'health', 'research', 'of', 'national', 'science', 'rfk', 'cut', 'disease', 'cancer']",88,[],[],[],[],[],0.0,0.0,disappeared,,,,,
87,20.0,"['biden', 'joe', 'decline', 'cover', 'hearing', 'democrats', 'white', 'mental', 'run', 'president']",88,[],[],[],[],[],0.0,0.0,disappeared,,,,,
88,0.0,"['donald', 'trump', 'iran', 'president', 'bill', 'american', 'one', 'make', 'work', 'big']",89,[0],"[['donald', 'trump', 'bill', 'president', 'iran', 'american', 'one', 'big', 'work', 'make']]",[0.993],[0.595],[0.527],0.595,0.527,continued,,,,,
88,1.0,"['job', 'texas', 'august', 'employer', 'myntxjob', 'seeker', 'globe', 'fair', 'interested', 'field']",89,[],[],[],[],[],0.0,0.0,disappeared,,,,,
89,0.0,"['donald', 'trump', 'bill', 'president', 'iran', 'american', 'one', 'big', 'work', 'make']",90,[],[],[],[],[],0.0,0.0,disappeared,,,,,
89,1.0,"['woman', 'care', 'abortion', 'right', 'reproductive', 'decision', 'court', 'health', 'supreme', 'roe']",90,[2],"[['woman', 'abortion', 'reproductive', 'care', 'decision', 'right', 'roe', 'parenthood', 'supreme', 'court']]",[1.0],[0.93],[0.888],0.93,0.888,continued,,,,,
89,2.0,"['equality', 'marriage', 'obergefell', 'today', 'love', 'year', 'hodge', 'right', 'fight', 'lgbtq']",90,[9],"[['equality', 'marriage', 'obergefell', 'lgbtq', 'love', 'hodge', 'year', 'sex', 'equalityday', 'today']]",[0.978],[0.807],[0.842],0.807,0.842,continued,,,,,
90,0.0,"['bill', 'tax', 'big', 'beautiful', 'cut', 'one', 'medicaid', 'republicans', 'family', 'senate']",91,[],[],[],[],[],0.0,0.0,disappeared,,,,,
90,1.0,"['iran', 'nuclear', 'president', 'peace', 'donald', 'war', 'trump', 'strike', 'israel', 'east']",91,[],[],[],[],[],0.0,0.0,disappeared,,,,,
90,2.0,"['woman', 'abortion', 'reproductive', 'care', 'decision', 'right', 'roe', 'parenthood', 'supreme', 'court']",91,[2],"[['parenthood', 'plan', 'care', 'abortion', 'court', 'supreme', 'woman', 'screening', 'cancer', 'decision']]",[0.943],[0.907],[1.91],0.907,1.91,continued,,,,,
90,3.0,"['border', 'ice', 'biden', 'joe', 'illegal', 'security', 'alien', 'immigration', 'agent', 'national']",91,[],[],[],[],[],0.0,0.0,disappeared,,,,,
90,4.0,"['honor', 'student', 'community', 'service', 'great', 'congressional', 'proud', 'thank', 'th', 'family']",91,[],[],[],[],[],0.0,0.0,disappeared,,,,,
90,5.0,"['court', 'judge', 'citizenship', 'supreme', 'birthright', 'injunction', 'constitution', 'rule', 'nationwide', 'donald']",91,[1],"[['court', 'judge', 'supreme', 'citizenship', 'birthright', 'injunction', 'donald', 'constitution', 'trump', 'decision']]",[0.997],[0.927],[0.991],0.927,0.991,continued,,,,,
90,6.0,"['energy', 'green', 'bill', 'scam', 'new', 'american', 'clean', 'oil', 'coal', 'gas']",91,[],[],[],[],[],0.0,0.0,disappeared,,,,,
90,7.0,"['veteran', 'va', 'military', 'affair', 'appropriation', 'construction', 'care', 'support', 'fund', 'fully']",91,[],[],[],[],[],0.0,0.0,disappeared,,,,,
90,8.0,"['forest', 'wildfire', 'county', 'project', 'infrastructure', 'road', 'transportation', 'community', 'roadless', 'federal']",91,[],[],[],[],[],0.0,0.0,disappeared,,,,,
90,9.0,"['equality', 'marriage', 'obergefell', 'lgbtq', 'love', 'hodge', 'year', 'sex', 'equalityday', 'today']",91,[],[],[],[],[],0.0,0.0,disappeared,,,,,
90,10.0,"['land', 'public', 'sell', 'sale', 'provision', 'acre', 'proposal', 'million', 'lee', 'senate']",91,[],[],[],[],[],0.0,0.0,disappeared,,,,,
90,11.0,"['gun', 'violence', 'community', 'safe', 'safety', 'law', 'bipartisan', 'act', 'year', 'ago']",91,[],[],[],[],[],0.0,0.0,disappeared,,,,,
90,12.0,"['tune', 'join', 'watch', 'live', 'podcast', 'foxnew', 'si', 'listen', 'youtube', 'pm']",91,[],[],[],[],[],0.0,0.0,disappeared,,,,,
90,13.0,"['parent', 'child', 'court', 'kid', 'religious', 'supreme', 'school', 'opt', 'parental', 'gender']",91,[3],"[['parent', 'court', 'child', 'supreme', 'kid', 'religious', 'right', 'school', 'gender', 'opt']]",[0.992],[0.927],[1.152],0.927,1.152,continued,,,,,
90,14.0,"['care', 'senior', 'patient', 'discuss', 'health', 'meet', 'aarp', 'social', 'medicare', 'access']",91,[],[],[],[],[],0.0,0.0,disappeared,,,,,
90,15.0,"['hate', 'antisemitism', 'jewish', 'muslim', 'anti', 'zohran', 'antisemitic', 'mamdani', 'attack', 'condemn']",91,[],[],[],[],[],0.0,0.0,disappeared,,,,,
90,16.0,"['vaccine', 'disease', 'rfk', 'jr', 'research', 'health', 'centers', 'for', 'prevention', 'and']",91,[],[],[],[],[],0.0,0.0,disappeared,,,,,
90,17.0,"['hall', 'town', 'newsletter', 'telephone', 'pm', 'update', 'join', 'rsvp', 'question', 'hear']",91,[],[],[],[],[],0.0,0.0,disappeared,,,,,
90,18.0,"['school', 'student', 'education', 'pell', 'voucher', 'college', 'public', 'grant', 'university', 'loan']",91,[],[],[],[],[],0.0,0.0,disappeared,,,,,
90,19.0,"['condemn', 'violence', 'riot', 'resolution', 'protest', 'law', 'enforcement', 'attack', 'violent', 'angeles']",91,[],[],[],[],[],0.0,0.0,disappeared,,,,,
90,20.0,"['stonewall', 'pride', 'lgbtq', 'equality', 'movement', 'community', 'fight', 'celebrate', 'spark', 'honor']",91,[],[],[],[],[],0.0,0.0,disappeared,,,,,
90,21.0,"['office', 'help', 'agency', 'hour', 'federal', 'mobile', 'passport', 'team', 'casework', 'social']",91,[],[],[],[],[],0.0,0.0,disappeared,,,,,
90,22.0,"['win', 'attention', 'huge', 'matter', 'let', 'correct', 'thank', 'keep', 'true', 'truth']",91,[],[],[],[],[],0.0,0.0,disappeared,,,,,
91,0.0,"['bill', 'big', 'tax', 'donald', 'trump', 'one', 'beautiful', 'cut', 'family', 'republicans']",92,[],[],[],[],[],0.0,0.0,disappeared,,,,,
91,1.0,"['court', 'judge', 'supreme', 'citizenship', 'birthright', 'injunction', 'donald', 'constitution', 'trump', 'decision']",92,[],[],[],[],[],0.0,0.0,disappeared,,,,,
91,2.0,"['parenthood', 'plan', 'care', 'abortion', 'court', 'supreme', 'woman', 'screening', 'cancer', 'decision']",92,[16],"[['parenthood', 'plan', 'abortion', 'defund', 'woman', 'care', 'reproductive', 'screening', 'cancer', 'access']]",[0.95],[0.944],[3.683],0.944,3.683,continued,,,,,
91,3.0,"['parent', 'court', 'child', 'supreme', 'kid', 'religious', 'right', 'school', 'gender', 'opt']",92,[],[],[],[],[],0.0,0.0,disappeared,,,,,
92,0.0,"['republicans', 'bill', 'health', 'care', 'medicaid', 'cut', 'million', 'vote', 'ugly', 'people']",93,[0],"[['bill', 'republicans', 'health', 'care', 'ugly', 'medicaid', 'big', 'vote', 'people', 'cut']]",[0.994],[0.847],[1.093],0.847,1.093,continued,,,,,
92,1.0,"['happy', 'independence', 'day', 'celebrate', 'july', 'freedom', 'th', 'nation', 'today', 'fourth']",93,[2],"[['happy', 'independence', 'day', 'celebrate', 'july', 'freedom', 'nation', 'th', 'today', 'great']]",[0.997],[0.914],[0.771],0.914,0.771,continued,,,,,
92,2.0,"['beautiful', 'one', 'big', 'bill', 'president', 'deliver', 'pass', 'american', 'trump', 'donald']",93,[],[],[],[],[],0.0,0.0,disappeared,,,,,
92,3.0,"['tax', 'beautiful', 'one', 'big', 'bill', 'tip', 'business', 'cut', 'small', 'worker']",93,[],[],[],[],[],0.0,0.0,disappeared,,,,,
92,4.0,"['service', 'office', 'community', 'help', 'veteran', 'honor', 'team', 'thank', 'work', 'support']",93,[4],"[['office', 'veteran', 'va', 'service', 'help', 'internship', 'team', 'federal', 'application', 'agency']]",[0.958],[0.704],[1.142],0.704,1.142,continued,,,,,
92,5.0,"['repjeffrie', 'leader', 'jeffrie', 'floor', 'house', 'hakeem', 'speech', 'record', 'hour', 'story']",93,[],[],[],[],[],0.0,0.0,disappeared,,,,,
92,6.0,"['ice', 'agent', 'deportation', 'criminal', 'immigrant', 'mask', 'donald', 'trump', 'raid', 'community']",93,[5],"[['ice', 'agent', 'enforcement', 'law', 'officer', 'patrol', 'border', 'attack', 'violence', 'immigration']]",[0.946],[0.754],[0.529],0.754,0.529,continued,,,,,
92,7.0,"['texas', 'pray', 'responder', 'flood', 'flooding', 'prayer', 'family', 'miss', 'first', 'rescue']",93,[],[],[],[],[],0.0,0.0,disappeared,,,,,
92,8.0,"['energy', 'solar', 'clean', 'wind', 'cost', 'bill', 'climate', 'tax', 'price', 'job']",93,[],[],[],[],[],0.0,0.0,disappeared,,,,,
92,9.0,"['tune', 'discuss', 'join', 'watch', 'beautiful', 'talk', 'big', 'foxbusiness', 'one', 'youtu']",93,[],[],[],[],[],0.0,0.0,disappeared,,,,,
92,10.0,"['farmer', 'farm', 'rural', 'beautiful', 'one', 'iowa', 'producer', 'death', 'bill', 'big']",93,[],[],[],[],[],0.0,0.0,disappeared,,,,,
92,11.0,"['border', 'secure', 'patrol', 'wall', 'illegal', 'agent', 'finish', 'ice', 'beautiful', 'security']",93,[8],"[['border', 'secure', 'illegal', 'wall', 'patrol', 'immigration', 'crossing', 'agent', 'finish', 'biden']]",[0.988],[0.946],[1.06],0.946,1.06,continued,,,,,
92,12.0,"['update', 'capitol', 'fold', 'yes', 'say', 'lie', 'let', 'quick', 'get', 'midnight']",93,[],[],[],[],[],0.0,0.0,disappeared,,,,,
92,13.0,"['firefighter', 'idaho', 'fire', 'responder', 'brave', 'community', 'first', 'ambush', 'victim', 'pray']",93,[],[],[],[],[],0.0,0.0,disappeared,,,,,
92,14.0,"['vladimir', 'ukraine', 'russia', 'putin', 'weapon', 'ukrainian', 'peace', 'war', 'defense', 'ally']",93,[6],"[['vladimir', 'ukraine', 'putin', 'russia', 'weapon', 'war', 'peace', 'president', 'ukrainian', 'donald']]",[0.99],[0.926],[0.568],0.926,0.568,continued,,,,,
92,15.0,"['iran', 'nuclear', 'israel', 'hamas', 'terrorist', 'peace', 'iranian', 'hostage', 'world', 'trump']",93,[10],"[['iran', 'israel', 'peace', 'benjamin', 'hamas', 'terrorist', 'hostage', 'netanyahu', 'nuclear', 'minister']]",[0.928],[0.881],[1.113],0.881,1.113,continued,,,,,
92,16.0,"['parenthood', 'plan', 'abortion', 'defund', 'woman', 'care', 'reproductive', 'screening', 'cancer', 'access']",93,[11],"[['parenthood', 'plan', 'abortion', 'care', 'defund', 'screening', 'woman', 'access', 'reproductive', 'cancer']]",[0.986],[1.0],[1.154],1.0,1.154,continued,,,,,
92,17.0,"['right', 'equality', 'civil', 'pride', 'lgbtq', 'ago', 'act', 'year', 'fight', 'discrimination']",93,[],[],[],[],[],0.0,0.0,disappeared,,,,,
92,18.0,"['credit', 'child', 'family', 'childcare', 'tax', 'account', 'saving', 'expand', 'newborn', 'provide']",93,[],[],[],[],[],0.0,0.0,disappeared,,,,,
92,19.0,"['energy', 'nuclear', 'unleash', 'dominance', 'american', 'america', 'oil', 'gas', 'power', 'beautiful']",93,[],[],[],[],[],0.0,0.0,disappeared,,,,,
93,0.0,"['bill', 'republicans', 'health', 'care', 'ugly', 'medicaid', 'big', 'vote', 'people', 'cut']",94,[1],"[['medicaid', 'health', 'care', 'cut', 'republicans', 'bill', 'hospital', 'million', 'tax', 'snap']]",[0.954],[0.624],[2.859],0.624,2.859,continued,,,,,
93,1.0,"['beautiful', 'bill', 'big', 'one', 'tax', 'president', 'american', 'donald', 'trump', 'deliver']",94,[3],"[['tax', 'beautiful', 'big', 'bill', 'one', 'deliver', 'taxis', 'tip', 'president', 'cut']]",[0.977],[0.579],[2.899],0.579,2.899,continued,,,,,
93,2.0,"['happy', 'independence', 'day', 'celebrate', 'july', 'freedom', 'nation', 'th', 'today', 'great']",94,[4],"[['honor', 'community', 'celebrate', 'great', 'day', 'th', 'happy', 'year', 'service', 'proud']]",[0.811],[0.819],[1.906],0.819,1.906,unclear,,,,,
93,3.0,"['texas', 'flood', 'responder', 'pray', 'first', 'family', 'life', 'flooding', 'rescue', 'heart']",94,[0],"[['texas', 'flood', 'responder', 'first', 'pray', 'family', 'disaster', 'flooding', 'life', 'rescue']]",[0.991],[0.849],[0.598],0.849,0.598,continued,,,,,
93,4.0,"['office', 'veteran', 'va', 'service', 'help', 'internship', 'team', 'federal', 'application', 'agency']",94,[],[],[],[],[],0.0,0.0,disappeared,,,,,
93,5.0,"['ice', 'agent', 'enforcement', 'law', 'officer', 'patrol', 'border', 'attack', 'violence', 'immigration']",94,[2],"[['ice', 'border', 'agent', 'law', 'enforcement', 'officer', 'patrol', 'immigration', 'illegal', 'attack']]",[0.984],[0.895],[0.375],0.895,0.375,disappeared,,,,,
93,6.0,"['vladimir', 'ukraine', 'putin', 'russia', 'weapon', 'war', 'peace', 'president', 'ukrainian', 'donald']",94,[11],"[['vladimir', 'ukraine', 'putin', 'russia', 'war', 'weapon', 'hegseth', 'sanction', 'ukrainian', 'president']]",[0.984],[0.856],[0.709],0.856,0.709,continued,,,,,
93,7.0,"['school', 'education', 'student', 'program', 'kid', 'funding', 'donald', 'fund', 'trump', 'withhold']",94,[9],"[['school', 'education', 'student', 'fund', 'kid', 'program', 'funding', 'donald', 'withhold', 'trump']]",[0.979],[0.885],[0.609],0.885,0.609,continued,,,,,
93,8.0,"['border', 'secure', 'illegal', 'wall', 'patrol', 'immigration', 'crossing', 'agent', 'finish', 'biden']",94,[],[],[],[],[],0.0,0.0,disappeared,,,,,
93,9.0,"['court', 'judge', 'supreme', 'federal', 'talwani', 'order', 'trump', 'donald', 'decision', 'rule']",94,[],[],[],[],[],0.0,0.0,disappeared,,,,,
93,10.0,"['iran', 'israel', 'peace', 'benjamin', 'hamas', 'terrorist', 'hostage', 'netanyahu', 'nuclear', 'minister']",94,[8],"[['israel', 'benjamin', 'peace', 'iran', 'netanyahu', 'hamas', 'united', 'fine', 'hostage', 'terrorist']]",[0.907],[0.925],[0.318],0.925,0.318,disappeared,,,,,
93,11.0,"['parenthood', 'plan', 'abortion', 'care', 'defund', 'screening', 'woman', 'access', 'reproductive', 'cancer']",94,[19],"[['parenthood', 'abortion', 'care', 'plan', 'reproductive', 'screening', 'woman', 'cancer', 'access', 'health']]",[0.98],[1.0],[0.981],1.0,0.981,continued,,,,,
94,0.0,"['texas', 'flood', 'responder', 'first', 'pray', 'family', 'disaster', 'flooding', 'life', 'rescue']",95,[2],"[['texas', 'flood', 'emergency', 'management', 'federal', 'agency', 'disaster', 'weather', 'responder', 'community']]",[0.975],[0.855],[1.336],0.855,1.336,continued,,,,,
94,1.0,"['medicaid', 'health', 'care', 'cut', 'republicans', 'bill', 'hospital', 'million', 'tax', 'snap']",95,[3],"[['medicaid', 'care', 'health', 'cut', 'republicans', 'bill', 'hospital', 'tax', 'food', 'big']]",[0.999],[0.9],[0.812],0.9,0.812,continued,,,,,
94,2.0,"['ice', 'border', 'agent', 'law', 'enforcement', 'officer', 'patrol', 'immigration', 'illegal', 'attack']",95,[1],"[['ice', 'agent', 'border', 'law', 'enforcement', 'illegal', 'immigration', 'officer', 'criminal', 'immigrant']]",[0.993],[0.816],[0.676],0.816,0.676,continued,,,,,
94,3.0,"['tax', 'beautiful', 'big', 'bill', 'one', 'deliver', 'taxis', 'tip', 'president', 'cut']",95,[4],"[['beautiful', 'big', 'bill', 'tax', 'one', 'deliver', 'taxis', 'cut', 'tip', 'family']]",[0.997],[0.872],[0.92],0.872,0.92,continued,,,,,
94,4.0,"['honor', 'community', 'celebrate', 'great', 'day', 'th', 'happy', 'year', 'service', 'proud']",95,[0],"[['community', 'honor', 'great', 'celebrate', 'county', 'thank', 'work', 'new', 'proud', 'park']]",[0.953],[0.757],[0.456],0.757,0.456,unclear,,,,,
94,5.0,"['court', 'judge', 'donald', 'trump', 'citizenship', 'federal', 'supreme', 'birthright', 'amendment', 'government']",95,[9],"[['court', 'judge', 'federal', 'supreme', 'donald', 'trump', 'judicial', 'worker', 'justice', 'order']]",[0.966],[0.677],[1.12],0.677,1.12,continued,,,,,
94,6.0,"['hall', 'town', 'pm', 'join', 'question', 'tune', 'telephone', 'rsvp', 'discuss', 'host']",95,[6],"[['hall', 'town', 'pm', 'join', 'tune', 'telephone', 'discuss', 'question', 'host', 'tonight']]",[0.991],[0.636],[0.657],0.636,0.657,continued,,,,,
94,7.0,"['energy', 'clean', 'gas', 'price', 'american', 'unleash', 'wind', 'coal', 'bill', 'production']",95,[10],"[['energy', 'clean', 'american', 'unleash', 'coal', 'gas', 'future', 'wind', 'independence', 'bill']]",[0.996],[0.909],[0.959],0.909,0.959,continued,,,,,
94,8.0,"['israel', 'benjamin', 'peace', 'iran', 'netanyahu', 'hamas', 'united', 'fine', 'hostage', 'terrorist']",95,[5],"[['israel', 'iran', 'peace', 'benjamin', 'united', 'netanyahu', 'donald', 'hamas', 'trump', 'nations']]",[0.976],[0.896],[0.633],0.896,0.633,continued,,,,,
94,9.0,"['school', 'education', 'student', 'fund', 'kid', 'program', 'funding', 'donald', 'withhold', 'trump']",95,[8],"[['education', 'school', 'student', 'funding', 'fund', 'donald', 'trump', 'withhold', 'administration', 'public']]",[0.991],[0.874],[0.767],0.874,0.767,continued,,,,,
94,10.0,"['farm', 'farmer', 'great', 'ag', 'help', 'support', 'water', 'agriculture', 'community', 'rural']",95,[],[],[],[],[],0.0,0.0,disappeared,,,,,
94,11.0,"['vladimir', 'ukraine', 'putin', 'russia', 'war', 'weapon', 'hegseth', 'sanction', 'ukrainian', 'president']",95,[11],"[['vladimir', 'ukraine', 'putin', 'russia', 'weapon', 'war', 'ukrainian', 'sanction', 'president', 'hegseth']]",[0.992],[0.813],[0.762],0.813,0.762,continued,,,,,
94,12.0,"['tariff', 'donald', 'trade', 'trump', 'cost', 'business', 'price', 'deal', 'economy', 'chaos']",95,[12],"[['tariff', 'donald', 'trump', 'trade', 'cost', 'price', 'business', 'deal', 'economy', 'chaos']]",[0.995],[0.936],[0.836],0.936,0.836,continued,,,,,
94,13.0,"['office', 'help', 'passport', 'hour', 'team', 'federal', 'agency', 'mobile', 'need', 'constituent']",95,[15],"[['office', 'help', 'team', 'passport', 'constituent', 'federal', 'hour', 'agency', 'need', 'pm']]",[0.992],[0.924],[0.817],0.924,0.817,continued,,,,,
94,14.0,"['farmland', 'security', 'china', 'communist', 'chinese', 'secrollin', 'national', 'foreign', 'adversary', 'food']",95,[14],"[['farmland', 'china', 'chinese', 'communist', 'security', 'secrollin', 'national', 'foreign', 'party', 'food']]",[0.994],[0.966],[0.718],0.966,0.718,continued,,,,,
94,15.0,"['defense', 'authorization', 'national', 'fy', 'act', 'military', 'drone', 'america', 'security', 'support']",95,[16],"[['defense', 'authorization', 'fy', 'national', 'act', 'military', 'hascrepublican', 'america', 'drone', 'warfighter']]",[0.991],[0.933],[0.729],0.933,0.729,continued,,,,,
94,16.0,"['veteran', 'va', 'care', 'staff', 'cut', 'job', 'benefit', 'plan', 'serve', 'deserve']",95,[],[],[],[],[],0.0,0.0,disappeared,,,,,
94,17.0,"['vaccine', 'measle', 'health', 'disease', 'rfk', 'case', 'research', 'jr', 'medical', 'conspiracy']",95,[],[],[],[],[],0.0,0.0,disappeared,,,,,
94,18.0,"['internship', 'apply', 'application', 'intern', 'office', 'fall', 'learn', 'app', 'services', 'dc']",95,[],[],[],[],[],0.0,0.0,disappeared,,,,,
94,19.0,"['parenthood', 'abortion', 'care', 'plan', 'reproductive', 'screening', 'woman', 'cancer', 'access', 'health']",95,[17],"[['parenthood', 'care', 'abortion', 'plan', 'woman', 'reproductive', 'screening', 'health', 'cancer', 'access']]",[0.997],[0.981],[0.963],0.981,0.963,continued,,,,,
95,0.0,"['community', 'honor', 'great', 'celebrate', 'county', 'thank', 'work', 'new', 'proud', 'park']",96,[20],"[['park', 'great', 'recreation', 'celebrate', 'community', 'county', 'national', 'day', 'event', 'chamber']]",[0.939],[0.404],[2.64],0.404,2.64,unclear,,,,,
95,1.0,"['ice', 'agent', 'border', 'law', 'enforcement', 'illegal', 'immigration', 'officer', 'criminal', 'immigrant']",96,[1],"[['ice', 'border', 'illegal', 'immigration', 'immigrant', 'law', 'agent', 'criminal', 'enforcement', 'alien']]",[0.984],[0.818],[0.746],0.818,0.746,continued,,,,,
95,2.0,"['texas', 'flood', 'emergency', 'management', 'federal', 'agency', 'disaster', 'weather', 'responder', 'community']",96,[2],"[['texas', 'emergency', 'flood', 'management', 'agency', 'federal', 'disaster', 'life', 'family', 'community']]",[0.989],[0.815],[1.161],0.815,1.161,continued,,,,,
95,5.0,"['israel', 'iran', 'peace', 'benjamin', 'united', 'netanyahu', 'donald', 'hamas', 'trump', 'nations']",96,[13],"[['west', 'bank', 'israeli', 'musallet', 'sayfollah', 'must', 'violence', 'kill', 'settler', 'israel']]",[0.919],[0.606],[0.737],0.606,0.737,continued,,,,,
95,6.0,"['hall', 'town', 'pm', 'join', 'tune', 'telephone', 'discuss', 'question', 'host', 'tonight']",96,[4],"[['town', 'hall', 'office', 'pm', 'help', 'join', 'tune', 'team', 'july', 'host']]",[0.958],[0.643],[0.464],0.643,0.464,unclear,,,,,
95,7.0,"['president', 'attempt', 'assassination', 'ago', 'god', 'donald', 'year', 'butler', 'trump', 'fight']",96,[12],"[['president', 'attempt', 'assassination', 'god', 'butler', 'ago', 'year', 'donald', 'one', 'trump']]",[0.998],[0.87],[0.826],0.87,0.826,continued,,,,,
95,8.0,"['education', 'school', 'student', 'funding', 'fund', 'donald', 'trump', 'withhold', 'administration', 'public']",96,[7],"[['education', 'school', 'student', 'funding', 'department', 'administration', 'donald', 'trump', 'teacher', 'court']]",[0.985],[0.919],[0.65],0.919,0.65,continued,,,,,
95,9.0,"['court', 'judge', 'federal', 'supreme', 'donald', 'trump', 'judicial', 'worker', 'justice', 'order']",96,[16],"[['joe', 'biden', 'bove', 'autopen', 'emil', 'nomination', 'pardon', 'nominee', 'fifth', 'judicial']]",[0.836],[0.473],[0.582],0.473,0.582,unclear,,,,,
95,10.0,"['energy', 'clean', 'american', 'unleash', 'coal', 'gas', 'future', 'wind', 'independence', 'bill']",96,[19],"[['energy', 'pennsylvania', 'ai', 'innovation', 'summit', 'pa', 'lead', 'power', 'investment', 'america']]",[0.897],[0.616],[0.891],0.616,0.891,unclear,,,,,
95,11.0,"['vladimir', 'ukraine', 'putin', 'russia', 'weapon', 'war', 'ukrainian', 'sanction', 'president', 'hegseth']",96,[17],"[['vladimir', 'ukraine', 'putin', 'russia', 'war', 'sanction', 'nato', 'weapon', 'peace', 'ukrainian']]",[0.988],[0.888],[1.144],0.888,1.144,continued,,,,,
95,12.0,"['tariff', 'donald', 'trump', 'trade', 'cost', 'price', 'business', 'deal', 'economy', 'chaos']",96,[5],"[['tariff', 'price', 'donald', 'trump', 'inflation', 'cost', 'trade', 'president', 'economy', 'promise']]",[0.975],[0.943],[0.457],0.943,0.457,unclear,,,,,
95,13.0,"['rescission', 'senate', 'package', 'pass', 'house', 'spending', 'waste', 'pbs', 'cut', 'wasteful']",96,[10],"[['rescission', 'package', 'senate', 'pass', 'spending', 'cut', 'billion', 'vote', 'republicans', 'waste']]",[0.979],[0.722],[0.394],0.722,0.394,disappeared,,,,,
95,14.0,"['farmland', 'china', 'chinese', 'communist', 'security', 'secrollin', 'national', 'foreign', 'party', 'food']",96,[22],"[['chinese', 'china', 'communist', 'party', 'security', 'foreign', 'farmland', 'land', 'adversary', 'influence']]",[0.904],[0.675],[1.179],0.675,1.179,continued,,,,,
95,15.0,"['office', 'help', 'team', 'passport', 'constituent', 'federal', 'hour', 'agency', 'need', 'pm']",96,[],[],[],[],[],0.0,0.0,disappeared,,,,,
95,16.0,"['defense', 'authorization', 'fy', 'national', 'act', 'military', 'hascrepublican', 'america', 'drone', 'warfighter']",96,[6],"[['defense', 'authorization', 'national', 'fy', 'act', 'military', 'hascrepublican', 'committee', 'servicemember', 'america']]",[0.983],[0.917],[0.308],0.917,0.308,disappeared,,,,,
95,17.0,"['parenthood', 'care', 'abortion', 'plan', 'woman', 'reproductive', 'screening', 'health', 'cancer', 'access']",96,[],[],[],[],[],0.0,0.0,disappeared,,,,,
95,18.0,"['joe', 'biden', 'autopen', 'plead', 'connor', 'fifth', 'pardon', 'decline', 'doctor', 'kevin']",96,[16],"[['joe', 'biden', 'bove', 'autopen', 'emil', 'nomination', 'pardon', 'nominee', 'fifth', 'judicial']]",[0.892],[0.943],[0.41],0.943,0.41,unclear,,,,,
95,,,96,,,,"[0.918, 0.738]","[0.671, 0.409]",1.656,1.08,merge,"[3, 4]","[['medicaid', 'care', 'health', 'cut', 'republicans', 'bill', 'hospital', 'tax', 'food', 'big'], ['beautiful', 'big', 'bill', 'tax', 'one', 'deliver', 'taxis', 'cut', 'tip', 'family']]",0.0,"['tax', 'bill', 'big', 'medicaid', 'care', 'cut', 'health', 'beautiful', 'republicans', 'one']","[0.974, 0.89]"
96,0.0,"['tax', 'bill', 'big', 'medicaid', 'care', 'cut', 'health', 'beautiful', 'republicans', 'one']",97,"[6, 17]","[['medicaid', 'health', 'care', 'cut', 'hospital', 'republicans', 'million', 'big', 'tax', 'ugly'], ['tax', 'beautiful', 'big', 'bill', 'one', 'tip', 'overtime', 'senior', 'taxis', 'cut']]","[0.955, 0.889]","[0.516, 0.308]","[1.364, 1.777]",0.825,3.14,split,,,,,
96,1.0,"['ice', 'border', 'illegal', 'immigration', 'immigrant', 'law', 'agent', 'criminal', 'enforcement', 'alien']",97,[1],"[['ice', 'border', 'illegal', 'immigration', 'criminal', 'immigrant', 'agent', 'law', 'alien', 'enforcement']]",[0.997],[0.814],[0.965],0.814,0.965,continued,,,,,
96,2.0,"['texas', 'emergency', 'flood', 'management', 'agency', 'federal', 'disaster', 'life', 'family', 'community']",97,[5],"[['flood', 'texas', 'weather', 'disaster', 'emergency', 'management', 'life', 'agency', 'community', 'federal']]",[0.991],[0.782],[1.047],0.782,1.047,continued,,,,,
96,3.0,"['digital', 'crypto', 'act', 'genius', 'cbdc', 'clarity', 'asset', 'financial', 'innovation', 'surveillance']",97,[3],"[['digital', 'crypto', 'act', 'genius', 'cbdc', 'clarity', 'asset', 'financial', 'innovation', 'surveillance']]",[0.998],[0.868],[0.714],0.868,0.714,continued,,,,,
96,4.0,"['town', 'hall', 'office', 'pm', 'help', 'join', 'tune', 'team', 'july', 'host']",97,[9],"[['pm', 'hall', 'office', 'town', 'passport', 'july', 'tune', 'help', 'constituent', 'join']]",[0.973],[0.625],[0.919],0.625,0.919,continued,,,,,
96,5.0,"['tariff', 'price', 'donald', 'trump', 'inflation', 'cost', 'trade', 'president', 'economy', 'promise']",97,[8],"[['tariff', 'price', 'inflation', 'donald', 'trump', 'cost', 'trade', 'economy', 'grocery', 'june']]",[0.995],[0.862],[1.016],0.862,1.016,continued,,,,,
96,6.0,"['defense', 'authorization', 'national', 'fy', 'act', 'military', 'hascrepublican', 'committee', 'servicemember', 'america']",97,[2],"[['defense', 'national', 'authorization', 'military', 'fy', 'act', 'appropriation', 'troop', 'security', 'force']]",[0.993],[0.934],[0.6],0.934,0.6,continued,,,,,
96,7.0,"['education', 'school', 'student', 'funding', 'department', 'administration', 'donald', 'trump', 'teacher', 'court']",97,[7],"[['education', 'school', 'student', 'department', 'teacher', 'funding', 'kid', 'administration', 'donald', 'trump']]",[0.996],[0.918],[0.896],0.918,0.896,continued,,,,,
96,8.0,"['epstein', 'file', 'release', 'vote', 'transparency', 'republicans', 'deserve', 'house', 'donald', 'block']",97,[4],"[['epstein', 'file', 'release', 'donald', 'vote', 'trump', 'republicans', 'transparency', 'jeffrey', 'block']]",[0.998],[0.869],[0.691],0.869,0.691,continued,,,,,
96,9.0,"['public', 'npr', 'broadcasting', 'pbs', 'rural', 'alert', 'emergency', 'cut', 'station', 'radio']",97,[],[],[],[],[],0.0,0.0,disappeared,,,,,
96,10.0,"['rescission', 'package', 'senate', 'pass', 'spending', 'cut', 'billion', 'vote', 'republicans', 'waste']",97,[],[],[],[],[],0.0,0.0,disappeared,,,,,
96,11.0,"['secduffy', 'water', 'transportation', 'airport', 'traffic', 'project', 'infrastructure', 'air', 'safety', 'rail']",97,[18],"[['transportation', 'airport', 'secduffy', 'rail', 'safety', 'duffy', 'infrastructure', 'traffic', 'air', 'speed']]",[0.949],[0.558],[1.078],0.558,1.078,continued,,,,,
96,12.0,"['president', 'attempt', 'assassination', 'god', 'butler', 'ago', 'year', 'donald', 'one', 'trump']",97,[],[],[],[],[],0.0,0.0,disappeared,,,,,
96,13.0,"['west', 'bank', 'israeli', 'musallet', 'sayfollah', 'must', 'violence', 'kill', 'settler', 'israel']",97,[11],"[['west', 'bank', 'musallet', 'israeli', 'sayfollah', 'kill', 'violence', 'israel', 'must', 'settler']]",[0.982],[0.799],[0.979],0.799,0.979,continued,,,,,
96,14.0,"['farmer', 'farm', 'agriculture', 'producer', 'agricultural', 'corn', 'discuss', 'ag', 'iowa', 'ffa']",97,[14],"[['farmer', 'farm', 'agriculture', 'corn', 'discuss', 'producer', 'agricultural', 'ag', 'iowa', 'soybean']]",[0.996],[0.911],[1.036],0.911,1.036,continued,,,,,
96,15.0,"['fentanyl', 'halt', 'law', 'drug', 'sign', 'act', 'deadly', 'crisis', 'substance', 'enforcement']",97,[15],"[['fentanyl', 'halt', 'law', 'drug', 'sign', 'act', 'deadly', 'crisis', 'enforcement', 'substance']]",[0.998],[0.906],[0.859],0.906,0.859,continued,,,,,
96,16.0,"['joe', 'biden', 'bove', 'autopen', 'emil', 'nomination', 'pardon', 'nominee', 'fifth', 'judicial']",97,"[16, 24]","[['biden', 'joe', 'autopen', 'fifth', 'pardon', 'intelligence', 'plead', 'obama', 'president', 'hoax'], ['bove', 'emil', 'nominee', 'nomination', 'judge', 'judicial', 'court', 'judiciary', 'donald', 'trump']]","[0.92, 0.913]","[0.525, 0.434]","[0.492, 0.815]",0.959,1.308,unclear,,,,,
96,17.0,"['vladimir', 'ukraine', 'putin', 'russia', 'war', 'sanction', 'nato', 'weapon', 'peace', 'ukrainian']",97,[13],"[['vladimir', 'ukraine', 'putin', 'russia', 'war', 'nato', 'weapon', 'russian', 'sanction', 'invade']]",[0.992],[0.919],[0.723],0.919,0.723,continued,,,,,
96,18.0,"['birthday', 'cancer', 'game', 'breast', 'cwsoftballgame', 'happy', 'honor', 'softball', 'beatthepress', 'tonight']",97,[23],"[['cancer', 'game', 'cwsoftballgame', 'breast', 'softball', 'play', 'beatthepress', 'tonight', 'baseball', 'beat']]",[0.937],[0.574],[0.866],0.574,0.866,continued,,,,,
96,19.0,"['energy', 'pennsylvania', 'ai', 'innovation', 'summit', 'pa', 'lead', 'power', 'investment', 'america']",97,[10],"[['energy', 'pennsylvania', 'ai', 'clean', 'summit', 'innovation', 'pa', 'job', 'power', 'dominance']]",[0.968],[0.851],[0.541],0.851,0.541,continued,,,,,
96,20.0,"['park', 'great', 'recreation', 'celebrate', 'community', 'county', 'national', 'day', 'event', 'chamber']",97,[27],"[['celebrate', 'happy', 'day', 'great', 'celebration', 'community', 'festival', 'pride', 'birthday', 'weekend']]",[0.929],[0.742],[1.2],0.742,1.2,continued,,,,,
96,21.0,"['john', 'lewis', 'goodtrouble', 'five', 'legacy', 'trouble', 'honor', 'right', 'fight', 'year']",97,[19],"[['john', 'lewis', 'five', 'trouble', 'legacy', 'goodtrouble', 'right', 'honor', 'year', 'fight']]",[0.996],[0.899],[0.845],0.899,0.845,continued,,,,,
96,22.0,"['chinese', 'china', 'communist', 'party', 'security', 'foreign', 'farmland', 'land', 'adversary', 'influence']",97,[22],"[['chinese', 'communist', 'china', 'party', 'security', 'foreign', 'farmland', 'adversary', 'threat', 'land']]",[0.983],[0.955],[0.955],0.955,0.955,continued,,,,,
96,23.0,"['lifeline', 'crisis', 'mental', 'lgbtq', 'suicide', 'youth', 'health', 'support', 'resource', 'three']",97,[21],"[['lifeline', 'lgbtq', 'crisis', 'suicide', 'mental', 'youth', 'resource', 'health', 'hotline', 'support']]",[0.992],[0.945],[0.732],0.945,0.732,continued,,,,,
96,24.0,"['agree', 'afraid', 'hiding', 'definitely', 'dumb', 'shortsighted', 'let', 'get', 'excuse', 'something']",97,[],[],[],[],[],0.0,0.0,disappeared,,,,,
96,25.0,"['powell', 'reserve', 'jay', 'jerome', 'federal', 'resign', 'chairman', 'hamadeh', 'chair', 'fire']",97,[26],"[['powell', 'reserve', 'federal', 'jerome', 'jay', 'chairman', 'resign', 'hamadeh', 'chair', 'fire']]",[0.994],[0.961],[0.845],0.961,0.845,continued,,,,,
97,0.0,"['rescission', 'cut', 'public', 'republicans', 'package', 'npr', 'broadcasting', 'vote', 'pbs', 'billion']",98,[0],"[['public', 'cut', 'rescission', 'republicans', 'package', 'vote', 'npr', 'broadcasting', 'billion', 'pbs']]",[0.997],[0.737],[1.175],0.737,1.175,continued,,,,,
97,1.0,"['ice', 'border', 'illegal', 'immigration', 'criminal', 'immigrant', 'agent', 'law', 'alien', 'enforcement']",98,[1],"[['ice', 'illegal', 'criminal', 'immigration', 'border', 'law', 'immigrant', 'agent', 'alien', 'biden']]",[0.986],[0.758],[0.757],0.758,0.757,continued,,,,,
97,2.0,"['defense', 'national', 'authorization', 'military', 'fy', 'act', 'appropriation', 'troop', 'security', 'force']",98,[6],"[['defense', 'military', 'national', 'appropriation', 'fy', 'drone', 'act', 'troop', 'bill', 'authorization']]",[0.984],[0.773],[1.274],0.773,1.274,continued,,,,,
97,3.0,"['digital', 'crypto', 'act', 'genius', 'cbdc', 'clarity', 'asset', 'financial', 'innovation', 'surveillance']",98,[5],"[['digital', 'crypto', 'act', 'genius', 'asset', 'clarity', 'cbdc', 'financial', 'innovation', 'surveillance']]",[0.997],[0.831],[1.077],0.831,1.077,continued,,,,,
97,4.0,"['epstein', 'file', 'release', 'donald', 'vote', 'trump', 'republicans', 'transparency', 'jeffrey', 'block']",98,[3],"[['epstein', 'file', 'release', 'johnson', 'mike', 'donald', 'trump', 'vote', 'republicans', 'house']]",[0.988],[0.883],[0.658],0.883,0.658,continued,,,,,
97,5.0,"['flood', 'texas', 'weather', 'disaster', 'emergency', 'management', 'life', 'agency', 'community', 'federal']",98,[4],"[['energy', 'water', 'emergency', 'management', 'weather', 'flood', 'disaster', 'federal', 'agency', 'county']]",[0.868],[0.532],[0.413],0.532,0.413,unclear,,,,,
97,6.0,"['medicaid', 'health', 'care', 'cut', 'hospital', 'republicans', 'million', 'big', 'tax', 'ugly']",98,[2],"[['health', 'care', 'medicaid', 'cut', 'tax', 'republicans', 'hospital', 'big', 'million', 'americans']]",[0.992],[0.958],[0.632],0.958,0.632,continued,,,,,
97,7.0,"['education', 'school', 'student', 'department', 'teacher', 'funding', 'kid', 'administration', 'donald', 'trump']",98,[10],"[['education', 'school', 'student', 'fund', 'teacher', 'funding', 'release', 'belmont', 'dei', 'program']]",[0.973],[0.867],[1.412],0.867,1.412,continued,,,,,
97,8.0,"['tariff', 'price', 'inflation', 'donald', 'trump', 'cost', 'trade', 'economy', 'grocery', 'june']",98,[11],"[['tariff', 'price', 'trump', 'donald', 'cost', 'inflation', 'trade', 'family', 'policy', 'reckless']]",[0.983],[0.869],[1.411],0.869,1.411,continued,,,,,
97,9.0,"['pm', 'hall', 'office', 'town', 'passport', 'july', 'tune', 'help', 'constituent', 'join']",98,[17],"[['hall', 'town', 'pm', 'telephone', 'july', 'join', 'question', 'live', 'rsvp', 'hear']]",[0.922],[0.348],[0.75],0.348,0.75,disappeared,,,,,
97,10.0,"['energy', 'pennsylvania', 'ai', 'clean', 'summit', 'innovation', 'pa', 'job', 'power', 'dominance']",98,[],[],[],[],[],0.0,0.0,disappeared,,,,,
97,11.0,"['west', 'bank', 'musallet', 'israeli', 'sayfollah', 'kill', 'violence', 'israel', 'must', 'settler']",98,[13],"[['gaza', 'israel', 'syria', 'must', 'aid', 'kill', 'israeli', 'humanitarian', 'violence', 'palestinians']]",[0.951],[0.808],[0.855],0.808,0.855,continued,,,,,
97,12.0,"['thank', 'dumb', 'let', 'sponsor', 'get', 'agree', 'co', 'liar', 'do', 'hiding']",98,[],[],[],[],[],0.0,0.0,disappeared,,,,,
97,13.0,"['vladimir', 'ukraine', 'putin', 'russia', 'war', 'nato', 'weapon', 'russian', 'sanction', 'invade']",98,[20],"[['vladimir', 'putin', 'ukraine', 'russia', 'war', 'russian', 'sanction', 'invade', 'ukrainian', 'peace']]",[0.983],[0.901],[1.53],0.901,1.53,continued,,,,,
97,14.0,"['farmer', 'farm', 'agriculture', 'corn', 'discuss', 'producer', 'agricultural', 'ag', 'iowa', 'soybean']",98,[12],"[['farmer', 'farm', 'agriculture', 'producer', 'iowa', 'ag', 'soybean', 'corn', 'discuss', 'crop']]",[0.985],[0.935],[0.922],0.935,0.922,continued,,,,,
97,15.0,"['fentanyl', 'halt', 'law', 'drug', 'sign', 'act', 'deadly', 'crisis', 'enforcement', 'substance']",98,[15],"[['fentanyl', 'halt', 'drug', 'law', 'sign', 'act', 'enforcement', 'crisis', 'deadly', 'save']]",[0.987],[0.985],[1.231],0.985,1.231,continued,,,,,
97,16.0,"['biden', 'joe', 'autopen', 'fifth', 'pardon', 'intelligence', 'plead', 'obama', 'president', 'hoax']",98,[9],"[['russia', 'hoax', 'obama', 'intelligence', 'donald', 'lie', 'president', 'collusion', 'investigation', 'trump']]",[0.894],[0.592],[0.376],0.592,0.376,disappeared,,,,,
97,17.0,"['tax', 'beautiful', 'big', 'bill', 'one', 'tip', 'overtime', 'senior', 'taxis', 'cut']",98,[14],"[['tax', 'beautiful', 'big', 'bill', 'one', 'senior', 'tip', 'overtime', 'taxis', 'deliver']]",[0.988],[0.926],[0.896],0.926,0.896,continued,,,,,
97,18.0,"['transportation', 'airport', 'secduffy', 'rail', 'safety', 'duffy', 'infrastructure', 'traffic', 'air', 'speed']",98,[],[],[],[],[],0.0,0.0,disappeared,,,,,
97,19.0,"['john', 'lewis', 'five', 'trouble', 'legacy', 'goodtrouble', 'right', 'honor', 'year', 'fight']",98,[16],"[['john', 'lewis', 'trouble', 'right', 'legacy', 'five', 'goodtrouble', 'friend', 'fight', 'congressman']]",[0.981],[0.952],[0.792],0.952,0.792,continued,,,,,
97,20.0,"['worker', 'federal', 'job', 'bargaining', 'union', 'employee', 'right', 'labor', 'collective', 'donald']",98,[],[],[],[],[],0.0,0.0,disappeared,,,,,
97,21.0,"['lifeline', 'lgbtq', 'crisis', 'suicide', 'mental', 'youth', 'resource', 'health', 'hotline', 'support']",98,[],[],[],[],[],0.0,0.0,disappeared,,,,,
97,22.0,"['chinese', 'communist', 'china', 'party', 'security', 'foreign', 'farmland', 'adversary', 'threat', 'land']",98,[22],"[['chinese', 'communist', 'china', 'party', 'security', 'taiwan', 'national', 'use', 'military', 'adversary']]",[0.973],[0.91],[0.91],0.91,0.91,continued,,,,,
97,23.0,"['cancer', 'game', 'cwsoftballgame', 'breast', 'softball', 'play', 'beatthepress', 'tonight', 'baseball', 'beat']",98,[],[],[],[],[],0.0,0.0,disappeared,,,,,
97,24.0,"['bove', 'emil', 'nominee', 'nomination', 'judge', 'judicial', 'court', 'judiciary', 'donald', 'trump']",98,[19],"[['bove', 'court', 'judge', 'emil', 'nominee', 'committee', 'donald', 'judiciary', 'rule', 'trump']]",[0.964],[0.708],[0.548],0.708,0.548,continued,,,,,
97,25.0,"['water', 'clean', 'microplastic', 'dam', 'wetland', 'community', 'lake', 'conservation', 'marine', 'environmental']",98,[],[],[],[],[],0.0,0.0,disappeared,,,,,
97,26.0,"['powell', 'reserve', 'federal', 'jerome', 'jay', 'chairman', 'resign', 'hamadeh', 'chair', 'fire']",98,[],[],[],[],[],0.0,0.0,disappeared,,,,,
97,27.0,"['celebrate', 'happy', 'day', 'great', 'celebration', 'community', 'festival', 'pride', 'birthday', 'weekend']",98,[],[],[],[],[],0.0,0.0,disappeared,,,,,
97,28.0,"['housing', 'home', 'affordable', 'program', 'need', 'affordability', 'crisis', 'urban', 'supply', 'homelessness']",98,[23],"[['housing', 'home', 'cost', 'family', 'rent', 'affordable', 'voucher', 'crisis', 'affordability', 'program']]",[0.979],[0.98],[0.758],0.98,0.758,continued,,,,,
98,0.0,"['public', 'cut', 'rescission', 'republicans', 'package', 'vote', 'npr', 'broadcasting', 'billion', 'pbs']",99,[16],"[['rescission', 'package', 'waste', 'taxpayer', 'fraud', 'abuse', 'dollar', 'spending', 'sign', 'billion']]",[0.926],[0.61],[4.383],0.61,4.383,continued,,,,,
98,1.0,"['ice', 'illegal', 'criminal', 'immigration', 'border', 'law', 'immigrant', 'agent', 'alien', 'biden']",99,[3],"[['ice', 'illegal', 'criminal', 'alien', 'immigration', 'law', 'immigrant', 'sanctuary', 'biden', 'joe']]",[0.99],[0.792],[1.325],0.792,1.325,continued,,,,,
98,2.0,"['health', 'care', 'medicaid', 'cut', 'tax', 'republicans', 'hospital', 'big', 'million', 'americans']",99,[0],"[['health', 'care', 'medicaid', 'republicans', 'cut', 'tax', 'big', 'bill', 'ugly', 'americans']]",[0.993],[0.868],[0.665],0.868,0.665,continued,,,,,
98,3.0,"['epstein', 'file', 'release', 'johnson', 'mike', 'donald', 'trump', 'vote', 'republicans', 'house']",99,[2],"[['epstein', 'file', 'release', 'johnson', 'mike', 'donald', 'vote', 'trump', 'republicans', 'house']]",[0.997],[0.872],[0.795],0.872,0.795,continued,,,,,
98,4.0,"['energy', 'water', 'emergency', 'management', 'weather', 'flood', 'disaster', 'federal', 'agency', 'county']",99,"[14, 15]","[['water', 'climate', 'clean', 'environmental', 'project', 'protection', 'lake', 'change', 'drinking', 'environment'], ['emergency', 'management', 'disaster', 'agency', 'federal', 'flood', 'texas', 'storm', 'declaration', 'recovery']]","[0.936, 0.889]","[0.302, 0.304]","[1.161, 1.225]",0.606,2.386,unclear,,,,,
98,5.0,"['digital', 'crypto', 'act', 'genius', 'asset', 'clarity', 'cbdc', 'financial', 'innovation', 'surveillance']",99,[8],"[['business', 'small', 'beautiful', 'bill', 'tax', 'big', 'one', 'tip', 'deliver', 'family']]",[0.738],[0.33],[0.544],0.33,0.544,disappeared,,,,,
98,6.0,"['defense', 'military', 'national', 'appropriation', 'fy', 'drone', 'act', 'troop', 'bill', 'authorization']",99,[20],"[['defense', 'military', 'national', 'authorization', 'fy', 'troop', 'appropriation', 'act', 'pass', 'servicemember']]",[0.979],[0.722],[2.91],0.722,2.91,continued,,,,,
98,7.0,"['great', 'student', 'community', 'school', 'young', 'intern', 'summer', 'team', 'proud', 'honor']",99,[1],"[['veteran', 'honor', 'community', 'service', 'great', 'va', 'serve', 'office', 'nation', 'thank']]",[0.929],[0.685],[0.314],0.685,0.314,disappeared,,,,,
98,8.0,"['tune', 'thank', 'read', 'watch', 'youtu', 'si', 'news', 'join', 'repbrianfitz', 'think']",99,[],[],[],[],[],0.0,0.0,disappeared,,,,,
98,9.0,"['russia', 'hoax', 'obama', 'intelligence', 'donald', 'lie', 'president', 'collusion', 'investigation', 'trump']",99,[4],"[['russia', 'vladimir', 'hoax', 'obama', 'putin', 'intelligence', 'president', 'collusion', 'donald', 'lie']]",[0.981],[0.878],[0.717],0.878,0.717,continued,,,,,
98,10.0,"['education', 'school', 'student', 'fund', 'teacher', 'funding', 'release', 'belmont', 'dei', 'program']",99,[5],"[['school', 'education', 'fund', 'student', 'funding', 'release', 'teacher', 'trump', 'donald', 'administration']]",[0.964],[0.745],[0.579],0.745,0.579,continued,,,,,
98,11.0,"['tariff', 'price', 'trump', 'donald', 'cost', 'inflation', 'trade', 'family', 'policy', 'reckless']",99,[7],"[['tariff', 'trade', 'price', 'trump', 'donald', 'japan', 'deal', 'president', 'cost', 'american']]",[0.973],[0.874],[0.714],0.874,0.714,continued,,,,,
98,12.0,"['farmer', 'farm', 'agriculture', 'producer', 'iowa', 'ag', 'soybean', 'corn', 'discuss', 'crop']",99,[11],"[['farmer', 'usda', 'farm', 'agriculture', 'rural', 'agricultural', 'food', 'crop', 'feed', 'support']]",[0.982],[0.858],[1.08],0.858,1.08,continued,,,,,
98,13.0,"['gaza', 'israel', 'syria', 'must', 'aid', 'kill', 'israeli', 'humanitarian', 'violence', 'palestinians']",99,[6],"[['gaza', 'aid', 'israel', 'humanitarian', 'hamas', 'must', 'starve', 'hostage', 'food', 'benjamin']]",[0.963],[0.833],[0.608],0.833,0.608,continued,,,,,
98,14.0,"['tax', 'beautiful', 'big', 'bill', 'one', 'senior', 'tip', 'overtime', 'taxis', 'deliver']",99,[8],"[['business', 'small', 'beautiful', 'bill', 'tax', 'big', 'one', 'tip', 'deliver', 'family']]",[0.962],[0.784],[0.544],0.784,0.544,continued,,,,,
98,15.0,"['fentanyl', 'halt', 'drug', 'law', 'sign', 'act', 'enforcement', 'crisis', 'deadly', 'save']",99,[27],"[['fentanyl', 'drug', 'halt', 'enforcement', 'law', 'cartel', 'trafficking', 'act', 'cole', 'deadly']]",[0.96],[0.963],[1.825],0.963,1.825,continued,,,,,
98,16.0,"['john', 'lewis', 'trouble', 'right', 'legacy', 'five', 'goodtrouble', 'friend', 'fight', 'congressman']",99,[],[],[],[],[],0.0,0.0,disappeared,,,,,
98,17.0,"['hall', 'town', 'pm', 'telephone', 'july', 'join', 'question', 'live', 'rsvp', 'hear']",99,[12],"[['hall', 'town', 'telephone', 'pm', 'join', 'newsletter', 'july', 'hear', 'question', 'tonight']]",[0.989],[0.837],[0.74],0.837,0.74,continued,,,,,
98,18.0,"['office', 'passport', 'help', 'agency', 'hour', 'federal', 'team', 'mobile', 'july', 'social']",99,[18],"[['office', 'hour', 'passport', 'help', 'agency', 'federal', 'team', 'mobile', 'pm', 'social']]",[0.992],[0.93],[1.081],0.93,1.081,continued,,,,,
98,19.0,"['bove', 'court', 'judge', 'emil', 'nominee', 'committee', 'donald', 'judiciary', 'rule', 'trump']",99,[13],"[['nominee', 'bove', 'court', 'judge', 'emil', 'president', 'donald', 'trump', 'law', 'attorney']]",[0.981],[0.905],[0.809],0.905,0.809,continued,,,,,
98,20.0,"['vladimir', 'putin', 'ukraine', 'russia', 'war', 'russian', 'sanction', 'invade', 'ukrainian', 'peace']",99,[],[],[],[],[],0.0,0.0,disappeared,,,,,
98,21.0,"['veteran', 'va', 'veterans', 'deserve', 'care', 'service', 'earn', 'vet', 'act', 'bill']",99,[20],"[['defense', 'military', 'national', 'authorization', 'fy', 'troop', 'appropriation', 'act', 'pass', 'servicemember']]",[0.753],[0.313],[0.388],0.313,0.388,disappeared,,,,,
98,22.0,"['chinese', 'communist', 'china', 'party', 'security', 'taiwan', 'national', 'use', 'military', 'adversary']",99,[10],"[['chinese', 'communist', 'china', 'party', 'foreign', 'threat', 'ally', 'security', 'iran', 'weapon']]",[0.912],[0.94],[0.492],0.94,0.492,unclear,,,,,
98,23.0,"['housing', 'home', 'cost', 'family', 'rent', 'affordable', 'voucher', 'crisis', 'affordability', 'program']",99,[],[],[],[],[],0.0,0.0,disappeared,,,,,
98,26.0,"['sheriff', 'explosion', 'family', 'deputy', 'training', 'responder', 'loss', 'officer', 'tragic', 'la']",99,[],[],[],[],[],0.0,0.0,disappeared,,,,,
98,27.0,"['woman', 'abortion', 'reproductive', 'gender', 'care', 'access', 'health', 'right', 'contraception', 'treatment']",99,[],[],[],[],[],0.0,0.0,disappeared,,,,,
98,,,99,,,,"[0.905, 0.9]","[0.361, 0.342]",1.805,0.703,merge,"[24, 25]","[['month', 'six', 'border', 'president', 'secure', 'deliver', 'america', 'win', 'american', 'historic'], ['white', 'celebrate', 'beautiful', 'big', 'house', 'one', 'passage', 'night', 'bill', 'potus']]",9.0,"['month', 'deliver', 'white', 'potus', 'promise', 'six', 'president', 'america', 'border', 'beautiful']","[0.939, 0.873]"
99,0.0,"['health', 'care', 'medicaid', 'republicans', 'cut', 'tax', 'big', 'bill', 'ugly', 'americans']",100,[4],"[['health', 'care', 'medicaid', 'cut', 'republicans', 'big', 'ugly', 'tax', 'bill', 'americans']]",[0.994],[0.764],[1.472],0.764,1.472,continued,,,,,
99,1.0,"['veteran', 'honor', 'community', 'service', 'great', 'va', 'serve', 'office', 'nation', 'thank']",100,[1],"[['veteran', 'community', 'great', 'honor', 'thank', 'celebrate', 'va', 'service', 'intern', 'scout']]",[0.986],[0.732],[1.25],0.732,1.25,continued,,,,,
99,2.0,"['epstein', 'file', 'release', 'johnson', 'mike', 'donald', 'vote', 'trump', 'republicans', 'house']",100,[0],"[['epstein', 'file', 'release', 'donald', 'trump', 'mike', 'johnson', 'republicans', 'vote', 'cover']]",[0.996],[0.79],[1.078],0.79,1.078,continued,,,,,
99,3.0,"['ice', 'illegal', 'criminal', 'alien', 'immigration', 'law', 'immigrant', 'sanctuary', 'biden', 'joe']",100,[2],"[['ice', 'illegal', 'alien', 'border', 'criminal', 'immigration', 'immigrant', 'law', 'detention', 'deportation']]",[0.992],[0.866],[0.936],0.866,0.936,continued,,,,,
99,4.0,"['russia', 'vladimir', 'hoax', 'obama', 'putin', 'intelligence', 'president', 'collusion', 'donald', 'lie']",100,[8],"[['russia', 'hoax', 'obama', 'intelligence', 'vladimir', 'dnigabbard', 'collusion', 'president', 'election', 'report']]",[0.986],[0.785],[1.417],0.785,1.417,continued,,,,,
99,5.0,"['school', 'education', 'fund', 'student', 'funding', 'release', 'teacher', 'trump', 'donald', 'administration']",100,[5],"[['school', 'education', 'fund', 'student', 'funding', 'release', 'trump', 'teacher', 'donald', 'administration']]",[0.992],[0.944],[0.705],0.944,0.705,continued,,,,,
99,6.0,"['gaza', 'aid', 'israel', 'humanitarian', 'hamas', 'must', 'starve', 'hostage', 'food', 'benjamin']",100,[3],"[['gaza', 'aid', 'humanitarian', 'israel', 'hamas', 'must', 'hostage', 'food', 'starvation', 'benjamin']]",[0.991],[0.905],[0.62],0.905,0.62,continued,,,,,
99,7.0,"['tariff', 'trade', 'price', 'trump', 'donald', 'japan', 'deal', 'president', 'cost', 'american']",100,"[11, 19]","[['trade', 'deal', 'eu', 'president', 'energy', 'historic', 'european', 'american', 'donald', 'tariff'], ['tariff', 'price', 'cost', 'donald', 'trump', 'business', 'family', 'taxis', 'reckless', 'raise']]","[0.88, 0.95]","[0.308, 0.508]","[0.442, 1.093]",0.816,1.535,unclear,,,,,
99,8.0,"['business', 'small', 'beautiful', 'bill', 'tax', 'big', 'one', 'tip', 'deliver', 'family']",100,[9],"[['tax', 'beautiful', 'big', 'bill', 'one', 'taxis', 'deliver', 'cut', 'family', 'business']]",[0.968],[0.778],[1.022],0.778,1.022,continued,,,,,
99,9.0,"['month', 'deliver', 'white', 'potus', 'promise', 'six', 'president', 'america', 'border', 'beautiful']",100,[26],"[['white', 'beautiful', 'celebrate', 'house', 'big', 'housegop', 'night', 'one', 'bill', 'passage']]",[0.915],[0.506],[1.569],0.506,1.569,continued,,,,,
99,10.0,"['chinese', 'communist', 'china', 'party', 'foreign', 'threat', 'ally', 'security', 'iran', 'weapon']",100,[6],"[['ai', 'china', 'chinese', 'communist', 'world', 'america', 'security', 'foreign', 'national', 'innovation']]",[0.946],[0.883],[0.538],0.883,0.538,continued,,,,,
99,11.0,"['farmer', 'usda', 'farm', 'agriculture', 'rural', 'agricultural', 'food', 'crop', 'feed', 'support']",100,[17],"[['farmer', 'usda', 'farm', 'agriculture', 'dairy', 'feed', 'nc', 'hub', 'rancher', 'secrollin']]",[0.978],[0.902],[1.135],0.902,1.135,continued,,,,,
99,13.0,"['nominee', 'bove', 'court', 'judge', 'emil', 'president', 'donald', 'trump', 'law', 'attorney']",100,[16],"[['bove', 'judge', 'emil', 'court', 'doj', 'boasberg', 'attorney', 'judicial', 'law', 'confirmation']]",[0.943],[0.649],[0.635],0.649,0.635,continued,,,,,
99,14.0,"['water', 'climate', 'clean', 'environmental', 'project', 'protection', 'lake', 'change', 'drinking', 'environment']",100,[12],"[['climate', 'environmental', 'protection', 'agency', 'change', 'pollution', 'endangerment', 'air', 'water', 'environment']]",[0.903],[0.559],[0.423],0.559,0.423,unclear,,,,,
99,15.0,"['emergency', 'management', 'disaster', 'agency', 'federal', 'flood', 'texas', 'storm', 'declaration', 'recovery']",100,[14],"[['emergency', 'management', 'agency', 'disaster', 'federal', 'flood', 'texas', 'response', 'recovery', 'declaration']]",[0.991],[0.955],[0.85],0.955,0.85,continued,,,,,
99,16.0,"['rescission', 'package', 'waste', 'taxpayer', 'fraud', 'abuse', 'dollar', 'spending', 'sign', 'billion']",100,[],[],[],[],[],0.0,0.0,disappeared,,,,,
99,17.0,"['win', 'think', 'good', 'news', 'begin', 'dumb', 'yes', 'happen', 'go', 'surprise']",100,[22],"[['win', 'potus', 'well', 'almostfriday', 'answer', 'deserve', 'another', 'think', 'massive', 'good']]",[0.953],[0.693],[0.839],0.693,0.839,continued,,,,,
99,19.0,"['energy', 'clean', 'solar', 'gas', 'american', 'unleash', 'wind', 'cost', 'power', 'nuclear']",100,[13],"[['energy', 'housing', 'cost', 'bill', 'home', 'clean', 'american', 'gas', 'build', 'affordable']]",[0.95],[0.918],[0.549],0.918,0.549,continued,,,,,
99,20.0,"['defense', 'military', 'national', 'authorization', 'fy', 'troop', 'appropriation', 'act', 'pass', 'servicemember']",100,[],[],[],[],[],0.0,0.0,disappeared,,,,,
99,21.0,"['texas', 'redistricting', 'map', 'abbott', 'voter', 'rig', 'congressional', 'power', 'trump', 'donald']",100,[15],"[['texas', 'redistricting', 'map', 'voter', 'election', 'voting', 'rig', 'district', 'abbott', 'congressional']]",[0.98],[0.908],[0.59],0.908,0.59,continued,,,,,
99,22.0,"['tune', 'live', 'si', 'et', 'youtu', 'watch', 'join', 'full', 'youtube', 'with']",100,[],[],[],[],[],0.0,0.0,disappeared,,,,,
99,23.0,"['zip', 'code', 'postal', 'usps', 'service', 'mail', 'unique', 'post', 'house', 'deliver']",100,[24],"[['postal', 'usps', 'service', 'zip', 'code', 'mail', 'usp', 'th', 'post', 'deliver']]",[0.962],[0.828],[0.981],0.828,0.981,continued,,,,,
99,24.0,"['disability', 'ada', 'americans', 'anniversary', 'act', 'today', 'right', 'accessible', 'landmark', 'mark']",100,[20],"[['disability', 'ada', 'americans', 'act', 'right', 'anniversary', 'today', 'accessible', 'year', 'landmark']]",[0.993],[0.968],[0.772],0.968,0.772,continued,,,,,
99,25.0,"['ai', 'innovation', 'race', 'plan', 'action', 'lead', 'tech', 'order', 'artificial', 'development']",100,[],[],[],[],[],0.0,0.0,disappeared,,,,,
99,26.0,"['sport', 'woman', 'athlete', 'olympic', 'college', 'man', 'compete', 'biological', 'committee', 'athletic']",100,[25],"[['sport', 'woman', 'athlete', 'olympic', 'college', 'man', 'compete', 'biological', 'committee', 'ban']]",[0.995],[0.912],[1.02],0.912,1.02,continued,,,,,
99,27.0,"['fentanyl', 'drug', 'halt', 'enforcement', 'law', 'cartel', 'trafficking', 'act', 'cole', 'deadly']",100,[],[],[],[],[],0.0,0.0,disappeared,,,,,
99,,,100,,,,"[0.827, 0.905]","[0.647, 0.504]",1.732,1.15,merge,"[12, 18]","[['hall', 'town', 'telephone', 'pm', 'join', 'newsletter', 'july', 'hear', 'question', 'tonight'], ['office', 'hour', 'passport', 'help', 'agency', 'federal', 'team', 'mobile', 'pm', 'social']]",10.0,"['hall', 'town', 'office', 'pm', 'help', 'team', 'passport', 'agency', 'july', 'hour']","[0.927, 0.895]"
100,0.0,"['epstein', 'file', 'release', 'donald', 'trump', 'mike', 'johnson', 'republicans', 'vote', 'cover']",101,[11],"[['epstein', 'file', 'release', 'donald', 'trump', 'maxwell', 'ghislaine', 'cover', 'pardon', 'jeffrey']]",[0.985],[0.835],[1.894],0.835,1.894,continued,,,,,
100,1.0,"['veteran', 'community', 'great', 'honor', 'thank', 'celebrate', 'va', 'service', 'intern', 'scout']",101,[],[],[],[],[],0.0,0.0,disappeared,,,,,
100,2.0,"['ice', 'illegal', 'alien', 'border', 'criminal', 'immigration', 'immigrant', 'law', 'detention', 'deportation']",101,[3],"[['ice', 'illegal', 'alien', 'border', 'criminal', 'law', 'immigrant', 'deport', 'immigration', 'oversight']]",[0.992],[0.872],[0.885],0.872,0.885,continued,,,,,
100,3.0,"['gaza', 'aid', 'humanitarian', 'israel', 'hamas', 'must', 'hostage', 'food', 'starvation', 'benjamin']",101,[2],"[['gaza', 'humanitarian', 'israel', 'aid', 'hamas', 'must', 'hostage', 'benjamin', 'starvation', 'netanyahu']]",[0.996],[0.938],[0.809],0.938,0.809,continued,,,,,
100,4.0,"['health', 'care', 'medicaid', 'cut', 'republicans', 'big', 'ugly', 'tax', 'bill', 'americans']",101,[1],"[['medicaid', 'care', 'health', 'medicare', 'cut', 'republicans', 'million', 'americans', 'program', 'big']]",[0.967],[0.771],[0.355],0.771,0.355,disappeared,,,,,
100,5.0,"['school', 'education', 'fund', 'student', 'funding', 'release', 'trump', 'teacher', 'donald', 'administration']",101,[8],"[['school', 'education', 'student', 'fund', 'administration', 'teacher', 'release', 'university', 'funding', 'withhold']]",[0.985],[0.845],[1.335],0.845,1.335,continued,,,,,
100,6.0,"['ai', 'china', 'chinese', 'communist', 'world', 'america', 'security', 'foreign', 'national', 'innovation']",101,[22],"[['china', 'communist', 'chinese', 'beijing', 'lai', 'taiwan', 'party', 'kong', 'hong', 'american']]",[0.905],[0.495],[1.552],0.495,1.552,unclear,,,,,
100,7.0,"['officer', 'violence', 'gun', 'pray', 'victim', 'nypd', 'shoot', 'family', 'prayer', 'life']",101,[5],"[['officer', 'violence', 'victim', 'gun', 'nypd', 'pray', 'enforcement', 'police', 'shoot', 'city']]",[0.986],[0.917],[0.779],0.917,0.779,continued,,,,,
100,8.0,"['russia', 'hoax', 'obama', 'intelligence', 'vladimir', 'dnigabbard', 'collusion', 'president', 'election', 'report']",101,[14],"[['russia', 'hoax', 'clinton', 'medium', 'declassify', 'obama', 'collusion', 'hillary', 'investigation', 'durham']]",[0.978],[0.899],[1.389],0.899,1.389,continued,,,,,
100,9.0,"['tax', 'beautiful', 'big', 'bill', 'one', 'taxis', 'deliver', 'cut', 'family', 'business']",101,[7],"[['tax', 'beautiful', 'big', 'bill', 'one', 'taxis', 'overtime', 'tip', 'family', 'relief']]",[0.987],[0.883],[0.688],0.883,0.688,continued,,,,,
100,10.0,"['hall', 'town', 'office', 'pm', 'help', 'team', 'passport', 'agency', 'july', 'hour']",101,"[12, 15]","[['town', 'hall', 'pm', 'join', 'newsletter', 'update', 'question', 'host', 'subscribe', 'hear'], ['help', 'office', 'team', 'va', 'federal', 'agency', 'passport', 'need', 'veteran', 'casework']]","[0.894, 0.899]","[0.504, 0.459]","[0.489, 0.735]",0.962,1.224,unclear,,,,,
100,11.0,"['trade', 'deal', 'eu', 'president', 'energy', 'historic', 'european', 'american', 'donald', 'tariff']",101,[10],"[['deal', 'trade', 'eu', 'president', 'american', 'energy', 'historic', 'donald', 'trump', 'european']]",[0.995],[0.915],[0.776],0.915,0.776,continued,,,,,
100,12.0,"['climate', 'environmental', 'protection', 'agency', 'change', 'pollution', 'endangerment', 'air', 'water', 'environment']",101,[6],"[['climate', 'environmental', 'protection', 'energy', 'agency', 'endangerment', 'change', 'gas', 'pollution', 'trump']]",[0.953],[0.878],[0.514],0.878,0.514,continued,,,,,
100,13.0,"['energy', 'housing', 'cost', 'bill', 'home', 'clean', 'american', 'gas', 'build', 'affordable']",101,[],[],[],[],[],0.0,0.0,disappeared,,,,,
100,14.0,"['emergency', 'management', 'agency', 'disaster', 'federal', 'flood', 'texas', 'response', 'recovery', 'declaration']",101,[],[],[],[],[],0.0,0.0,disappeared,,,,,
100,15.0,"['texas', 'redistricting', 'map', 'voter', 'election', 'voting', 'rig', 'district', 'abbott', 'congressional']",101,[13],"[['texas', 'map', 'redistricting', 'voter', 'election', 'house', 'congressional', 'district', 'vote', 'rig']]",[0.982],[0.87],[0.68],0.87,0.68,continued,,,,,
100,16.0,"['bove', 'judge', 'emil', 'court', 'doj', 'boasberg', 'attorney', 'judicial', 'law', 'confirmation']",101,[20],"[['bove', 'emil', 'judge', 'court', 'confirm', 'whistleblower', 'senate', 'circuit', 'republicans', 'bench']]",[0.955],[0.875],[1.235],0.875,1.235,continued,,,,,
100,17.0,"['farmer', 'usda', 'farm', 'agriculture', 'dairy', 'feed', 'nc', 'hub', 'rancher', 'secrollin']",101,[],[],[],[],[],0.0,0.0,disappeared,,,,,
100,18.0,"['project', 'community', 'funding', 'federal', 'help', 'support', 'grant', 'million', 'park', 'proud']",101,[],[],[],[],[],0.0,0.0,disappeared,,,,,
100,19.0,"['tariff', 'price', 'cost', 'donald', 'trump', 'business', 'family', 'taxis', 'reckless', 'raise']",101,[],[],[],[],[],0.0,0.0,disappeared,,,,,
100,20.0,"['disability', 'ada', 'americans', 'act', 'right', 'anniversary', 'today', 'accessible', 'year', 'landmark']",101,[24],"[['disability', 'ada', 'americans', 'act', 'right', 'today', 'anniversary', 'landmark', 'year', 'accessible']]",[0.992],[0.848],[1.098],0.848,1.098,continued,,,,,
100,21.0,"['nominee', 'confirm', 'president', 'democrats', 'recess', 'get', 'senate', 'obstruction', 'trump', 'senategop']",101,[16],"[['nominee', 'confirm', 'senate', 'president', 'obstruction', 'democrats', 'get', 'potus', 'confirmation', 'trump']]",[0.972],[0.833],[0.8],0.833,0.8,continued,,,,,
100,22.0,"['win', 'potus', 'well', 'almostfriday', 'answer', 'deserve', 'another', 'think', 'massive', 'good']",101,[25],"[['win', 'tired', 'potus', 'another', 'wrong', 'yet', 'say', 'let', 'keep', 'spot']]",[0.946],[0.613],[0.704],0.613,0.704,continued,,,,,
100,23.0,"['parenthood', 'plan', 'care', 'reproductive', 'health', 'access', 'defund', 'woman', 'screening', 'abortion']",101,[17],"[['parenthood', 'plan', 'care', 'reproductive', 'abortion', 'screening', 'health', 'defund', 'access', 'judge']]",[0.991],[0.967],[0.819],0.967,0.819,continued,,,,,
100,24.0,"['postal', 'usps', 'service', 'zip', 'code', 'mail', 'usp', 'th', 'post', 'deliver']",101,[],[],[],[],[],0.0,0.0,disappeared,,,,,
100,25.0,"['sport', 'woman', 'athlete', 'olympic', 'college', 'man', 'compete', 'biological', 'committee', 'ban']",101,[],[],[],[],[],0.0,0.0,disappeared,,,,,
100,26.0,"['white', 'beautiful', 'celebrate', 'house', 'big', 'housegop', 'night', 'one', 'bill', 'passage']",101,[],[],[],[],[],0.0,0.0,disappeared,,,,,
101,0.0,"['community', 'honor', 'great', 'local', 'county', 'work', 'new', 'thank', 'celebrate', 'support']",102,[1],"[['community', 'great', 'honor', 'county', 'business', 'local', 'support', 'family', 'farmer', 'thank']]",[0.979],[0.522],[0.772],0.522,0.772,continued,,,,,
101,1.0,"['medicaid', 'care', 'health', 'medicare', 'cut', 'republicans', 'million', 'americans', 'program', 'big']",102,[2],"[['medicaid', 'care', 'health', 'medicare', 'cut', 'million', 'republicans', 'americans', 'program', 'big']]",[0.999],[0.862],[0.96],0.862,0.96,continued,,,,,
101,2.0,"['gaza', 'humanitarian', 'israel', 'aid', 'hamas', 'must', 'hostage', 'benjamin', 'starvation', 'netanyahu']",102,[3],"[['gaza', 'hamas', 'israel', 'humanitarian', 'aid', 'hostage', 'must', 'benjamin', 'war', 'end']]",[0.996],[0.916],[1.054],0.916,1.054,continued,,,,,
101,3.0,"['ice', 'illegal', 'alien', 'border', 'criminal', 'law', 'immigrant', 'deport', 'immigration', 'oversight']",102,[4],"[['ice', 'illegal', 'border', 'alien', 'law', 'criminal', 'immigration', 'deport', 'immigrant', 'trump']]",[0.995],[0.899],[0.929],0.899,0.929,continued,,,,,
101,4.0,"['tariff', 'donald', 'job', 'trump', 'price', 'economy', 'business', 'report', 'fire', 'cost']",102,[0],"[['donald', 'tariff', 'trump', 'economy', 'job', 'trade', 'president', 'american', 'business', 'price']]",[0.977],[0.899],[0.367],0.899,0.367,disappeared,,,,,
101,5.0,"['officer', 'violence', 'victim', 'gun', 'nypd', 'pray', 'enforcement', 'police', 'shoot', 'city']",102,[6],"[['officer', 'violence', 'gun', 'victim', 'nypd', 'pray', 'police', 'shooting', 'shoot', 'city']]",[0.997],[0.892],[1.016],0.892,1.016,continued,,,,,
101,6.0,"['climate', 'environmental', 'protection', 'energy', 'agency', 'endangerment', 'change', 'gas', 'pollution', 'trump']",102,[12],"[['climate', 'environmental', 'protection', 'agency', 'endangerment', 'change', 'find', 'pollution', 'air', 'gas']]",[0.967],[0.652],[1.151],0.652,1.151,continued,,,,,
101,7.0,"['tax', 'beautiful', 'big', 'bill', 'one', 'taxis', 'overtime', 'tip', 'family', 'relief']",102,[10],"[['beautiful', 'tax', 'big', 'bill', 'one', 'taxis', 'family', 'american', 'deliver', 'relief']]",[0.991],[0.847],[1.08],0.847,1.08,continued,,,,,
101,8.0,"['school', 'education', 'student', 'fund', 'administration', 'teacher', 'release', 'university', 'funding', 'withhold']",102,[16],"[['education', 'student', 'school', 'administration', 'funding', 'donald', 'withhold', 'trump', 'teacher', 'fund']]",[0.985],[0.856],[1.459],0.856,1.459,continued,,,,,
101,9.0,"['intern', 'summer', 'office', 'nationalinternday', 'day', 'internship', 'happy', 'thank', 'national', 'work']",102,[8],"[['intern', 'summer', 'office', 'nationalinternday', 'day', 'thank', 'internship', 'national', 'happy', 'service']]",[0.998],[0.941],[0.935],0.941,0.935,continued,,,,,
101,10.0,"['deal', 'trade', 'eu', 'president', 'american', 'energy', 'historic', 'donald', 'trump', 'european']",102,[],[],[],[],[],0.0,0.0,disappeared,,,,,
101,11.0,"['epstein', 'file', 'release', 'donald', 'trump', 'maxwell', 'ghislaine', 'cover', 'pardon', 'jeffrey']",102,[14],"[['epstein', 'file', 'release', 'donald', 'maxwell', 'trump', 'ghislaine', 'sex', 'cover', 'jeffrey']]",[0.995],[0.817],[1.018],0.817,1.018,continued,,,,,
101,12.0,"['town', 'hall', 'pm', 'join', 'newsletter', 'update', 'question', 'host', 'subscribe', 'hear']",102,[19],"[['hall', 'town', 'join', 'pm', 'update', 'newsletter', 'host', 'rsvp', 'subscribe', 'telephone']]",[0.969],[0.664],[1.123],0.664,1.123,continued,,,,,
101,13.0,"['texas', 'map', 'redistricting', 'voter', 'election', 'house', 'congressional', 'district', 'vote', 'rig']",102,[9],"[['texas', 'map', 'redistricting', 'congressional', 'voter', 'democrats', 'voting', 'gerrymander', 'house', 'state']]",[0.984],[0.875],[0.757],0.875,0.757,continued,,,,,
101,14.0,"['russia', 'hoax', 'clinton', 'medium', 'declassify', 'obama', 'collusion', 'hillary', 'investigation', 'durham']",102,[11],"[['hoax', 'russia', 'clinton', 'declassify', 'collusion', 'durham', 'medium', 'obama', 'hillary', 'campaign']]",[0.979],[0.933],[0.7],0.933,0.7,continued,,,,,
101,15.0,"['help', 'office', 'team', 'va', 'federal', 'agency', 'passport', 'need', 'veteran', 'casework']",102,[21],"[['office', 'va', 'help', 'veteran', 'federal', 'agency', 'need', 'team', 'service', 'mobile']]",[0.982],[0.867],[0.986],0.867,0.986,continued,,,,,
101,16.0,"['nominee', 'confirm', 'senate', 'president', 'obstruction', 'democrats', 'get', 'potus', 'confirmation', 'trump']",102,[15],"[['nominee', 'senate', 'confirm', 'president', 'obstruction', 'democrats', 'potus', 'schumer', 'donald', 'trump']]",[0.988],[0.987],[0.655],0.987,0.655,continued,,,,,
101,17.0,"['parenthood', 'plan', 'care', 'reproductive', 'abortion', 'screening', 'health', 'defund', 'access', 'judge']",102,[23],"[['parenthood', 'plan', 'abortion', 'reproductive', 'care', 'access', 'defund', 'health', 'screening', 'veteran']]",[0.982],[0.931],[1.031],0.931,1.031,continued,,,,,
101,18.0,"['social', 'security', 'privatize', 'treasury', 'bessent', 'loud', 'benefit', 'quiet', 'secretary', 'part']",102,[20],"[['social', 'security', 'privatize', 'loud', 'benefit', 'quiet', 'treasury', 'part', 'bessent', 'say']]",[0.997],[0.93],[0.846],0.93,0.846,continued,,,,,
101,19.0,"['economy', 'gdp', 'expectation', 'america', 'growth', 'grow', 'policy', 'first', 'economic', 'president']",102,[],[],[],[],[],0.0,0.0,disappeared,,,,,
101,20.0,"['bove', 'emil', 'judge', 'court', 'confirm', 'whistleblower', 'senate', 'circuit', 'republicans', 'bench']",102,[17],"[['bove', 'emil', 'judge', 'doj', 'court', 'confirm', 'whistleblower', 'misconduct', 'senate', 'bench']]",[0.985],[0.926],[0.67],0.926,0.67,continued,,,,,
101,21.0,"['housing', 'home', 'affordable', 'homeownership', 'bipartisan', 'build', 'pass', 'dream', 'act', 'bill']",102,[13],"[['housing', 'bill', 'home', 'pass', 'bipartisan', 'senate', 'appropriation', 'veteran', 'affordable', 'homeownership']]",[0.946],[0.941],[0.557],0.941,0.557,continued,,,,,
101,22.0,"['china', 'communist', 'chinese', 'beijing', 'lai', 'taiwan', 'party', 'kong', 'hong', 'american']",102,[],[],[],[],[],0.0,0.0,disappeared,,,,,
101,23.0,"['nasa', 'space', 'launch', 'crew', 'exploration', 'discovery', 'spacex', 'innovation', 'moon', 'mission']",102,[22],"[['nasa', 'space', 'launch', 'crew', 'exploration', 'spacex', 'innovation', 'discovery', 'moon', 'mission']]",[0.996],[0.937],[0.855],0.937,0.855,continued,,,,,
101,24.0,"['disability', 'ada', 'americans', 'act', 'right', 'today', 'anniversary', 'landmark', 'year', 'accessible']",102,[],[],[],[],[],0.0,0.0,disappeared,,,,,
101,25.0,"['win', 'tired', 'potus', 'another', 'wrong', 'yet', 'say', 'let', 'keep', 'spot']",102,[],[],[],[],[],0.0,0.0,disappeared,,,,,
102,0.0,"['donald', 'tariff', 'trump', 'economy', 'job', 'trade', 'president', 'american', 'business', 'price']",103,[0],"[['tariff', 'donald', 'job', 'trump', 'economy', 'fire', 'business', 'report', 'price', 'cost']]",[0.987],[0.785],[1.077],0.785,1.077,continued,,,,,
102,1.0,"['community', 'great', 'honor', 'county', 'business', 'local', 'support', 'family', 'farmer', 'thank']",103,[1],"[['night', 'community', 'great', 'national', 'local', 'enforcement', 'safe', 'celebrate', 'police', 'nationalnightout']]",[0.924],[0.384],[0.734],0.384,0.734,disappeared,,,,,
102,2.0,"['medicaid', 'care', 'health', 'medicare', 'cut', 'million', 'republicans', 'americans', 'program', 'big']",103,[4],"[['medicaid', 'cut', 'health', 'care', 'republicans', 'big', 'ugly', 'bill', 'healthcare', 'medicare']]",[0.968],[0.778],[1.939],0.778,1.939,continued,,,,,
102,3.0,"['gaza', 'hamas', 'israel', 'humanitarian', 'aid', 'hostage', 'must', 'benjamin', 'war', 'end']",103,[6],"[['hamas', 'gaza', 'israel', 'hostage', 'benjamin', 'must', 'humanitarian', 'aid', 'netanyahu', 'israeli']]",[0.982],[0.878],[1.444],0.878,1.444,continued,,,,,
102,4.0,"['ice', 'illegal', 'border', 'alien', 'law', 'criminal', 'immigration', 'deport', 'immigrant', 'trump']",103,[2],"[['ice', 'illegal', 'border', 'criminal', 'alien', 'law', 'immigrant', 'city', 'deportation', 'immigration']]",[0.988],[0.866],[0.853],0.866,0.853,continued,,,,,
102,5.0,"['emergency', 'flood', 'park', 'management', 'federal', 'community', 'local', 'water', 'pdt', 'tsunami']",103,[17],"[['emergency', 'management', 'agency', 'fire', 'federal', 'flood', 'weather', 'wildfire', 'hurricane', 'disaster']]",[0.922],[0.573],[1.624],0.573,1.624,continued,,,,,
102,6.0,"['officer', 'violence', 'gun', 'victim', 'nypd', 'pray', 'police', 'shooting', 'shoot', 'city']",103,[8],"[['stewart', 'fort', 'pray', 'soldier', 'shoot', 'victim', 'georgia', 'responder', 'family', 'prayer']]",[0.81],[0.626],[0.86],0.626,0.86,unclear,,,,,
102,7.0,"['coast', 'guard', 'birthday', 'uscg', 'happy', 'th', 'man', 'woman', 'shore', 'thank']",103,[5],"[['coast', 'guard', 'birthday', 'uscg', 'happy', 'th', 'shore', 'thank', 'man', 'protect']]",[0.999],[0.92],[0.915],0.92,0.915,continued,,,,,
102,8.0,"['intern', 'summer', 'office', 'nationalinternday', 'day', 'thank', 'internship', 'national', 'happy', 'service']",103,[21],"[['school', 'student', 'young', 'year', 'teacher', 'app', 'kid', 'summer', 'work', 'community']]",[0.738],[0.643],[1.356],0.643,1.356,unclear,,,,,
102,9.0,"['texas', 'map', 'redistricting', 'congressional', 'voter', 'democrats', 'voting', 'gerrymander', 'house', 'state']",103,[10],"[['texas', 'democrats', 'redistricting', 'map', 'democracy', 'state', 'republicans', 'stand', 'congressional', 'gerrymander']]",[0.986],[0.811],[0.909],0.811,0.909,continued,,,,,
102,10.0,"['beautiful', 'tax', 'big', 'bill', 'one', 'taxis', 'family', 'american', 'deliver', 'relief']",103,[12],"[['tax', 'beautiful', 'big', 'bill', 'one', 'taxis', 'tip', 'overtime', 'deduction', 'family']]",[0.983],[0.899],[1.117],0.899,1.117,continued,,,,,
102,11.0,"['hoax', 'russia', 'clinton', 'declassify', 'collusion', 'durham', 'medium', 'obama', 'hillary', 'campaign']",103,[19],"[['hoax', 'russia', 'accountable', 'collusion', 'hold', 'obama', 'clinton', 'russiagate', 'jury', 'truth']]",[0.967],[0.75],[1.139],0.75,1.139,continued,,,,,
102,12.0,"['climate', 'environmental', 'protection', 'agency', 'endangerment', 'change', 'find', 'pollution', 'air', 'gas']",103,[26],"[['environmental', 'protection', 'climate', 'energy', 'agency', 'water', 'gas', 'air', 'greenhouse', 'trump']]",[0.963],[0.924],[1.746],0.924,1.746,continued,,,,,
102,13.0,"['housing', 'bill', 'home', 'pass', 'bipartisan', 'senate', 'appropriation', 'veteran', 'affordable', 'homeownership']",103,[],[],[],[],[],0.0,0.0,disappeared,,,,,
102,14.0,"['epstein', 'file', 'release', 'donald', 'maxwell', 'trump', 'ghislaine', 'sex', 'cover', 'jeffrey']",103,[14],"[['epstein', 'file', 'release', 'maxwell', 'ghislaine', 'subpoena', 'donald', 'trump', 'sex', 'cover']]",[0.986],[0.868],[1.0],0.868,1.0,continued,,,,,
102,15.0,"['nominee', 'senate', 'confirm', 'president', 'obstruction', 'democrats', 'potus', 'schumer', 'donald', 'trump']",103,[24],"[['nominee', 'senate', 'confirm', 'schumer', 'president', 'democrats', 'recess', 'appointment', 'donald', 'trump']]",[0.992],[0.947],[1.574],0.947,1.574,continued,,,,,
102,16.0,"['education', 'student', 'school', 'administration', 'funding', 'donald', 'withhold', 'trump', 'teacher', 'fund']",103,[21],"[['school', 'student', 'young', 'year', 'teacher', 'app', 'kid', 'summer', 'work', 'community']]",[0.721],[0.398],[0.534],0.398,0.534,disappeared,,,,,
102,17.0,"['bove', 'emil', 'judge', 'doj', 'court', 'confirm', 'whistleblower', 'misconduct', 'senate', 'bench']",103,[24],"[['nominee', 'senate', 'confirm', 'schumer', 'president', 'democrats', 'recess', 'appointment', 'donald', 'trump']]",[0.739],[0.489],[0.676],0.489,0.676,unclear,,,,,
102,18.0,"['vladimir', 'putin', 'ukraine', 'russia', 'war', 'ukrainian', 'russian', 'sanction', 'invade', 'peace']",103,[15],"[['vladimir', 'putin', 'ukraine', 'russia', 'war', 'russian', 'sanction', 'oil', 'india', 'ukrainian']]",[0.986],[0.905],[0.844],0.905,0.844,continued,,,,,
102,19.0,"['hall', 'town', 'join', 'pm', 'update', 'newsletter', 'host', 'rsvp', 'subscribe', 'telephone']",103,[25],"[['hall', 'town', 'rsvp', 'august', 'pm', 'join', 'host', 'facebook', 'telephone', 'form']]",[0.96],[0.79],[1.0],0.79,1.0,continued,,,,,
102,20.0,"['social', 'security', 'privatize', 'loud', 'benefit', 'quiet', 'treasury', 'part', 'bessent', 'say']",103,[],[],[],[],[],0.0,0.0,disappeared,,,,,
102,21.0,"['office', 'va', 'help', 'veteran', 'federal', 'agency', 'need', 'team', 'service', 'mobile']",103,[23],"[['office', 'help', 'agency', 'federal', 'team', 'passport', 'need', 'hour', 'mobile', 'assistance']]",[0.939],[0.603],[0.638],0.603,0.638,continued,,,,,
102,22.0,"['nasa', 'space', 'launch', 'crew', 'exploration', 'spacex', 'innovation', 'discovery', 'moon', 'mission']",103,[],[],[],[],[],0.0,0.0,disappeared,,,,,
102,23.0,"['parenthood', 'plan', 'abortion', 'reproductive', 'care', 'access', 'defund', 'health', 'screening', 'veteran']",103,[20],"[['abortion', 'parenthood', 'care', 'plan', 'reproductive', 'veteran', 'va', 'health', 'access', 'ivf']]",[0.982],[0.892],[0.763],0.892,0.763,continued,,,,,
102,24.0,"['revenue', 'billion', 'doge', 'internal', 'dollar', 'taxpayer', 'waste', 'boondoggle', 'service', 'worker']",103,[],[],[],[],[],0.0,0.0,disappeared,,,,,
103,0.0,"['tariff', 'donald', 'job', 'trump', 'economy', 'fire', 'business', 'report', 'price', 'cost']",104,[1],"[['tariff', 'donald', 'trump', 'trade', 'cost', 'business', 'price', 'economy', 'president', 'apple']]",[0.959],[0.777],[1.738],0.777,1.738,continued,,,,,
103,1.0,"['night', 'community', 'great', 'national', 'local', 'enforcement', 'safe', 'celebrate', 'police', 'nationalnightout']",104,[4],"[['night', 'community', 'national', 'great', 'nationalnightout', 'enforcement', 'celebrate', 'safe', 'police', 'together']]",[0.962],[0.561],[0.772],0.561,0.772,continued,,,,,
103,2.0,"['ice', 'illegal', 'border', 'criminal', 'alien', 'law', 'immigrant', 'city', 'deportation', 'immigration']",104,[2],"[['ice', 'illegal', 'immigrant', 'trump', 'alien', 'donald', 'law', 'deportation', 'border', 'criminal']]",[0.988],[0.74],[0.948],0.74,0.948,continued,,,,,
103,3.0,"['purple', 'heart', 'sacrifice', 'honor', 'wound', 'day', 'nation', 'service', 'freedom', 'today']",104,[0],"[['purple', 'heart', 'sacrifice', 'honor', 'wound', 'day', 'freedom', 'nation', 'service', 'today']]",[0.999],[0.881],[0.822],0.881,0.822,continued,,,,,
103,4.0,"['medicaid', 'cut', 'health', 'care', 'republicans', 'big', 'ugly', 'bill', 'healthcare', 'medicare']",104,[6],"[['medicaid', 'care', 'health', 'cut', 'healthcare', 'big', 'hospital', 'bill', 'republicans', 'medicare']]",[0.982],[0.821],[1.081],0.821,1.081,continued,,,,,
103,5.0,"['coast', 'guard', 'birthday', 'uscg', 'happy', 'th', 'shore', 'thank', 'man', 'protect']",104,[5],"[['coast', 'guard', 'birthday', 'happy', 'uscg', 'th', 'shore', 'thank', 'man', 'woman']]",[0.997],[0.898],[0.859],0.898,0.859,continued,,,,,
103,6.0,"['hamas', 'gaza', 'israel', 'hostage', 'benjamin', 'must', 'humanitarian', 'aid', 'netanyahu', 'israeli']",104,[10],"[['gaza', 'hamas', 'israel', 'hostage', 'benjamin', 'humanitarian', 'netanyahu', 'must', 'aid', 'palestinians']]",[0.991],[0.828],[0.94],0.828,0.94,continued,,,,,
103,7.0,"['right', 'voting', 'act', 'vote', 'fight', 'democracy', 'year', 'ago', 'today', 'lewis']",104,[9],"[['right', 'voting', 'vote', 'act', 'democracy', 'fight', 'year', 'ago', 'today', 'sign']]",[0.999],[0.972],[0.922],0.972,0.922,continued,,,,,
103,8.0,"['stewart', 'fort', 'pray', 'soldier', 'shoot', 'victim', 'georgia', 'responder', 'family', 'prayer']",104,[7],"[['stewart', 'fort', 'pray', 'soldier', 'shoot', 'victim', 'prayer', 'georgia', 'responder', 'family']]",[0.994],[0.838],[0.712],0.838,0.712,continued,,,,,
103,9.0,"['veteran', 'va', 'worker', 'union', 'care', 'serve', 'benefit', 'deserve', 'employee', 'donald']",104,[3],"[['veteran', 'va', 'worker', 'union', 'care', 'benefit', 'donald', 'employee', 'trump', 'serve']]",[0.996],[0.934],[0.623],0.934,0.623,continued,,,,,
103,10.0,"['texas', 'democrats', 'redistricting', 'map', 'democracy', 'state', 'republicans', 'stand', 'congressional', 'gerrymander']",104,[11],"[['texas', 'democrats', 'redistricting', 'gerrymandering', 'democracy', 'map', 'gerrymander', 'state', 'republicans', 'seat']]",[0.991],[0.977],[0.896],0.977,0.896,continued,,,,,
103,11.0,"['farmer', 'farm', 'agriculture', 'rancher', 'bill', 'minnesota', 'ag', 'market', 'rural', 'beautiful']",104,[8],"[['farmer', 'farm', 'market', 'agriculture', 'producer', 'grower', 'ag', 'minnesota', 'rancher', 'corn']]",[0.983],[0.929],[0.654],0.929,0.654,continued,,,,,
103,12.0,"['tax', 'beautiful', 'big', 'bill', 'one', 'taxis', 'tip', 'overtime', 'deduction', 'family']",104,[18],"[['tax', 'beautiful', 'big', 'tip', 'taxis', 'bill', 'one', 'deduction', 'overtime', 'family']]",[0.98],[0.838],[1.011],0.838,1.011,continued,,,,,
103,13.0,"['stock', 'reserve', 'federal', 'congress', 'ban', 'bank', 'crypto', 'trading', 'financial', 'use']",104,[],[],[],[],[],0.0,0.0,disappeared,,,,,
103,14.0,"['epstein', 'file', 'release', 'maxwell', 'ghislaine', 'subpoena', 'donald', 'trump', 'sex', 'cover']",104,[19],"[['epstein', 'file', 'subpoena', 'release', 'oversight', 'clinton', 'former', 'issue', 'transparency', 'donald']]",[0.982],[0.768],[1.152],0.768,1.152,continued,,,,,
103,15.0,"['vladimir', 'putin', 'ukraine', 'russia', 'war', 'russian', 'sanction', 'oil', 'india', 'ukrainian']",104,[14],"[['vladimir', 'putin', 'ukraine', 'peace', 'russia', 'president', 'war', 'sanction', 'azerbaijan', 'donald']]",[0.941],[0.844],[0.613],0.844,0.613,continued,,,,,
103,16.0,"['china', 'chinese', 'communist', 'intel', 'security', 'ai', 'mineral', 'defense', 'national', 'chip']",104,[15],"[['china', 'chip', 'chinese', 'defense', 'communist', 'technology', 'security', 'science', 'act', 'national']]",[0.952],[0.816],[0.582],0.816,0.582,continued,,,,,
103,17.0,"['emergency', 'management', 'agency', 'fire', 'federal', 'flood', 'weather', 'wildfire', 'hurricane', 'disaster']",104,[12],"[['fire', 'wildfire', 'emergency', 'management', 'agency', 'hurricane', 'firefighter', 'disaster', 'federal', 'county']]",[0.988],[0.941],[0.584],0.941,0.584,continued,,,,,
103,18.0,"['health', 'center', 'care', 'community', 'hospital', 'rural', 'healthcare', 'quality', 'patient', 'provide']",104,[17],"[['health', 'center', 'care', 'community', 'nationalhealthcenterweek', 'healthcare', 'quality', 'clinic', 'provide', 'medical']]",[0.991],[0.963],[0.823],0.963,0.823,continued,,,,,
103,19.0,"['hoax', 'russia', 'accountable', 'collusion', 'hold', 'obama', 'clinton', 'russiagate', 'jury', 'truth']",104,[23],"[['accountable', 'truth', 'james', 'donald', 'hold', 'trump', 'hoax', 'investigation', 'obama', 'lie']]",[0.962],[0.911],[1.125],0.911,1.125,continued,,,,,
103,20.0,"['abortion', 'parenthood', 'care', 'plan', 'reproductive', 'veteran', 'va', 'health', 'access', 'ivf']",104,[27],"[['abortion', 'care', 'reproductive', 'parenthood', 'plan', 'health', 'veteran', 'access', 'va', 'donald']]",[0.991],[0.908],[1.38],0.908,1.38,continued,,,,,
103,21.0,"['school', 'student', 'young', 'year', 'teacher', 'app', 'kid', 'summer', 'work', 'community']",104,[13],"[['school', 'student', 'education', 'teacher', 'kid', 'year', 'back', 'opportunity', 'academy', 'young']]",[0.969],[0.932],[0.54],0.932,0.54,continued,,,,,
103,22.0,"['broadcasting', 'public', 'corporation', 'pbs', 'alert', 'emergency', 'station', 'npr', 'news', 'shut']",104,[],[],[],[],[],0.0,0.0,disappeared,,,,,
103,23.0,"['office', 'help', 'agency', 'federal', 'team', 'passport', 'need', 'hour', 'mobile', 'assistance']",104,[24],"[['office', 'help', 'passport', 'agency', 'federal', 'team', 'need', 'hour', 'constituent', 'assistance']]",[0.992],[0.971],[1.117],0.971,1.117,continued,,,,,
103,24.0,"['nominee', 'senate', 'confirm', 'schumer', 'president', 'democrats', 'recess', 'appointment', 'donald', 'trump']",104,[],[],[],[],[],0.0,0.0,disappeared,,,,,
103,25.0,"['hall', 'town', 'rsvp', 'august', 'pm', 'join', 'host', 'facebook', 'telephone', 'form']",104,[25],"[['hall', 'town', 'rsvp', 'join', 'host', 'august', 'facebook', 'come', 'docs', 'google']]",[0.987],[0.906],[0.967],0.906,0.967,continued,,,,,
103,26.0,"['environmental', 'protection', 'climate', 'energy', 'agency', 'water', 'gas', 'air', 'greenhouse', 'trump']",104,[16],"[['energy', 'solar', 'bill', 'coal', 'cost', 'clean', 'power', 'mine', 'donald', 'trump']]",[0.841],[0.587],[0.363],0.587,0.363,disappeared,,,,,
103,27.0,"['vaccine', 'rfk', 'mrna', 'jr', 'research', 'disease', 'john', 'health', 'science', 'covid']",104,[22],"[['vaccine', 'rfk', 'mrna', 'jr', 'covid', 'research', 'john', 'pandemic', 'health', 'science']]",[0.995],[0.949],[0.875],0.949,0.875,continued,,,,,
104,0.0,"['purple', 'heart', 'sacrifice', 'honor', 'wound', 'day', 'freedom', 'nation', 'service', 'today']",105,[3],"[['purple', 'heart', 'sacrifice', 'honor', 'wound', 'day', 'service', 'today', 'freedom', 'nation']]",[0.999],[0.913],[0.902],0.913,0.902,continued,,,,,
104,1.0,"['tariff', 'donald', 'trump', 'trade', 'cost', 'business', 'price', 'economy', 'president', 'apple']",105,[2],"[['tariff', 'price', 'donald', 'trump', 'cost', 'business', 'trade', 'inflation', 'economy', 'family']]",[0.985],[0.822],[0.707],0.822,0.707,continued,,,,,
104,2.0,"['ice', 'illegal', 'immigrant', 'trump', 'alien', 'donald', 'law', 'deportation', 'border', 'criminal']",105,[13],"[['ice', 'detention', 'immigrant', 'deportation', 'immigration', 'trump', 'donald', 'criminal', 'demand', 'deport']]",[0.96],[0.568],[1.0],0.568,1.0,continued,,,,,
104,3.0,"['veteran', 'va', 'worker', 'union', 'care', 'benefit', 'donald', 'employee', 'trump', 'serve']",105,[5],"[['veteran', 'va', 'union', 'worker', 'care', 'benefit', 'employee', 'donald', 'serve', 'trump']]",[0.996],[0.887],[0.774],0.887,0.774,continued,,,,,
104,4.0,"['night', 'community', 'national', 'great', 'nationalnightout', 'enforcement', 'celebrate', 'safe', 'police', 'together']",105,[18],"[['music', 'celebrate', 'festival', 'community', 'celebration', 'parade', 'thank', 'great', 'dominican', 'happy']]",[0.882],[0.554],[1.556],0.554,1.556,unclear,,,,,
104,5.0,"['coast', 'guard', 'birthday', 'happy', 'uscg', 'th', 'shore', 'thank', 'man', 'woman']",105,[],[],[],[],[],0.0,0.0,disappeared,,,,,
104,6.0,"['medicaid', 'care', 'health', 'cut', 'healthcare', 'big', 'hospital', 'bill', 'republicans', 'medicare']",105,[1],"[['medicaid', 'care', 'republicans', 'health', 'cut', 'big', 'tax', 'ugly', 'bill', 'americans']]",[0.971],[0.882],[0.566],0.882,0.566,continued,,,,,
104,7.0,"['stewart', 'fort', 'pray', 'soldier', 'shoot', 'victim', 'prayer', 'georgia', 'responder', 'family']",105,[15],"[['prayer', 'pray', 'trooper', 'steel', 'clairton', 'officer', 'family', 'injure', 'explosion', 'community']]",[0.921],[0.856],[1.427],0.856,1.427,continued,,,,,
104,8.0,"['farmer', 'farm', 'market', 'agriculture', 'producer', 'grower', 'ag', 'minnesota', 'rancher', 'corn']",105,[8],"[['farmer', 'farm', 'market', 'agricultural', 'producer', 'ag', 'agriculture', 'food', 'great', 'iowa']]",[0.988],[0.874],[0.858],0.874,0.858,continued,,,,,
104,10.0,"['gaza', 'hamas', 'israel', 'hostage', 'benjamin', 'humanitarian', 'netanyahu', 'must', 'aid', 'palestinians']",105,[12],"[['gaza', 'israel', 'hamas', 'hostage', 'benjamin', 'must', 'aid', 'netanyahu', 'israeli', 'palestinians']]",[0.992],[0.913],[1.079],0.913,1.079,continued,,,,,
104,12.0,"['fire', 'wildfire', 'emergency', 'management', 'agency', 'hurricane', 'firefighter', 'disaster', 'federal', 'county']",105,[4],"[['fire', 'water', 'emergency', 'hurricane', 'weather', 'wildfire', 'management', 'community', 'flood', 'federal']]",[0.962],[0.883],[0.515],0.883,0.515,continued,,,,,
104,13.0,"['school', 'student', 'education', 'teacher', 'kid', 'year', 'back', 'opportunity', 'academy', 'young']",105,[7],"[['school', 'student', 'education', 'teacher', 'year', 'wish', 'kid', 'back', 'learn', 'new']]",[0.986],[0.881],[0.61],0.881,0.61,continued,,,,,
104,14.0,"['vladimir', 'putin', 'ukraine', 'peace', 'russia', 'president', 'war', 'sanction', 'azerbaijan', 'donald']",105,[11],"[['vladimir', 'putin', 'peace', 'ukraine', 'russia', 'war', 'president', 'donald', 'trump', 'azerbaijan']]",[0.992],[0.871],[0.777],0.871,0.777,continued,,,,,
104,15.0,"['china', 'chip', 'chinese', 'defense', 'communist', 'technology', 'security', 'science', 'act', 'national']",105,[17],"[['china', 'chip', 'chinese', 'science', 'communist', 'apple', 'america', 'billion', 'manufacturing', 'technology']]",[0.946],[0.746],[1.071],0.746,1.071,continued,,,,,
104,16.0,"['energy', 'solar', 'bill', 'coal', 'cost', 'clean', 'power', 'mine', 'donald', 'trump']",105,[10],"[['energy', 'solar', 'coal', 'bill', 'cost', 'power', 'gas', 'electric', 'oil', 'american']]",[0.991],[0.961],[0.685],0.961,0.685,continued,,,,,
104,17.0,"['health', 'center', 'care', 'community', 'nationalhealthcenterweek', 'healthcare', 'quality', 'clinic', 'provide', 'medical']",105,[16],"[['health', 'care', 'center', 'rural', 'hospital', 'healthcare', 'community', 'provide', 'medical', 'access']]",[0.977],[0.948],[0.968],0.948,0.968,continued,,,,,
104,18.0,"['tax', 'beautiful', 'big', 'tip', 'taxis', 'bill', 'one', 'deduction', 'overtime', 'family']",105,[6],"[['business', 'small', 'beautiful', 'tax', 'big', 'bill', 'one', 'family', 'work', 'thrive']]",[0.879],[0.685],[0.337],0.685,0.337,disappeared,,,,,
104,19.0,"['epstein', 'file', 'subpoena', 'release', 'oversight', 'clinton', 'former', 'issue', 'transparency', 'donald']",105,[],[],[],[],[],0.0,0.0,disappeared,,,,,
104,20.0,"['transit', 'business', 'local', 'community', 'project', 'work', 'growth', 'discuss', 'improve', 'housing']",105,[21],"[['housing', 'project', 'affordable', 'home', 'community', 'federal', 'local', 'new', 'work', 'proud']]",[0.91],[0.561],[0.578],0.561,0.578,continued,,,,,
104,21.0,"['dc', 'capital', 'crime', 'act', 'city', 'nation', 'hr', 'law', 'safe', 'rule']",105,[],[],[],[],[],0.0,0.0,disappeared,,,,,
104,22.0,"['vaccine', 'rfk', 'mrna', 'jr', 'covid', 'research', 'john', 'pandemic', 'health', 'science']",105,[],[],[],[],[],0.0,0.0,disappeared,,,,,
104,23.0,"['accountable', 'truth', 'james', 'donald', 'hold', 'trump', 'hoax', 'investigation', 'obama', 'lie']",105,[],[],[],[],[],0.0,0.0,disappeared,,,,,
104,24.0,"['office', 'help', 'passport', 'agency', 'federal', 'team', 'need', 'hour', 'constituent', 'assistance']",105,[22],"[['help', 'office', 'passport', 'agency', 'team', 'federal', 'need', 'casework', 'service', 'assist']]",[0.983],[0.967],[0.921],0.967,0.921,continued,,,,,
104,25.0,"['hall', 'town', 'rsvp', 'join', 'host', 'august', 'facebook', 'come', 'docs', 'google']",105,[14],"[['hall', 'town', 'join', 'pm', 'tune', 'rsvp', 'live', 'podcast', 'facebook', 'august']]",[0.928],[0.883],[0.482],0.883,0.482,unclear,,,,,
104,26.0,"['land', 'park', 'water', 'outdoors', 'conservation', 'protect', 'public', 'fund', 'trail', 'wildlife']",105,[],[],[],[],[],0.0,0.0,disappeared,,,,,
104,27.0,"['abortion', 'care', 'reproductive', 'parenthood', 'plan', 'health', 'veteran', 'access', 'va', 'donald']",105,[],[],[],[],[],0.0,0.0,disappeared,,,,,
104,,,105,,,,"[0.941, 0.931]","[0.986, 0.918]",1.872,1.904,merge,"[9, 11]","[['right', 'voting', 'vote', 'act', 'democracy', 'fight', 'year', 'ago', 'today', 'sign'], ['texas', 'democrats', 'redistricting', 'gerrymandering', 'democracy', 'map', 'gerrymander', 'state', 'republicans', 'seat']]",9.0,"['texas', 'vote', 'voter', 'election', 'right', 'redistricting', 'voting', 'democrats', 'gerrymandering', 'gerrymander']","[0.819, 0.938]"
105,0.0,"['crime', 'dc', 'capital', 'donald', 'trump', 'police', 'safe', 'president', 'city', 'nation']",106,[],[],[],[],[],0.0,0.0,disappeared,,,,,
105,1.0,"['medicaid', 'care', 'republicans', 'health', 'cut', 'big', 'tax', 'ugly', 'bill', 'americans']",106,[],[],[],[],[],0.0,0.0,disappeared,,,,,
105,2.0,"['tariff', 'price', 'donald', 'trump', 'cost', 'business', 'trade', 'inflation', 'economy', 'family']",106,[],[],[],[],[],0.0,0.0,disappeared,,,,,
105,3.0,"['purple', 'heart', 'sacrifice', 'honor', 'wound', 'day', 'service', 'today', 'freedom', 'nation']",106,[],[],[],[],[],0.0,0.0,disappeared,,,,,
105,4.0,"['fire', 'water', 'emergency', 'hurricane', 'weather', 'wildfire', 'management', 'community', 'flood', 'federal']",106,[],[],[],[],[],0.0,0.0,disappeared,,,,,
105,5.0,"['veteran', 'va', 'union', 'worker', 'care', 'benefit', 'employee', 'donald', 'serve', 'trump']",106,[],[],[],[],[],0.0,0.0,disappeared,,,,,
105,6.0,"['business', 'small', 'beautiful', 'tax', 'big', 'bill', 'one', 'family', 'work', 'thrive']",106,[],[],[],[],[],0.0,0.0,disappeared,,,,,
105,7.0,"['school', 'student', 'education', 'teacher', 'year', 'wish', 'kid', 'back', 'learn', 'new']",106,[],[],[],[],[],0.0,0.0,disappeared,,,,,
105,8.0,"['farmer', 'farm', 'market', 'agricultural', 'producer', 'ag', 'agriculture', 'food', 'great', 'iowa']",106,[],[],[],[],[],0.0,0.0,disappeared,,,,,
105,9.0,"['texas', 'vote', 'voter', 'election', 'right', 'redistricting', 'voting', 'democrats', 'gerrymandering', 'gerrymander']",106,[],[],[],[],[],0.0,0.0,disappeared,,,,,
105,10.0,"['energy', 'solar', 'coal', 'bill', 'cost', 'power', 'gas', 'electric', 'oil', 'american']",106,[],[],[],[],[],0.0,0.0,disappeared,,,,,
105,11.0,"['vladimir', 'putin', 'peace', 'ukraine', 'russia', 'war', 'president', 'donald', 'trump', 'azerbaijan']",106,[2],"[['vladimir', 'putin', 'ukraine', 'donald', 'peace', 'trump', 'war', 'president', 'russia', 'end']]",[0.977],[0.935],[0.578],0.935,0.578,continued,,,,,
105,12.0,"['gaza', 'israel', 'hamas', 'hostage', 'benjamin', 'must', 'aid', 'netanyahu', 'israeli', 'palestinians']",106,[3],"[['gaza', 'hamas', 'israel', 'hostage', 'must', 'aid', 'benjamin', 'terrorist', 'israeli', 'innocent']]",[0.977],[0.841],[1.71],0.841,1.71,continued,,,,,
105,13.0,"['ice', 'detention', 'immigrant', 'deportation', 'immigration', 'trump', 'donald', 'criminal', 'demand', 'deport']",106,[],[],[],[],[],0.0,0.0,disappeared,,,,,
105,14.0,"['hall', 'town', 'join', 'pm', 'tune', 'rsvp', 'live', 'podcast', 'facebook', 'august']",106,[],[],[],[],[],0.0,0.0,disappeared,,,,,
105,15.0,"['prayer', 'pray', 'trooper', 'steel', 'clairton', 'officer', 'family', 'injure', 'explosion', 'community']",106,[],[],[],[],[],0.0,0.0,disappeared,,,,,
105,16.0,"['health', 'care', 'center', 'rural', 'hospital', 'healthcare', 'community', 'provide', 'medical', 'access']",106,[],[],[],[],[],0.0,0.0,disappeared,,,,,
105,17.0,"['china', 'chip', 'chinese', 'science', 'communist', 'apple', 'america', 'billion', 'manufacturing', 'technology']",106,[],[],[],[],[],0.0,0.0,disappeared,,,,,
105,18.0,"['music', 'celebrate', 'festival', 'community', 'celebration', 'parade', 'thank', 'great', 'dominican', 'happy']",106,[],[],[],[],[],0.0,0.0,disappeared,,,,,
105,19.0,"['border', 'secure', 'illegal', 'alien', 'president', 'day', 'potus', 'promise', 'trump', 'release']",106,[],[],[],[],[],0.0,0.0,disappeared,,,,,
105,20.0,"['judge', 'court', 'boasberg', 'contempt', 'judicial', 'order', 'bove', 'doj', 'status', 'proceeding']",106,[],[],[],[],[],0.0,0.0,disappeared,,,,,
105,21.0,"['housing', 'project', 'affordable', 'home', 'community', 'federal', 'local', 'new', 'work', 'proud']",106,[],[],[],[],[],0.0,0.0,disappeared,,,,,
105,22.0,"['help', 'office', 'passport', 'agency', 'team', 'federal', 'need', 'casework', 'service', 'assist']",106,[],[],[],[],[],0.0,0.0,disappeared,,,,,
105,23.0,"['census', 'count', 'illegal', 'citizen', 'alien', 'representation', 'vote', 'election', 'congressional', 'equal']",106,[],[],[],[],[],0.0,0.0,disappeared,,,,,
106,0.0,"['donald', 'trump', 'community', 'work', 'make', 'family', 'president', 'bill', 'year', 'great']",107,[0],"[['donald', 'trump', 'community', 'work', 'family', 'bill', 'make', 'help', 'big', 'one']]",[0.998],[0.644],[0.681],0.644,0.681,continued,,,,,
106,1.0,"['social', 'security', 'benefit', 'senior', 'protect', 'year', 'earn', 'today', 'hard', 'americans']",107,[1],"[['social', 'security', 'benefit', 'senior', 'protect', 'earn', 'year', 'hard', 'today', 'americans']]",[0.999],[0.961],[0.949],0.961,0.949,continued,,,,,
106,2.0,"['vladimir', 'putin', 'ukraine', 'donald', 'peace', 'trump', 'war', 'president', 'russia', 'end']",107,[2],"[['vladimir', 'putin', 'ukraine', 'donald', 'peace', 'trump', 'president', 'war', 'russia', 'end']]",[0.994],[0.938],[0.649],0.938,0.649,continued,,,,,
106,3.0,"['gaza', 'hamas', 'israel', 'hostage', 'must', 'aid', 'benjamin', 'terrorist', 'israeli', 'innocent']",107,[3],"[['israel', 'gaza', 'hamas', 'hostage', 'child', 'must', 'humanitarian', 'terrorist', 'war', 'benjamin']]",[0.981],[0.984],[0.803],0.984,0.803,continued,,,,,
107,0.0,"['donald', 'trump', 'community', 'work', 'family', 'bill', 'make', 'help', 'big', 'one']",108,[0],"[['donald', 'trump', 'work', 'community', 'family', 'make', 'bill', 'president', 'one', 'big']]",[0.996],[0.653],[0.559],0.653,0.559,continued,,,,,
107,1.0,"['social', 'security', 'benefit', 'senior', 'protect', 'earn', 'year', 'hard', 'today', 'americans']",108,[],[],[],[],[],0.0,0.0,disappeared,,,,,
107,2.0,"['vladimir', 'putin', 'ukraine', 'donald', 'peace', 'trump', 'president', 'war', 'russia', 'end']",108,[],[],[],[],[],0.0,0.0,disappeared,,,,,
107,3.0,"['israel', 'gaza', 'hamas', 'hostage', 'child', 'must', 'humanitarian', 'terrorist', 'war', 'benjamin']",108,[],[],[],[],[],0.0,0.0,disappeared,,,,,
107,4.0,"['woman', 'right', 'vote', 'amendment', 'th', 'ratify', 'equality', 'fight', 'today', 'ago']",108,[1],"[['woman', 'right', 'amendment', 'vote', 'th', 'slavery', 'history', 'ratify', 'museum', 'fight']]",[0.914],[0.907],[0.636],0.907,0.636,continued,,,,,
108,0.0,"['donald', 'trump', 'work', 'community', 'family', 'make', 'bill', 'president', 'one', 'big']",109,[0],"[['donald', 'trump', 'work', 'community', 'family', 'make', 'bill', 'one', 'help', 'thank']]",[0.996],[0.612],[0.671],0.612,0.671,continued,,,,,
108,1.0,"['woman', 'right', 'amendment', 'vote', 'th', 'slavery', 'history', 'ratify', 'museum', 'fight']",109,[],[],[],[],[],0.0,0.0,disappeared,,,,,
109,0.0,"['donald', 'trump', 'work', 'community', 'family', 'make', 'bill', 'one', 'help', 'thank']",110,[],[],[],[],[],0.0,0.0,disappeared,,,,,
109,1.0,"['vladimir', 'ukraine', 'putin', 'peace', 'donald', 'trump', 'war', 'president', 'russia', 'ukrainian']",110,[11],"[['vladimir', 'ukraine', 'putin', 'russia', 'iran', 'sanction', 'ukrainian', 'nuclear', 'peace', 'war']]",[0.958],[0.805],[1.439],0.805,1.439,continued,,,,,
109,2.0,"['gaza', 'israel', 'hamas', 'child', 'hostage', 'innocent', 'antisemitism', 'terrorist', 'aid', 'benjamin']",110,[12],"[['gaza', 'israel', 'aid', 'baby', 'formula', 'hostage', 'hamas', 'benjamin', 'starve', 'netanyahu']]",[0.968],[0.845],[0.592],0.845,0.592,continued,,,,,
109,3.0,"['fentanyl', 'drug', 'cartel', 'awareness', 'prevention', 'venezuela', 'maduro', 'day', 'halt', 'law']",110,[],[],[],[],[],0.0,0.0,disappeared,,,,,
110,0.0,"['school', 'minneapolis', 'catholic', 'annunciation', 'child', 'violence', 'gun', 'victim', 'pray', 'family']",111,[0],"[['school', 'minneapolis', 'catholic', 'annunciation', 'child', 'gun', 'violence', 'pray', 'victim', 'family']]",[0.999],[0.861],[0.809],0.861,0.809,continued,,,,,
110,1.0,"['tax', 'care', 'big', 'bill', 'cut', 'health', 'republicans', 'medicaid', 'beautiful', 'billionaire']",111,[1],"[['care', 'big', 'tax', 'bill', 'health', 'cut', 'medicaid', 'republicans', 'beautiful', 'hospital']]",[0.993],[0.819],[0.853],0.819,0.853,continued,,,,,
110,2.0,"['farm', 'farmer', 'business', 'agriculture', 'great', 'local', 'tour', 'producer', 'community', 'support']",111,[6],"[['farm', 'farmer', 'co', 'agriculture', 'ag', 'producer', 'tour', 'local', 'produce', 'support']]",[0.984],[0.791],[1.112],0.791,1.112,continued,,,,,
110,3.0,"['school', 'student', 'year', 'great', 'teacher', 'new', 'back', 'county', 'high', 'week']",111,[12],"[['student', 'school', 'academy', 'teacher', 'nomination', 'application', 'service', 'high', 'year', 'education']]",[0.905],[0.555],[0.862],0.555,0.862,continued,,,,,
110,4.0,"['crime', 'dc', 'donald', 'trump', 'president', 'chicago', 'city', 'capital', 'safe', 'law']",111,[5],"[['crime', 'dc', 'donald', 'trump', 'president', 'chicago', 'city', 'guard', 'safe', 'law']]",[0.996],[0.903],[0.928],0.903,0.928,continued,,,,,
110,5.0,"['marine', 'corps', 'cpl', 'gate', 'abbey', 'sacrifice', 'afghanistan', 'lance', 'never', 'forget']",111,[2],"[['marine', 'corps', 'cpl', 'afghanistan', 'abbey', 'gate', 'sacrifice', 'never', 'forget', 'lance']]",[0.995],[0.832],[0.678],0.832,0.678,continued,,,,,
110,6.0,"['ice', 'kilmar', 'illegal', 'abrego', 'garcia', 'detention', 'deport', 'border', 'immigration', 'criminal']",111,[10],"[['ice', 'kilmar', 'detention', 'abrego', 'deport', 'garcia', 'illegal', 'cartel', 'criminal', 'immigration']]",[0.978],[0.765],[1.085],0.765,1.085,continued,,,,,
110,7.0,"['emergency', 'management', 'agency', 'disaster', 'federal', 'fire', 'community', 'hurricane', 'pickettfire', 'wildfire']",111,[4],"[['emergency', 'management', 'agency', 'disaster', 'federal', 'katrina', 'hurricane', 'community', 'fire', 'wildfire']]",[0.984],[0.836],[0.757],0.836,0.757,continued,,,,,
110,8.0,"['woman', 'equality', 'right', 'fight', 'march', 'equal', 'today', 'day', 'vote', 'honor']",111,"[15, 17]","[['woman', 'equality', 'right', 'fight', 'amendment', 'vote', 'equal', 'th', 'day', 'womensequalityday'], ['march', 'civil', 'washington', 'king', 'today', 'right', 'dr', 'justice', 'dream', 'luther']]","[0.944, 0.865]","[0.565, 0.398]","[0.883, 0.955]",0.963,1.839,split,,,,,
110,9.0,"['energy', 'wind', 'project', 'clean', 'power', 'donald', 'trump', 'solar', 'job', 'electricity']",111,[3],"[['energy', 'wind', 'price', 'gas', 'clean', 'project', 'power', 'low', 'donald', 'labor']]",[0.983],[0.887],[0.584],0.887,0.584,continued,,,,,
110,10.0,"['reserve', 'cook', 'federal', 'lisa', 'donald', 'fire', 'trump', 'governor', 'economy', 'attempt']",111,[9],"[['reserve', 'cook', 'federal', 'lisa', 'donald', 'fire', 'trump', 'governor', 'economy', 'attempt']]",[0.999],[0.922],[0.861],0.922,0.861,continued,,,,,
110,11.0,"['vladimir', 'ukraine', 'putin', 'russia', 'iran', 'sanction', 'ukrainian', 'nuclear', 'peace', 'war']",111,[16],"[['vladimir', 'putin', 'ukraine', 'russia', 'peace', 'ukrainian', 'russian', 'trump', 'war', 'donald']]",[0.971],[0.707],[1.048],0.707,1.048,continued,,,,,
110,12.0,"['gaza', 'israel', 'aid', 'baby', 'formula', 'hostage', 'hamas', 'benjamin', 'starve', 'netanyahu']",111,[8],"[['gaza', 'iran', 'israel', 'formula', 'aid', 'baby', 'nuclear', 'sanction', 'hostage', 'benjamin']]",[0.981],[0.925],[0.75],0.925,0.75,continued,,,,,
110,13.0,"['tariff', 'price', 'donald', 'trump', 'cost', 'trade', 'business', 'school', 'supply', 'reckless']",111,[14],"[['tariff', 'donald', 'trump', 'cost', 'trade', 'price', 'business', 'reckless', 'family', 'policy']]",[0.989],[0.892],[1.039],0.892,1.039,continued,,,,,
110,14.0,"['office', 'veteran', 'help', 'va', 'federal', 'agency', 'passport', 'team', 'need', 'casework']",111,[19],"[['office', 'help', 'agency', 'federal', 'passport', 'constituent', 'team', 'casework', 'need', 'assistance']]",[0.956],[0.67],[1.136],0.67,1.136,continued,,,,,
110,15.0,"['doge', 'social', 'datum', 'security', 'donald', 'trump', 'americans', 'risk', 'information', 'personal']",111,[22],"[['doge', 'datum', 'social', 'security', 'risk', 'americans', 'sensitive', 'million', 'personal', 'put']]",[0.953],[0.546],[0.869],0.546,0.869,continued,,,,,
110,16.0,"['disease', 'and', 'for', 'centers', 'prevention', 'rfk', 'control', 'vaccine', 'health', 'jr']",111,[7],"[['disease', 'and', 'for', 'centers', 'prevention', 'control', 'rfk', 'vaccine', 'health', 'jr']]",[0.997],[0.956],[0.558],0.956,0.558,continued,,,,,
110,17.0,"['hall', 'town', 'rsvp', 'join', 'pm', 'tune', 'tonight', 'conversation', 'youtube', 'question']",111,[13],"[['business', 'town', 'hall', 'small', 'community', 'conversation', 'thrive', 'local', 'thank', 'join']]",[0.909],[0.867],[0.546],0.867,0.546,continued,,,,,
110,18.0,"['project', 'funding', 'infrastructure', 'housing', 'community', 'transit', 'county', 'water', 'federal', 'transportation']",111,[23],"[['water', 'infrastructure', 'river', 'project', 'environmental', 'colorado', 'clean', 'protection', 'resource', 'community']]",[0.904],[0.667],[0.873],0.667,0.873,continued,,,,,
110,19.0,"['veteran', 'service', 'honor', 'serve', 'virginia', 'chesapeake', 'utm', 'sacrifice', 'tim', 'thank']",111,[11],"[['veteran', 'service', 'serve', 'birthday', 'honor', 'va', 'marine', 'reserve', 'happy', 'nation']]",[0.95],[0.881],[0.416],0.881,0.416,unclear,,,,,
110,20.0,"['park', 'national', 'natlparkservice', 'birthday', 'happy', 'treasure', 'preserve', 'generation', 'nps', 'protect']",111,[24],"[['park', 'national', 'natlparkservice', 'treasure', 'birthday', 'happy', 'preserve', 'land', 'generation', 'protect']]",[0.995],[0.911],[0.962],0.911,0.962,continued,,,,,
110,21.0,"['innovation', 'space', 'fintech', 'job', 'work', 'research', 'technology', 'aerospace', 'new', 'air']",111,[],[],[],[],[],0.0,0.0,disappeared,,,,,
111,0.0,"['school', 'minneapolis', 'catholic', 'annunciation', 'child', 'gun', 'violence', 'pray', 'victim', 'family']",112,[],[],[],[],[],0.0,0.0,disappeared,,,,,
111,1.0,"['care', 'big', 'tax', 'bill', 'health', 'cut', 'medicaid', 'republicans', 'beautiful', 'hospital']",112,[],[],[],[],[],0.0,0.0,disappeared,,,,,
111,2.0,"['marine', 'corps', 'cpl', 'afghanistan', 'abbey', 'gate', 'sacrifice', 'never', 'forget', 'lance']",112,[],[],[],[],[],0.0,0.0,disappeared,,,,,
111,3.0,"['energy', 'wind', 'price', 'gas', 'clean', 'project', 'power', 'low', 'donald', 'labor']",112,[],[],[],[],[],0.0,0.0,disappeared,,,,,
111,4.0,"['emergency', 'management', 'agency', 'disaster', 'federal', 'katrina', 'hurricane', 'community', 'fire', 'wildfire']",112,[],[],[],[],[],0.0,0.0,disappeared,,,,,
111,5.0,"['crime', 'dc', 'donald', 'trump', 'president', 'chicago', 'city', 'guard', 'safe', 'law']",112,[],[],[],[],[],0.0,0.0,disappeared,,,,,
111,6.0,"['farm', 'farmer', 'co', 'agriculture', 'ag', 'producer', 'tour', 'local', 'produce', 'support']",112,[],[],[],[],[],0.0,0.0,disappeared,,,,,
111,7.0,"['disease', 'and', 'for', 'centers', 'prevention', 'control', 'rfk', 'vaccine', 'health', 'jr']",112,[3],"[['disease', 'and', 'centers', 'for', 'health', 'prevention', 'control', 'rfk', 'vaccine', 'jr']]",[0.997],[0.948],[0.667],0.948,0.667,continued,,,,,
111,8.0,"['gaza', 'iran', 'israel', 'formula', 'aid', 'baby', 'nuclear', 'sanction', 'hostage', 'benjamin']",112,[],[],[],[],[],0.0,0.0,disappeared,,,,,
111,9.0,"['reserve', 'cook', 'federal', 'lisa', 'donald', 'fire', 'trump', 'governor', 'economy', 'attempt']",112,[],[],[],[],[],0.0,0.0,disappeared,,,,,
111,10.0,"['ice', 'kilmar', 'detention', 'abrego', 'deport', 'garcia', 'illegal', 'cartel', 'criminal', 'immigration']",112,[],[],[],[],[],0.0,0.0,disappeared,,,,,
111,11.0,"['veteran', 'service', 'serve', 'birthday', 'honor', 'va', 'marine', 'reserve', 'happy', 'nation']",112,[],[],[],[],[],0.0,0.0,disappeared,,,,,
111,12.0,"['student', 'school', 'academy', 'teacher', 'nomination', 'application', 'service', 'high', 'year', 'education']",112,[],[],[],[],[],0.0,0.0,disappeared,,,,,
111,13.0,"['business', 'town', 'hall', 'small', 'community', 'conversation', 'thrive', 'local', 'thank', 'join']",112,[],[],[],[],[],0.0,0.0,disappeared,,,,,
111,14.0,"['tariff', 'donald', 'trump', 'cost', 'trade', 'price', 'business', 'reckless', 'family', 'policy']",112,[],[],[],[],[],0.0,0.0,disappeared,,,,,
111,15.0,"['woman', 'equality', 'right', 'fight', 'amendment', 'vote', 'equal', 'th', 'day', 'womensequalityday']",112,[],[],[],[],[],0.0,0.0,disappeared,,,,,
111,16.0,"['vladimir', 'putin', 'ukraine', 'russia', 'peace', 'ukrainian', 'russian', 'trump', 'war', 'donald']",112,[],[],[],[],[],0.0,0.0,disappeared,,,,,
111,17.0,"['march', 'civil', 'washington', 'king', 'today', 'right', 'dr', 'justice', 'dream', 'luther']",112,[],[],[],[],[],0.0,0.0,disappeared,,,,,
111,18.0,"['football', 'season', 'cheer', 'go', 'uni', 'college', 'game', 'great', 'let', 'win']",112,[],[],[],[],[],0.0,0.0,disappeared,,,,,
111,19.0,"['office', 'help', 'agency', 'federal', 'passport', 'constituent', 'team', 'casework', 'need', 'assistance']",112,[],[],[],[],[],0.0,0.0,disappeared,,,,,
111,20.0,"['rescission', 'foreign', 'congress', 'billion', 'taxpayer', 'donald', 'trump', 'pocket', 'government', 'aid']",112,[],[],[],[],[],0.0,0.0,disappeared,,,,,
111,21.0,"['worker', 'union', 'labor', 'right', 'day', 'donald', 'trump', 'stand', 'wage', 'fair']",112,[],[],[],[],[],0.0,0.0,disappeared,,,,,
111,22.0,"['doge', 'datum', 'social', 'security', 'risk', 'americans', 'sensitive', 'million', 'personal', 'put']",112,[],[],[],[],[],0.0,0.0,disappeared,,,,,
111,23.0,"['water', 'infrastructure', 'river', 'project', 'environmental', 'colorado', 'clean', 'protection', 'resource', 'community']",112,[],[],[],[],[],0.0,0.0,disappeared,,,,,
111,24.0,"['park', 'national', 'natlparkservice', 'treasure', 'birthday', 'happy', 'preserve', 'land', 'generation', 'protect']",112,[],[],[],[],[],0.0,0.0,disappeared,,,,,
112,0.0,"['donald', 'trump', 'work', 'community', 'family', 'year', 'make', 'president', 'thank', 'bill']",113,[],[],[],[],[],0.0,0.0,disappeared,,,,,
112,1.0,"['labor', 'day', 'worker', 'happy', 'work', 'union', 'today', 'fight', 'wage', 'build']",113,[2],"[['labor', 'day', 'worker', 'happy', 'union', 'work', 'build', 'today', 'celebrate', 'honor']]",[0.999],[0.851],[0.936],0.851,0.936,continued,,,,,
112,2.0,"['epstein', 'file', 'release', 'sign', 'survivor', 'petition', 'deserve', 'discharge', 'victim', 'truth']",113,[3],"[['epstein', 'file', 'release', 'survivor', 'sign', 'petition', 'discharge', 'justice', 'deserve', 'victim']]",[0.997],[0.853],[0.528],0.853,0.528,continued,,,,,
112,3.0,"['disease', 'and', 'centers', 'for', 'health', 'prevention', 'control', 'rfk', 'vaccine', 'jr']",113,[5],"[['rfk', 'jr', 'vaccine', 'health', 'disease', 'and', 'john', 'centers', 'for', 'resign']]",[0.981],[0.936],[0.73],0.936,0.73,continued,,,,,
113,0.0,"['community', 'great', 'county', 'service', 'thank', 'year', 'work', 'honor', 'support', 'school']",114,[],[],[],[],[],0.0,0.0,disappeared,,,,,
113,1.0,"['crime', 'donald', 'trump', 'law', 'president', 'city', 'illegal', 'chicago', 'ice', 'safe']",114,[1],"[['crime', 'criminal', 'city', 'violent', 'chicago', 'dc', 'safe', 'donald', 'president', 'guard']]",[0.959],[0.48],[0.632],0.48,0.632,unclear,,,,,
113,2.0,"['labor', 'day', 'worker', 'happy', 'union', 'work', 'build', 'today', 'celebrate', 'honor']",114,[],[],[],[],[],0.0,0.0,disappeared,,,,,
113,3.0,"['epstein', 'file', 'release', 'survivor', 'sign', 'petition', 'discharge', 'justice', 'deserve', 'victim']",114,[0],"[['epstein', 'file', 'release', 'survivor', 'sign', 'petition', 'justice', 'discharge', 'deserve', 'truth']]",[0.993],[0.812],[0.639],0.812,0.639,continued,,,,,
113,4.0,"['energy', 'water', 'bill', 'clean', 'climate', 'fuel', 'house', 'nuclear', 'unleash', 'project']",114,[3],"[['energy', 'water', 'bill', 'clean', 'project', 'house', 'wind', 'fuel', 'appropriation', 'nuclear']]",[0.993],[0.824],[0.634],0.824,0.634,continued,,,,,
113,5.0,"['rfk', 'jr', 'vaccine', 'health', 'disease', 'and', 'john', 'centers', 'for', 'resign']",114,[5],"[['rfk', 'jr', 'vaccine', 'health', 'disease', 'john', 'resign', 'kennedy', 'and', 'for']]",[0.997],[0.819],[0.801],0.819,0.801,continued,,,,,
113,6.0,"['job', 'tariff', 'donald', 'trump', 'economy', 'price', 'unemployment', 'report', 'cost', 'business']",114,[2],"[['job', 'tariff', 'economy', 'donald', 'trump', 'report', 'unemployment', 'price', 'cost', 'policy']]",[0.997],[0.906],[0.632],0.906,0.632,continued,,,,,
113,7.0,"['vladimir', 'war', 'defense', 'putin', 'china', 'russia', 'ukraine', 'department', 'national', 'act']",114,[4],"[['defense', 'war', 'national', 'authorization', 'vladimir', 'china', 'act', 'military', 'fy', 'department']]",[0.982],[0.763],[0.463],0.763,0.463,unclear,,,,,
113,8.0,"['senate', 'nominee', 'government', 'vote', 'congress', 'confirm', 'shutdown', 'election', 'democrats', 'president']",114,"[13, 26]","[['senate', 'nominee', 'confirm', 'obstruction', 'democrats', 'president', 'senategop', 'vote', 'change', 'confirmation'], ['election', 'mail', 'vote', 'voter', 'ballot', 'voting', 'democracy', 'congress', 'power', 'donald']]","[0.901, 0.889]","[0.346, 0.324]","[0.568, 1.035]",0.67,1.603,unclear,,,,,
113,9.0,"['care', 'health', 'medicaid', 'cut', 'big', 'premium', 'republicans', 'tax', 'bill', 'cost']",114,[6],"[['care', 'health', 'medicaid', 'premium', 'cut', 'republicans', 'big', 'tax', 'cost', 'healthcare']]",[0.997],[0.898],[0.646],0.898,0.646,continued,,,,,
113,10.0,"['fentanyl', 'drug', 'cartel', 'chinese', 'venezuela', 'maduro', 'overdose', 'stop', 'terrorist', 'deadly']",114,[9],"[['fentanyl', 'drug', 'chinese', 'cartel', 'maduro', 'venezuela', 'stop', 'deadly', 'venezuelan', 'terrorist']]",[0.993],[0.803],[0.993],0.803,0.993,continued,,,,,
113,11.0,"['tax', 'tip', 'cut', 'family', 'work', 'deliver', 'taxis', 'money', 'relief', 'housegop']",114,[8],"[['tax', 'tip', 'family', 'cut', 'work', 'worker', 'relief', 'taxis', 'deliver', 'money']]",[0.995],[0.984],[0.642],0.984,0.642,continued,,,,,
113,12.0,"['space', 'command', 'alabama', 'huntsville', 'move', 'colorado', 'decision', 'spacecom', 'nasa', 'headquarters']",114,[24],"[['space', 'command', 'huntsville', 'alabama', 'move', 'spacecom', 'nasa', 'colorado', 'rocket', 'marshall']]",[0.987],[0.86],[1.387],0.86,1.387,continued,,,,,
113,13.0,"['emergency', 'management', 'agency', 'federal', 'disaster', 'hurricane', 'flood', 'response', 'act', 'relief']",114,[12],"[['emergency', 'management', 'agency', 'disaster', 'federal', 'wildfire', 'hurricane', 'flood', 'recovery', 'response']]",[0.994],[0.935],[0.761],0.935,0.761,continued,,,,,
113,14.0,"['israel', 'gaza', 'hamas', 'hostage', 'jewish', 'antisemitism', 'must', 'palestinian', 'innocent', 'terrorist']",114,[10],"[['israel', 'hamas', 'hostage', 'gaza', 'terrorist', 'benjamin', 'jewish', 'attack', 'must', 'palestinian']]",[0.985],[0.884],[0.555],0.884,0.555,continued,,,,,
113,15.0,"['gun', 'violence', 'school', 'child', 'kid', 'annunciation', 'mike', 'johnson', 'shooting', 'pray']",114,[],[],[],[],[],0.0,0.0,disappeared,,,,,
113,16.0,"['trading', 'stock', 'ban', 'congress', 'member', 'ethic', 'echo', 'roy', 'report', 'omaairport']",114,[27],"[['stock', 'trading', 'ban', 'congress', 'member', 'roy', 'trust', 'bipartisan', 'rep', 'congressional']]",[0.93],[0.675],[0.981],0.675,0.981,continued,,,,,
113,17.0,"['japan', 'surrender', 'sacrifice', 'freedom', 'world', 'end', 'ii', 'generation', 'war', 'today']",114,[],[],[],[],[],0.0,0.0,disappeared,,,,,
113,18.0,"['housing', 'affordable', 'home', 'crisis', 'affordability', 'cost', 'summit', 'family', 'solution', 'live']",114,[15],"[['housing', 'affordable', 'home', 'crisis', 'cost', 'affordability', 'urban', 'build', 'family', 'homeownership']]",[0.989],[0.969],[0.681],0.969,0.681,continued,,,,,
114,0.0,"['epstein', 'file', 'release', 'survivor', 'sign', 'petition', 'justice', 'discharge', 'deserve', 'truth']",115,[7],"[['epstein', 'file', 'release', 'donald', 'trump', 'meta', 'lie', 'cover', 'birthday', 'survivor']]",[0.976],[0.765],[1.492],0.765,1.492,continued,,,,,
114,1.0,"['crime', 'criminal', 'city', 'violent', 'chicago', 'dc', 'safe', 'donald', 'president', 'guard']",115,[2],"[['crime', 'criminal', 'iryna', 'violent', 'zarutska', 'murder', 'city', 'soft', 'arrest', 'chicago']]",[0.971],[0.726],[0.988],0.726,0.988,continued,,,,,
114,2.0,"['job', 'tariff', 'economy', 'donald', 'trump', 'report', 'unemployment', 'price', 'cost', 'policy']",115,[3],"[['tariff', 'donald', 'trump', 'job', 'price', 'economy', 'cost', 'energy', 'inflation', 'business']]",[0.979],[0.908],[1.12],0.908,1.12,continued,,,,,
114,3.0,"['energy', 'water', 'bill', 'clean', 'project', 'house', 'wind', 'fuel', 'appropriation', 'nuclear']",115,[],[],[],[],[],0.0,0.0,disappeared,,,,,
114,4.0,"['defense', 'war', 'national', 'authorization', 'vladimir', 'china', 'act', 'military', 'fy', 'department']",115,[5],"[['defense', 'authorization', 'national', 'act', 'military', 'fy', 'vote', 'house', 'amendment', 'bill']]",[0.862],[0.417],[0.597],0.417,0.597,unclear,,,,,
114,5.0,"['rfk', 'jr', 'vaccine', 'health', 'disease', 'john', 'resign', 'kennedy', 'and', 'for']",115,[11],"[['vaccine', 'rfk', 'jr', 'health', 'john', 'kennedy', 'disease', 'and', 'covid', 'science']]",[0.973],[0.822],[1.723],0.822,1.723,continued,,,,,
114,6.0,"['care', 'health', 'medicaid', 'premium', 'cut', 'republicans', 'big', 'tax', 'cost', 'healthcare']",115,[6],"[['health', 'care', 'premium', 'republicans', 'cost', 'insurance', 'medicaid', 'cut', 'healthcare', 'tax']]",[0.991],[0.886],[0.916],0.886,0.916,continued,,,,,
114,7.0,"['court', 'ice', 'supreme', 'law', 'racial', 'donald', 'judge', 'trump', 'profiling', 'agent']",115,[9],"[['court', 'supreme', 'ice', 'racial', 'profiling', 'donald', 'trump', 'speak', 'base', 'decision']]",[0.988],[0.799],[1.201],0.799,1.201,continued,,,,,
114,8.0,"['tax', 'tip', 'family', 'cut', 'work', 'worker', 'relief', 'taxis', 'deliver', 'money']",115,[20],"[['tax', 'cut', 'family', 'tip', 'work', 'taxis', 'relief', 'money', 'overtime', 'earn']]",[0.99],[0.926],[2.286],0.926,2.286,continued,,,,,
114,9.0,"['fentanyl', 'drug', 'chinese', 'cartel', 'maduro', 'venezuela', 'stop', 'deadly', 'venezuelan', 'terrorist']",115,[],[],[],[],[],0.0,0.0,disappeared,,,,,
114,10.0,"['israel', 'hamas', 'hostage', 'gaza', 'terrorist', 'benjamin', 'jewish', 'attack', 'must', 'palestinian']",115,[12],"[['israel', 'hamas', 'hostage', 'gaza', 'benjamin', 'terrorist', 'jerusalem', 'netanyahu', 'qatar', 'antisemitism']]",[0.99],[0.898],[0.925],0.898,0.925,continued,,,,,
114,11.0,"['tune', 'watch', 'youtube', 'live', 'join', 'morning', 'si', 'youtu', 'et', 'newsmax']",115,[26],"[['tune', 'uap', 'watch', 'si', 'et', 'full', 'youtu', 'live', 'remark', 'join']]",[0.922],[0.5],[1.0],0.5,1.0,unclear,,,,,
114,12.0,"['emergency', 'management', 'agency', 'disaster', 'federal', 'wildfire', 'hurricane', 'flood', 'recovery', 'response']",115,[8],"[['disaster', 'emergency', 'weather', 'fire', 'federal', 'wildfire', 'community', 'management', 'agency', 'flood']]",[0.969],[0.947],[0.538],0.947,0.538,continued,,,,,
114,13.0,"['senate', 'nominee', 'confirm', 'obstruction', 'democrats', 'president', 'senategop', 'vote', 'change', 'confirmation']",115,[15],"[['nominee', 'senate', 'confirm', 'obstruction', 'democrats', 'vote', 'schumer', 'senategop', 'president', 'rule']]",[0.99],[0.928],[0.912],0.928,0.912,continued,,,,,
114,14.0,"['honor', 'service', 'veteran', 'sacrifice', 'hero', 'nation', 'life', 'man', 'legacy', 'community']",115,[],[],[],[],[],0.0,0.0,disappeared,,,,,
114,15.0,"['housing', 'affordable', 'home', 'crisis', 'cost', 'affordability', 'urban', 'build', 'family', 'homeownership']",115,[22],"[['housing', 'affordable', 'home', 'urban', 'development', 'homeownership', 'cost', 'department', 'crisis', 'affordability']]",[0.99],[0.967],[1.173],0.967,1.173,continued,,,,,
114,16.0,"['suicide', 'lifeline', 'crisis', 'text', 'september', 'help', 'prevention', 'mental', 'awareness', 'month']",115,[17],"[['suicide', 'prevention', 'text', 'help', 'lifeline', 'crisis', 'mental', 'call', 'alone', 'day']]",[0.994],[0.929],[0.729],0.929,0.729,continued,,,,,
114,17.0,"['season', 'game', 'football', 'go', 'great', 'packer', 'cyhawk', 'night', 'tonight', 'win']",115,[21],"[['season', 'game', 'go', 'football', 'win', 'packer', 'tonight', 'night', 'fan', 'cyhawk']]",[0.99],[0.927],[1.0],0.927,1.0,continued,,,,,
114,18.0,"['border', 'biden', 'joe', 'secure', 'illegal', 'child', 'wall', 'probsolvecaucus', 'security', 'southern']",115,[25],"[['illegal', 'border', 'entry', 'immigration', 'joe', 'biden', 'stop', 'secure', 'penalty', 'alien']]",[0.913],[0.829],[1.015],0.829,1.015,continued,,,,,
114,19.0,"['academy', 'service', 'nomination', 'interested', 'application', 'apply', 'learn', 'student', 'attend', 'military']",115,[24],"[['academy', 'service', 'nomination', 'application', 'interested', 'student', 'learn', 'apply', 'attend', 'nominate']]",[0.995],[0.912],[1.058],0.912,1.058,continued,,,,,
114,20.0,"['office', 'help', 'passport', 'agency', 'service', 'team', 'federal', 'mobile', 'social', 'hour']",115,[18],"[['office', 'team', 'help', 'agency', 'federal', 'internal', 'revenue', 'service', 'passport', 'social']]",[0.987],[0.949],[0.882],0.949,0.882,continued,,,,,
114,21.0,"['school', 'education', 'student', 'teacher', 'parent', 'kid', 'child', 'classroom', 'score', 'back']",115,[10],"[['school', 'student', 'education', 'program', 'hospital', 'child', 'kid', 'college', 'sport', 'health']]",[0.91],[0.772],[0.439],0.772,0.439,unclear,,,,,
114,22.0,"['garden', 'club', 'dinner', 'white', 'vance', 'night', 'rose', 'rise', 'inaugural', 'house']",115,[19],"[['garden', 'white', 'club', 'dinner', 'night', 'president', 'house', 'rise', 'rose', 'inaugural']]",[0.978],[0.781],[0.649],0.781,0.649,continued,,,,,
114,23.0,"['farmer', 'farm', 'ag', 'producer', 'agriculture', 'great', 'business', 'county', 'rancher', 'rural']",115,[13],"[['farmer', 'farm', 'producer', 'agriculture', 'business', 'support', 'ohio', 'iowa', 'fuel', 'ag']]",[0.98],[0.968],[0.508],0.968,0.508,continued,,,,,
114,24.0,"['space', 'command', 'huntsville', 'alabama', 'move', 'spacecom', 'nasa', 'colorado', 'rocket', 'marshall']",115,[],[],[],[],[],0.0,0.0,disappeared,,,,,
114,25.0,"['hospital', 'care', 'health', 'healthcare', 'access', 'dental', 'meet', 'discuss', 'community', 'rural']",115,[],[],[],[],[],0.0,0.0,disappeared,,,,,
114,26.0,"['election', 'mail', 'vote', 'voter', 'ballot', 'voting', 'democracy', 'congress', 'power', 'donald']",115,[],[],[],[],[],0.0,0.0,disappeared,,,,,
114,27.0,"['stock', 'trading', 'ban', 'congress', 'member', 'roy', 'trust', 'bipartisan', 'rep', 'congressional']",115,[],[],[],[],[],0.0,0.0,disappeared,,,,,
114,28.0,"['shutdown', 'government', 'appropriation', 'work', 'taxpayer', 'fund', 'funding', 'congress', 'bill', 'prevent']",115,[],[],[],[],[],0.0,0.0,disappeared,,,,,
114,29.0,"['celebrate', 'festival', 'county', 'community', 'great', 'heritage', 'annual', 'tradition', 'local', 'event']",115,[23],"[['great', 'park', 'festival', 'community', 'local', 'celebrate', 'event', 'county', 'fair', 'enjoy']]",[0.963],[0.941],[0.696],0.941,0.696,continued,,,,,
115,0.0,"['kirk', 'charlie', 'violence', 'political', 'pray', 'family', 'country', 'young', 'place', 'prayer']",116,[0],"[['kirk', 'charlie', 'violence', 'political', 'pray', 'family', 'country', 'prayer', 'young', 'place']]",[0.999],[0.905],[0.815],0.905,0.815,continued,,,,,
115,1.0,"['lose', 'forget', 'remember', 'life', 'responder', 'honor', 'never', 'september', 'first', 'day']",116,[1],"[['lose', 'forget', 'life', 'remember', 'responder', 'never', 'honor', 'september', 'first', 'day']]",[1.0],[0.891],[0.833],0.891,0.833,continued,,,,,
115,2.0,"['crime', 'criminal', 'iryna', 'violent', 'zarutska', 'murder', 'city', 'soft', 'arrest', 'chicago']",116,[4],"[['crime', 'criminal', 'iryna', 'city', 'violent', 'memphis', 'safe', 'zarutska', 'law', 'president']]",[0.986],[0.832],[0.958],0.832,0.958,continued,,,,,
115,3.0,"['tariff', 'donald', 'trump', 'job', 'price', 'economy', 'cost', 'energy', 'inflation', 'business']",116,[5],"[['tariff', 'donald', 'trump', 'price', 'job', 'economy', 'inflation', 'cost', 'grocery', 'business']]",[0.991],[0.883],[1.011],0.883,1.011,continued,,,,,
115,4.0,"['violence', 'gun', 'school', 'political', 'student', 'evergreen', 'threat', 'shooting', 'firearm', 'high']",116,"[12, 18]","[['violence', 'political', 'condemn', 'acceptable', 'democracy', 'never', 'country', 'must', 'place', 'freedom'], ['school', 'gun', 'evergreen', 'shooting', 'high', 'violence', 'colorado', 'shoot', 'denver', 'community']]","[0.853, 0.913]","[0.362, 0.362]","[0.865, 1.263]",0.725,2.128,split,,,,,
115,5.0,"['defense', 'authorization', 'national', 'act', 'military', 'fy', 'vote', 'house', 'amendment', 'bill']",116,[3],"[['defense', 'authorization', 'national', 'act', 'fy', 'military', 'vote', 'security', 'house', 'amendment']]",[0.989],[0.951],[0.7],0.951,0.7,continued,,,,,
115,6.0,"['health', 'care', 'premium', 'republicans', 'cost', 'insurance', 'medicaid', 'cut', 'healthcare', 'tax']",116,[2],"[['care', 'health', 'republicans', 'cost', 'healthcare', 'premium', 'cut', 'medicaid', 'rural', 'insurance']]",[0.983],[0.903],[0.584],0.903,0.584,continued,,,,,
115,7.0,"['epstein', 'file', 'release', 'donald', 'trump', 'meta', 'lie', 'cover', 'birthday', 'survivor']",116,[9],"[['epstein', 'file', 'release', 'donald', 'survivor', 'trump', 'jeffrey', 'justice', 'cover', 'deserve']]",[0.975],[0.657],[1.25],0.657,1.25,continued,,,,,
115,8.0,"['disaster', 'emergency', 'weather', 'fire', 'federal', 'wildfire', 'community', 'management', 'agency', 'flood']",116,[6],"[['disaster', 'fire', 'emergency', 'wildfire', 'weather', 'federal', 'community', 'water', 'management', 'agency']]",[0.991],[0.899],[0.861],0.899,0.861,continued,,,,,
115,9.0,"['court', 'supreme', 'ice', 'racial', 'profiling', 'donald', 'trump', 'speak', 'base', 'decision']",116,[14],"[['court', 'ice', 'supreme', 'racial', 'profiling', 'donald', 'target', 'trump', 'base', 'immigrant']]",[0.992],[0.913],[1.495],0.913,1.495,continued,,,,,
115,10.0,"['school', 'student', 'education', 'program', 'hospital', 'child', 'kid', 'college', 'sport', 'health']",116,[15],"[['student', 'education', 'school', 'sport', 'program', 'mental', 'funding', 'child', 'kid', 'college']]",[0.949],[0.633],[0.978],0.633,0.978,continued,,,,,
115,11.0,"['vaccine', 'rfk', 'jr', 'health', 'john', 'kennedy', 'disease', 'and', 'covid', 'science']",116,[13],"[['vaccine', 'health', 'john', 'rfk', 'kennedy', 'and', 'jr', 'science', 'covid', 'disease']]",[0.989],[0.876],[1.29],0.876,1.29,continued,,,,,
115,12.0,"['israel', 'hamas', 'hostage', 'gaza', 'benjamin', 'terrorist', 'jerusalem', 'netanyahu', 'qatar', 'antisemitism']",116,[8],"[['israel', 'hamas', 'hostage', 'gaza', 'benjamin', 'netanyahu', 'bomb', 'qatar', 'antisemitism', 'terrorist']]",[0.994],[0.902],[0.909],0.902,0.909,continued,,,,,
115,13.0,"['farmer', 'farm', 'producer', 'agriculture', 'business', 'support', 'ohio', 'iowa', 'fuel', 'ag']",116,[20],"[['farmer', 'farm', 'agriculture', 'iowa', 'producer', 'rancher', 'ohio', 'discuss', 'meet', 'pork']]",[0.974],[0.692],[1.186],0.692,1.186,continued,,,,,
115,14.0,"['god', 'nation', 'lord', 'thump', 'bless', 'america', 'believe', 'psalm', 'prayer', 'pray']",116,[24],"[['disgust', 'agree', 'amen', 'good', 'truth', 'horrible', 'disgusting', 'soon', 'video', 'fix']]",[0.836],[0.372],[0.724],0.372,0.724,disappeared,,,,,
115,15.0,"['nominee', 'senate', 'confirm', 'obstruction', 'democrats', 'vote', 'schumer', 'senategop', 'president', 'rule']",116,[16],"[['nominee', 'senate', 'obstruction', 'confirm', 'democrats', 'vote', 'senategop', 'schumer', 'rule', 'change']]",[0.996],[0.973],[1.25],0.973,1.25,continued,,,,,
115,16.0,"['vladimir', 'putin', 'nato', 'russia', 'ukraine', 'poland', 'ally', 'drone', 'russian', 'baltic']",116,[10],"[['vladimir', 'putin', 'russia', 'nato', 'ukraine', 'poland', 'russian', 'drone', 'ally', 'sanction']]",[0.995],[0.888],[0.772],0.888,0.772,continued,,,,,
115,17.0,"['suicide', 'prevention', 'text', 'help', 'lifeline', 'crisis', 'mental', 'call', 'alone', 'day']",116,[19],"[['suicide', 'prevention', 'text', 'help', 'mental', 'alone', 'struggle', 'crisis', 'call', 'lifeline']]",[0.992],[0.916],[1.324],0.916,1.324,continued,,,,,
115,18.0,"['office', 'team', 'help', 'agency', 'federal', 'internal', 'revenue', 'service', 'passport', 'social']",116,[17],"[['office', 'help', 'team', 'agency', 'federal', 'social', 'assistance', 'passport', 'hour', 'internal']]",[0.991],[0.941],[0.988],0.941,0.988,continued,,,,,
115,19.0,"['garden', 'white', 'club', 'dinner', 'night', 'president', 'house', 'rise', 'rose', 'inaugural']",116,[],[],[],[],[],0.0,0.0,disappeared,,,,,
115,20.0,"['tax', 'cut', 'family', 'tip', 'work', 'taxis', 'relief', 'money', 'overtime', 'earn']",116,[25],"[['tax', 'cut', 'family', 'work', 'tip', 'taxis', 'overtime', 'relief', 'money', 'small']]",[0.983],[0.87],[1.196],0.87,1.196,continued,,,,,
115,21.0,"['season', 'game', 'go', 'football', 'win', 'packer', 'tonight', 'night', 'fan', 'cyhawk']",116,[],[],[],[],[],0.0,0.0,disappeared,,,,,
115,22.0,"['housing', 'affordable', 'home', 'urban', 'development', 'homeownership', 'cost', 'department', 'crisis', 'affordability']",116,[21],"[['housing', 'affordable', 'home', 'urban', 'development', 'tape', 'red', 'department', 'homeownership', 'cost']]",[0.995],[0.973],[1.058],0.973,1.058,continued,,,,,
115,23.0,"['great', 'park', 'festival', 'community', 'local', 'celebrate', 'event', 'county', 'fair', 'enjoy']",116,[7],"[['veteran', 'great', 'meet', 'thank', 'virginia', 'work', 'welcome', 'week', 'washington', 'vfw']]",[0.801],[0.594],[0.304],0.594,0.304,disappeared,,,,,
115,24.0,"['academy', 'service', 'nomination', 'application', 'interested', 'student', 'learn', 'apply', 'attend', 'nominate']",116,[23],"[['academy', 'service', 'nomination', 'school', 'learn', 'application', 'high', 'apply', 'interested', 'student']]",[0.99],[0.971],[1.063],0.971,1.063,continued,,,,,
115,25.0,"['illegal', 'border', 'entry', 'immigration', 'joe', 'biden', 'stop', 'secure', 'penalty', 'alien']",116,[22],"[['illegal', 'border', 'entry', 'stop', 'immigration', 'alien', 'penalty', 'act', 'law', 'immigrant']]",[0.99],[0.94],[0.984],0.94,0.984,continued,,,,,
115,26.0,"['tune', 'uap', 'watch', 'si', 'et', 'full', 'youtu', 'live', 'remark', 'join']",116,[],[],[],[],[],0.0,0.0,disappeared,,,,,
115,27.0,"['china', 'india', 'chinese', 'taiwan', 'communist', 'cyber', 'pacific', 'relationship', 'trade', 'security']",116,[],[],[],[],[],0.0,0.0,disappeared,,,,,
116,0.0,"['kirk', 'charlie', 'violence', 'political', 'pray', 'family', 'country', 'prayer', 'young', 'place']",117,"[5, 21]","[['kirk', 'charlie', 'legacy', 'honor', 'life', 'faith', 'vigil', 'god', 'remember', 'capitol'], ['kirk', 'charlie', 'violence', 'political', 'assassination', 'murder', 'death', 'hate', 'leave', 'not']]","[0.936, 0.936]","[0.427, 0.436]","[2.238, 4.968]",0.863,7.205,split,,,,,
116,1.0,"['lose', 'forget', 'life', 'remember', 'responder', 'never', 'honor', 'september', 'first', 'day']",117,[9],"[['honor', 'veteran', 'service', 'hero', 'sacrifice', 'life', 'first', 'community', 'responder', 'proud']]",[0.832],[0.681],[2.855],0.681,2.855,unclear,,,,,
116,2.0,"['care', 'health', 'republicans', 'cost', 'healthcare', 'premium', 'cut', 'medicaid', 'rural', 'insurance']",117,"[1, 3]","[['care', 'health', 'republicans', 'premium', 'cost', 'affordable', 'credit', 'shutdown', 'tax', 'healthcare'], ['cancer', 'rural', 'health', 'care', 'research', 'patient', 'hospital', 'access', 'transformation', 'detection']]","[0.95, 0.881]","[0.609, 0.315]","[0.624, 0.513]",0.924,1.137,split,,,,,
116,3.0,"['defense', 'authorization', 'national', 'act', 'fy', 'military', 'vote', 'security', 'house', 'amendment']",117,[24],"[['defense', 'authorization', 'military', 'national', 'act', 'fy', 'department', 'troop', 'pass', 'bill']]",[0.976],[0.685],[2.659],0.685,2.659,continued,,,,,
116,4.0,"['crime', 'criminal', 'iryna', 'city', 'violent', 'memphis', 'safe', 'zarutska', 'law', 'president']",117,[13],"[['dc', 'crime', 'juvenile', 'capital', 'bill', 'adult', 'criminal', 'violent', 'safe', 'act']]",[0.875],[0.354],[0.783],0.354,0.783,disappeared,,,,,
116,5.0,"['tariff', 'donald', 'trump', 'price', 'job', 'economy', 'inflation', 'cost', 'grocery', 'business']",117,[0],"[['tariff', 'donald', 'trump', 'price', 'tax', 'economy', 'family', 'reserve', 'cost', 'inflation']]",[0.977],[0.918],[0.635],0.918,0.635,continued,,,,,
116,6.0,"['disaster', 'fire', 'emergency', 'wildfire', 'weather', 'federal', 'community', 'water', 'management', 'agency']",117,[7],"[['energy', 'environmental', 'climate', 'protection', 'clean', 'agency', 'coal', 'grid', 'permit', 'gas']]",[0.797],[0.332],[0.385],0.332,0.385,disappeared,,,,,
116,7.0,"['veteran', 'great', 'meet', 'thank', 'virginia', 'work', 'welcome', 'week', 'washington', 'vfw']",117,"[9, 11]","[['honor', 'veteran', 'service', 'hero', 'sacrifice', 'life', 'first', 'community', 'responder', 'proud'], ['business', 'small', 'local', 'community', 'great', 'discuss', 'support', 'infrastructure', 'work', 'job']]","[0.885, 0.857]","[0.422, 0.363]","[0.343, 0.34]",0.785,0.684,unclear,,,,,
116,8.0,"['israel', 'hamas', 'hostage', 'gaza', 'benjamin', 'netanyahu', 'bomb', 'qatar', 'antisemitism', 'terrorist']",117,[15],"[['israel', 'gaza', 'hostage', 'benjamin', 'hamas', 'israeli', 'netanyahu', 'peace', 'abraham', 'east']]",[0.968],[0.803],[0.883],0.803,0.883,continued,,,,,
116,9.0,"['epstein', 'file', 'release', 'donald', 'survivor', 'trump', 'jeffrey', 'justice', 'cover', 'deserve']",117,[27],"[['epstein', 'file', 'release', 'jeffrey', 'patel', 'survivor', 'investigation', 'bureau', 'of', 'justice']]",[0.975],[0.815],[1.312],0.815,1.312,continued,,,,,
116,10.0,"['vladimir', 'putin', 'russia', 'nato', 'ukraine', 'poland', 'russian', 'drone', 'ally', 'sanction']",117,[28],"[['vladimir', 'putin', 'russia', 'ukraine', 'sanction', 'russian', 'war', 'europe', 'nato', 'drone']]",[0.97],[0.862],[1.631],0.862,1.631,continued,,,,,
116,11.0,"['hispanic', 'month', 'heritage', 'contribution', 'celebrate', 'culture', 'community', 'latino', 'hispanicheritagemonth', 'happy']",117,[8],"[['hispanic', 'month', 'heritage', 'contribution', 'culture', 'celebrate', 'community', 'latino', 'hispanicheritagemonth', 'history']]",[0.999],[0.956],[0.639],0.956,0.639,continued,,,,,
116,12.0,"['violence', 'political', 'condemn', 'acceptable', 'democracy', 'never', 'country', 'must', 'place', 'freedom']",117,[10],"[['violence', 'political', 'radical', 'must', 'condemn', 'leave', 'rhetoric', 'fascist', 'left', 'democracy']]",[0.962],[0.946],[0.669],0.946,0.669,continued,,,,,
116,13.0,"['vaccine', 'health', 'john', 'rfk', 'kennedy', 'and', 'jr', 'science', 'covid', 'disease']",117,[14],"[['vaccine', 'rfk', 'john', 'jr', 'and', 'disease', 'for', 'centers', 'health', 'kennedy']]",[0.985],[0.925],[0.683],0.925,0.683,continued,,,,,
116,15.0,"['student', 'education', 'school', 'sport', 'program', 'mental', 'funding', 'child', 'kid', 'college']",117,[17],"[['education', 'student', 'child', 'school', 'funding', 'program', 'teacher', 'educator', 'head', 'college']]",[0.971],[0.756],[0.602],0.756,0.602,continued,,,,,
116,16.0,"['nominee', 'senate', 'obstruction', 'confirm', 'democrats', 'vote', 'senategop', 'schumer', 'rule', 'change']",117,[],[],[],[],[],0.0,0.0,disappeared,,,,,
116,17.0,"['office', 'help', 'team', 'agency', 'federal', 'social', 'assistance', 'passport', 'hour', 'internal']",117,[12],"[['office', 'hall', 'pm', 'town', 'join', 'hour', 'telephone', 'team', 'help', 'passport']]",[0.932],[0.901],[0.537],0.901,0.537,continued,,,,,
116,18.0,"['school', 'gun', 'evergreen', 'shooting', 'high', 'violence', 'colorado', 'shoot', 'denver', 'community']",117,[25],"[['officer', 'police', 'york', 'enforcement', 'county', 'family', 'prayer', 'pray', 'law', 'pennsylvania']]",[0.709],[0.382],[0.345],0.382,0.345,disappeared,,,,,
116,19.0,"['suicide', 'prevention', 'text', 'help', 'mental', 'alone', 'struggle', 'crisis', 'call', 'lifeline']",117,[],[],[],[],[],0.0,0.0,disappeared,,,,,
116,20.0,"['farmer', 'farm', 'agriculture', 'iowa', 'producer', 'rancher', 'ohio', 'discuss', 'meet', 'pork']",117,[16],"[['farmer', 'farm', 'agriculture', 'producer', 'iowa', 'crop', 'bill', 'industry', 'rancher', 'ag']]",[0.976],[0.8],[0.491],0.8,0.491,unclear,,,,,
116,21.0,"['housing', 'affordable', 'home', 'urban', 'development', 'tape', 'red', 'department', 'homeownership', 'cost']",117,[30],"[['housing', 'affordable', 'home', 'dream', 'solution', 'red', 'tape', 'cost', 'crisis', 'need']]",[0.978],[0.928],[1.016],0.928,1.016,continued,,,,,
116,23.0,"['academy', 'service', 'nomination', 'school', 'learn', 'application', 'high', 'apply', 'interested', 'student']",117,[29],"[['academy', 'service', 'nomination', 'interested', 'learn', 'military', 'attend', 'application', 'process', 'student']]",[0.992],[0.905],[0.877],0.905,0.877,continued,,,,,
116,24.0,"['disgust', 'agree', 'amen', 'good', 'truth', 'horrible', 'disgusting', 'soon', 'video', 'fix']",117,[26],"[['tune', 'watch', 'live', 'si', 'mario', 'youtu', 'full', 'youtube', 'stream', 'newsnation']]",[0.839],[0.534],[0.392],0.534,0.392,disappeared,,,,,
116,25.0,"['tax', 'cut', 'family', 'work', 'tip', 'taxis', 'overtime', 'relief', 'money', 'small']",117,[],[],[],[],[],0.0,0.0,disappeared,,,,,
116,26.0,"['assassination', 'celebrate', 'fire', 'teacher', 'kirk', 'university', 'charlie', 'clemson', 'professor', 'school']",117,[],[],[],[],[],0.0,0.0,disappeared,,,,,
116,,,117,,,,"[0.868, 0.891]","[0.705, 0.509]",1.759,1.214,merge,"[14, 22]","[['court', 'ice', 'supreme', 'racial', 'profiling', 'donald', 'target', 'trump', 'base', 'immigrant'], ['illegal', 'border', 'entry', 'stop', 'immigration', 'alien', 'penalty', 'act', 'law', 'immigrant']]",18.0,"['ice', 'illegal', 'immigration', 'immigrant', 'alien', 'court', 'border', 'detain', 'detention', 'law']","[0.921, 0.86]"
117,0.0,"['tariff', 'donald', 'trump', 'price', 'tax', 'economy', 'family', 'reserve', 'cost', 'inflation']",118,[2],"[['tariff', 'donald', 'trump', 'tax', 'price', 'family', 'economy', 'business', 'reserve', 'pay']]",[0.997],[0.846],[0.861],0.846,0.861,continued,,,,,
117,1.0,"['care', 'health', 'republicans', 'premium', 'cost', 'affordable', 'credit', 'shutdown', 'tax', 'healthcare']",118,[0],"[['care', 'health', 'republicans', 'government', 'shutdown', 'premium', 'cost', 'bill', 'republican', 'affordable']]",[0.985],[0.919],[0.394],0.919,0.394,disappeared,,,,,
117,2.0,"['constitution', 'day', 'freedom', 'sign', 'liberty', 'document', 'found', 'defend', 'today', 'principle']",118,[6],"[['constitution', 'day', 'sign', 'freedom', 'liberty', 'document', 'found', 'defend', 'principle', 'today']]",[1.0],[0.958],[0.942],0.958,0.942,continued,,,,,
117,3.0,"['cancer', 'rural', 'health', 'care', 'research', 'patient', 'hospital', 'access', 'transformation', 'detection']",118,[9],"[['cancer', 'research', 'patient', 'health', 'access', 'care', 'treatment', 'detection', 'early', 'hospital']]",[0.976],[0.796],[1.006],0.796,1.006,continued,,,,,
117,4.0,"['birthday', 'air', 'force', 'happy', 'usairforce', 'sky', 'th', 'brave', 'woman', 'defend']",118,[5],"[['birthday', 'air', 'force', 'happy', 'usairforce', 'th', 'sky', 'woman', 'thank', 'brave']]",[0.999],[0.948],[0.827],0.948,0.827,continued,,,,,
117,5.0,"['kirk', 'charlie', 'legacy', 'honor', 'life', 'faith', 'vigil', 'god', 'remember', 'capitol']",118,[7],"[['kirk', 'charlie', 'legacy', 'life', 'honor', 'faith', 'god', 'love', 'resolution', 'vigil']]",[0.997],[0.941],[0.795],0.941,0.795,continued,,,,,
117,6.0,"['speech', 'kimmel', 'free', 'jimmy', 'communications', 'commission', 'donald', 'trump', 'silence', 'abc']",118,[3],"[['speech', 'kimmel', 'free', 'communications', 'commission', 'jimmy', 'donald', 'trump', 'federal', 'silence']]",[0.996],[0.868],[0.531],0.868,0.531,continued,,,,,
117,7.0,"['energy', 'environmental', 'climate', 'protection', 'clean', 'agency', 'coal', 'grid', 'permit', 'gas']",118,"[19, 22]","[['agency', 'environmental', 'protection', 'climate', 'emergency', 'wildfire', 'disaster', 'management', 'water', 'community'], ['energy', 'grid', 'permit', 'clean', 'power', 'cost', 'reliable', 'electricity', 'bill', 'coal']]","[0.891, 0.939]","[0.374, 0.497]","[0.578, 0.899]",0.872,1.477,split,,,,,
117,8.0,"['hispanic', 'month', 'heritage', 'contribution', 'culture', 'celebrate', 'community', 'latino', 'hispanicheritagemonth', 'history']",118,[8],"[['hispanic', 'month', 'heritage', 'contribution', 'culture', 'celebrate', 'community', 'latino', 'hispanicheritagemonth', 'history']]",[0.995],[0.959],[0.822],0.959,0.822,continued,,,,,
117,9.0,"['honor', 'veteran', 'service', 'hero', 'sacrifice', 'life', 'first', 'community', 'responder', 'proud']",118,[],[],[],[],[],0.0,0.0,disappeared,,,,,
117,10.0,"['violence', 'political', 'radical', 'must', 'condemn', 'leave', 'rhetoric', 'fascist', 'left', 'democracy']",118,[11],"[['violence', 'political', 'radical', 'rhetoric', 'leave', 'antifa', 'people', 'must', 'left', 'fascist']]",[0.993],[0.898],[0.865],0.898,0.865,continued,,,,,
117,11.0,"['business', 'small', 'local', 'community', 'great', 'discuss', 'support', 'infrastructure', 'work', 'job']",118,[1],"[['business', 'farmer', 'discuss', 'great', 'farm', 'community', 'meet', 'support', 'work', 'association']]",[0.961],[0.812],[0.305],0.812,0.305,disappeared,,,,,
117,12.0,"['office', 'hall', 'pm', 'town', 'join', 'hour', 'telephone', 'team', 'help', 'passport']",118,[17],"[['hall', 'town', 'office', 'pm', 'team', 'join', 'telephone', 'passport', 'hour', 'help']]",[0.996],[0.904],[1.008],0.904,1.008,continued,,,,,
117,13.0,"['dc', 'crime', 'juvenile', 'capital', 'bill', 'adult', 'criminal', 'violent', 'safe', 'act']",118,[4],"[['crime', 'dc', 'memphis', 'safe', 'law', 'adult', 'city', 'criminal', 'violent', 'capital']]",[0.977],[0.953],[0.504],0.953,0.504,continued,,,,,
117,14.0,"['vaccine', 'rfk', 'john', 'jr', 'and', 'disease', 'for', 'centers', 'health', 'kennedy']",118,[12],"[['vaccine', 'rfk', 'jr', 'john', 'disease', 'and', 'for', 'centers', 'kennedy', 'health']]",[0.99],[0.913],[0.71],0.913,0.71,continued,,,,,
117,15.0,"['israel', 'gaza', 'hostage', 'benjamin', 'hamas', 'israeli', 'netanyahu', 'peace', 'abraham', 'east']",118,[16],"[['israel', 'gaza', 'hostage', 'hamas', 'israeli', 'benjamin', 'netanyahu', 'abraham', 'genocide', 'peace']]",[0.996],[0.95],[0.927],0.95,0.927,continued,,,,,
117,16.0,"['farmer', 'farm', 'agriculture', 'producer', 'iowa', 'crop', 'bill', 'industry', 'rancher', 'ag']",118,[],[],[],[],[],0.0,0.0,disappeared,,,,,
117,17.0,"['education', 'student', 'child', 'school', 'funding', 'program', 'teacher', 'educator', 'head', 'college']",118,[21],"[['education', 'student', 'school', 'child', 'program', 'head', 'funding', 'start', 'teacher', 'kid']]",[0.994],[0.956],[1.038],0.956,1.038,continued,,,,,
117,18.0,"['ice', 'illegal', 'immigration', 'immigrant', 'alien', 'court', 'border', 'detain', 'detention', 'law']",118,[13],"[['ice', 'immigration', 'illegal', 'border', 'detain', 'immigrant', 'law', 'child', 'alien', 'community']]",[0.991],[0.973],[0.752],0.973,0.752,continued,,,,,
117,19.0,"['bureau', 'investigation', 'of', 'patel', 'kash', 'federal', 'director', 'fbidirectorkash', 'judge', 'joe']",118,[10],"[['investigation', 'bureau', 'of', 'patel', 'kash', 'federal', 'director', 'homan', 'donald', 'trump']]",[0.983],[0.926],[0.606],0.926,0.606,continued,,,,,
117,20.0,"['app', 'challenge', 'congressional', 'nationalappchallengeday', 'student', 'october', 'submit', 'middle', 'code', 'high']",118,[20],"[['app', 'challenge', 'congressional', 'nationalappchallengeday', 'student', 'october', 'submit', 'middle', 'showcase', 'high']]",[0.999],[0.907],[0.915],0.907,0.915,continued,,,,,
117,21.0,"['kirk', 'charlie', 'violence', 'political', 'assassination', 'murder', 'death', 'hate', 'leave', 'not']",118,[15],"[['kirk', 'charlie', 'violence', 'political', 'assassination', 'murder', 'condemn', 'death', 'leave', 'resolution']]",[0.993],[0.957],[0.664],0.957,0.664,continued,,,,,
117,22.0,"['ai', 'china', 'communist', 'taiwan', 'chinese', 'america', 'global', 'must', 'artificial', 'intelligence']",118,[23],"[['ai', 'china', 'communist', 'chinese', 'america', 'technology', 'must', 'military', 'lead', 'innovation']]",[0.977],[0.744],[0.713],0.744,0.713,continued,,,,,
117,23.0,"['registration', 'vote', 'voter', 'register', 'voice', 'nationalvoterregistrationday', 'check', 'day', 'national', 'democracy']",118,[24],"[['registration', 'voter', 'vote', 'register', 'voice', 'nationalvoterregistrationday', 'check', 'national', 'day', 'democracy']]",[0.999],[0.944],[0.924],0.944,0.924,continued,,,,,
117,24.0,"['defense', 'authorization', 'military', 'national', 'act', 'fy', 'department', 'troop', 'pass', 'bill']",118,[30],"[['veteran', 'va', 'pass', 'care', 'bill', 'house', 'service', 'benefit', 'access', 'veterans']]",[0.757],[0.435],[0.74],0.435,0.74,unclear,,,,,
117,25.0,"['officer', 'police', 'york', 'enforcement', 'county', 'family', 'prayer', 'pray', 'law', 'pennsylvania']",118,[14],"[['officer', 'family', 'york', 'police', 'county', 'enforcement', 'community', 'pray', 'prayer', 'pennsylvania']]",[0.98],[0.905],[0.547],0.905,0.547,continued,,,,,
117,26.0,"['tune', 'watch', 'live', 'si', 'mario', 'youtu', 'full', 'youtube', 'stream', 'newsnation']",118,[],[],[],[],[],0.0,0.0,disappeared,,,,,
117,27.0,"['epstein', 'file', 'release', 'jeffrey', 'patel', 'survivor', 'investigation', 'bureau', 'of', 'justice']",118,[26],"[['epstein', 'file', 'release', 'jeffrey', 'acosta', 'patel', 'investigation', 'alex', 'bureau', 'survivor']]",[0.985],[0.844],[0.833],0.844,0.833,continued,,,,,
117,28.0,"['vladimir', 'putin', 'russia', 'ukraine', 'sanction', 'russian', 'war', 'europe', 'nato', 'drone']",118,[25],"[['vladimir', 'putin', 'russia', 'ukraine', 'nato', 'russian', 'sanction', 'europe', 'oil', 'war']]",[0.978],[0.954],[0.785],0.954,0.785,continued,,,,,
117,29.0,"['academy', 'service', 'nomination', 'interested', 'learn', 'military', 'attend', 'application', 'process', 'student']",118,[29],"[['academy', 'service', 'nomination', 'learn', 'student', 'interested', 'application', 'military', 'apply', 'attend']]",[0.99],[0.892],[0.983],0.892,0.983,continued,,,,,
117,30.0,"['housing', 'affordable', 'home', 'dream', 'solution', 'red', 'tape', 'cost', 'crisis', 'need']",118,[],[],[],[],[],0.0,0.0,disappeared,,,,,
117,31.0,"['memphis', 'crime', 'guard', 'city', 'violent', 'safe', 'order', 'national', 'law', 'president']",118,[],[],[],[],[],0.0,0.0,disappeared,,,,,
117,32.0,"['kirk', 'justice', 'charlie', 'enforcement', 'law', 'assassin', 'utah', 'suspect', 'investigation', 'bureau']",118,[],[],[],[],[],0.0,0.0,disappeared,,,,,
117,33.0,"['mental', 'health', 'child', 'school', 'youth', 'peer', 'chatbot', 'student', 'access', 'social']",118,[],[],[],[],[],0.0,0.0,disappeared,,,,,
117,34.0,"['omar', 'ilhan', 'censure', 'mace', 'nancy', 'kirk', 'assassination', 'rep', 'comment', 'committee']",118,[27],"[['omar', 'ilhan', 'censure', 'mace', 'committee', 'somalia', 'kirk', 'nancy', 'rep', 'assassination']]",[0.99],[0.784],[0.645],0.784,0.645,continued,,,,,
