topic,successors,antecedents
0_0,"['1_0', '1_1', '1_5']",[]
0_1,"['1_2', '1_3', '1_12']",[]
0_2,"['1_4', '1_0', '1_13']",[]
0_3,"['1_2', '1_3', '1_6']",[]
0_4,"['1_7', '1_0', '1_9']",[]
0_5,"['1_6', '1_3', '1_13']",[]
1_0,"['2_2', '2_8', '2_15']","['0_0', '0_2', '0_4']"
1_1,"['2_3', '2_5', '2_2']","['0_0', '0_5', '0_2']"
1_2,"['2_0', '2_6', '2_1']","['0_1', '0_3', '0_0']"
1_3,"['2_1', '2_6', '2_9']","['0_0', '0_3', '0_5']"
1_4,"['2_4', '2_2', '2_0']","['0_2', '0_0', '0_4']"
1_5,"['2_9', '2_14', '2_10']","['0_0', '0_3', '0_5']"
1_6,"['2_6', '2_1', '2_9']","['0_0', '0_5', '0_3']"
1_7,"['2_2', '2_8', '2_4']","['0_4', '0_0', '0_2']"
1_8,"['2_12', '2_18', '2_8']","['0_0', '0_5', '0_3']"
1_9,"['2_2', '2_10', '2_11']","['0_0', '0_4', '0_2']"
1_10,"['2_11', '2_2', '2_10']","['0_0', '0_4', '0_2']"
1_11,"['2_13', '2_2', '2_9']","['0_0', '0_2', '0_4']"
1_12,"['2_2', '2_3', '2_17']","['0_0', '0_1', '0_2']"
1_13,"['2_2', '2_3', '2_13']","['0_0', '0_5', '0_2']"
2_0,"['3_1', '3_0', '3_2']","['1_2', '1_13', '1_3']"
2_1,"['3_0', '3_3', '3_1']","['1_3', '1_6', '1_5']"
2_2,"['3_0', '3_3', '3_2']","['1_0', '1_1', '1_13']"
2_3,"['3_0', '3_3', '3_1']","['1_1', '1_0', '1_13']"
2_4,"['3_2', '3_1', '3_0']","['1_4', '1_0', '1_13']"
2_5,"['3_0', '3_1', '3_3']","['1_1', '1_0', '1_13']"
2_6,"['3_0', '3_3', '3_1']","['1_6', '1_3', '1_5']"
2_7,"['3_0', '3_3', '3_1']","['1_0', '1_1', '1_8']"
2_8,"['3_0', '3_2', '3_3']","['1_0', '1_8', '1_10']"
2_9,"['3_0', '3_3', '3_1']","['1_5', '1_6', '1_3']"
2_10,"['3_0', '3_3', '3_1']","['1_5', '1_0', '1_13']"
2_11,"['3_0', '3_2', '3_1']","['1_10', '1_0', '1_9']"
2_12,"['3_0', '3_3', '3_1']","['1_8', '1_0', '1_6']"
2_13,"['3_0', '3_3', '3_2']","['1_11', '1_13', '1_0']"
2_14,"['3_0', '3_3', '3_1']","['1_5', '1_6', '1_3']"
2_15,"['3_0', '3_3', '3_2']","['1_0', '1_5', '1_8']"
2_16,"['3_0', '3_2', '3_1']","['1_0', '1_1', '1_9']"
2_17,"['3_0', '3_3', '3_2']","['1_6', '1_0', '1_1']"
2_18,"['3_0', '3_3', '3_1']","['1_8', '1_3', '1_5']"
2_19,"['3_0', '3_3', '3_1']","['1_0', '1_5', '1_8']"
3_0,"['4_0', '4_16', '4_9']","['2_2', '2_3', '2_7']"
3_1,"['4_3', '4_1', '4_12']","['2_0', '2_6', '2_1']"
3_2,"['4_2', '4_5', '4_12']","['2_4', '2_2', '2_11']"
3_3,"['4_14', '4_1', '4_8']","['2_9', '2_1', '2_6']"
4_0,"['5_1', '5_3', '5_9']","['3_0', '3_3', '3_1']"
4_1,"['5_0', '5_11', '5_3']","['3_0', '3_3', '3_1']"
4_2,"['5_4', '5_5', '5_10']","['3_2', '3_0', '3_1']"
4_3,"['5_2', '5_11', '5_0']","['3_1', '3_0', '3_3']"
4_4,"['5_7', '5_10', '5_13']","['3_0', '3_2', '3_1']"
4_5,"['5_5', '5_10', '5_13']","['3_2', '3_0', '3_3']"
4_6,"['5_8', '5_3', '5_12']","['3_0', '3_2', '3_3']"
4_7,"['5_15', '5_3', '5_10']","['3_0', '3_3', '3_2']"
4_8,"['5_14', '5_15', '5_3']","['3_0', '3_3', '3_1']"
4_9,"['5_15', '5_3', '5_12']","['3_0', '3_3', '3_2']"
4_10,"['5_12', '5_3', '5_15']","['3_0', '3_3', '3_2']"
4_11,"['5_13', '5_5', '5_10']","['3_2', '3_0', '3_3']"
4_12,"['5_10', '5_5', '5_3']","['3_0', '3_2', '3_1']"
4_13,"['5_3', '5_0', '5_1']","['3_0', '3_3', '3_1']"
4_14,"['5_0', '5_14', '5_6']","['3_3', '3_0', '3_1']"
4_15,"['5_11', '5_3', '5_0']","['3_0', '3_3', '3_1']"
4_16,"['5_3', '5_1', '5_15']","['3_0', '3_3', '3_2']"
4_17,"['5_12', '5_3', '5_9']","['3_0', '3_3', '3_2']"
5_0,"['6_0', '6_1', '6_4']","['4_1', '4_15', '4_14']"
5_1,"['6_0', '6_4', '6_2']","['4_0', '4_16', '4_9']"
5_2,"['6_1', '6_0', '6_2']","['4_3', '4_1', '4_15']"
5_3,"['6_0', '6_2', '6_4']","['4_16', '4_9', '4_10']"
5_4,"['6_2', '6_3', '6_0']","['4_2', '4_5', '4_12']"
5_5,"['6_2', '6_3', '6_0']","['4_5', '4_11', '4_12']"
5_6,"['6_0', '6_4', '6_1']","['4_8', '4_7', '4_1']"
5_7,"['6_3', '6_0', '6_2']","['4_4', '4_9', '4_12']"
5_8,"['6_0', '6_2', '6_3']","['4_6', '4_16', '4_9']"
5_9,"['6_0', '6_4', '6_2']","['4_0', '4_9', '4_16']"
5_10,"['6_2', '6_0', '6_3']","['4_12', '4_5', '4_9']"
5_11,"['6_1', '6_0', '6_4']","['4_15', '4_3', '4_1']"
5_12,"['6_0', '6_2', '6_4']","['4_10', '4_17', '4_9']"
5_13,"['6_3', '6_2', '6_0']","['4_11', '4_5', '4_12']"
5_14,"['6_0', '6_4', '6_2']","['4_8', '4_16', '4_10']"
5_15,"['6_0', '6_4', '6_2']","['4_9', '4_7', '4_8']"
6_0,"['7_0', '7_3', '7_11']","['5_3', '5_0', '5_15']"
6_1,"['7_1', '7_4', '7_15']","['5_2', '5_11', '5_0']"
6_2,"['7_0', '7_9', '7_13']","['5_5', '5_10', '5_13']"
6_3,"['7_13', '7_0', '7_9']","['5_13', '5_5', '5_10']"
6_4,"['7_14', '7_8', '7_0']","['5_15', '5_6', '5_3']"
7_0,"['8_0', '8_9', '8_7']","['6_0', '6_2', '6_4']"
7_1,"['8_2', '8_10', '8_8']","['6_1', '6_0', '6_2']"
7_2,"['8_1', '8_4', '8_3']","['6_0', '6_1', '6_4']"
7_3,"['8_0', '8_8', '8_9']","['6_0', '6_4', '6_2']"
7_4,"['8_8', '8_1', '8_9']","['6_0', '6_1', '6_4']"
7_5,"['8_4', '8_11', '8_1']","['6_0', '6_1', '6_4']"
7_6,"['8_3', '8_7', '8_1']","['6_0', '6_4', '6_1']"
7_7,"['8_0', '8_5', '8_6']","['6_0', '6_4', '6_2']"
7_8,"['8_7', '8_3', '8_11']","['6_0', '6_4', '6_1']"
7_9,"['8_6', '8_0', '8_9']","['6_0', '6_2', '6_1']"
7_10,"['8_5', '8_0', '8_9']","['6_0', '6_4', '6_2']"
7_11,"['8_0', '8_7', '8_5']","['6_0', '6_4', '6_2']"
7_12,"['8_11', '8_4', '8_7']","['6_0', '6_4', '6_1']"
7_13,"['8_0', '8_6', '8_5']","['6_0', '6_3', '6_4']"
7_14,"['8_7', '8_0', '8_3']","['6_4', '6_0', '6_2']"
7_15,"['8_10', '8_2', '8_8']","['6_0', '6_1', '6_4']"
8_0,"['9_0', '9_6', '9_7']","['7_0', '7_3', '7_11']"
8_1,"['9_1', '9_4', '9_12']","['7_2', '7_5', '7_4']"
8_2,"['9_2', '9_10', '9_1']","['7_1', '7_15', '7_4']"
8_3,"['9_5', '9_11', '9_1']","['7_6', '7_8', '7_12']"
8_4,"['9_4', '9_8', '9_1']","['7_5', '7_12', '7_2']"
8_5,"['9_3', '9_0', '9_1']","['7_10', '7_7', '7_0']"
8_6,"['9_7', '9_0', '9_6']","['7_9', '7_0', '7_7']"
8_7,"['9_11', '9_8', '9_5']","['7_8', '7_12', '7_6']"
8_8,"['9_12', '9_6', '9_1']","['7_4', '7_2', '7_15']"
8_9,"['9_6', '9_0', '9_7']","['7_4', '7_0', '7_9']"
8_10,"['9_10', '9_2', '9_1']","['7_15', '7_4', '7_2']"
8_11,"['9_8', '9_11', '9_4']","['7_12', '7_5', '7_8']"
9_0,"['10_14', '10_1', '10_18']","['8_0', '8_9', '8_7']"
9_1,"['10_2', '10_5', '10_9']","['8_1', '8_4', '8_8']"
9_2,"['10_4', '10_13', '10_9']","['8_2', '8_10', '8_1']"
9_3,"['10_0', '10_18', '10_9']","['8_5', '8_0', '8_1']"
9_4,"['10_5', '10_2', '10_9']","['8_4', '8_1', '8_11']"
9_5,"['10_15', '10_10', '10_0']","['8_3', '8_7', '8_11']"
9_6,"['10_6', '10_1', '10_13']","['8_9', '8_0', '8_8']"
9_7,"['10_13', '10_9', '10_15']","['8_6', '8_9', '8_3']"
9_8,"['10_5', '10_9', '10_10']","['8_11', '8_4', '8_7']"
9_9,"['10_13', '10_4', '10_6']","['8_9', '8_2', '8_6']"
9_10,"['10_9', '10_4', '10_2']","['8_10', '8_8', '8_2']"
9_11,"['10_10', '10_14', '10_15']","['8_7', '8_11', '8_3']"
9_12,"['10_9', '10_0', '10_2']","['8_8', '8_11', '8_1']"
10_0,"['11_0', '11_3', '11_1']","['9_3', '9_1', '9_0']"
10_1,"['11_0', '11_2', '11_3']","['9_0', '9_6', '9_8']"
10_2,"['11_0', '11_1', '11_3']","['9_1', '9_4', '9_10']"
10_3,"['11_1', '11_2', '11_0']","['9_0', '9_6', '9_3']"
10_4,"['11_0', '11_2', '11_3']","['9_2', '9_10', '9_1']"
10_5,"['11_0', '11_3', '11_2']","['9_4', '9_1', '9_8']"
10_6,"['11_0', '11_1', '11_2']","['9_0', '9_6', '9_7']"
10_7,"['11_0', '11_2', '11_1']","['9_0', '9_7', '9_6']"
10_8,"['11_2', '11_1', '11_0']","['9_0', '9_9', '9_7']"
10_9,"['11_0', '11_1', '11_3']","['9_12', '9_1', '9_10']"
10_10,"['11_0', '11_3', '11_1']","['9_11', '9_5', '9_8']"
10_11,"['11_0', '11_2', '11_1']","['9_0', '9_6', '9_8']"
10_12,"['11_0', '11_2', '11_1']","['9_0', '9_7', '9_6']"
10_13,"['11_0', '11_2', '11_1']","['9_9', '9_7', '9_6']"
10_14,"['11_0', '11_2', '11_1']","['9_0', '9_11', '9_6']"
10_15,"['11_0', '11_3', '11_1']","['9_5', '9_11', '9_7']"
10_16,"['11_0', '11_1', '11_3']","['9_0', '9_6', '9_3']"
10_17,"['11_0', '11_3', '11_1']","['9_0', '9_6', '9_3']"
10_18,"['11_0', '11_2', '11_1']","['9_0', '9_6', '9_7']"
11_0,"['12_12', '12_4', '12_2']","['10_1', '10_18', '10_14']"
11_1,"['12_10', '12_11', '12_8']","['10_3', '10_7', '10_8']"
11_2,"['12_10', '12_11', '12_8']","['10_8', '10_7', '10_3']"
11_3,"['12_0', '12_10', '12_9']","['10_0', '10_7', '10_3']"
12_0,"['13_2', '13_4', '13_0']","['11_0', '11_3', '11_1']"
12_1,"['13_0', '13_10', '13_7']","['11_0', '11_3', '11_1']"
12_2,"['13_0', '13_4', '13_2']","['11_0', '11_1', '11_2']"
12_3,"['13_1', '13_3', '13_4']","['11_0', '11_2', '11_1']"
12_4,"['13_1', '13_4', '13_6']","['11_0', '11_2', '11_1']"
12_5,"['13_9', '13_0', '13_7']","['11_0', '11_3', '11_1']"
12_6,"['13_8', '13_6', '13_1']","['11_0', '11_3', '11_1']"
12_7,"['13_6', '13_1', '13_4']","['11_0', '11_3', '11_2']"
12_8,"['13_1', '13_4', '13_3']","['11_0', '11_2', '11_1']"
12_9,"['13_1', '13_6', '13_4']","['11_0', '11_1', '11_3']"
12_10,"['13_1', '13_2', '13_4']","['11_2', '11_1', '11_0']"
12_11,"['13_1', '13_3', '13_4']","['11_2', '11_0', '11_1']"
12_12,"['13_4', '13_1', '13_6']","['11_0', '11_2', '11_1']"
12_13,"['13_1', '13_8', '13_6']","['11_0', '11_2', '11_1']"
12_14,"['13_0', '13_7', '13_5']","['11_0', '11_2', '11_1']"
13_0,"['14_0', '14_2', '14_1']","['12_2', '12_1', '12_12']"
13_1,"['14_0', '14_1', '14_2']","['12_3', '12_4', '12_13']"
13_2,"['14_0', '14_1', '14_2']","['12_0', '12_2', '12_12']"
13_3,"['14_1', '14_0', '14_2']","['12_3', '12_11', '12_8']"
13_4,"['14_0', '14_1', '14_2']","['12_12', '12_2', '12_3']"
13_5,"['14_2', '14_0', '14_1']","['12_14', '12_5', '12_1']"
13_6,"['14_0', '14_1', '14_2']","['12_7', '12_12', '12_13']"
13_7,"['14_0', '14_2', '14_1']","['12_2', '12_1', '12_12']"
13_8,"['14_0', '14_1', '14_2']","['12_6', '12_13', '12_7']"
13_9,"['14_0', '14_2', '14_1']","['12_5', '12_1', '12_2']"
13_10,"['14_0', '14_2', '14_1']","['12_1', '12_2', '12_4']"
14_0,"['15_0', '15_1', '15_12']","['13_1', '13_4', '13_0']"
14_1,"['15_5', '15_1', '15_3']","['13_3', '13_1', '13_4']"
14_2,"['15_6', '15_0', '15_1']","['13_5', '13_7', '13_0']"
15_0,"['16_2', '16_1', '16_6']","['14_0', '14_1', '14_2']"
15_1,"['16_0', '16_1', '16_12']","['14_0', '14_1', '14_2']"
15_2,"['16_4', '16_14', '16_10']","['14_0', '14_1', '14_2']"
15_3,"['16_0', '16_3', '16_1']","['14_0', '14_1', '14_2']"
15_4,"['16_5', '16_0', '16_13']","['14_0', '14_1', '14_2']"
15_5,"['16_0', '16_1', '16_17']","['14_1', '14_0', '14_2']"
15_6,"['16_3', '16_7', '16_17']","['14_0', '14_2', '14_1']"
15_7,"['16_9', '16_0', '16_2']","['14_0', '14_1', '14_2']"
15_8,"['16_11', '16_14', '16_15']","['14_0', '14_2', '14_1']"
15_9,"['16_10', '16_2', '16_4']","['14_0', '14_2', '14_1']"
15_10,"['16_8', '16_17', '16_6']","['14_0', '14_2', '14_1']"
15_11,"['16_15', '16_14', '16_0']","['14_0', '14_1', '14_2']"
15_12,"['16_17', '16_1', '16_2']","['14_0', '14_1', '14_2']"
15_13,"['16_16', '16_3', '16_11']","['14_0', '14_2', '14_1']"
15_14,"['16_13', '16_4', '16_14']","['14_0', '14_1', '14_2']"
15_15,"['16_5', '16_3', '16_9']","['14_0', '14_2', '14_1']"
16_0,"['17_12', '17_8', '17_7']","['15_1', '15_3', '15_5']"
16_1,"['17_7', '17_1', '17_12']","['15_0', '15_12', '15_6']"
16_2,"['17_1', '17_18', '17_4']","['15_0', '15_9', '15_12']"
16_3,"['17_2', '17_0', '17_18']","['15_6', '15_0', '15_13']"
16_4,"['17_6', '17_11', '17_5']","['15_2', '15_9', '15_14']"
16_5,"['17_22', '17_10', '17_8']","['15_4', '15_0', '15_8']"
16_6,"['17_4', '17_13', '17_1']","['15_0', '15_8', '15_6']"
16_7,"['17_3', '17_18', '17_2']","['15_6', '15_0', '15_12']"
16_8,"['17_9', '17_1', '17_18']","['15_10', '15_12', '15_0']"
16_9,"['17_8', '17_18', '17_22']","['15_7', '15_0', '15_2']"
16_10,"['17_11', '17_1', '17_6']","['15_9', '15_0', '15_2']"
16_11,"['17_14', '17_5', '17_18']","['15_8', '15_0', '15_9']"
16_12,"['17_16', '17_12', '17_23']","['15_0', '15_4', '15_7']"
16_13,"['17_20', '17_6', '17_11']","['15_14', '15_2', '15_4']"
16_14,"['17_5', '17_14', '17_6']","['15_8', '15_2', '15_14']"
16_15,"['17_17', '17_5', '17_14']","['15_11', '15_8', '15_4']"
16_16,"['17_1', '17_18', '17_14']","['15_13', '15_8', '15_0']"
16_17,"['17_1', '17_7', '17_9']","['15_12', '15_0', '15_10']"
16_18,"['17_19', '17_7', '17_1']","['15_0', '15_12', '15_13']"
16_19,"['17_16', '17_17', '17_8']","['15_7', '15_11', '15_8']"
17_0,"['18_0', '18_13', '18_1']","['16_3', '16_0', '16_6']"
17_1,"['18_16', '18_5', '18_6']","['16_2', '16_10', '16_1']"
17_2,"['18_1', '18_13', '18_24']","['16_3', '16_7', '16_6']"
17_3,"['18_7', '18_24', '18_13']","['16_7', '16_3', '16_17']"
17_4,"['18_3', '18_13', '18_16']","['16_6', '16_2', '16_11']"
17_5,"['18_17', '18_15', '18_10']","['16_14', '16_11', '16_4']"
17_6,"['18_10', '18_6', '18_22']","['16_4', '16_13', '16_14']"
17_7,"['18_9', '18_16', '18_4']","['16_1', '16_0', '16_2']"
17_8,"['18_8', '18_2', '18_9']","['16_0', '16_5', '16_9']"
17_9,"['18_11', '18_16', '18_23']","['16_8', '16_17', '16_2']"
17_10,"['18_2', '18_8', '18_22']","['16_5', '16_13', '16_0']"
17_11,"['18_6', '18_10', '18_22']","['16_10', '16_4', '16_2']"
17_12,"['18_4', '18_9', '18_8']","['16_0', '16_1', '16_12']"
17_13,"['18_12', '18_3', '18_23']","['16_6', '16_3', '16_8']"
17_14,"['18_15', '18_17', '18_13']","['16_11', '16_14', '16_6']"
17_15,"['18_14', '18_9', '18_4']","['16_1', '16_0', '16_2']"
17_16,"['18_20', '18_4', '18_9']","['16_12', '16_19', '16_0']"
17_17,"['18_19', '18_15', '18_4']","['16_15', '16_14', '16_11']"
17_18,"['18_13', '18_16', '18_5']","['16_2', '16_3', '16_6']"
17_19,"['18_21', '18_4', '18_9']","['16_18', '16_1', '16_0']"
17_20,"['18_22', '18_10', '18_6']","['16_13', '16_4', '16_10']"
17_21,"['18_20', '18_2', '18_8']","['16_5', '16_12', '16_0']"
17_22,"['18_2', '18_8', '18_16']","['16_5', '16_2', '16_9']"
17_23,"['18_4', '18_20', '18_22']","['16_12', '16_0', '16_4']"
17_24,"['18_4', '18_10', '18_9']","['16_0', '16_12', '16_3']"
18_0,"['19_3', '19_0', '19_1']","['17_0', '17_18', '17_2']"
18_1,"['19_1', '19_3', '19_0']","['17_2', '17_3', '17_18']"
18_2,"['19_0', '19_3', '19_1']","['17_10', '17_22', '17_8']"
18_3,"['19_0', '19_1', '19_3']","['17_4', '17_1', '17_18']"
18_4,"['19_0', '19_2', '19_3']","['17_12', '17_7', '17_5']"
18_5,"['19_0', '19_3', '19_1']","['17_1', '17_18', '17_11']"
18_6,"['19_0', '19_1', '19_3']","['17_11', '17_6', '17_1']"
18_7,"['19_1', '19_0', '19_3']","['17_3', '17_2', '17_18']"
18_8,"['19_0', '19_3', '19_1']","['17_8', '17_10', '17_7']"
18_9,"['19_0', '19_2', '19_1']","['17_7', '17_12', '17_1']"
18_10,"['19_0', '19_3', '19_1']","['17_6', '17_11', '17_5']"
18_11,"['19_0', '19_3', '19_1']","['17_9', '17_1', '17_18']"
18_12,"['19_0', '19_3', '19_1']","['17_13', '17_4', '17_0']"
18_13,"['19_0', '19_1', '19_3']","['17_18', '17_1', '17_4']"
18_14,"['19_0', '19_2', '19_1']","['17_15', '17_7', '17_12']"
18_15,"['19_0', '19_1', '19_3']","['17_14', '17_5', '17_18']"
18_16,"['19_0', '19_1', '19_3']","['17_1', '17_18', '17_7']"
18_17,"['19_0', '19_1', '19_3']","['17_5', '17_14', '17_6']"
18_18,"['19_2', '19_0', '19_3']","['17_12', '17_19', '17_7']"
18_19,"['19_0', '19_3', '19_2']","['17_17', '17_5', '17_14']"
18_20,"['19_0', '19_3', '19_1']","['17_21', '17_16', '17_10']"
18_21,"['19_0', '19_2', '19_3']","['17_19', '17_7', '17_0']"
18_22,"['19_0', '19_2', '19_3']","['17_20', '17_6', '17_11']"
18_23,"['19_0', '19_3', '19_1']","['17_7', '17_9', '17_13']"
18_24,"['19_1', '19_0', '19_3']","['17_3', '17_18', '17_2']"
19_0,"['20_0', '20_1']","['18_9', '18_4', '18_5']"
19_1,"['20_0', '20_1']","['18_1', '18_13', '18_7']"
19_2,"['20_0', '20_1']","['18_18', '18_4', '18_9']"
19_3,"['20_0', '20_1']","['18_0', '18_13', '18_1']"
20_0,"['21_0', '21_1']","['19_0', '19_1', '19_3']"
20_1,"['21_1', '21_0']","['19_0', '19_2', '19_3']"
21_0,"['22_5', '22_1', '22_0']","['20_0', '20_1']"
21_1,"['22_13', '22_10', '22_17']","['20_1', '20_0']"
22_0,"['23_0', '23_1']","['21_0', '21_1']"
22_1,"['23_0', '23_1']","['21_0', '21_1']"
22_2,"['23_0', '23_1']","['21_0', '21_1']"
22_3,"['23_0', '23_1']","['21_0', '21_1']"
22_4,"['23_1', '23_0']","['21_0', '21_1']"
22_5,"['23_0', '23_1']","['21_0', '21_1']"
22_6,"['23_0', '23_1']","['21_0', '21_1']"
22_7,"['23_0', '23_1']","['21_0', '21_1']"
22_8,"['23_0', '23_1']","['21_0', '21_1']"
22_9,"['23_0', '23_1']","['21_0', '21_1']"
22_10,"['23_0', '23_1']","['21_0', '21_1']"
22_11,"['23_0', '23_1']","['21_0', '21_1']"
22_12,"['23_0', '23_1']","['21_0', '21_1']"
22_13,"['23_0', '23_1']","['21_0', '21_1']"
22_14,"['23_0', '23_1']","['21_0', '21_1']"
22_15,"['23_0', '23_1']","['21_0', '21_1']"
22_16,"['23_0', '23_1']","['21_0', '21_1']"
22_17,"['23_0', '23_1']","['21_0', '21_1']"
23_0,"['24_0', '24_10', '24_6']","['22_0', '22_1', '22_5']"
23_1,"['24_1', '24_8', '24_3']","['22_4', '22_2', '22_10']"
24_0,"['25_0', '25_11', '25_18']","['23_0', '23_1']"
24_1,"['25_9', '25_2', '25_1']","['23_1', '23_0']"
24_2,"['25_5', '25_7', '25_0']","['23_0', '23_1']"
24_3,"['25_1', '25_13', '25_20']","['23_0', '23_1']"
24_4,"['25_6', '25_7', '25_5']","['23_0', '23_1']"
24_5,"['25_2', '25_0', '25_18']","['23_0', '23_1']"
24_6,"['25_7', '25_5', '25_4']","['23_0', '23_1']"
24_7,"['25_8', '25_14', '25_13']","['23_0', '23_1']"
24_8,"['25_9', '25_2', '25_1']","['23_1', '23_0']"
24_9,"['25_16', '25_21', '25_20']","['23_0', '23_1']"
24_10,"['25_4', '25_7', '25_0']","['23_0', '23_1']"
24_11,"['25_11', '25_0', '25_4']","['23_0', '23_1']"
24_12,"['25_14', '25_8', '25_13']","['23_0', '23_1']"
24_13,"['25_3', '25_2', '25_13']","['23_0', '23_1']"
24_14,"['25_10', '25_2', '25_17']","['23_0', '23_1']"
24_15,"['25_13', '25_18', '25_20']","['23_0', '23_1']"
24_16,"['25_20', '25_5', '25_3']","['23_0', '23_1']"
24_17,"['25_12', '25_7', '25_1']","['23_0', '23_1']"
24_18,"['25_19', '25_7', '25_1']","['23_0', '23_1']"
24_19,"['25_15', '25_4', '25_13']","['23_0', '23_1']"
24_20,"['25_18', '25_13', '25_0']","['23_0', '23_1']"
24_21,"['25_17', '25_18', '25_0']","['23_0', '23_1']"
24_22,"['25_5', '25_20', '25_7']","['23_0', '23_1']"
24_23,"['25_0', '25_1', '25_11']","['23_0', '23_1']"
25_0,"['26_11', '26_18', '26_5']","['24_0', '24_11', '24_5']"
25_1,"['26_8', '26_5', '26_3']","['24_3', '24_23', '24_7']"
25_2,"['26_14', '26_20', '26_18']","['24_5', '24_8', '24_0']"
25_3,"['26_1', '26_23', '26_5']","['24_13', '24_16', '24_15']"
25_4,"['26_0', '26_2', '26_15']","['24_10', '24_19', '24_6']"
25_5,"['26_12', '26_2', '26_0']","['24_2', '24_6', '24_16']"
25_6,"['26_7', '26_2', '26_12']","['24_4', '24_6', '24_2']"
25_7,"['26_2', '26_0', '26_12']","['24_6', '24_2', '24_10']"
25_8,"['26_4', '26_3', '26_15']","['24_7', '24_12', '24_15']"
25_9,"['26_6', '26_20', '26_14']","['24_8', '24_5', '24_1']"
25_10,"['26_9', '26_18', '26_14']","['24_14', '24_5', '24_8']"
25_11,"['26_0', '26_2', '26_11']","['24_11', '24_0', '24_6']"
25_12,"['26_10', '26_12', '26_8']","['24_17', '24_3', '24_6']"
25_13,"['26_5', '26_18', '26_3']","['24_15', '24_19', '24_12']"
25_14,"['26_3', '26_4', '26_5']","['24_12', '24_7', '24_15']"
25_15,"['26_17', '26_5', '26_0']","['24_19', '24_15', '24_10']"
25_16,"['26_13', '26_22', '26_23']","['24_9', '24_16', '24_2']"
25_17,"['26_19', '26_16', '26_24']","['24_21', '24_5', '24_20']"
25_18,"['26_24', '26_18', '26_5']","['24_20', '24_5', '24_0']"
25_19,"['26_21', '26_2', '26_8']","['24_18', '24_6', '24_3']"
25_20,"['26_23', '26_1', '26_5']","['24_16', '24_15', '24_2']"
25_21,"['26_22', '26_13', '26_8']","['24_9', '24_16', '24_3']"
26_0,"['27_6', '27_0', '27_7']","['25_4', '25_11', '25_7']"
26_1,"['27_5', '27_21', '27_4']","['25_3', '25_20', '25_13']"
26_2,"['27_1', '27_6', '27_25']","['25_7', '25_4', '25_5']"
26_3,"['27_4', '27_3', '27_9']","['25_14', '25_8', '25_13']"
26_4,"['27_3', '27_4', '27_9']","['25_8', '25_14', '25_13']"
26_5,"['27_20', '27_4', '27_10']","['25_13', '25_0', '25_15']"
26_6,"['27_15', '27_17', '27_8']","['25_9', '25_2', '25_1']"
26_7,"['27_2', '27_1', '27_12']","['25_6', '25_7', '25_5']"
26_8,"['27_10', '27_20', '27_11']","['25_1', '25_20', '25_8']"
26_9,"['27_14', '27_15', '27_13']","['25_10', '25_2', '25_9']"
26_10,"['27_18', '27_10', '27_12']","['25_12', '25_1', '25_7']"
26_11,"['27_16', '27_25', '27_9']","['25_0', '25_11', '25_18']"
26_12,"['27_12', '27_1', '27_25']","['25_5', '25_7', '25_20']"
26_13,"['27_11', '27_21', '27_12']","['25_16', '25_21', '25_20']"
26_14,"['27_8', '27_15', '27_17']","['25_2', '25_18', '25_9']"
26_15,"['27_9', '27_3', '27_4']","['25_4', '25_8', '25_14']"
26_16,"['27_13', '27_19', '27_14']","['25_17', '25_10', '25_0']"
26_17,"['27_6', '27_7', '27_4']","['25_15', '25_4', '25_13']"
26_18,"['27_16', '27_15', '27_20']","['25_0', '25_2', '25_13']"
26_19,"['27_19', '27_13', '27_8']","['25_17', '25_18', '25_2']"
26_20,"['27_15', '27_20', '27_8']","['25_2', '25_9', '25_1']"
26_21,"['27_23', '27_1', '27_2']","['25_19', '25_6', '25_7']"
26_22,"['27_10', '27_11', '27_6']","['25_21', '25_16', '25_20']"
26_23,"['27_21', '27_5', '27_11']","['25_20', '25_13', '25_3']"
26_24,"['27_16', '27_8', '27_19']","['25_18', '25_0', '25_13']"
27_0,"['28_0', '28_1']","['26_0', '26_2', '26_15']"
27_1,"['28_0', '28_1']","['26_2', '26_0', '26_12']"
27_2,"['28_0', '28_1']","['26_7', '26_12', '26_21']"
27_3,"['28_0', '28_1']","['26_4', '26_3', '26_15']"
27_4,"['28_0', '28_1']","['26_3', '26_4', '26_5']"
27_5,"['28_0', '28_1']","['26_1', '26_23', '26_5']"
27_6,"['28_0', '28_1']","['26_0', '26_2', '26_15']"
27_7,"['28_0', '28_1']","['26_0', '26_3', '26_2']"
27_8,"['28_1', '28_0']","['26_14', '26_18', '26_20']"
27_9,"['28_0', '28_1']","['26_15', '26_0', '26_4']"
27_10,"['28_0', '28_1']","['26_8', '26_5', '26_4']"
27_11,"['28_0', '28_1']","['26_5', '26_8', '26_0']"
27_12,"['28_0', '28_1']","['26_12', '26_2', '26_0']"
27_13,"['28_0', '28_1']","['26_16', '26_19', '26_9']"
27_14,"['28_0', '28_1']","['26_9', '26_18', '26_14']"
27_15,"['28_0', '28_1']","['26_20', '26_6', '26_18']"
27_16,"['28_0', '28_1']","['26_11', '26_18', '26_5']"
27_17,"['28_0', '28_1']","['26_6', '26_18', '26_11']"
27_18,"['28_0', '28_1']","['26_10', '26_8', '26_12']"
27_19,"['28_0', '28_1']","['26_19', '26_24', '26_16']"
27_20,"['28_0', '28_1']","['26_5', '26_8', '26_18']"
27_21,"['28_0', '28_1']","['26_23', '26_5', '26_1']"
27_22,"['28_0', '28_1']","['26_0', '26_2', '26_11']"
27_23,"['28_0', '28_1']","['26_21', '26_2', '26_8']"
27_24,"['28_0', '28_1']","['26_0', '26_2', '26_11']"
27_25,"['28_0', '28_1']","['26_0', '26_11', '26_2']"
28_0,"['29_0', '29_1', '29_2']","['27_6', '27_7', '27_4']"
28_1,"['29_1', '29_2', '29_0']","['27_8', '27_15', '27_17']"
29_0,"['30_0', '30_1', '30_2']","['28_0', '28_1']"
29_1,"['30_3', '30_1', '30_4']","['28_1', '28_0']"
29_2,"['30_4', '30_1', '30_3']","['28_1', '28_0']"
30_0,"['31_0', '31_1']","['29_0', '29_1', '29_2']"
30_1,"['31_0', '31_1']","['29_0', '29_1', '29_2']"
30_2,"['31_1', '31_0']","['29_0', '29_2', '29_1']"
30_3,"['31_0', '31_1']","['29_1', '29_2', '29_0']"
30_4,"['31_0', '31_1']","['29_2', '29_1', '29_0']"
31_0,"['32_0', '32_6', '32_2']","['30_0', '30_2', '30_1']"
31_1,"['32_0', '32_7', '32_6']","['30_2', '30_0', '30_1']"
32_0,"['33_1', '33_7', '33_8']","['31_0', '31_1']"
32_1,"['33_4', '33_1', '33_10']","['31_0', '31_1']"
32_2,"['33_3', '33_11', '33_1']","['31_0', '31_1']"
32_3,"['33_21', '33_2', '33_4']","['31_0', '31_1']"
32_4,"['33_10', '33_17', '33_1']","['31_0', '31_1']"
32_5,"['33_11', '33_24', '33_19']","['31_0', '31_1']"
32_6,"['33_8', '33_1', '33_15']","['31_0', '31_1']"
32_7,"['33_9', '33_12', '33_1']","['31_0', '31_1']"
32_8,"['33_20', '33_12', '33_26']","['31_0', '31_1']"
32_9,"['33_15', '33_8', '33_1']","['31_0', '31_1']"
32_10,"['33_13', '33_12', '33_7']","['31_0', '31_1']"
32_11,"['33_0', '33_21', '33_12']","['31_0', '31_1']"
32_12,"['33_19', '33_11', '33_1']","['31_0', '31_1']"
32_13,"['33_14', '33_2', '33_19']","['31_0', '31_1']"
32_14,"['33_18', '33_21', '33_3']","['31_0', '31_1']"
33_0,"['34_1', '34_19', '34_2']","['32_11', '32_0', '32_7']"
33_1,"['34_2', '34_7', '34_3']","['32_0', '32_6', '32_5']"
33_2,"['34_0', '34_13', '34_8']","['32_3', '32_13', '32_0']"
33_3,"['34_3', '34_7', '34_10']","['32_2', '32_5', '32_14']"
33_4,"['34_4', '34_20', '34_19']","['32_0', '32_3', '32_7']"
33_5,"['34_5', '34_3', '34_10']","['32_2', '32_14', '32_11']"
33_6,"['34_6', '34_20', '34_7']","['32_0', '32_5', '32_7']"
33_7,"['34_8', '34_25', '34_2']","['32_0', '32_7', '32_10']"
33_8,"['34_2', '34_7', '34_9']","['32_6', '32_9', '32_0']"
33_9,"['34_12', '34_1', '34_9']","['32_7', '32_0', '32_14']"
33_10,"['34_26', '34_18', '34_20']","['32_4', '32_0', '32_1']"
33_11,"['34_7', '34_17', '34_22']","['32_5', '32_12', '32_6']"
33_12,"['34_9', '34_2', '34_1']","['32_0', '32_7', '32_8']"
33_13,"['34_11', '34_25', '34_9']","['32_10', '32_14', '32_6']"
33_14,"['34_13', '34_0', '34_17']","['32_13', '32_12', '32_3']"
33_15,"['34_2', '34_7', '34_22']","['32_9', '32_6', '32_5']"
33_16,"['34_15', '34_2', '34_8']","['32_0', '32_13', '32_7']"
33_17,"['34_18', '34_2', '34_26']","['32_4', '32_6', '32_0']"
33_18,"['34_10', '34_1', '34_19']","['32_14', '32_0', '32_2']"
33_19,"['34_17', '34_7', '34_22']","['32_12', '32_5', '32_0']"
33_20,"['34_16', '34_9', '34_24']","['32_8', '32_7', '32_0']"
33_21,"['34_3', '34_1', '34_10']","['32_3', '32_14', '32_11']"
33_22,"['34_14', '34_3', '34_7']","['32_2', '32_5', '32_14']"
33_23,"['34_23', '34_10', '34_3']","['32_14', '32_2', '32_0']"
33_24,"['34_22', '34_7', '34_17']","['32_5', '32_6', '32_12']"
33_25,"['34_21', '34_19', '34_10']","['32_14', '32_7', '32_0']"
33_26,"['34_24', '34_16', '34_9']","['32_8', '32_7', '32_0']"
34_0,"['35_0', '35_20', '35_7']","['33_2', '33_7', '33_14']"
34_1,"['35_1', '35_18', '35_10']","['33_0', '33_12', '33_1']"
34_2,"['35_6', '35_9', '35_7']","['33_1', '33_8', '33_7']"
34_3,"['35_17', '35_10', '35_4']","['33_3', '33_11', '33_1']"
34_4,"['35_8', '35_0', '35_1']","['33_4', '33_1', '33_2']"
34_5,"['35_14', '35_3', '35_4']","['33_5', '33_3', '33_21']"
34_6,"['35_11', '35_19', '35_8']","['33_6', '33_1', '33_4']"
34_7,"['35_9', '35_19', '35_6']","['33_11', '33_8', '33_19']"
34_8,"['35_7', '35_0', '35_13']","['33_7', '33_12', '33_16']"
34_9,"['35_12', '35_1', '35_13']","['33_12', '33_20', '33_13']"
34_10,"['35_10', '35_1', '35_22']","['33_18', '33_3', '33_23']"
34_11,"['35_13', '35_4', '35_9']","['33_13', '33_12', '33_7']"
34_12,"['35_1', '35_12', '35_6']","['33_9', '33_12', '33_1']"
34_13,"['35_20', '35_0', '35_7']","['33_14', '33_2', '33_19']"
34_14,"['35_17', '35_4', '35_9']","['33_22', '33_3', '33_21']"
34_15,"['35_0', '35_7', '35_6']","['33_16', '33_1', '33_7']"
34_16,"['35_15', '35_12', '35_7']","['33_20', '33_26', '33_12']"
34_17,"['35_19', '35_9', '35_20']","['33_19', '33_11', '33_1']"
34_18,"['35_16', '35_6', '35_9']","['33_17', '33_10', '33_8']"
34_19,"['35_18', '35_1', '35_8']","['33_0', '33_1', '33_3']"
34_20,"['35_6', '35_8', '35_16']","['33_1', '33_4', '33_10']"
34_21,"['35_2', '35_10', '35_18']","['33_25', '33_18', '33_1']"
34_22,"['35_9', '35_6', '35_22']","['33_24', '33_11', '33_8']"
34_23,"['35_10', '35_4', '35_1']","['33_23', '33_18', '33_3']"
34_24,"['35_12', '35_7', '35_1']","['33_26', '33_20', '33_12']"
34_25,"['35_7', '35_13', '35_4']","['33_7', '33_13', '33_2']"
34_26,"['35_16', '35_6', '35_5']","['33_10', '33_17', '33_1']"
35_0,"['36_1', '36_11', '36_24']","['34_0', '34_8', '34_15']"
35_1,"['36_15', '36_6', '36_20']","['34_1', '34_9', '34_19']"
35_2,"['36_3', '36_6', '36_19']","['34_21', '34_19', '34_1']"
35_3,"['36_0', '36_9', '36_21']","['34_5', '34_3', '34_0']"
35_4,"['36_5', '36_21', '36_9']","['34_11', '34_3', '34_9']"
35_5,"['36_4', '36_8', '36_10']","['34_2', '34_10', '34_7']"
35_6,"['36_10', '36_2', '36_23']","['34_2', '34_9', '34_20']"
35_7,"['36_11', '36_1', '36_25']","['34_8', '34_2', '34_9']"
35_8,"['36_18', '36_11', '36_1']","['34_4', '34_20', '34_19']"
35_9,"['36_23', '36_12', '36_10']","['34_7', '34_2', '34_9']"
35_10,"['36_8', '36_6', '36_2']","['34_10', '34_23', '34_3']"
35_11,"['36_18', '36_12', '36_9']","['34_6', '34_20', '34_4']"
35_12,"['36_2', '36_11', '36_13']","['34_9', '34_16', '34_2']"
35_13,"['36_13', '36_2', '36_10']","['34_11', '34_9', '34_8']"
35_14,"['36_6', '36_0', '36_5']","['34_5', '34_10', '34_3']"
35_15,"['36_14', '36_22', '36_24']","['34_16', '34_15', '34_24']"
35_16,"['36_17', '36_28', '36_10']","['34_26', '34_18', '34_20']"
35_17,"['36_21', '36_5', '36_8']","['34_14', '34_3', '34_7']"
35_18,"['36_27', '36_19', '36_6']","['34_19', '34_1', '34_3']"
35_19,"['36_12', '36_9', '36_7']","['34_7', '34_17', '34_11']"
35_20,"['36_1', '36_7', '36_11']","['34_13', '34_0', '34_17']"
35_21,"['36_26', '36_18', '36_12']","['34_20', '34_6', '34_7']"
35_22,"['36_8', '36_23', '36_4']","['34_10', '34_2', '34_22']"
36_0,"['37_1', '37_24', '37_8']","['35_3', '35_4', '35_14']"
36_1,"['37_5', '37_19', '37_23']","['35_0', '35_7', '35_20']"
36_2,"['37_3', '37_10', '37_14']","['35_12', '35_6', '35_1']"
36_3,"['37_15', '37_4', '37_18']","['35_2', '35_18', '35_1']"
36_4,"['37_28', '37_11', '37_8']","['35_5', '35_9', '35_4']"
36_5,"['37_7', '37_24', '37_3']","['35_4', '35_1', '35_12']"
36_6,"['37_4', '37_13', '37_6']","['35_1', '35_10', '35_2']"
36_7,"['37_0', '37_11', '37_23']","['35_9', '35_19', '35_6']"
36_8,"['37_20', '37_25', '37_9']","['35_22', '35_10', '35_1']"
36_9,"['37_8', '37_0', '37_25']","['35_4', '35_19', '35_9']"
36_10,"['37_11', '37_3', '37_27']","['35_6', '35_9', '35_13']"
36_11,"['37_19', '37_27', '37_5']","['35_7', '35_0', '35_6']"
36_12,"['37_0', '37_8', '37_6']","['35_19', '35_9', '35_4']"
36_13,"['37_14', '37_19', '37_3']","['35_13', '35_7', '35_6']"
36_14,"['37_10', '37_27', '37_3']","['35_15', '35_12', '35_7']"
36_15,"['37_6', '37_4', '37_3']","['35_1', '35_4', '35_7']"
36_16,"['37_21', '37_17', '37_11']","['35_6', '35_2', '35_18']"
36_17,"['37_16', '37_22', '37_11']","['35_16', '35_6', '35_8']"
36_18,"['37_2', '37_0', '37_17']","['35_8', '35_11', '35_6']"
36_19,"['37_18', '37_26', '37_4']","['35_18', '35_2', '35_1']"
36_20,"['37_13', '37_4', '37_6']","['35_1', '35_18', '35_6']"
36_21,"['37_8', '37_24', '37_6']","['35_4', '35_17', '35_1']"
36_22,"['37_10', '37_3', '37_8']","['35_15', '35_12', '35_7']"
36_23,"['37_0', '37_11', '37_28']","['35_9', '35_6', '35_10']"
36_24,"['37_5', '37_27', '37_11']","['35_0', '35_7', '35_6']"
36_25,"['37_27', '37_19', '37_3']","['35_7', '35_13', '35_6']"
36_26,"['37_0', '37_2', '37_11']","['35_21', '35_11', '35_8']"
36_27,"['37_18', '37_13', '37_4']","['35_18', '35_1', '35_10']"
36_28,"['37_16', '37_0', '37_28']","['35_16', '35_9', '35_6']"
37_0,"['38_0', '38_26', '38_5']","['36_12', '36_7', '36_9']"
37_1,"['38_4', '38_21', '38_5']","['36_0', '36_9', '36_5']"
37_2,"['38_1', '38_9', '38_22']","['36_18', '36_12', '36_19']"
37_3,"['38_20', '38_14', '38_10']","['36_2', '36_10', '36_13']"
37_4,"['38_7', '38_6', '38_5']","['36_6', '36_15', '36_20']"
37_5,"['38_3', '38_21', '38_16']","['36_1', '36_11', '36_24']"
37_6,"['38_5', '38_7', '38_14']","['36_15', '36_6', '36_12']"
37_7,"['38_15', '38_33', '38_14']","['36_5', '36_2', '36_15']"
37_8,"['38_27', '38_8', '38_0']","['36_9', '36_12', '36_21']"
37_9,"['38_2', '38_7', '38_21']","['36_8', '36_6', '36_12']"
37_10,"['38_10', '38_24', '38_20']","['36_22', '36_14', '36_2']"
37_11,"['38_31', '38_16', '38_18']","['36_10', '36_4', '36_2']"
37_12,"['38_19', '38_30', '38_5']","['36_23', '36_9', '36_12']"
37_13,"['38_6', '38_7', '38_14']","['36_20', '36_6', '36_15']"
37_14,"['38_8', '38_14', '38_0']","['36_13', '36_2', '36_9']"
37_15,"['38_29', '38_24', '38_12']","['36_3', '36_6', '36_19']"
37_16,"['38_17', '38_0', '38_18']","['36_28', '36_17', '36_12']"
37_17,"['38_22', '38_9', '38_1']","['36_18', '36_16', '36_17']"
37_18,"['38_11', '38_12', '38_29']","['36_19', '36_27', '36_8']"
37_19,"['38_3', '38_16', '38_8']","['36_11', '36_25', '36_1']"
37_20,"['38_2', '38_14', '38_4']","['36_8', '36_23', '36_4']"
37_21,"['38_9', '38_13', '38_12']","['36_16', '36_18', '36_3']"
37_22,"['38_28', '38_17', '38_0']","['36_17', '36_28', '36_18']"
37_23,"['38_25', '38_3', '38_18']","['36_1', '36_7', '36_11']"
37_24,"['38_4', '38_15', '38_0']","['36_5', '36_21', '36_0']"
37_25,"['38_2', '38_27', '38_14']","['36_8', '36_9', '36_6']"
37_26,"['38_11', '38_7', '38_5']","['36_19', '36_6', '36_27']"
37_27,"['38_16', '38_3', '38_18']","['36_25', '36_11', '36_13']"
37_28,"['38_23', '38_30', '38_14']","['36_4', '36_23', '36_8']"
38_0,"['39_10', '39_0', '39_8']","['37_0', '37_6', '37_8']"
38_1,"['39_0', '39_12', '39_21']","['37_2', '37_17', '37_0']"
38_2,"['39_1', '39_9', '39_30']","['37_9', '37_25', '37_20']"
38_3,"['39_4', '39_21', '39_11']","['37_5', '37_19', '37_27']"
38_4,"['39_3', '39_10', '39_29']","['37_1', '37_24', '37_8']"
38_5,"['39_8', '39_9', '39_10']","['37_6', '37_0', '37_4']"
38_6,"['39_7', '39_9', '39_8']","['37_13', '37_4', '37_6']"
38_7,"['39_9', '39_8', '39_18']","['37_4', '37_6', '37_9']"
38_8,"['39_11', '39_10', '39_19']","['37_14', '37_3', '37_8']"
38_9,"['39_12', '39_15', '39_0']","['37_21', '37_2', '37_17']"
38_10,"['39_16', '39_25', '39_17']","['37_10', '37_3', '37_8']"
38_11,"['39_13', '39_9', '39_8']","['37_26', '37_18', '37_4']"
38_12,"['39_14', '39_25', '39_15']","['37_18', '37_21', '37_15']"
38_13,"['39_15', '39_25', '39_14']","['37_21', '37_4', '37_26']"
38_14,"['39_18', '39_17', '39_27']","['37_3', '37_6', '37_11']"
38_15,"['39_3', '39_8', '39_9']","['37_7', '37_6', '37_3']"
38_16,"['39_24', '39_27', '39_4']","['37_27', '37_19', '37_11']"
38_17,"['39_6', '39_10', '39_0']","['37_16', '37_0', '37_28']"
38_18,"['39_0', '39_20', '39_27']","['37_11', '37_5', '37_27']"
38_19,"['39_26', '39_19', '39_10']","['37_12', '37_6', '37_8']"
38_20,"['39_17', '39_16', '39_27']","['37_3', '37_27', '37_10']"
38_21,"['39_21', '39_4', '39_1']","['37_5', '37_4', '37_9']"
38_22,"['39_12', '39_14', '39_0']","['37_17', '37_2', '37_21']"
38_23,"['39_5', '39_19', '39_27']","['37_28', '37_11', '37_20']"
38_24,"['39_25', '39_15', '39_14']","['37_4', '37_10', '37_21']"
38_25,"['39_28', '39_4', '39_21']","['37_23', '37_5', '37_19']"
38_26,"['39_10', '39_0', '39_8']","['37_0', '37_8', '37_6']"
38_27,"['39_10', '39_3', '39_11']","['37_8', '37_0', '37_25']"
38_28,"['39_6', '39_32', '39_0']","['37_22', '37_16', '37_0']"
38_29,"['39_18', '39_14', '39_25']","['37_15', '37_4', '37_18']"
38_30,"['39_19', '39_10', '39_27']","['37_3', '37_0', '37_11']"
38_31,"['39_20', '39_27', '39_0']","['37_11', '37_28', '37_3']"
38_32,"['39_31', '39_27', '39_29']","['37_11', '37_12', '37_28']"
38_33,"['39_3', '39_18', '39_17']","['37_3', '37_7', '37_8']"
39_0,"['40_2', '40_6', '40_10']","['38_18', '38_0', '38_1']"
39_1,"['40_17', '40_3', '40_20']","['38_2', '38_7', '38_14']"
39_2,"['40_4', '40_24', '40_9']","['38_4', '38_1', '38_9']"
39_3,"['40_11', '40_10', '40_3']","['38_4', '38_15', '38_5']"
39_4,"['40_6', '40_13', '40_0']","['38_3', '38_16', '38_21']"
39_5,"['40_7', '40_22', '40_10']","['38_23', '38_31', '38_14']"
39_6,"['40_5', '40_2', '40_10']","['38_17', '38_28', '38_4']"
39_7,"['40_8', '40_3', '40_0']","['38_6', '38_7', '38_14']"
39_8,"['40_3', '40_10', '40_0']","['38_5', '38_7', '38_14']"
39_9,"['40_3', '40_0', '40_17']","['38_7', '38_5', '38_2']"
39_10,"['40_10', '40_25', '40_0']","['38_0', '38_5', '38_30']"
39_11,"['40_13', '40_10', '40_0']","['38_8', '38_14', '38_16']"
39_12,"['40_9', '40_2', '40_1']","['38_9', '38_13', '38_1']"
39_13,"['40_3', '40_23', '40_8']","['38_11', '38_7', '38_5']"
39_14,"['40_9', '40_23', '40_14']","['38_12', '38_24', '38_13']"
39_15,"['40_9', '40_23', '40_14']","['38_13', '38_24', '38_12']"
39_16,"['40_0', '40_14', '40_18']","['38_10', '38_20', '38_14']"
39_17,"['40_18', '40_0', '40_13']","['38_20', '38_14', '38_16']"
39_18,"['40_0', '40_3', '40_10']","['38_14', '38_7', '38_5']"
39_19,"['40_25', '40_22', '40_21']","['38_30', '38_14', '38_19']"
39_20,"['40_2', '40_14', '40_0']","['38_31', '38_18', '38_16']"
39_21,"['40_1', '40_6', '40_9']","['38_21', '38_3', '38_9']"
39_22,"['40_16', '40_2', '40_23']","['38_16', '38_18', '38_21']"
39_23,"['40_19', '40_3', '40_11']","['38_5', '38_7', '38_4']"
39_24,"['40_2', '40_13', '40_6']","['38_16', '38_3', '38_20']"
39_25,"['40_23', '40_9', '40_14']","['38_24', '38_13', '38_12']"
39_26,"['40_22', '40_25', '40_10']","['38_19', '38_30', '38_5']"
39_27,"['40_2', '40_25', '40_12']","['38_16', '38_14', '38_31']"
39_28,"['40_6', '40_2', '40_1']","['38_25', '38_3', '38_18']"
39_29,"['40_22', '40_21', '40_3']","['38_5', '38_30', '38_4']"
39_30,"['40_20', '40_17', '40_0']","['38_14', '38_2', '38_7']"
39_31,"['40_12', '40_22', '40_7']","['38_32', '38_19', '38_30']"
39_32,"['40_5', '40_2', '40_15']","['38_28', '38_17', '38_0']"
40_0,"['41_0', '41_3', '41_11']","['39_16', '39_18', '39_17']"
40_1,"['41_1', '41_16', '41_19']","['39_21', '39_0', '39_4']"
40_2,"['41_5', '41_19', '41_23']","['39_0', '39_27', '39_24']"
40_3,"['41_3', '41_17', '41_0']","['39_9', '39_8', '39_1']"
40_4,"['41_2', '41_12', '41_21']","['39_2', '39_3', '39_12']"
40_5,"['41_6', '41_23', '41_5']","['39_6', '39_0', '39_32']"
40_6,"['41_16', '41_0', '41_5']","['39_4', '39_21', '39_0']"
40_7,"['41_8', '41_13', '41_17']","['39_5', '39_19', '39_29']"
40_8,"['41_7', '41_3', '41_17']","['39_7', '39_9', '39_8']"
40_9,"['41_11', '41_9', '41_19']","['39_12', '39_15', '39_14']"
40_10,"['41_13', '41_3', '41_0']","['39_10', '39_8', '39_3']"
40_11,"['41_15', '41_13', '41_3']","['39_3', '39_10', '39_8']"
40_12,"['41_18', '41_17', '41_8']","['39_31', '39_27', '39_3']"
40_13,"['41_20', '41_24', '41_8']","['39_11', '39_4', '39_24']"
40_14,"['41_9', '41_11', '41_0']","['39_20', '39_16', '39_25']"
40_15,"['41_10', '41_23', '41_19']","['39_0', '39_12', '39_6']"
40_16,"['41_14', '41_19', '41_11']","['39_22', '39_0', '39_18']"
40_17,"['41_17', '41_3', '41_0']","['39_1', '39_9', '39_30']"
40_18,"['41_25', '41_4', '41_0']","['39_17', '39_16', '39_4']"
40_19,"['41_3', '41_15', '41_13']","['39_23', '39_8', '39_3']"
40_20,"['41_17', '41_0', '41_3']","['39_30', '39_1', '39_18']"
40_21,"['41_8', '41_20', '41_5']","['39_19', '39_29', '39_27']"
40_22,"['41_8', '41_3', '41_13']","['39_29', '39_19', '39_8']"
40_23,"['41_11', '41_0', '41_13']","['39_18', '39_25', '39_13']"
40_24,"['41_2', '41_15', '41_18']","['39_3', '39_2', '39_27']"
40_25,"['41_8', '41_13', '41_0']","['39_19', '39_10', '39_27']"
41_0,"['42_8', '42_0', '42_5']","['40_0', '40_3', '40_6']"
41_1,"['42_1', '42_15', '42_12']","['40_1', '40_6', '40_2']"
41_2,"['42_3', '42_11', '42_25']","['40_4', '40_24', '40_9']"
41_3,"['42_5', '42_21', '42_0']","['40_3', '40_0', '40_17']"
41_4,"['42_2', '42_10', '42_0']","['40_0', '40_18', '40_3']"
41_5,"['42_6', '42_17', '42_18']","['40_2', '40_6', '40_13']"
41_6,"['42_9', '42_6', '42_19']","['40_5', '40_2', '40_10']"
41_7,"['42_5', '42_21', '42_8']","['40_8', '40_3', '40_17']"
41_8,"['42_27', '42_7', '42_22']","['40_21', '40_25', '40_22']"
41_9,"['42_16', '42_8', '42_24']","['40_14', '40_0', '40_23']"
41_10,"['42_23', '42_6', '42_18']","['40_15', '40_2', '40_9']"
41_11,"['42_24', '42_16', '42_13']","['40_23', '40_9', '40_0']"
41_12,"['42_3', '42_18', '42_23']","['40_2', '40_9', '40_10']"
41_13,"['42_19', '42_30', '42_5']","['40_10', '40_11', '40_25']"
41_14,"['42_13', '42_18', '42_24']","['40_16', '40_23', '40_2']"
41_15,"['42_29', '42_0', '42_11']","['40_11', '40_19', '40_3']"
41_16,"['42_15', '42_6', '42_1']","['40_6', '40_2', '40_1']"
41_17,"['42_21', '42_5', '42_0']","['40_17', '40_20', '40_3']"
41_18,"['42_14', '42_21', '42_28']","['40_12', '40_22', '40_20']"
41_19,"['42_18', '42_6', '42_12']","['40_2', '40_16', '40_6']"
41_20,"['42_7', '42_17', '42_19']","['40_13', '40_10', '40_6']"
41_21,"['42_25', '42_11', '42_29']","['40_11', '40_1', '40_22']"
41_22,"['42_0', '42_22', '42_8']","['40_0', '40_11', '40_12']"
41_23,"['42_23', '42_6', '42_18']","['40_2', '40_5', '40_15']"
41_24,"['42_7', '42_17', '42_15']","['40_13', '40_6', '40_2']"
41_25,"['42_15', '42_6', '42_17']","['40_18', '40_2', '40_6']"
42_0,"['43_0', '43_3', '43_29']","['41_22', '41_0', '41_15']"
42_1,"['43_23', '43_17', '43_9']","['41_1', '41_16', '41_0']"
42_2,"['43_2', '43_24', '43_4']","['41_4', '41_0', '41_20']"
42_3,"['43_8', '43_13', '43_28']","['41_12', '41_19', '41_2']"
42_4,"['43_1', '43_8', '43_26']","['41_11', '41_13', '41_19']"
42_5,"['43_7', '43_24', '43_11']","['41_3', '41_0', '41_17']"
42_6,"['43_12', '43_22', '43_28']","['41_5', '41_19', '41_16']"
42_7,"['43_4', '43_32', '43_5']","['41_20', '41_24', '41_8']"
42_8,"['43_14', '43_11', '43_7']","['41_0', '41_3', '41_11']"
42_9,"['43_18', '43_21', '43_22']","['41_6', '41_5', '41_13']"
42_10,"['43_24', '43_6', '43_7']","['41_4', '41_3', '41_0']"
42_11,"['43_20', '43_31', '43_30']","['41_21', '41_15', '41_13']"
42_12,"['43_9', '43_16', '43_12']","['41_19', '41_5', '41_16']"
42_13,"['43_10', '43_28', '43_14']","['41_14', '41_11', '41_0']"
42_14,"['43_35', '43_5', '43_11']","['41_18', '41_17', '41_8']"
42_15,"['43_17', '43_12', '43_23']","['41_16', '41_5', '41_1']"
42_16,"['43_33', '43_16', '43_14']","['41_9', '41_11', '41_0']"
42_17,"['43_32', '43_36', '43_12']","['41_5', '41_20', '41_19']"
42_18,"['43_28', '43_10', '43_12']","['41_19', '41_5', '41_14']"
42_19,"['43_26', '43_13', '43_7']","['41_13', '41_8', '41_3']"
42_20,"['43_19', '43_12', '43_9']","['41_8', '41_17', '41_13']"
42_21,"['43_11', '43_35', '43_7']","['41_17', '41_3', '41_0']"
42_22,"['43_15', '43_11', '43_14']","['41_0', '41_8', '41_22']"
42_23,"['43_9', '43_28', '43_13']","['41_23', '41_10', '41_19']"
42_24,"['43_14', '43_33', '43_16']","['41_11', '41_9', '41_0']"
42_25,"['43_20', '43_31', '43_23']","['41_21', '41_1', '41_3']"
42_26,"['43_27', '43_16', '43_33']","['41_9', '41_19', '41_16']"
42_27,"['43_5', '43_11', '43_26']","['41_8', '41_13', '41_0']"
42_28,"['43_5', '43_35', '43_7']","['41_8', '41_18', '41_24']"
42_29,"['43_30', '43_34', '43_3']","['41_15', '41_13', '41_21']"
42_30,"['43_5', '43_29', '43_26']","['41_13', '41_0', '41_8']"
43_0,"['44_3', '44_6', '44_19']","['42_0', '42_8', '42_22']"
43_1,"['44_0', '44_18', '44_36']","['42_4', '42_19', '42_3']"
43_2,"['44_15', '44_5', '44_2']","['42_2', '42_10', '42_0']"
43_3,"['44_16', '44_19', '44_2']","['42_0', '42_8', '42_5']"
43_4,"['44_5', '44_15', '44_22']","['42_7', '42_2', '42_17']"
43_5,"['44_1', '44_7', '44_24']","['42_27', '42_30', '42_28']"
43_6,"['44_4', '44_2', '44_27']","['42_10', '42_8', '42_24']"
43_7,"['44_2', '44_21', '44_27']","['42_5', '42_21', '42_10']"
43_8,"['44_18', '44_36', '44_29']","['42_3', '42_18', '42_6']"
43_9,"['44_32', '44_20', '44_14']","['42_12', '42_6', '42_18']"
43_10,"['44_12', '44_29', '44_27']","['42_13', '42_18', '42_8']"
43_11,"['44_21', '44_24', '44_27']","['42_21', '42_8', '42_0']"
43_12,"['44_20', '44_8', '44_7']","['42_6', '42_15', '42_12']"
43_13,"['44_28', '44_10', '44_2']","['42_19', '42_18', '42_12']"
43_14,"['44_27', '44_13', '44_34']","['42_8', '42_0', '42_5']"
43_15,"['44_33', '44_17', '44_19']","['42_22', '42_0', '42_8']"
43_16,"['44_14', '44_32', '44_20']","['42_12', '42_6', '42_17']"
43_17,"['44_8', '44_20', '44_30']","['42_15', '42_6', '42_17']"
43_18,"['44_9', '44_11', '44_23']","['42_9', '42_19', '42_6']"
43_19,"['44_26', '44_1', '44_20']","['42_20', '42_21', '42_12']"
43_20,"['44_10', '44_2', '44_16']","['42_11', '42_25', '42_29']"
43_21,"['44_23', '44_9', '44_7']","['42_9', '42_6', '42_1']"
43_22,"['44_7', '44_20', '44_1']","['42_6', '42_18', '42_12']"
43_23,"['44_30', '44_20', '44_8']","['42_1', '42_15', '42_6']"
43_24,"['44_2', '44_4', '44_15']","['42_10', '42_5', '42_2']"
43_25,"['44_25', '44_16', '44_2']","['42_0', '42_5', '42_22']"
43_26,"['44_1', '44_2', '44_9']","['42_19', '42_27', '42_0']"
43_27,"['44_13', '44_14', '44_31']","['42_26', '42_16', '42_12']"
43_28,"['44_29', '44_36', '44_20']","['42_18', '42_6', '42_13']"
43_29,"['44_19', '44_16', '44_3']","['42_0', '42_8', '42_22']"
43_30,"['44_10', '44_35', '44_16']","['42_29', '42_11', '42_19']"
43_31,"['44_10', '44_28', '44_35']","['42_11', '42_25', '42_29']"
43_32,"['44_22', '44_8', '44_5']","['42_17', '42_7', '42_6']"
43_33,"['44_31', '44_1', '44_13']","['42_16', '42_27', '42_8']"
43_34,"['44_35', '44_10', '44_1']","['42_29', '42_11', '42_19']"
43_35,"['44_1', '44_24', '44_21']","['42_14', '42_21', '42_28']"
43_36,"['44_8', '44_20', '44_22']","['42_17', '42_15', '42_6']"
44_0,"['45_30', '45_10', '45_5']","['43_1', '43_8', '43_26']"
44_1,"['45_20', '45_18', '45_32']","['43_5', '43_35', '43_11']"
44_2,"['45_3', '45_14', '45_32']","['43_7', '43_24', '43_11']"
44_3,"['45_0', '45_6', '45_14']","['43_0', '43_11', '43_29']"
44_4,"['45_37', '45_3', '45_22']","['43_6', '43_24', '43_14']"
44_5,"['45_23', '45_32', '45_13']","['43_4', '43_2', '43_32']"
44_6,"['45_0', '45_6', '45_11']","['43_0', '43_11', '43_29']"
44_7,"['45_1', '45_5', '45_34']","['43_22', '43_12', '43_5']"
44_8,"['45_19', '45_28', '45_34']","['43_17', '43_36', '43_12']"
44_9,"['45_1', '45_5', '45_9']","['43_18', '43_21', '43_26']"
44_10,"['45_26', '45_14', '45_15']","['43_20', '43_31', '43_30']"
44_11,"['45_9', '45_5', '45_1']","['43_18', '43_23', '43_26']"
44_12,"['45_24', '45_21', '45_0']","['43_10', '43_28', '43_14']"
44_13,"['45_7', '45_4', '45_14']","['43_14', '43_27', '43_33']"
44_14,"['45_16', '45_31', '45_4']","['43_16', '43_9', '43_12']"
44_15,"['45_13', '45_25', '45_23']","['43_2', '43_24', '43_4']"
44_16,"['45_14', '45_0', '45_36']","['43_3', '43_29', '43_14']"
44_17,"['45_6', '45_0', '45_22']","['43_15', '43_0', '43_14']"
44_18,"['45_10', '45_5', '45_27']","['43_8', '43_28', '43_9']"
44_19,"['45_0', '45_14', '45_6']","['43_29', '43_3', '43_0']"
44_20,"['45_34', '45_5', '45_1']","['43_12', '43_9', '43_17']"
44_21,"['45_12', '45_0', '45_22']","['43_11', '43_14', '43_7']"
44_22,"['45_8', '45_28', '45_23']","['43_32', '43_4', '43_36']"
44_23,"['45_1', '45_5', '45_9']","['43_21', '43_22', '43_18']"
44_24,"['45_11', '45_0', '45_12']","['43_11', '43_35', '43_5']"
44_25,"['45_29', '45_14', '45_0']","['43_25', '43_3', '43_7']"
44_26,"['45_5', '45_11', '45_20']","['43_19', '43_12', '43_9']"
44_27,"['45_12', '45_14', '45_7']","['43_14', '43_11', '43_7']"
44_28,"['45_5', '45_1', '45_4']","['43_13', '43_9', '43_26']"
44_29,"['45_21', '45_5', '45_24']","['43_28', '43_12', '43_10']"
44_30,"['45_5', '45_34', '45_19']","['43_23', '43_17', '43_12']"
44_31,"['45_4', '45_2', '45_7']","['43_33', '43_16', '43_14']"
44_32,"['45_31', '45_5', '45_12']","['43_9', '43_16', '43_12']"
44_33,"['45_6', '45_22', '45_0']","['43_15', '43_29', '43_11']"
44_34,"['45_2', '45_7', '45_32']","['43_14', '43_16', '43_29']"
44_35,"['45_15', '45_29', '45_33']","['43_34', '43_30', '43_26']"
44_36,"['45_5', '45_27', '45_34']","['43_28', '43_9', '43_8']"
45_0,"['46_0', '46_19', '46_22']","['44_6', '44_3', '44_19']"
45_1,"['46_1', '46_36', '46_30']","['44_7', '44_23', '44_20']"
45_2,"['46_2', '46_36', '46_0']","['44_34', '44_19', '44_31']"
45_3,"['46_3', '46_7', '46_10']","['44_2', '44_21', '44_20']"
45_4,"['46_4', '46_11', '46_24']","['44_31', '44_1', '44_13']"
45_5,"['46_34', '46_26', '46_30']","['44_36', '44_20', '44_30']"
45_6,"['46_19', '46_0', '46_29']","['44_17', '44_33', '44_19']"
45_7,"['46_11', '46_4', '46_2']","['44_13', '44_27', '44_34']"
45_8,"['46_9', '46_27', '46_4']","['44_22', '44_8', '44_20']"
45_9,"['46_32', '46_20', '46_1']","['44_11', '44_36', '44_9']"
45_10,"['46_14', '46_5', '46_23']","['44_18', '44_36', '44_29']"
45_11,"['46_10', '46_29', '46_0']","['44_24', '44_1', '44_21']"
45_12,"['46_7', '46_30', '46_0']","['44_21', '44_27', '44_32']"
45_13,"['46_8', '46_12', '46_17']","['44_15', '44_5', '44_2']"
45_14,"['46_22', '46_0', '46_8']","['44_16', '44_19', '44_2']"
45_15,"['46_6', '46_33', '46_8']","['44_35', '44_10', '44_1']"
45_16,"['46_24', '46_30', '46_4']","['44_14', '44_20', '44_32']"
45_17,"['46_15', '46_18', '46_35']","['44_36', '44_9', '44_28']"
45_18,"['46_13', '46_37', '46_6']","['44_1', '44_2', '44_25']"
45_19,"['46_25', '46_26', '46_27']","['44_8', '44_20', '44_30']"
45_20,"['46_37', '46_13', '46_4']","['44_1', '44_24', '44_21']"
45_21,"['46_21', '46_28', '46_34']","['44_29', '44_20', '44_12']"
45_22,"['46_29', '46_36', '46_0']","['44_19', '44_33', '44_21']"
45_23,"['46_17', '46_8', '46_36']","['44_5', '44_15', '44_22']"
45_24,"['46_28', '46_21', '46_22']","['44_12', '44_29', '44_27']"
45_25,"['46_12', '46_36', '46_2']","['44_15', '44_34', '44_5']"
45_26,"['46_16', '46_6', '46_33']","['44_10', '44_35', '44_2']"
45_27,"['46_18', '46_15', '46_34']","['44_36', '44_29', '44_20']"
45_28,"['46_27', '46_9', '46_17']","['44_8', '44_22', '44_20']"
45_29,"['46_8', '46_22', '46_0']","['44_25', '44_2', '44_16']"
45_30,"['46_31', '46_23', '46_10']","['44_30', '44_20', '44_31']"
45_31,"['46_30', '46_7', '46_24']","['44_32', '44_14', '44_20']"
45_32,"['46_36', '46_2', '46_12']","['44_2', '44_1', '44_5']"
45_33,"['46_33', '46_16', '46_6']","['44_1', '44_2', '44_35']"
45_34,"['46_26', '46_34', '46_7']","['44_20', '44_8', '44_30']"
45_35,"['46_23', '46_31', '46_26']","['44_30', '44_20', '44_12']"
45_36,"['46_3', '46_22', '46_7']","['44_8', '44_2', '44_27']"
45_37,"['46_3', '46_7', '46_23']","['44_4', '44_2', '44_27']"
46_0,"['47_0', '47_6', '47_4']","['45_0', '45_6', '45_14']"
46_1,"['47_0', '47_4', '47_6']","['45_1', '45_5', '45_32']"
46_2,"['47_0', '47_6', '47_4']","['45_2', '45_32', '45_0']"
46_3,"['47_0', '47_4', '47_1']","['45_3', '45_36', '45_12']"
46_4,"['47_0', '47_6', '47_4']","['45_4', '45_7', '45_16']"
46_5,"['47_2', '47_5', '47_0']","['45_5', '45_32', '45_10']"
46_6,"['47_1', '47_3', '47_0']","['45_15', '45_26', '45_29']"
46_7,"['47_0', '47_6', '47_4']","['45_12', '45_0', '45_31']"
46_8,"['47_0', '47_6', '47_1']","['45_13', '45_29', '45_23']"
46_9,"['47_0', '47_6', '47_4']","['45_8', '45_28', '45_21']"
46_10,"['47_0', '47_4', '47_1']","['45_11', '45_0', '45_12']"
46_11,"['47_0', '47_4', '47_6']","['45_7', '45_4', '45_16']"
46_12,"['47_0', '47_6', '47_2']","['45_25', '45_13', '45_32']"
46_13,"['47_4', '47_0', '47_1']","['45_18', '45_20', '45_4']"
46_14,"['47_0', '47_2', '47_3']","['45_10', '45_5', '45_21']"
46_15,"['47_5', '47_2', '47_0']","['45_17', '45_27', '45_5']"
46_16,"['47_3', '47_1', '47_0']","['45_26', '45_33', '45_15']"
46_17,"['47_0', '47_6', '47_1']","['45_23', '45_13', '45_32']"
46_18,"['47_0', '47_2', '47_5']","['45_27', '45_17', '45_5']"
46_19,"['47_0', '47_6', '47_4']","['45_6', '45_0', '45_22']"
46_20,"['47_0', '47_3', '47_1']","['45_5', '45_1', '45_30']"
46_21,"['47_0', '47_6', '47_2']","['45_21', '45_24', '45_5']"
46_22,"['47_0', '47_1', '47_6']","['45_14', '45_0', '45_32']"
46_23,"['47_0', '47_3', '47_2']","['45_35', '45_5', '45_30']"
46_24,"['47_0', '47_6', '47_4']","['45_16', '45_31', '45_4']"
46_25,"['47_0', '47_3', '47_2']","['45_19', '45_28', '45_34']"
46_26,"['47_0', '47_4', '47_2']","['45_34', '45_5', '45_19']"
46_27,"['47_0', '47_4', '47_6']","['45_28', '45_19', '45_8']"
46_28,"['47_0', '47_6', '47_4']","['45_24', '45_21', '45_14']"
46_29,"['47_0', '47_6', '47_4']","['45_22', '45_32', '45_11']"
46_30,"['47_0', '47_2', '47_4']","['45_31', '45_16', '45_12']"
46_31,"['47_0', '47_4', '47_3']","['45_30', '45_35', '45_11']"
46_32,"['47_0', '47_2', '47_6']","['45_9', '45_5', '45_10']"
46_33,"['47_0', '47_3', '47_1']","['45_33', '45_3', '45_15']"
46_34,"['47_0', '47_2', '47_4']","['45_5', '45_34', '45_21']"
46_35,"['47_5', '47_2', '47_0']","['45_17', '45_27', '45_33']"
46_36,"['47_0', '47_6', '47_2']","['45_32', '45_2', '45_22']"
46_37,"['47_4', '47_0', '47_6']","['45_20', '45_18', '45_0']"
47_0,"['48_0', '48_2', '48_4']","['46_7', '46_36', '46_0']"
47_1,"['48_1', '48_3', '48_0']","['46_6', '46_8', '46_22']"
47_2,"['48_4', '48_5', '48_0']","['46_5', '46_35', '46_14']"
47_3,"['48_3', '48_1', '48_0']","['46_16', '46_6', '46_33']"
47_4,"['48_2', '48_0', '48_1']","['46_37', '46_13', '46_0']"
47_5,"['48_5', '48_4', '48_0']","['46_35', '46_5', '46_15']"
47_6,"['48_2', '48_0', '48_4']","['46_8', '46_4', '46_0']"
48_0,"['49_2', '49_14', '49_4']","['47_0', '47_6', '47_4']"
48_1,"['49_1', '49_22', '49_23']","['47_1', '47_3', '47_0']"
48_2,"['49_5', '49_13', '49_2']","['47_4', '47_6', '47_0']"
48_3,"['49_10', '49_22', '49_1']","['47_3', '47_1', '47_0']"
48_4,"['49_23', '49_13', '49_4']","['47_2', '47_5', '47_0']"
48_5,"['49_23', '49_13', '49_4']","['47_5', '47_2', '47_0']"
49_0,"['50_0', '50_5', '50_30']","['48_0', '48_2', '48_4']"
49_1,"['50_1', '50_12', '50_9']","['48_1', '48_3', '48_0']"
49_2,"['50_6', '50_19', '50_23']","['48_0', '48_2', '48_1']"
49_3,"['50_8', '50_25', '50_4']","['48_0', '48_2', '48_4']"
49_4,"['50_5', '50_0', '50_2']","['48_0', '48_2', '48_4']"
49_5,"['50_13', '50_3', '50_14']","['48_2', '48_0', '48_1']"
49_6,"['50_3', '50_13', '50_12']","['48_0', '48_2', '48_1']"
49_7,"['50_2', '50_5', '50_18']","['48_0', '48_2', '48_4']"
49_8,"['50_16', '50_26', '50_6']","['48_0', '48_2', '48_1']"
49_9,"['50_7', '50_19', '50_21']","['48_0', '48_4', '48_2']"
49_10,"['50_9', '50_1', '50_17']","['48_3', '48_1', '48_0']"
49_11,"['50_21', '50_7', '50_0']","['48_0', '48_2', '48_4']"
49_12,"['50_4', '50_25', '50_7']","['48_0', '48_4', '48_2']"
49_13,"['50_14', '50_12', '50_19']","['48_0', '48_2', '48_4']"
49_14,"['50_10', '50_25', '50_21']","['48_0', '48_2', '48_4']"
49_15,"['50_17', '50_8', '50_4']","['48_0', '48_3', '48_1']"
49_16,"['50_24', '50_14', '50_27']","['48_0', '48_2', '48_1']"
49_17,"['50_13', '50_3', '50_26']","['48_0', '48_2', '48_1']"
49_18,"['50_11', '50_4', '50_7']","['48_0', '48_4', '48_2']"
49_19,"['50_20', '50_25', '50_10']","['48_0', '48_2', '48_4']"
49_20,"['50_27', '50_18', '50_14']","['48_0', '48_2', '48_4']"
49_21,"['50_25', '50_8', '50_4']","['48_0', '48_2', '48_4']"
49_22,"['50_9', '50_12', '50_1']","['48_3', '48_0', '48_1']"
49_23,"['50_12', '50_27', '50_5']","['48_4', '48_0', '48_5']"
49_24,"['50_10', '50_19', '50_6']","['48_0', '48_2', '48_3']"
50_0,"['51_1', '51_7', '51_13']","['49_0', '49_4', '49_11']"
50_1,"['51_0', '51_14', '51_20']","['49_1', '49_23', '49_22']"
50_2,"['51_2', '51_7', '51_5']","['49_7', '49_4', '49_14']"
50_3,"['51_11', '51_22', '51_30']","['49_6', '49_17', '49_2']"
50_4,"['51_21', '51_23', '51_4']","['49_12', '49_21', '49_9']"
50_5,"['51_7', '51_1', '51_2']","['49_4', '49_0', '49_7']"
50_6,"['51_10', '51_6', '51_13']","['49_2', '49_8', '49_7']"
50_7,"['51_4', '51_32', '51_34']","['49_9', '49_21', '49_11']"
50_8,"['51_9', '51_34', '51_8']","['49_3', '49_21', '49_12']"
50_9,"['51_20', '51_0', '51_14']","['49_22', '49_10', '49_1']"
50_10,"['51_26', '51_5', '51_2']","['49_14', '49_19', '49_21']"
50_11,"['51_16', '51_19', '51_21']","['49_18', '49_12', '49_9']"
50_12,"['51_14', '51_8', '51_0']","['49_23', '49_13', '49_4']"
50_13,"['51_18', '51_24', '51_22']","['49_17', '49_2', '49_6']"
50_14,"['51_6', '51_4', '51_14']","['49_13', '49_9', '49_16']"
50_15,"['51_12', '51_20', '51_27']","['49_10', '49_22', '49_3']"
50_16,"['51_7', '51_10', '51_24']","['49_8', '49_4', '49_2']"
50_17,"['51_15', '51_31', '51_9']","['49_15', '49_3', '49_10']"
50_18,"['51_3', '51_33', '51_7']","['49_7', '49_20', '49_4']"
50_19,"['51_6', '51_4', '51_10']","['49_2', '49_9', '49_13']"
50_20,"['51_5', '51_33', '51_2']","['49_19', '49_20', '49_7']"
50_21,"['51_4', '51_34', '51_5']","['49_11', '49_9', '49_14']"
50_22,"['51_19', '51_17', '51_16']","['49_18', '49_9', '49_12']"
50_23,"['51_13', '51_6', '51_1']","['49_2', '49_8', '49_0']"
50_24,"['51_29', '51_24', '51_2']","['49_16', '49_8', '49_20']"
50_25,"['51_5', '51_9', '51_21']","['49_21', '49_19', '49_12']"
50_26,"['51_24', '51_10', '51_6']","['49_8', '49_2', '49_17']"
50_27,"['51_3', '51_14', '51_7']","['49_20', '49_23', '49_4']"
50_28,"['51_33', '51_6', '51_4']","['49_11', '49_2', '49_6']"
50_29,"['51_25', '51_5', '51_7']","['49_12', '49_4', '49_6']"
50_30,"['51_7', '51_1', '51_3']","['49_4', '49_0', '49_8']"
51_0,"['52_2', '52_13', '52_0']","['50_1', '50_12', '50_9']"
51_1,"['52_7', '52_9', '52_4']","['50_0', '50_5', '50_30']"
51_2,"['52_3', '52_1', '52_11']","['50_2', '50_5', '50_10']"
51_3,"['52_1', '52_3', '52_4']","['50_18', '50_27', '50_2']"
51_4,"['52_20', '52_24', '52_11']","['50_7', '50_21', '50_19']"
51_5,"['52_11', '52_3', '52_12']","['50_20', '50_10', '50_25']"
51_6,"['52_6', '52_4', '52_9']","['50_19', '50_6', '50_23']"
51_7,"['52_0', '52_3', '52_4']","['50_5', '50_0', '50_2']"
51_8,"['52_0', '52_25', '52_17']","['50_12', '50_5', '50_8']"
51_9,"['52_17', '52_11', '52_21']","['50_8', '50_25', '50_4']"
51_10,"['52_4', '52_6', '52_9']","['50_6', '50_16', '50_19']"
51_11,"['52_5', '52_0', '52_14']","['50_3', '50_12', '50_5']"
51_12,"['52_30', '52_33', '52_32']","['50_15', '50_9', '50_25']"
51_13,"['52_9', '52_6', '52_4']","['50_23', '50_6', '50_0']"
51_14,"['52_0', '52_13', '52_3']","['50_12', '50_1', '50_14']"
51_15,"['52_26', '52_29', '52_28']","['50_17', '50_8', '50_12']"
51_16,"['52_15', '52_19', '52_21']","['50_11', '50_4', '50_7']"
51_17,"['52_10', '52_19', '52_31']","['50_22', '50_4', '50_13']"
51_18,"['52_18', '52_25', '52_6']","['50_13', '50_3', '50_6']"
51_19,"['52_19', '52_10', '52_15']","['50_22', '50_11', '50_7']"
51_20,"['52_13', '52_2', '52_0']","['50_9', '50_1', '50_12']"
51_21,"['52_21', '52_11', '52_16']","['50_4', '50_25', '50_8']"
51_22,"['52_14', '52_18', '52_5']","['50_3', '50_13', '50_10']"
51_23,"['52_16', '52_21', '52_24']","['50_4', '50_29', '50_16']"
51_24,"['52_4', '52_3', '52_18']","['50_26', '50_16', '50_6']"
51_25,"['52_15', '52_31', '52_5']","['50_29', '50_3', '50_4']"
51_26,"['52_12', '52_11', '52_6']","['50_10', '50_7', '50_25']"
51_27,"['52_32', '52_21', '52_11']","['50_4', '50_25', '50_7']"
51_28,"['52_16', '52_21', '52_3']","['50_4', '50_14', '50_5']"
51_29,"['52_23', '52_3', '52_4']","['50_24', '50_14', '50_3']"
51_30,"['52_22', '52_5', '52_1']","['50_3', '50_18', '50_13']"
51_31,"['52_28', '52_17', '52_29']","['50_17', '50_8', '50_4']"
51_32,"['52_8', '52_20', '52_12']","['50_7', '50_4', '50_25']"
51_33,"['52_3', '52_24', '52_6']","['50_18', '50_20', '50_28']"
51_34,"['52_12', '52_11', '52_17']","['50_21', '50_8', '50_7']"
52_0,"['53_0', '53_24', '53_26']","['51_8', '51_14', '51_7']"
52_1,"['53_1', '53_33', '53_6']","['51_3', '51_2', '51_7']"
52_2,"['53_3', '53_27', '53_0']","['51_0', '51_14', '51_20']"
52_3,"['53_6', '53_33', '53_1']","['51_2', '51_3', '51_7']"
52_4,"['53_11', '53_24', '53_10']","['51_10', '51_6', '51_24']"
52_5,"['53_4', '53_0', '53_16']","['51_11', '51_22', '51_7']"
52_6,"['53_7', '53_31', '53_22']","['51_6', '51_4', '51_13']"
52_7,"['53_2', '53_24', '53_10']","['51_1', '51_13', '51_7']"
52_8,"['53_15', '53_18', '53_22']","['51_32', '51_4', '51_21']"
52_9,"['53_10', '53_2', '53_11']","['51_13', '51_6', '51_1']"
52_10,"['53_14', '53_8', '53_30']","['51_17', '51_19', '51_18']"
52_11,"['53_12', '53_18', '53_9']","['51_5', '51_4', '51_9']"
52_12,"['53_9', '53_12', '53_22']","['51_26', '51_4', '51_34']"
52_13,"['53_13', '53_27', '53_3']","['51_20', '51_0', '51_14']"
52_14,"['53_16', '53_4', '53_31']","['51_22', '51_11', '51_6']"
52_15,"['53_5', '53_25', '53_30']","['51_16', '51_25', '51_9']"
52_16,"['53_20', '53_18', '53_19']","['51_23', '51_28', '51_21']"
52_17,"['53_17', '53_12', '53_18']","['51_9', '51_8', '51_21']"
52_18,"['53_32', '53_31', '53_26']","['51_18', '51_22', '51_6']"
52_19,"['53_8', '53_14', '53_5']","['51_19', '51_16', '51_17']"
52_20,"['53_22', '53_7', '53_18']","['51_4', '51_6', '51_34']"
52_21,"['53_18', '53_12', '53_20']","['51_21', '51_23', '51_4']"
52_22,"['53_23', '53_4', '53_1']","['51_30', '51_11', '51_3']"
52_23,"['53_21', '53_27', '53_33']","['51_29', '51_11', '51_24']"
52_24,"['53_19', '53_2', '53_18']","['51_4', '51_33', '51_1']"
52_25,"['53_26', '53_0', '53_32']","['51_8', '51_18', '51_7']"
52_26,"['53_28', '53_34', '53_0']","['51_15', '51_31', '51_9']"
52_27,"['53_30', '53_24', '53_0']","['51_8', '51_14', '51_1']"
52_28,"['53_34', '53_17', '53_28']","['51_31', '51_15', '51_9']"
52_29,"['53_28', '53_34', '53_18']","['51_15', '51_31', '51_32']"
52_30,"['53_29', '53_8', '53_13']","['51_12', '51_20', '51_27']"
52_31,"['53_25', '53_31', '53_12']","['51_6', '51_4', '51_25']"
52_32,"['53_18', '53_12', '53_8']","['51_27', '51_21', '51_19']"
52_33,"['53_29', '53_22', '53_5']","['51_12', '51_32', '51_4']"
53_0,"['54_31', '54_18', '54_4']","['52_0', '52_25', '52_3']"
53_1,"['54_0', '54_18', '54_7']","['52_1', '52_3', '52_4']"
53_2,"['54_5', '54_25', '54_14']","['52_7', '52_9', '52_24']"
53_3,"['54_3', '54_31', '54_9']","['52_2', '52_13', '52_0']"
53_4,"['54_4', '54_18', '54_31']","['52_5', '52_14', '52_0']"
53_5,"['54_8', '54_12', '54_1']","['52_15', '52_20', '52_8']"
53_6,"['54_7', '54_0', '54_18']","['52_3', '52_1', '52_4']"
53_7,"['54_23', '54_16', '54_14']","['52_6', '52_20', '52_4']"
53_8,"['54_1', '54_8', '54_12']","['52_19', '52_10', '52_21']"
53_9,"['54_17', '54_13', '54_30']","['52_12', '52_11', '52_6']"
53_10,"['54_11', '54_14', '54_5']","['52_9', '52_7', '52_4']"
53_11,"['54_32', '54_14', '54_11']","['52_4', '52_6', '52_3']"
53_12,"['54_13', '54_21', '54_7']","['52_11', '52_21', '52_12']"
53_13,"['54_9', '54_28', '54_3']","['52_13', '52_18', '52_2']"
53_14,"['54_1', '54_12', '54_31']","['52_10', '52_19', '52_27']"
53_15,"['54_12', '54_8', '54_13']","['52_8', '52_20', '52_21']"
53_16,"['54_4', '54_16', '54_13']","['52_14', '52_5', '52_18']"
53_17,"['54_6', '54_13', '54_30']","['52_17', '52_21', '52_11']"
53_18,"['54_19', '54_13', '54_6']","['52_21', '52_11', '52_17']"
53_19,"['54_5', '54_19', '54_13']","['52_24', '52_7', '52_11']"
53_20,"['54_2', '54_19', '54_18']","['52_16', '52_21', '52_24']"
53_21,"['54_22', '54_4', '54_7']","['52_23', '52_3', '52_5']"
53_22,"['54_23', '54_12', '54_19']","['52_20', '52_6', '52_11']"
53_23,"['54_34', '54_4', '54_0']","['52_22', '52_5', '52_1']"
53_24,"['54_10', '54_18', '54_14']","['52_3', '52_4', '52_7']"
53_25,"['54_16', '54_18', '54_20']","['52_31', '52_6', '52_9']"
53_26,"['54_18', '54_31', '54_28']","['52_25', '52_0', '52_18']"
53_27,"['54_3', '54_9', '54_4']","['52_13', '52_2', '52_23']"
53_28,"['54_15', '54_6', '54_29']","['52_26', '52_29', '52_28']"
53_29,"['54_8', '54_12', '54_6']","['52_33', '52_30', '52_20']"
53_30,"['54_31', '54_10', '54_14']","['52_27', '52_0', '52_25']"
53_31,"['54_16', '54_23', '54_20']","['52_6', '52_31', '52_18']"
53_32,"['54_16', '54_28', '54_4']","['52_18', '52_25', '52_6']"
53_33,"['54_0', '54_31', '54_18']","['52_3', '52_1', '52_0']"
53_34,"['54_6', '54_15', '54_29']","['52_28', '52_29', '52_17']"
54_0,"['55_0', '55_11', '55_3']","['53_1', '53_33', '53_6']"
54_1,"['55_14', '55_21', '55_6']","['53_8', '53_14', '53_5']"
54_2,"['55_2', '55_33', '55_21']","['53_20', '53_18', '53_31']"
54_3,"['55_5', '55_37', '55_12']","['53_3', '53_27', '53_13']"
54_4,"['55_8', '55_11', '55_26']","['53_4', '53_16', '53_32']"
54_5,"['55_10', '55_35', '55_30']","['53_2', '53_19', '53_24']"
54_6,"['55_1', '55_17', '55_21']","['53_17', '53_34', '53_18']"
54_7,"['55_3', '55_11', '55_24']","['53_6', '53_12', '53_24']"
54_8,"['55_36', '55_14', '55_6']","['53_5', '53_22', '53_18']"
54_9,"['55_13', '55_26', '55_37']","['53_13', '53_27', '53_20']"
54_10,"['55_19', '55_20', '55_4']","['53_24', '53_2', '53_30']"
54_11,"['55_7', '55_31', '55_4']","['53_10', '53_2', '53_11']"
54_12,"['55_6', '55_14', '55_21']","['53_15', '53_18', '53_22']"
54_13,"['55_17', '55_21', '55_1']","['53_12', '53_18', '53_17']"
54_14,"['55_4', '55_20', '55_11']","['53_24', '53_2', '53_11']"
54_15,"['55_9', '55_16', '55_1']","['53_28', '53_34', '53_17']"
54_16,"['55_15', '55_34', '55_31']","['53_31', '53_32', '53_7']"
54_17,"['55_25', '55_3', '55_17']","['53_9', '53_12', '53_31']"
54_18,"['55_11', '55_4', '55_20']","['53_24', '53_0', '53_6']"
54_19,"['55_21', '55_17', '55_1']","['53_18', '53_12', '53_20']"
54_20,"['55_18', '55_11', '55_15']","['53_31', '53_0', '53_33']"
54_21,"['55_24', '55_3', '55_33']","['53_12', '53_6', '53_18']"
54_22,"['55_12', '55_11', '55_3']","['53_21', '53_27', '53_6']"
54_23,"['55_34', '55_15', '55_31']","['53_7', '53_22', '53_31']"
54_24,"['55_29', '55_20', '55_30']","['53_24', '53_2', '53_12']"
54_25,"['55_30', '55_20', '55_10']","['53_2', '53_24', '53_7']"
54_26,"['55_38', '55_11', '55_12']","['53_21', '53_33', '53_11']"
54_27,"['55_32', '55_21', '55_1']","['53_18', '53_17', '53_12']"
54_28,"['55_26', '55_8', '55_13']","['53_13', '53_32', '53_26']"
54_29,"['55_16', '55_21', '55_9']","['53_18', '53_28', '53_17']"
54_30,"['55_1', '55_17', '55_25']","['53_12', '53_17', '53_9']"
54_31,"['55_11', '55_37', '55_0']","['53_0', '53_33', '53_24']"
54_32,"['55_31', '55_11', '55_4']","['53_11', '53_24', '53_10']"
54_33,"['55_22', '55_19', '55_20']","['53_24', '53_2', '53_30']"
54_34,"['55_23', '55_11', '55_25']","['53_23', '53_32', '53_24']"
55_0,"['56_18', '56_3', '56_0']","['54_0', '54_18', '54_14']"
55_1,"['56_4', '56_7', '56_21']","['54_6', '54_30', '54_13']"
55_2,"['56_17', '56_21', '56_30']","['54_2', '54_19', '54_18']"
55_3,"['56_3', '56_0', '56_7']","['54_7', '54_21', '54_18']"
55_4,"['56_0', '56_13', '56_14']","['54_14', '54_10', '54_18']"
55_5,"['56_12', '56_23', '56_22']","['54_3', '54_9', '54_31']"
55_6,"['56_8', '56_31', '56_19']","['54_12', '54_19', '54_13']"
55_7,"['56_14', '56_1', '56_13']","['54_11', '54_14', '54_5']"
55_8,"['56_5', '56_13', '56_11']","['54_4', '54_28', '54_18']"
55_9,"['56_10', '56_16', '56_4']","['54_15', '54_29', '54_6']"
55_10,"['56_1', '56_14', '56_0']","['54_5', '54_25', '54_11']"
55_11,"['56_0', '56_3', '56_18']","['54_18', '54_10', '54_14']"
55_12,"['56_22', '56_23', '56_5']","['54_22', '54_18', '54_26']"
55_13,"['56_15', '56_23', '56_5']","['54_9', '54_28', '54_3']"
55_14,"['56_26', '56_31', '56_8']","['54_1', '54_12', '54_19']"
55_15,"['56_13', '56_11', '56_27']","['54_16', '54_23', '54_17']"
55_16,"['56_16', '56_10', '56_21']","['54_29', '54_15', '54_19']"
55_17,"['56_7', '56_4', '56_21']","['54_13', '54_19', '54_30']"
55_18,"['56_7', '56_13', '56_19']","['54_20', '54_31', '54_18']"
55_19,"['56_0', '56_1', '56_14']","['54_10', '54_33', '54_14']"
55_20,"['56_0', '56_1', '56_3']","['54_10', '54_25', '54_14']"
55_21,"['56_21', '56_7', '56_19']","['54_19', '54_13', '54_2']"
55_22,"['56_0', '56_3', '56_1']","['54_33', '54_10', '54_14']"
55_23,"['56_25', '56_5', '56_11']","['54_34', '54_4', '54_18']"
55_24,"['56_2', '56_7', '56_30']","['54_21', '54_13', '54_7']"
55_25,"['56_9', '56_7', '56_13']","['54_17', '54_16', '54_30']"
55_26,"['56_5', '56_11', '56_23']","['54_28', '54_9', '54_4']"
55_27,"['56_20', '56_6', '56_21']","['54_19', '54_1', '54_12']"
55_28,"['56_9', '56_7', '56_4']","['54_17', '54_13', '54_30']"
55_29,"['56_0', '56_1', '56_4']","['54_24', '54_25', '54_10']"
55_30,"['56_0', '56_1', '56_27']","['54_25', '54_5', '54_10']"
55_31,"['56_13', '56_14', '56_0']","['54_32', '54_14', '54_11']"
55_32,"['56_28', '56_21', '56_7']","['54_27', '54_19', '54_13']"
55_33,"['56_30', '56_17', '56_2']","['54_21', '54_2', '54_7']"
55_34,"['56_27', '56_13', '56_19']","['54_23', '54_16', '54_25']"
55_35,"['56_1', '56_7', '56_27']","['54_5', '54_30', '54_25']"
55_36,"['56_19', '56_29', '56_27']","['54_23', '54_8', '54_19']"
55_37,"['56_23', '56_15', '56_12']","['54_3', '54_31', '54_9']"
55_38,"['56_3', '56_22', '56_0']","['54_26', '54_18', '54_22']"
56_0,"['57_19', '57_5', '57_2']","['55_20', '55_4', '55_11']"
56_1,"['57_2', '57_5', '57_19']","['55_10', '55_35', '55_30']"
56_2,"['57_4', '57_1', '57_10']","['55_24', '55_33', '55_17']"
56_3,"['57_11', '57_14', '57_19']","['55_3', '55_0', '55_11']"
56_4,"['57_3', '57_1', '57_12']","['55_1', '55_17', '55_21']"
56_5,"['57_6', '57_5', '57_9']","['55_8', '55_26', '55_11']"
56_6,"['57_8', '57_1', '57_4']","['55_27', '55_36', '55_16']"
56_7,"['57_1', '57_3', '57_10']","['55_17', '55_1', '55_21']"
56_8,"['57_13', '57_1', '57_16']","['55_6', '55_14', '55_21']"
56_9,"['57_10', '57_1', '57_3']","['55_28', '55_25', '55_17']"
56_10,"['57_12', '57_7', '57_3']","['55_9', '55_16', '55_1']"
56_11,"['57_9', '57_6', '57_5']","['55_15', '55_26', '55_8']"
56_12,"['57_17', '57_22', '57_6']","['55_5', '55_37', '55_12']"
56_13,"['57_5', '57_16', '57_9']","['55_15', '55_31', '55_34']"
56_14,"['57_5', '57_2', '57_16']","['55_7', '55_31', '55_10']"
56_15,"['57_18', '57_6', '57_17']","['55_13', '55_37', '55_26']"
56_16,"['57_7', '57_12', '57_1']","['55_16', '55_21', '55_9']"
56_17,"['57_0', '57_5', '57_2']","['55_2', '55_33', '55_21']"
56_18,"['57_14', '57_11', '57_19']","['55_0', '55_11', '55_3']"
56_19,"['57_16', '57_1', '57_21']","['55_36', '55_21', '55_34']"
56_20,"['57_8', '57_1', '57_13']","['55_27', '55_21', '55_36']"
56_21,"['57_1', '57_0', '57_3']","['55_21', '55_17', '55_2']"
56_22,"['57_22', '57_6', '57_19']","['55_12', '55_37', '55_11']"
56_23,"['57_6', '57_18', '57_22']","['55_37', '55_5', '55_13']"
56_24,"['57_15', '57_1', '57_12']","['55_21', '55_9', '55_36']"
56_25,"['57_6', '57_2', '57_9']","['55_23', '55_11', '55_15']"
56_26,"['57_13', '57_1', '57_21']","['55_14', '55_21', '55_36']"
56_27,"['57_16', '57_5', '57_21']","['55_34', '55_36', '55_15']"
56_28,"['57_20', '57_1', '57_3']","['55_32', '55_21', '55_17']"
56_29,"['57_21', '57_16', '57_6']","['55_36', '55_34', '55_14']"
56_30,"['57_4', '57_0', '57_2']","['55_33', '55_24', '55_2']"
56_31,"['57_13', '57_1', '57_16']","['55_14', '55_6', '55_21']"
57_0,"['58_0', '58_19', '58_26']","['56_17', '56_21', '56_30']"
57_1,"['58_7', '58_22', '58_6']","['56_7', '56_21', '56_19']"
57_2,"['58_9', '58_20', '58_6']","['56_1', '56_0', '56_14']"
57_3,"['58_3', '58_7', '58_22']","['56_4', '56_7', '56_21']"
57_4,"['58_17', '58_7', '58_8']","['56_2', '56_30', '56_7']"
57_5,"['58_1', '58_19', '58_4']","['56_14', '56_13', '56_0']"
57_6,"['58_4', '58_2', '58_1']","['56_5', '56_11', '56_13']"
57_7,"['58_5', '58_22', '58_15']","['56_16', '56_10', '56_21']"
57_8,"['58_25', '58_12', '58_5']","['56_6', '56_20', '56_2']"
57_9,"['58_10', '58_4', '58_2']","['56_11', '56_13', '56_5']"
57_10,"['58_8', '58_7', '58_6']","['56_9', '56_7', '56_19']"
57_11,"['58_13', '58_11', '58_19']","['56_3', '56_18', '56_0']"
57_12,"['58_15', '58_3', '58_5']","['56_10', '56_4', '56_16']"
57_13,"['58_27', '58_28', '58_22']","['56_31', '56_26', '56_8']"
57_14,"['58_11', '58_19', '58_13']","['56_18', '56_3', '56_5']"
57_15,"['58_23', '58_22', '58_15']","['56_24', '56_19', '56_10']"
57_16,"['58_6', '58_1', '58_23']","['56_27', '56_19', '56_13']"
57_17,"['58_18', '58_2', '58_14']","['56_12', '56_23', '56_22']"
57_18,"['58_14', '58_18', '58_4']","['56_15', '56_23', '56_12']"
57_19,"['58_19', '58_1', '58_11']","['56_0', '56_1', '56_3']"
57_20,"['58_21', '58_22', '58_7']","['56_28', '56_21', '56_7']"
57_21,"['58_12', '58_2', '58_23']","['56_29', '56_19', '56_27']"
57_22,"['58_24', '58_2', '58_4']","['56_22', '56_23', '56_5']"
58_0,"['59_7', '59_9', '59_25']","['57_0', '57_5', '57_19']"
58_1,"['59_1', '59_9', '59_14']","['57_5', '57_19', '57_2']"
58_2,"['59_0', '59_2', '59_13']","['57_22', '57_5', '57_6']"
58_3,"['59_8', '59_15', '59_34']","['57_3', '57_1', '57_12']"
58_4,"['59_2', '59_26', '59_0']","['57_6', '57_5', '57_9']"
58_5,"['59_4', '59_15', '59_17']","['57_7', '57_12', '57_1']"
58_6,"['59_28', '59_12', '59_18']","['57_16', '57_2', '57_1']"
58_7,"['59_31', '59_15', '59_28']","['57_1', '57_3', '57_4']"
58_8,"['59_5', '59_37', '59_31']","['57_10', '57_1', '57_16']"
58_9,"['59_18', '59_24', '59_12']","['57_2', '57_5', '57_19']"
58_10,"['59_11', '59_2', '59_26']","['57_9', '57_6', '57_5']"
58_11,"['59_19', '59_9', '59_3']","['57_14', '57_11', '57_19']"
58_12,"['59_6', '59_23', '59_15']","['57_21', '57_13', '57_1']"
58_13,"['59_3', '59_19', '59_9']","['57_11', '57_14', '57_19']"
58_14,"['59_20', '59_2', '59_29']","['57_18', '57_6', '57_17']"
58_15,"['59_17', '59_34', '59_4']","['57_12', '57_3', '57_7']"
58_16,"['59_10', '59_14', '59_16']","['57_13', '57_19', '57_5']"
58_17,"['59_22', '59_25', '59_37']","['57_4', '57_1', '57_11']"
58_18,"['59_29', '59_0', '59_13']","['57_17', '57_22', '57_6']"
58_19,"['59_9', '59_19', '59_3']","['57_19', '57_5', '57_14']"
58_20,"['59_24', '59_18', '59_9']","['57_2', '57_16', '57_19']"
58_21,"['59_27', '59_15', '59_8']","['57_20', '57_1', '57_3']"
58_22,"['59_15', '59_4', '59_7']","['57_1', '57_3', '57_13']"
58_23,"['59_33', '59_0', '59_15']","['57_1', '57_16', '57_10']"
58_24,"['59_13', '59_0', '59_2']","['57_22', '57_5', '57_6']"
58_25,"['59_15', '59_23', '59_6']","['57_8', '57_1', '57_13']"
58_26,"['59_16', '59_35', '59_7']","['57_0', '57_13', '57_5']"
58_27,"['59_16', '59_23', '59_15']","['57_13', '57_1', '57_3']"
58_28,"['59_23', '59_16', '59_28']","['57_13', '57_1', '57_16']"
58_29,"['59_32', '59_1', '59_31']","['57_5', '57_16', '57_1']"
59_0,"['60_0', '60_1', '60_2']","['58_2', '58_24', '58_4']"
59_1,"['60_2', '60_5', '60_6']","['58_1', '58_19', '58_9']"
59_2,"['60_1', '60_0', '60_17']","['58_4', '58_2', '58_10']"
59_3,"['60_25', '60_31', '60_4']","['58_13', '58_11', '58_19']"
59_4,"['60_11', '60_21', '60_29']","['58_5', '58_22', '58_15']"
59_5,"['60_9', '60_35', '60_32']","['58_8', '58_7', '58_6']"
59_6,"['60_15', '60_22', '60_21']","['58_12', '58_23', '58_25']"
59_7,"['60_18', '60_29', '60_3']","['58_0', '58_22', '58_19']"
59_8,"['60_10', '60_29', '60_21']","['58_3', '58_7', '58_22']"
59_9,"['60_33', '60_4', '60_5']","['58_19', '58_11', '58_1']"
59_10,"['60_13', '60_6', '60_8']","['58_16', '58_27', '58_26']"
59_11,"['60_17', '60_1', '60_28']","['58_10', '58_4', '58_2']"
59_12,"['60_3', '60_5', '60_12']","['58_6', '58_9', '58_1']"
59_13,"['60_20', '60_1', '60_0']","['58_24', '58_2', '58_4']"
59_14,"['60_6', '60_1', '60_2']","['58_1', '58_4', '58_19']"
59_15,"['60_29', '60_10', '60_21']","['58_22', '58_7', '58_3']"
59_16,"['60_8', '60_21', '60_29']","['58_27', '58_26', '58_28']"
59_17,"['60_34', '60_21', '60_30']","['58_15', '58_3', '58_5']"
59_18,"['60_5', '60_12', '60_3']","['58_9', '58_20', '58_6']"
59_19,"['60_4', '60_33', '60_25']","['58_11', '58_19', '58_13']"
59_20,"['60_19', '60_1', '60_16']","['58_14', '58_4', '58_18']"
59_21,"['60_23', '60_33', '60_1']","['58_19', '58_1', '58_2']"
59_22,"['60_24', '60_35', '60_25']","['58_17', '58_7', '58_13']"
59_23,"['60_8', '60_22', '60_29']","['58_28', '58_27', '58_6']"
59_24,"['60_5', '60_12', '60_3']","['58_20', '58_9', '58_6']"
59_25,"['60_5', '60_3', '60_24']","['58_17', '58_9', '58_19']"
59_26,"['60_7', '60_1', '60_17']","['58_4', '58_19', '58_10']"
59_27,"['60_26', '60_29', '60_10']","['58_21', '58_22', '58_7']"
59_28,"['60_12', '60_5', '60_3']","['58_6', '58_7', '58_8']"
59_29,"['60_16', '60_20', '60_1']","['58_18', '58_24', '58_2']"
59_30,"['60_28', '60_17', '60_1']","['58_10', '58_4', '58_2']"
59_31,"['60_10', '60_35', '60_24']","['58_7', '58_8', '58_6']"
59_32,"['60_9', '60_1', '60_6']","['58_29', '58_7', '58_6']"
59_33,"['60_21', '60_1', '60_29']","['58_19', '58_11', '58_23']"
59_34,"['60_30', '60_10', '60_21']","['58_3', '58_15', '58_5']"
59_35,"['60_12', '60_5', '60_3']","['58_9', '58_6', '58_20']"
59_36,"['60_1', '60_23', '60_2']","['58_2', '58_1', '58_10']"
59_37,"['60_35', '60_24', '60_9']","['58_8', '58_7', '58_17']"
60_0,"['61_6', '61_1', '61_24']","['59_0', '59_2', '59_13']"
60_1,"['61_1', '61_6', '61_8']","['59_2', '59_0', '59_26']"
60_2,"['61_11', '61_26', '61_10']","['59_1', '59_9', '59_14']"
60_3,"['61_2', '61_19', '61_30']","['59_12', '59_18', '59_25']"
60_4,"['61_0', '61_22', '61_4']","['59_19', '59_9', '59_3']"
60_5,"['61_19', '61_30', '61_2']","['59_18', '59_25', '59_12']"
60_6,"['61_10', '61_11', '61_1']","['59_14', '59_1', '59_2']"
60_7,"['61_7', '61_14', '61_1']","['59_26', '59_9', '59_2']"
60_8,"['61_17', '61_27', '61_16']","['59_16', '59_23', '59_15']"
60_9,"['61_9', '61_4', '61_2']","['59_5', '59_37', '59_31']"
60_10,"['61_21', '61_32', '61_16']","['59_8', '59_31', '59_15']"
60_11,"['61_25', '61_16', '61_5']","['59_4', '59_15', '59_17']"
60_12,"['61_2', '61_31', '61_19']","['59_35', '59_28', '59_12']"
60_13,"['61_17', '61_27', '61_10']","['59_10', '59_14', '59_16']"
60_14,"['61_15', '61_16', '61_27']","['59_15', '59_20', '59_23']"
60_15,"['61_12', '61_27', '61_16']","['59_6', '59_23', '59_4']"
60_16,"['61_18', '61_29', '61_6']","['59_29', '59_13', '59_0']"
60_17,"['61_8', '61_1', '61_14']","['59_11', '59_2', '59_30']"
60_18,"['61_13', '61_16', '61_2']","['59_7', '59_25', '59_9']"
60_19,"['61_28', '61_29', '61_1']","['59_20', '59_2', '59_13']"
60_20,"['61_24', '61_6', '61_1']","['59_13', '59_0', '59_2']"
60_21,"['61_5', '61_16', '61_3']","['59_33', '59_17', '59_15']"
60_22,"['61_12', '61_27', '61_16']","['59_6', '59_23', '59_28']"
60_23,"['61_26', '61_22', '61_6']","['59_21', '59_9', '59_36']"
60_24,"['61_4', '61_30', '61_16']","['59_22', '59_25', '59_37']"
60_25,"['61_4', '61_0', '61_22']","['59_3', '59_22', '59_19']"
60_26,"['61_23', '61_16', '61_21']","['59_27', '59_15', '59_8']"
60_27,"['61_20', '61_27', '61_17']","['59_16', '59_36', '59_2']"
60_28,"['61_8', '61_7', '61_1']","['59_30', '59_11', '59_2']"
60_29,"['61_16', '61_13', '61_21']","['59_15', '59_7', '59_8']"
60_30,"['61_5', '61_21', '61_3']","['59_34', '59_17', '59_8']"
60_31,"['61_4', '61_22', '61_30']","['59_3', '59_9', '59_25']"
60_32,"['61_9', '61_16', '61_2']","['59_5', '59_31', '59_28']"
60_33,"['61_22', '61_26', '61_0']","['59_9', '59_19', '59_3']"
60_34,"['61_5', '61_25', '61_6']","['59_17', '59_4', '59_34']"
60_35,"['61_4', '61_9', '61_16']","['59_37', '59_5', '59_31']"
61_0,"['62_0', '62_3', '62_4']","['60_4', '60_33', '60_6']"
61_1,"['62_1', '62_7', '62_8']","['60_1', '60_6', '60_0']"
61_2,"['62_6', '62_4', '62_3']","['60_3', '60_12', '60_5']"
61_3,"['62_5', '62_10', '62_8']","['60_21', '60_1', '60_10']"
61_4,"['62_2', '62_28', '62_6']","['60_24', '60_25', '60_35']"
61_5,"['62_25', '62_26', '62_5']","['60_30', '60_34', '60_21']"
61_6,"['62_7', '62_4', '62_1']","['60_0', '60_1', '60_2']"
61_7,"['62_9', '62_10', '62_3']","['60_7', '60_33', '60_1']"
61_8,"['62_8', '62_1', '62_7']","['60_17', '60_1', '60_28']"
61_9,"['62_13', '62_2', '62_12']","['60_9', '60_35', '60_32']"
61_10,"['62_4', '62_1', '62_0']","['60_6', '60_1', '60_2']"
61_11,"['62_4', '62_3', '62_6']","['60_2', '60_5', '60_6']"
61_12,"['62_14', '62_18', '62_2']","['60_22', '60_15', '60_21']"
61_13,"['62_11', '62_6', '62_2']","['60_18', '60_29', '60_12']"
61_14,"['62_10', '62_3', '62_9']","['60_7', '60_5', '60_17']"
61_15,"['62_15', '62_2', '62_27']","['60_14', '60_21', '60_29']"
61_16,"['62_2', '62_12', '62_11']","['60_29', '60_10', '60_21']"
61_17,"['62_19', '62_2', '62_15']","['60_8', '60_12', '60_13']"
61_18,"['62_21', '62_23', '62_22']","['60_16', '60_1', '60_19']"
61_19,"['62_3', '62_6', '62_24']","['60_5', '60_12', '60_3']"
61_20,"['62_15', '62_19', '62_14']","['60_27', '60_8', '60_1']"
61_21,"['62_12', '62_2', '62_10']","['60_10', '60_29', '60_21']"
61_22,"['62_3', '62_0', '62_4']","['60_33', '60_4', '60_5']"
61_23,"['62_17', '62_2', '62_12']","['60_26', '60_29', '60_10']"
61_24,"['62_20', '62_7', '62_23']","['60_20', '60_1', '60_0']"
61_25,"['62_16', '62_2', '62_14']","['60_11', '60_21', '60_29']"
61_26,"['62_4', '62_3', '62_0']","['60_33', '60_2', '60_23']"
61_27,"['62_14', '62_2', '62_15']","['60_8', '60_6', '60_1']"
61_28,"['62_27', '62_23', '62_22']","['60_19', '60_1', '60_16']"
61_29,"['62_22', '62_23', '62_21']","['60_16', '60_19', '60_21']"
61_30,"['62_6', '62_3', '62_11']","['60_5', '60_3', '60_24']"
61_31,"['62_24', '62_6', '62_3']","['60_12', '60_5', '60_3']"
61_32,"['62_12', '62_2', '62_13']","['60_10', '60_9', '60_12']"
62_0,"['63_0', '63_19', '63_26']","['61_0', '61_22', '61_10']"
62_1,"['63_6', '63_18', '63_8']","['61_1', '61_6', '61_8']"
62_2,"['63_2', '63_4', '63_13']","['61_16', '61_4', '61_21']"
62_3,"['63_1', '63_12', '63_19']","['61_22', '61_19', '61_11']"
62_4,"['63_15', '63_27', '63_1']","['61_11', '61_26', '61_22']"
62_5,"['63_28', '63_12', '63_8']","['61_3', '61_14', '61_8']"
62_6,"['63_3', '63_25', '63_1']","['61_2', '61_19', '61_30']"
62_7,"['63_18', '63_6', '63_27']","['61_6', '61_1', '61_24']"
62_8,"['63_8', '63_6', '63_28']","['61_8', '61_1', '61_6']"
62_9,"['63_17', '63_28', '63_12']","['61_7', '61_14', '61_1']"
62_10,"['63_28', '63_17', '63_1']","['61_14', '61_7', '61_3']"
62_11,"['63_14', '63_3', '63_4']","['61_13', '61_16', '61_2']"
62_12,"['63_13', '63_22', '63_4']","['61_21', '61_32', '61_16']"
62_13,"['63_10', '63_22', '63_2']","['61_9', '61_32', '61_4']"
62_14,"['63_5', '63_25', '63_4']","['61_12', '61_27', '61_16']"
62_15,"['63_5', '63_28', '63_3']","['61_20', '61_27', '61_17']"
62_16,"['63_11', '63_4', '63_16']","['61_25', '61_16', '61_5']"
62_17,"['63_20', '63_4', '63_13']","['61_23', '61_16', '61_21']"
62_18,"['63_5', '63_25', '63_4']","['61_12', '61_27', '61_17']"
62_19,"['63_4', '63_5', '63_28']","['61_17', '61_27', '61_16']"
62_20,"['63_9', '63_18', '63_6']","['61_24', '61_6', '61_1']"
62_21,"['63_30', '63_18', '63_24']","['61_18', '61_29', '61_6']"
62_22,"['63_29', '63_30', '63_24']","['61_29', '61_18', '61_24']"
62_23,"['63_18', '63_24', '63_30']","['61_28', '61_18', '61_29']"
62_24,"['63_3', '63_1', '63_14']","['61_31', '61_19', '61_2']"
62_25,"['63_21', '63_13', '63_16']","['61_5', '61_21', '61_3']"
62_26,"['63_16', '63_21', '63_11']","['61_5', '61_25', '61_16']"
62_27,"['63_24', '63_29', '63_30']","['61_28', '61_29', '61_18']"
62_28,"['63_7', '63_2', '63_0']","['61_4', '61_0', '61_22']"
63_0,"['64_0', '64_19', '64_4']","['62_0', '62_3', '62_4']"
63_1,"['64_3', '64_4', '64_19']","['62_3', '62_4', '62_24']"
63_2,"['64_13', '64_8', '64_9']","['62_2', '62_28', '62_12']"
63_3,"['64_15', '64_8', '64_3']","['62_6', '62_24', '62_3']"
63_4,"['64_12', '64_14', '64_13']","['62_2', '62_12', '62_14']"
63_5,"['64_14', '64_22', '64_24']","['62_18', '62_14', '62_19']"
63_6,"['64_1', '64_27', '64_26']","['62_1', '62_8', '62_7']"
63_7,"['64_9', '64_0', '64_8']","['62_28', '62_0', '62_2']"
63_8,"['64_1', '64_26', '64_27']","['62_8', '62_1', '62_7']"
63_9,"['64_5', '64_0', '64_1']","['62_20', '62_0', '62_7']"
63_10,"['64_8', '64_24', '64_15']","['62_13', '62_6', '62_2']"
63_11,"['64_10', '64_12', '64_11']","['62_16', '62_2', '62_26']"
63_12,"['64_4', '64_3', '64_19']","['62_3', '62_0', '62_4']"
63_13,"['64_7', '64_12', '64_13']","['62_12', '62_2', '62_10']"
63_14,"['64_17', '64_27', '64_12']","['62_11', '62_6', '62_2']"
63_15,"['64_16', '64_26', '64_20']","['62_4', '62_3', '62_6']"
63_16,"['64_11', '64_10', '64_25']","['62_26', '62_16', '62_25']"
63_17,"['64_2', '64_1', '64_4']","['62_9', '62_10', '62_4']"
63_18,"['64_1', '64_26', '64_27']","['62_7', '62_1', '62_4']"
63_19,"['64_19', '64_0', '64_4']","['62_0', '62_3', '62_4']"
63_20,"['64_18', '64_12', '64_7']","['62_17', '62_2', '62_12']"
63_21,"['64_25', '64_7', '64_11']","['62_25', '62_12', '62_26']"
63_22,"['64_7', '64_8', '64_22']","['62_12', '62_2', '62_13']"
63_23,"['64_26', '64_1', '64_20']","['62_4', '62_6', '62_8']"
63_24,"['64_6', '64_21', '64_27']","['62_27', '62_23', '62_22']"
63_25,"['64_22', '64_14', '64_15']","['62_14', '62_6', '62_11']"
63_26,"['64_0', '64_26', '64_4']","['62_0', '62_4', '62_1']"
63_27,"['64_20', '64_26', '64_16']","['62_4', '62_6', '62_3']"
63_28,"['64_4', '64_1', '64_26']","['62_10', '62_5', '62_3']"
63_29,"['64_21', '64_14', '64_12']","['62_22', '62_27', '62_23']"
63_30,"['64_21', '64_1', '64_27']","['62_21', '62_22', '62_23']"
64_0,"['65_0', '65_4', '65_19']","['63_0', '63_19', '63_7']"
64_1,"['65_5', '65_15', '65_4']","['63_8', '63_6', '63_18']"
64_2,"['65_1', '65_4', '65_15']","['63_17', '63_28', '63_12']"
64_3,"['65_3', '65_4', '65_2']","['63_1', '63_12', '63_19']"
64_4,"['65_4', '65_3', '65_10']","['63_12', '63_1', '63_28']"
64_5,"['65_9', '65_0', '65_8']","['63_9', '63_18', '63_0']"
64_6,"['65_6', '65_17', '65_8']","['63_24', '63_5', '63_4']"
64_7,"['65_7', '65_23', '65_4']","['63_13', '63_22', '63_4']"
64_8,"['65_16', '65_14', '65_19']","['63_10', '63_2', '63_3']"
64_9,"['65_19', '65_0', '65_4']","['63_7', '63_2', '63_0']"
64_10,"['65_22', '65_23', '65_21']","['63_11', '63_4', '63_16']"
64_11,"['65_12', '65_7', '65_22']","['63_16', '63_21', '63_11']"
64_12,"['65_23', '65_22', '65_7']","['63_4', '63_2', '63_14']"
64_13,"['65_14', '65_23', '65_19']","['63_2', '63_4', '63_7']"
64_14,"['65_21', '65_25', '65_23']","['63_5', '63_4', '63_25']"
64_15,"['65_3', '65_2', '65_25']","['63_3', '63_25', '63_2']"
64_16,"['65_2', '65_3', '65_4']","['63_15', '63_27', '63_1']"
64_17,"['65_11', '65_23', '65_2']","['63_14', '63_3', '63_4']"
64_18,"['65_20', '65_23', '65_7']","['63_20', '63_4', '63_13']"
64_19,"['65_10', '65_3', '65_4']","['63_19', '63_1', '63_0']"
64_20,"['65_2', '65_4', '65_10']","['63_27', '63_15', '63_23']"
64_21,"['65_8', '65_9', '65_4']","['63_30', '63_29', '63_18']"
64_22,"['65_25', '65_4', '65_21']","['63_25', '63_3', '63_28']"
64_23,"['65_24', '65_4', '65_3']","['63_1', '63_12', '63_19']"
64_24,"['65_26', '65_13', '65_16']","['63_10', '63_5', '63_3']"
64_25,"['65_7', '65_12', '65_4']","['63_21', '63_13', '63_16']"
64_26,"['65_2', '65_4', '65_11']","['63_23', '63_27', '63_18']"
64_27,"['65_11', '65_5', '65_15']","['63_14', '63_6', '63_18']"
65_0,"['66_5', '66_7', '66_14']","['64_0', '64_19', '64_4']"
65_1,"['66_22', '66_17', '66_0']","['64_2', '64_4', '64_1']"
65_2,"['66_1', '66_11', '66_7']","['64_16', '64_20', '64_26']"
65_3,"['66_4', '66_11', '66_7']","['64_3', '64_4', '64_19']"
65_4,"['66_17', '66_7', '66_22']","['64_4', '64_3', '64_19']"
65_5,"['66_0', '66_13', '66_22']","['64_1', '64_27', '64_26']"
65_6,"['66_6', '66_2', '66_3']","['64_6', '64_14', '64_12']"
65_7,"['66_9', '66_17', '66_3']","['64_7', '64_25', '64_12']"
65_8,"['66_16', '66_0', '66_14']","['64_21', '64_5', '64_1']"
65_9,"['66_14', '66_5', '66_0']","['64_5', '64_0', '64_1']"
65_10,"['66_7', '66_18', '66_5']","['64_19', '64_4', '64_3']"
65_11,"['66_13', '66_11', '66_0']","['64_17', '64_27', '64_1']"
65_12,"['66_20', '66_3', '66_9']","['64_11', '64_10', '64_25']"
65_13,"['66_12', '66_8', '66_0']","['64_1', '64_24', '64_27']"
65_14,"['66_10', '66_9', '66_11']","['64_13', '64_8', '64_9']"
65_15,"['66_0', '66_22', '66_17']","['64_1', '64_26', '64_2']"
65_16,"['66_10', '66_11', '66_19']","['64_8', '64_15', '64_13']"
65_17,"['66_2', '66_6', '66_3']","['64_6', '64_14', '64_12']"
65_18,"['66_18', '66_7', '66_17']","['64_19', '64_7', '64_22']"
65_19,"['66_10', '66_5', '66_17']","['64_9', '64_8', '64_0']"
65_20,"['66_15', '66_3', '66_9']","['64_18', '64_12', '64_7']"
65_21,"['66_3', '66_19', '66_17']","['64_14', '64_12', '64_22']"
65_22,"['66_3', '66_9', '66_20']","['64_10', '64_12', '64_14']"
65_23,"['66_3', '66_9', '66_10']","['64_12', '64_17', '64_13']"
65_24,"['66_7', '66_5', '66_4']","['64_23', '64_4', '64_3']"
65_25,"['66_19', '66_11', '66_17']","['64_22', '64_14', '64_15']"
65_26,"['66_8', '66_12', '66_3']","['64_24', '64_14', '64_8']"
66_0,"['67_2', '67_9', '67_1']","['65_5', '65_15', '65_2']"
66_1,"['67_1', '67_4', '67_11']","['65_2', '65_3', '65_4']"
66_2,"['67_0', '67_3', '67_10']","['65_17', '65_6', '65_7']"
66_3,"['67_10', '67_5', '67_14']","['65_23', '65_21', '65_22']"
66_4,"['67_4', '67_11', '67_1']","['65_3', '65_2', '65_4']"
66_5,"['67_6', '67_8', '67_16']","['65_0', '65_4', '65_19']"
66_6,"['67_0', '67_10', '67_3']","['65_6', '65_17', '65_21']"
66_7,"['67_8', '67_19', '67_1']","['65_10', '65_18', '65_4']"
66_8,"['67_7', '67_10', '67_11']","['65_26', '65_13', '65_16']"
66_9,"['67_5', '67_10', '67_17']","['65_7', '65_23', '65_14']"
66_10,"['67_17', '67_18', '67_5']","['65_14', '65_16', '65_19']"
66_11,"['67_11', '67_4', '67_1']","['65_11', '65_3', '65_2']"
66_12,"['67_7', '67_18', '67_9']","['65_13', '65_26', '65_16']"
66_13,"['67_13', '67_1', '67_11']","['65_11', '65_2', '65_4']"
66_14,"['67_16', '67_6', '67_13']","['65_9', '65_0', '65_8']"
66_15,"['67_14', '67_10', '67_5']","['65_20', '65_23', '65_7']"
66_16,"['67_15', '67_16', '67_12']","['65_8', '65_9', '65_5']"
66_17,"['67_5', '67_8', '67_1']","['65_4', '65_7', '65_10']"
66_18,"['67_19', '67_8', '67_5']","['65_18', '65_10', '65_16']"
66_19,"['67_11', '67_4', '67_1']","['65_25', '65_2', '65_16']"
66_20,"['67_5', '67_10', '67_0']","['65_12', '65_22', '65_7']"
66_21,"['67_11', '67_4', '67_7']","['65_25', '65_26', '65_11']"
66_22,"['67_9', '67_1', '67_2']","['65_1', '65_4', '65_15']"
67_0,"['68_1', '68_9', '68_19']","['66_2', '66_6', '66_3']"
67_1,"['68_14', '68_0', '68_10']","['66_1', '66_11', '66_4']"
67_2,"['68_0', '68_14', '68_7']","['66_0', '66_13', '66_22']"
67_3,"['68_2', '68_9', '68_12']","['66_2', '66_8', '66_3']"
67_4,"['68_10', '68_14', '68_6']","['66_4', '66_11', '66_1']"
67_5,"['68_5', '68_4', '68_13']","['66_9', '66_3', '66_10']"
67_6,"['68_8', '68_18', '68_20']","['66_5', '66_7', '66_11']"
67_7,"['68_12', '68_6', '68_13']","['66_8', '66_12', '66_11']"
67_8,"['68_18', '68_8', '68_14']","['66_7', '66_5', '66_18']"
67_9,"['68_0', '68_14', '68_10']","['66_0', '66_22', '66_17']"
67_10,"['68_13', '68_4', '68_5']","['66_3', '66_9', '66_10']"
67_11,"['68_6', '68_10', '68_14']","['66_11', '66_4', '66_19']"
67_12,"['68_7', '68_0', '68_14']","['66_0', '66_1', '66_12']"
67_13,"['68_6', '68_0', '68_14']","['66_13', '66_11', '66_0']"
67_14,"['68_16', '68_13', '68_5']","['66_15', '66_3', '66_9']"
67_15,"['68_17', '68_0', '68_7']","['66_16', '66_0', '66_14']"
67_16,"['68_8', '68_0', '68_20']","['66_14', '66_5', '66_0']"
67_17,"['68_4', '68_20', '68_8']","['66_10', '66_11', '66_5']"
67_18,"['68_4', '68_3', '68_20']","['66_10', '66_11', '66_19']"
67_19,"['68_18', '68_4', '68_5']","['66_18', '66_7', '66_17']"
68_0,"['69_0', '69_3', '69_2']","['67_2', '67_9', '67_1']"
68_1,"['69_1', '69_0', '69_2']","['67_0', '67_10', '67_3']"
68_2,"['69_1', '69_0', '69_3']","['67_3', '67_0', '67_7']"
68_3,"['69_0', '69_1', '69_2']","['67_18', '67_17', '67_10']"
68_4,"['69_0', '69_1', '69_4']","['67_17', '67_5', '67_10']"
68_5,"['69_0', '69_1', '69_4']","['67_5', '67_10', '67_17']"
68_6,"['69_0', '69_3', '69_1']","['67_11', '67_13', '67_4']"
68_7,"['69_0', '69_3', '69_1']","['67_12', '67_1', '67_2']"
68_8,"['69_0', '69_3', '69_1']","['67_6', '67_8', '67_17']"
68_9,"['69_1', '69_0', '69_2']","['67_0', '67_3', '67_10']"
68_10,"['69_0', '69_1', '69_3']","['67_4', '67_11', '67_1']"
68_11,"['69_2', '69_4', '69_3']","['67_7', '67_0', '67_3']"
68_12,"['69_0', '69_3', '69_1']","['67_7', '67_10', '67_11']"
68_13,"['69_0', '69_1', '69_4']","['67_10', '67_5', '67_14']"
68_14,"['69_0', '69_1', '69_3']","['67_1', '67_8', '67_11']"
68_15,"['69_3', '69_4', '69_2']","['67_7', '67_12', '67_15']"
68_16,"['69_0', '69_4', '69_2']","['67_14', '67_10', '67_5']"
68_17,"['69_0', '69_4', '69_3']","['67_15', '67_2', '67_12']"
68_18,"['69_0', '69_1', '69_2']","['67_8', '67_6', '67_1']"
68_19,"['69_0', '69_4', '69_1']","['67_10', '67_0', '67_5']"
68_20,"['69_0', '69_1', '69_4']","['67_17', '67_18', '67_6']"
68_21,"['69_4', '69_2', '69_3']","['67_15', '67_7', '67_10']"
69_0,"['70_0', '70_3', '70_1']","['68_4', '68_0', '68_6']"
69_1,"['70_1', '70_0', '70_4']","['68_2', '68_9', '68_12']"
69_2,"['70_1', '70_4', '70_0']","['68_11', '68_21', '68_15']"
69_3,"['70_1', '70_4', '70_0']","['68_15', '68_12', '68_21']"
69_4,"['70_4', '70_1', '70_0']","['68_21', '68_11', '68_15']"
70_0,"['71_1', '71_3', '71_0']","['69_0', '69_1', '69_3']"
70_1,"['71_8', '71_10', '71_6']","['69_2', '69_4', '69_0']"
70_2,"['71_13', '71_5', '71_19']","['69_0', '69_3', '69_4']"
70_3,"['71_22', '71_3', '71_12']","['69_0', '69_4', '69_3']"
70_4,"['71_8', '71_6', '71_27']","['69_4', '69_2', '69_3']"
71_0,"['72_8', '72_0', '72_2']","['70_0', '70_2', '70_3']"
71_1,"['72_2', '72_1', '72_3']","['70_0', '70_3', '70_2']"
71_2,"['72_1', '72_2', '72_8']","['70_0', '70_2', '70_3']"
71_3,"['72_15', '72_3', '72_2']","['70_0', '70_3', '70_1']"
71_4,"['72_0', '72_26', '72_8']","['70_0', '70_3', '70_1']"
71_5,"['72_9', '72_22', '72_18']","['70_0', '70_2', '70_1']"
71_6,"['72_12', '72_31', '72_17']","['70_0', '70_4', '70_1']"
71_7,"['72_3', '72_2', '72_15']","['70_0', '70_3', '70_1']"
71_8,"['72_4', '72_9', '72_26']","['70_1', '70_0', '70_4']"
71_9,"['72_5', '72_17', '72_12']","['70_0', '70_1', '70_4']"
71_10,"['72_10', '72_27', '72_8']","['70_0', '70_1', '70_3']"
71_11,"['72_30', '72_26', '72_8']","['70_0', '70_2', '70_1']"
71_12,"['72_0', '72_26', '72_15']","['70_0', '70_3', '70_1']"
71_13,"['72_18', '72_9', '72_22']","['70_2', '70_0', '70_1']"
71_14,"['72_13', '72_11', '72_7']","['70_0', '70_1', '70_3']"
71_15,"['72_16', '72_2', '72_20']","['70_0', '70_3', '70_1']"
71_16,"['72_11', '72_13', '72_7']","['70_0', '70_1', '70_3']"
71_17,"['72_14', '72_6', '72_13']","['70_0', '70_3', '70_1']"
71_18,"['72_24', '72_14', '72_29']","['70_0', '70_3', '70_1']"
71_19,"['72_8', '72_26', '72_2']","['70_0', '70_2', '70_3']"
71_20,"['72_10', '72_0', '72_4']","['70_0', '70_1', '70_4']"
71_21,"['72_19', '72_31', '72_13']","['70_0', '70_1', '70_4']"
71_22,"['72_28', '72_15', '72_0']","['70_3', '70_0', '70_1']"
71_23,"['72_20', '72_2', '72_1']","['70_0', '70_2', '70_3']"
71_24,"['72_1', '72_2', '72_8']","['70_0', '70_2', '70_3']"
71_25,"['72_2', '72_14', '72_16']","['70_0', '70_3', '70_1']"
71_26,"['72_25', '72_3', '72_10']","['70_0', '70_3', '70_1']"
71_27,"['72_24', '72_5', '72_17']","['70_0', '70_4', '70_1']"
72_0,"['73_0', '73_16', '73_31']","['71_4', '71_0', '71_12']"
72_1,"['73_17', '73_23', '73_5']","['71_2', '71_24', '71_1']"
72_2,"['73_5', '73_6', '73_1']","['71_1', '71_2', '71_25']"
72_3,"['73_1', '73_5', '73_11']","['71_7', '71_3', '71_1']"
72_4,"['73_15', '73_7', '73_14']","['71_8', '71_5', '71_13']"
72_5,"['73_3', '73_10', '73_35']","['71_9', '71_6', '71_27']"
72_6,"['73_2', '73_20', '73_19']","['71_17', '71_24', '71_14']"
72_7,"['73_4', '73_20', '73_10']","['71_14', '71_3', '71_16']"
72_8,"['73_5', '73_0', '73_16']","['71_19', '71_0', '71_1']"
72_9,"['73_0', '73_11', '73_26']","['71_5', '71_0', '71_19']"
72_10,"['73_22', '73_11', '73_0']","['71_10', '71_26', '71_20']"
72_11,"['73_12', '73_20', '73_4']","['71_16', '71_14', '71_21']"
72_12,"['73_35', '73_27', '73_14']","['71_6', '71_14', '71_9']"
72_13,"['73_20', '73_12', '73_4']","['71_14', '71_16', '71_17']"
72_14,"['73_19', '73_36', '73_6']","['71_17', '71_25', '71_18']"
72_15,"['73_13', '73_1', '73_28']","['71_3', '71_7', '71_1']"
72_16,"['73_6', '73_5', '73_1']","['71_15', '71_1', '71_25']"
72_17,"['73_10', '73_28', '73_35']","['71_6', '71_9', '71_14']"
72_18,"['73_34', '73_23', '73_15']","['71_13', '71_5', '71_23']"
72_19,"['73_20', '73_35', '73_12']","['71_21', '71_6', '71_14']"
72_20,"['73_6', '73_36', '73_5']","['71_23', '71_17', '71_15']"
72_21,"['73_33', '73_32', '73_21']","['71_11', '71_14', '71_16']"
72_22,"['73_8', '73_16', '73_17']","['71_5', '71_2', '71_13']"
72_23,"['73_24', '73_26', '73_29']","['71_25', '71_18', '71_17']"
72_24,"['73_18', '73_36', '73_26']","['71_18', '71_27', '71_17']"
72_25,"['73_31', '73_0', '73_1']","['71_26', '71_1', '71_7']"
72_26,"['73_0', '73_16', '73_5']","['71_1', '71_19', '71_12']"
72_27,"['73_11', '73_22', '73_28']","['71_3', '71_6', '71_1']"
72_28,"['73_0', '73_13', '73_18']","['71_22', '71_4', '71_0']"
72_29,"['73_29', '73_22', '73_11']","['71_18', '71_26', '71_17']"
72_30,"['73_32', '73_33', '73_20']","['71_11', '71_14', '71_27']"
72_31,"['73_35', '73_14', '73_11']","['71_6', '71_21', '71_10']"
73_0,"['74_0', '74_12', '74_23']","['72_0', '72_26', '72_9']"
73_1,"['74_1', '74_3', '74_24']","['72_3', '72_2', '72_15']"
73_2,"['74_9', '74_7', '74_3']","['72_6', '72_14', '72_13']"
73_3,"['74_5', '74_20', '74_10']","['72_5', '72_13', '72_12']"
73_4,"['74_8', '74_6', '74_15']","['72_7', '72_13', '72_17']"
73_5,"['74_3', '74_1', '74_13']","['72_2', '72_1', '72_3']"
73_6,"['74_3', '74_7', '74_13']","['72_20', '72_16', '72_2']"
73_7,"['74_14', '74_0', '74_6']","['72_4', '72_0', '72_26']"
73_8,"['74_31', '74_12', '74_10']","['72_22', '72_9', '72_26']"
73_9,"['74_16', '74_3', '74_1']","['72_2', '72_16', '72_8']"
73_10,"['74_15', '74_24', '74_11']","['72_17', '72_5', '72_12']"
73_11,"['74_22', '74_23', '74_24']","['72_27', '72_10', '72_15']"
73_12,"['74_6', '74_8', '74_7']","['72_11', '72_13', '72_7']"
73_13,"['74_32', '74_24', '74_33']","['72_15', '72_27', '72_3']"
73_14,"['74_20', '74_10', '74_28']","['72_12', '72_31', '72_4']"
73_15,"['74_4', '74_10', '74_0']","['72_4', '72_18', '72_9']"
73_16,"['74_12', '74_3', '74_0']","['72_2', '72_1', '72_8']"
73_17,"['74_13', '74_21', '74_3']","['72_1', '72_2', '72_8']"
73_18,"['74_17', '74_27', '74_7']","['72_24', '72_14', '72_29']"
73_19,"['74_7', '74_3', '74_9']","['72_14', '72_20', '72_6']"
73_20,"['74_6', '74_7', '74_8']","['72_13', '72_11', '72_7']"
73_21,"['74_25', '74_0', '74_11']","['72_0', '72_10', '72_15']"
73_22,"['74_23', '74_11', '74_22']","['72_10', '72_27', '72_29']"
73_23,"['74_21', '74_13', '74_12']","['72_1', '72_18', '72_2']"
73_24,"['74_26', '74_27', '74_30']","['72_23', '72_29', '72_0']"
73_25,"['74_18', '74_2', '74_24']","['72_15', '72_3', '72_2']"
73_26,"['74_27', '74_17', '74_0']","['72_9', '72_24', '72_23']"
73_27,"['74_28', '74_11', '74_2']","['72_12', '72_31', '72_17']"
73_28,"['74_24', '74_15', '74_22']","['72_17', '72_15', '72_27']"
73_29,"['74_30', '74_23', '74_7']","['72_29', '72_24', '72_23']"
73_30,"['74_29', '74_0', '74_23']","['72_26', '72_15', '72_8']"
73_31,"['74_0', '74_1', '74_3']","['72_25', '72_3', '72_0']"
73_32,"['74_19', '74_6', '74_7']","['72_30', '72_21', '72_13']"
73_33,"['74_19', '74_25', '74_6']","['72_21', '72_30', '72_13']"
73_34,"['74_10', '74_4', '74_21']","['72_18', '72_9', '72_4']"
73_35,"['74_28', '74_11', '74_6']","['72_12', '72_31', '72_13']"
73_36,"['74_7', '74_3', '74_17']","['72_14', '72_24', '72_20']"
74_0,"['75_0', '75_3', '75_2']","['73_0', '73_16', '73_11']"
74_1,"['75_0', '75_3', '75_2']","['73_1', '73_5', '73_31']"
74_2,"['75_1', '75_0', '75_2']","['73_25', '73_10', '73_4']"
74_3,"['75_0', '75_3', '75_2']","['73_6', '73_5', '73_16']"
74_4,"['75_2', '75_0', '75_3']","['73_15', '73_34', '73_0']"
74_5,"['75_0', '75_1', '75_2']","['73_3', '73_14', '73_35']"
74_6,"['75_0', '75_1', '75_3']","['73_12', '73_20', '73_35']"
74_7,"['75_0', '75_3', '75_1']","['73_19', '73_36', '73_6']"
74_8,"['75_1', '75_0', '75_3']","['73_4', '73_20', '73_10']"
74_9,"['75_0', '75_1', '75_3']","['73_2', '73_20', '73_19']"
74_10,"['75_0', '75_2', '75_3']","['73_34', '73_15', '73_0']"
74_11,"['75_0', '75_1', '75_2']","['73_22', '73_35', '73_20']"
74_12,"['75_0', '75_3', '75_2']","['73_16', '73_0', '73_5']"
74_13,"['75_0', '75_3', '75_2']","['73_17', '73_23', '73_5']"
74_14,"['75_0', '75_2', '75_3']","['73_7', '73_0', '73_13']"
74_15,"['75_1', '75_0', '75_3']","['73_10', '73_28', '73_35']"
74_16,"['75_0', '75_2', '75_3']","['73_9', '73_5', '73_6']"
74_17,"['75_0', '75_3', '75_2']","['73_18', '73_36', '73_26']"
74_18,"['75_0', '75_1', '75_3']","['73_25', '73_13', '73_5']"
74_19,"['75_0', '75_2', '75_1']","['73_32', '73_33', '73_20']"
74_20,"['75_0', '75_2', '75_1']","['73_14', '73_35', '73_27']"
74_21,"['75_0', '75_2', '75_3']","['73_23', '73_17', '73_16']"
74_22,"['75_0', '75_3', '75_2']","['73_11', '73_22', '73_28']"
74_23,"['75_0', '75_3', '75_2']","['73_22', '73_11', '73_0']"
74_24,"['75_0', '75_3', '75_1']","['73_28', '73_10', '73_11']"
74_25,"['75_0', '75_3', '75_1']","['73_21', '73_0', '73_7']"
74_26,"['75_0', '75_2', '75_3']","['73_24', '73_26', '73_29']"
74_27,"['75_0', '75_3', '75_2']","['73_26', '73_18', '73_0']"
74_28,"['75_1', '75_0', '75_2']","['73_27', '73_35', '73_10']"
74_29,"['75_3', '75_0', '75_2']","['73_30', '73_0', '73_11']"
74_30,"['75_0', '75_3', '75_1']","['73_29', '73_22', '73_20']"
74_31,"['75_0', '75_3', '75_2']","['73_8', '73_0', '73_7']"
74_32,"['75_0', '75_1', '75_3']","['73_13', '73_28', '73_10']"
74_33,"['75_0', '75_3', '75_2']","['73_5', '73_13', '73_0']"
75_0,"['76_0', '76_18', '76_2']","['74_3', '74_0', '74_23']"
75_1,"['76_13', '76_7', '76_3']","['74_2', '74_18', '74_15']"
75_2,"['76_5', '76_10', '76_2']","['74_4', '74_10', '74_0']"
75_3,"['76_22', '76_14', '76_24']","['74_29', '74_0', '74_23']"
76_0,"['77_0', '77_1', '77_17']","['75_0', '75_3', '75_2']"
76_1,"['77_2', '77_7', '77_20']","['75_0', '75_1', '75_2']"
76_2,"['77_9', '77_26', '77_19']","['75_0', '75_3', '75_2']"
76_3,"['77_3', '77_5', '77_13']","['75_0', '75_1', '75_3']"
76_4,"['77_5', '77_13', '77_3']","['75_0', '75_3', '75_1']"
76_5,"['77_15', '77_28', '77_9']","['75_2', '75_0', '75_3']"
76_6,"['77_21', '77_19', '77_15']","['75_0', '75_3', '75_2']"
76_7,"['77_7', '77_2', '77_27']","['75_0', '75_1', '75_2']"
76_8,"['77_11', '77_2', '77_5']","['75_0', '75_2', '75_3']"
76_9,"['77_4', '77_8', '77_14']","['75_0', '75_2', '75_1']"
76_10,"['77_15', '77_23', '77_21']","['75_0', '75_2', '75_3']"
76_11,"['77_17', '77_1', '77_0']","['75_0', '75_3', '75_2']"
76_12,"['77_13', '77_10', '77_3']","['75_0', '75_2', '75_1']"
76_13,"['77_18', '77_14', '77_20']","['75_0', '75_1', '75_3']"
76_14,"['77_14', '77_19', '77_20']","['75_0', '75_3', '75_2']"
76_15,"['77_16', '77_1', '77_17']","['75_0', '75_3', '75_2']"
76_16,"['77_25', '77_16', '77_15']","['75_0', '75_3', '75_2']"
76_17,"['77_22', '77_27', '77_5']","['75_0', '75_3', '75_2']"
76_18,"['77_20', '77_14', '77_27']","['75_0', '75_3', '75_2']"
76_19,"['77_10', '77_3', '77_12']","['75_0', '75_2', '75_1']"
76_20,"['77_13', '77_11', '77_5']","['75_0', '75_3', '75_2']"
76_21,"['77_14', '77_18', '77_20']","['75_0', '75_3', '75_1']"
76_22,"['77_19', '77_24', '77_6']","['75_0', '75_3', '75_2']"
76_23,"['77_16', '77_1', '77_17']","['75_0', '75_2', '75_3']"
76_24,"['77_24', '77_19', '77_6']","['75_0', '75_3', '75_2']"
76_25,"['77_28', '77_12', '77_7']","['75_0', '75_2', '75_3']"
76_26,"['77_23', '77_15', '77_21']","['75_0', '75_2', '75_3']"
76_27,"['77_27', '77_22', '77_7']","['75_0', '75_3', '75_2']"
77_0,"['78_0', '78_2', '78_3']","['76_0', '76_11', '76_14']"
77_1,"['78_0', '78_3', '78_2']","['76_0', '76_11', '76_15']"
77_2,"['78_0', '78_3', '78_1']","['76_1', '76_7', '76_8']"
77_3,"['78_0', '78_3', '78_2']","['76_3', '76_4', '76_1']"
77_4,"['78_2', '78_0', '78_3']","['76_9', '76_22', '76_14']"
77_5,"['78_0', '78_3', '78_2']","['76_4', '76_3', '76_11']"
77_6,"['78_0', '78_3', '78_1']","['76_2', '76_24', '76_22']"
77_7,"['78_0', '78_3', '78_2']","['76_7', '76_1', '76_27']"
77_8,"['78_3', '78_0', '78_2']","['76_18', '76_9', '76_3']"
77_9,"['78_0', '78_1', '78_2']","['76_2', '76_6', '76_0']"
77_10,"['78_0', '78_3', '78_1']","['76_12', '76_19', '76_3']"
77_11,"['78_0', '78_2', '78_3']","['76_8', '76_4', '76_20']"
77_12,"['78_0', '78_1', '78_3']","['76_2', '76_24', '76_1']"
77_13,"['78_0', '78_3', '78_2']","['76_20', '76_12', '76_4']"
77_14,"['78_0', '78_2', '78_3']","['76_14', '76_0', '76_18']"
77_15,"['78_0', '78_2', '78_1']","['76_10', '76_6', '76_16']"
77_16,"['78_0', '78_2', '78_3']","['76_15', '76_16', '76_23']"
77_17,"['78_0', '78_3', '78_2']","['76_11', '76_0', '76_15']"
77_18,"['78_0', '78_3', '78_2']","['76_13', '76_3', '76_21']"
77_19,"['78_0', '78_3', '78_1']","['76_2', '76_6', '76_22']"
77_20,"['78_0', '78_3', '78_2']","['76_18', '76_14', '76_0']"
77_21,"['78_0', '78_2', '78_1']","['76_6', '76_10', '76_16']"
77_22,"['78_0', '78_3', '78_1']","['76_17', '76_27', '76_4']"
77_23,"['78_0', '78_1', '78_2']","['76_26', '76_10', '76_6']"
77_24,"['78_0', '78_1', '78_3']","['76_24', '76_22', '76_2']"
77_25,"['78_0', '78_1', '78_2']","['76_16', '76_10', '76_2']"
77_26,"['78_0', '78_1', '78_3']","['76_2', '76_6', '76_0']"
77_27,"['78_0', '78_1', '78_3']","['76_27', '76_18', '76_17']"
77_28,"['78_1', '78_0', '78_3']","['76_25', '76_7', '76_2']"
78_0,"['79_2', '79_0', '79_23']","['77_1', '77_0', '77_19']"
78_1,"['79_3', '79_9', '79_22']","['77_28', '77_12', '77_24']"
78_2,"['79_12', '79_18', '79_20']","['77_4', '77_14', '77_8']"
78_3,"['79_5', '79_18', '79_20']","['77_8', '77_20', '77_2']"
79_0,"['80_0', '80_6', '80_7']","['78_0', '78_3', '78_2']"
79_1,"['80_1', '80_5', '80_10']","['78_0', '78_3', '78_2']"
79_2,"['80_0', '80_6', '80_7']","['78_0', '78_3', '78_2']"
79_3,"['80_8', '80_3', '80_14']","['78_1', '78_0', '78_3']"
79_4,"['80_5', '80_1', '80_15']","['78_1', '78_3', '78_2']"
79_5,"['80_12', '80_10', '80_9']","['78_3', '78_0', '78_2']"
79_6,"['80_17', '80_13', '80_7']","['78_0', '78_2', '78_1']"
79_7,"['80_2', '80_9', '80_4']","['78_0', '78_3', '78_2']"
79_8,"['80_3', '80_2', '80_6']","['78_0', '78_1', '78_3']"
79_9,"['80_3', '80_6', '80_15']","['78_0', '78_1', '78_3']"
79_10,"['80_4', '80_10', '80_17']","['78_0', '78_3', '78_2']"
79_11,"['80_4', '80_2', '80_10']","['78_0', '78_3', '78_2']"
79_12,"['80_16', '80_10', '80_0']","['78_0', '78_2', '78_3']"
79_13,"['80_18', '80_6', '80_7']","['78_0', '78_3', '78_1']"
79_14,"['80_11', '80_13', '80_8']","['78_0', '78_1', '78_2']"
79_15,"['80_2', '80_1', '80_9']","['78_0', '78_3', '78_2']"
79_16,"['80_9', '80_4', '80_2']","['78_0', '78_3', '78_2']"
79_17,"['80_7', '80_0', '80_18']","['78_0', '78_2', '78_3']"
79_18,"['80_12', '80_10', '80_1']","['78_3', '78_0', '78_2']"
79_19,"['80_0', '80_17', '80_6']","['78_0', '78_3', '78_2']"
79_20,"['80_10', '80_1', '80_4']","['78_0', '78_3', '78_2']"
79_21,"['80_0', '80_17', '80_7']","['78_0', '78_2', '78_3']"
79_22,"['80_14', '80_3', '80_12']","['78_0', '78_1', '78_3']"
79_23,"['80_3', '80_15', '80_0']","['78_0', '78_3', '78_2']"
80_0,"['81_0', '81_3', '81_1']","['79_0', '79_2', '79_19']"
80_1,"['81_0', '81_2', '81_1']","['79_1', '79_4', '79_20']"
80_2,"['81_0', '81_2', '81_1']","['79_7', '79_15', '79_11']"
80_3,"['81_0', '81_1', '81_3']","['79_9', '79_23', '79_8']"
80_4,"['81_0', '81_2', '81_1']","['79_11', '79_10', '79_16']"
80_5,"['81_2', '81_0', '81_1']","['79_4', '79_1', '79_18']"
80_6,"['81_0', '81_3', '81_1']","['79_2', '79_13', '79_6']"
80_7,"['81_0', '81_3', '81_1']","['79_17', '79_2', '79_6']"
80_8,"['81_1', '81_0', '81_3']","['79_3', '79_9', '79_6']"
80_9,"['81_0', '81_2', '81_1']","['79_16', '79_7', '79_11']"
80_10,"['81_0', '81_2', '81_1']","['79_20', '79_12', '79_11']"
80_11,"['81_3', '81_1', '81_0']","['79_14', '79_6', '79_9']"
80_12,"['81_0', '81_2', '81_1']","['79_18', '79_5', '79_20']"
80_13,"['81_0', '81_3', '81_1']","['79_6', '79_9', '79_8']"
80_14,"['81_0', '81_1', '81_2']","['79_22', '79_9', '79_18']"
80_15,"['81_0', '81_2', '81_1']","['79_23', '79_9', '79_1']"
80_16,"['81_0', '81_1', '81_3']","['79_12', '79_0', '79_9']"
80_17,"['81_0', '81_3', '81_1']","['79_6', '79_11', '79_2']"
80_18,"['81_0', '81_3', '81_1']","['79_13', '79_6', '79_17']"
81_0,"['82_0', '82_1']","['80_4', '80_0', '80_10']"
81_1,"['82_1', '82_0']","['80_8', '80_3', '80_14']"
81_2,"['82_0', '82_1']","['80_1', '80_5', '80_2']"
81_3,"['82_0', '82_1']","['80_11', '80_8', '80_13']"
82_0,"['83_4', '83_0', '83_5']","['81_0', '81_1', '81_2']"
82_1,"['83_1', '83_2', '83_9']","['81_1', '81_0', '81_3']"
83_0,"['84_1', '84_3', '84_9']","['82_0', '82_1']"
83_1,"['84_4', '84_0', '84_10']","['82_1', '82_0']"
83_2,"['84_0', '84_18', '84_29']","['82_0', '82_1']"
83_3,"['84_2', '84_11', '84_22']","['82_0', '82_1']"
83_4,"['84_6', '84_11', '84_17']","['82_0', '82_1']"
83_5,"['84_3', '84_23', '84_1']","['82_0', '82_1']"
83_6,"['84_5', '84_6', '84_11']","['82_0', '82_1']"
83_7,"['84_22', '84_10', '84_8']","['82_0', '82_1']"
83_8,"['84_8', '84_6', '84_24']","['82_0', '82_1']"
83_9,"['84_10', '84_25', '84_0']","['82_0', '82_1']"
83_10,"['84_15', '84_3', '84_1']","['82_0', '82_1']"
83_11,"['84_9', '84_3', '84_12']","['82_0', '82_1']"
83_12,"['84_25', '84_17', '84_6']","['82_0', '82_1']"
83_13,"['84_5', '84_7', '84_8']","['82_0', '82_1']"
83_14,"['84_12', '84_5', '84_3']","['82_0', '82_1']"
83_15,"['84_14', '84_0', '84_11']","['82_0', '82_1']"
83_16,"['84_21', '84_22', '84_8']","['82_0', '82_1']"
83_17,"['84_20', '84_7', '84_24']","['82_0', '82_1']"
83_18,"['84_29', '84_0', '84_16']","['82_0', '82_1']"
83_19,"['84_18', '84_0', '84_4']","['82_0', '82_1']"
83_20,"['84_4', '84_0', '84_11']","['82_0', '82_1']"
83_21,"['84_26', '84_6', '84_24']","['82_0', '82_1']"
83_22,"['84_7', '84_5', '84_6']","['82_0', '82_1']"
83_23,"['84_11', '84_6', '84_5']","['82_0', '82_1']"
83_24,"['84_23', '84_3', '84_27']","['82_0', '82_1']"
83_25,"['84_30', '84_8', '84_13']","['82_0', '82_1']"
83_26,"['84_16', '84_1', '84_19']","['82_0', '82_1']"
83_27,"['84_13', '84_24', '84_15']","['82_0', '82_1']"
83_28,"['84_13', '84_15', '84_24']","['82_0', '82_1']"
84_0,"['85_0', '85_4', '85_5']","['83_2', '83_19', '83_18']"
84_1,"['85_6', '85_7', '85_5']","['83_0', '83_5', '83_12']"
84_2,"['85_3', '85_8', '85_11']","['83_3', '83_8', '83_13']"
84_3,"['85_7', '85_5', '85_6']","['83_0', '83_5', '83_24']"
84_4,"['85_16', '85_1', '85_0']","['83_1', '83_2', '83_19']"
84_5,"['85_12', '85_23', '85_15']","['83_6', '83_13', '83_14']"
84_6,"['85_25', '85_22', '85_11']","['83_4', '83_8', '83_12']"
84_7,"['85_15', '85_12', '85_25']","['83_22', '83_14', '83_17']"
84_8,"['85_21', '85_20', '85_19']","['83_8', '83_4', '83_25']"
84_9,"['85_26', '85_7', '85_5']","['83_11', '83_0', '83_14']"
84_10,"['85_17', '85_2', '85_0']","['83_9', '83_12', '83_7']"
84_11,"['85_11', '85_22', '85_12']","['83_23', '83_4', '83_6']"
84_12,"['85_23', '85_7', '85_26']","['83_14', '83_0', '83_11']"
84_13,"['85_10', '85_9', '85_21']","['83_27', '83_25', '83_8']"
84_14,"['85_24', '85_0', '85_18']","['83_15', '83_2', '83_5']"
84_15,"['85_7', '85_5', '85_6']","['83_10', '83_0', '83_5']"
84_16,"['85_27', '85_6', '85_13']","['83_26', '83_0', '83_12']"
84_17,"['85_22', '85_25', '85_11']","['83_12', '83_0', '83_4']"
84_18,"['85_0', '85_5', '85_26']","['83_19', '83_2', '83_11']"
84_19,"['85_13', '85_27', '85_6']","['83_12', '83_26', '83_4']"
84_20,"['85_15', '85_25', '85_12']","['83_17', '83_22', '83_6']"
84_21,"['85_21', '85_3', '85_14']","['83_16', '83_7', '83_8']"
84_22,"['85_17', '85_21', '85_8']","['83_7', '83_8', '83_9']"
84_23,"['85_18', '85_5', '85_23']","['83_24', '83_5', '83_0']"
84_24,"['85_19', '85_21', '85_25']","['83_8', '83_21', '83_17']"
84_25,"['85_28', '85_25', '85_22']","['83_12', '83_9', '83_0']"
84_26,"['85_19', '85_25', '85_12']","['83_21', '83_6', '83_12']"
84_27,"['85_18', '85_23', '85_5']","['83_24', '83_5', '83_14']"
84_28,"['85_29', '85_22', '85_6']","['83_4', '83_12', '83_0']"
84_29,"['85_18', '85_27', '85_0']","['83_18', '83_2', '83_24']"
84_30,"['85_10', '85_21', '85_20']","['83_25', '83_8', '83_13']"
85_0,"['86_0', '86_4', '86_6']","['84_0', '84_18', '84_4']"
85_1,"['86_1', '86_20', '86_23']","['84_4', '84_11', '84_0']"
85_2,"['86_3', '86_14', '86_0']","['84_10', '84_4', '84_0']"
85_3,"['86_5', '86_11', '86_9']","['84_2', '84_8', '84_22']"
85_4,"['86_4', '86_0', '86_6']","['84_0', '84_29', '84_4']"
85_5,"['86_6', '86_2', '86_0']","['84_3', '84_1', '84_23']"
85_6,"['86_2', '86_6', '86_17']","['84_1', '84_3', '84_16']"
85_7,"['86_2', '86_6', '86_22']","['84_3', '84_1', '84_9']"
85_8,"['86_8', '86_5', '86_11']","['84_2', '84_22', '84_8']"
85_9,"['86_15', '86_10', '86_6']","['84_13', '84_24', '84_15']"
85_10,"['86_10', '86_9', '86_15']","['84_13', '84_30', '84_8']"
85_11,"['86_23', '86_17', '86_20']","['84_11', '84_6', '84_17']"
85_12,"['86_16', '86_18', '86_12']","['84_5', '84_6', '84_12']"
85_13,"['86_17', '86_21', '86_6']","['84_19', '84_6', '84_17']"
85_14,"['86_11', '86_5', '86_25']","['84_8', '84_3', '84_2']"
85_15,"['86_12', '86_18', '86_21']","['84_7', '84_6', '84_20']"
85_16,"['86_0', '86_1', '86_14']","['84_4', '84_0', '84_10']"
85_17,"['86_14', '86_3', '86_0']","['84_10', '84_25', '84_22']"
85_18,"['86_22', '86_6', '86_18']","['84_23', '84_27', '84_29']"
85_19,"['86_24', '86_15', '86_9']","['84_24', '84_26', '84_6']"
85_20,"['86_13', '86_9', '86_10']","['84_8', '84_30', '84_24']"
85_21,"['86_9', '86_21', '86_13']","['84_8', '84_24', '84_6']"
85_22,"['86_17', '86_6', '86_2']","['84_17', '84_6', '84_11']"
85_23,"['86_18', '86_12', '86_6']","['84_12', '84_5', '84_3']"
85_24,"['86_20', '86_18', '86_6']","['84_14', '84_23', '84_27']"
85_25,"['86_21', '86_17', '86_9']","['84_6', '84_25', '84_17']"
85_26,"['86_2', '86_18', '86_6']","['84_9', '84_3', '84_12']"
85_27,"['86_2', '86_6', '86_17']","['84_16', '84_1', '84_19']"
85_28,"['86_26', '86_0', '86_2']","['84_25', '84_10', '84_16']"
85_29,"['86_19', '86_21', '86_0']","['84_28', '84_6', '84_25']"
86_0,"['87_1', '87_3', '87_0']","['85_0', '85_4', '85_5']"
86_1,"['87_2', '87_1', '87_3']","['85_1', '85_16', '85_11']"
86_2,"['87_0', '87_17', '87_19']","['85_7', '85_6', '85_5']"
86_3,"['87_3', '87_1', '87_14']","['85_2', '85_17', '85_0']"
86_4,"['87_1', '87_20', '87_3']","['85_4', '85_0', '85_5']"
86_5,"['87_5', '87_4', '87_11']","['85_3', '85_14', '85_8']"
86_6,"['87_0', '87_1', '87_17']","['85_5', '85_7', '85_6']"
86_7,"['87_6', '87_5', '87_11']","['85_3', '85_21', '85_14']"
86_8,"['87_7', '87_5', '87_4']","['85_8', '85_3', '85_14']"
86_9,"['87_10', '87_12', '87_8']","['85_21', '85_20', '85_25']"
86_10,"['87_16', '87_8', '87_10']","['85_10', '85_21', '85_9']"
86_11,"['87_11', '87_5', '87_4']","['85_14', '85_3', '85_8']"
86_12,"['87_12', '87_17', '87_0']","['85_15', '85_23', '85_12']"
86_13,"['87_10', '87_8', '87_12']","['85_20', '85_21', '85_10']"
86_14,"['87_3', '87_4', '87_1']","['85_17', '85_2', '85_0']"
86_15,"['87_8', '87_12', '87_10']","['85_19', '85_9', '85_21']"
86_16,"['87_14', '87_12', '87_1']","['85_12', '85_23', '85_25']"
86_17,"['87_13', '87_0', '87_19']","['85_22', '85_25', '85_11']"
86_18,"['87_17', '87_0', '87_1']","['85_23', '85_12', '85_18']"
86_19,"['87_0', '87_1', '87_13']","['85_29', '85_6', '85_22']"
86_20,"['87_1', '87_2', '87_17']","['85_24', '85_11', '85_18']"
86_21,"['87_10', '87_12', '87_18']","['85_25', '85_21', '85_22']"
86_22,"['87_0', '87_1', '87_17']","['85_18', '85_5', '85_7']"
86_23,"['87_1', '87_13', '87_5']","['85_11', '85_22', '85_0']"
86_24,"['87_18', '87_12', '87_14']","['85_19', '85_25', '85_12']"
86_25,"['87_5', '87_11', '87_1']","['85_14', '85_3', '85_5']"
86_26,"['87_1', '87_19', '87_0']","['85_28', '85_27', '85_17']"
87_0,"['88_0', '88_1']","['86_2', '86_6', '86_17']"
87_1,"['88_0', '88_1']","['86_0', '86_4', '86_6']"
87_2,"['88_0', '88_1']","['86_1', '86_20', '86_0']"
87_3,"['88_0', '88_1']","['86_3', '86_14', '86_0']"
87_4,"['88_0', '88_1']","['86_5', '86_14', '86_8']"
87_5,"['88_0', '88_1']","['86_5', '86_11', '86_8']"
87_6,"['88_0', '88_1']","['86_7', '86_5', '86_9']"
87_7,"['88_0', '88_1']","['86_8', '86_5', '86_11']"
87_8,"['88_0', '88_1']","['86_15', '86_9', '86_24']"
87_9,"['88_0', '88_1']","['86_14', '86_21', '86_0']"
87_10,"['88_0', '88_1']","['86_9', '86_21', '86_13']"
87_11,"['88_0', '88_1']","['86_11', '86_5', '86_25']"
87_12,"['88_0', '88_1']","['86_12', '86_9', '86_21']"
87_13,"['88_0', '88_1']","['86_17', '86_21', '86_23']"
87_14,"['88_0', '88_1']","['86_16', '86_24', '86_18']"
87_15,"['88_1', '88_0']","['86_9', '86_24', '86_15']"
87_16,"['88_0', '88_1']","['86_10', '86_9', '86_13']"
87_17,"['88_0', '88_1']","['86_18', '86_2', '86_6']"
87_18,"['88_0', '88_1']","['86_24', '86_21', '86_17']"
87_19,"['88_0', '88_1']","['86_17', '86_6', '86_2']"
87_20,"['88_0', '88_1']","['86_4', '86_6', '86_0']"
88_0,"['89_0', '89_1', '89_2']","['87_1', '87_0', '87_2']"
88_1,"['89_0', '89_2', '89_1']","['87_15', '87_10', '87_12']"
89_0,"['90_3', '90_0', '90_1']","['88_0', '88_1']"
89_1,"['90_2', '90_5', '90_9']","['88_0', '88_1']"
89_2,"['90_9', '90_20', '90_2']","['88_0', '88_1']"
90_0,"['91_0', '91_2', '91_1']","['89_0', '89_1', '89_2']"
90_1,"['91_0', '91_1', '91_3']","['89_0', '89_1', '89_2']"
90_2,"['91_2', '91_1', '91_3']","['89_1', '89_2', '89_0']"
90_3,"['91_0', '91_1', '91_2']","['89_0', '89_1', '89_2']"
90_4,"['91_0', '91_3', '91_1']","['89_0', '89_2', '89_1']"
90_5,"['91_1', '91_3', '91_2']","['89_1', '89_0', '89_2']"
90_6,"['91_0', '91_2', '91_1']","['89_0', '89_1', '89_2']"
90_7,"['91_0', '91_2', '91_1']","['89_0', '89_1', '89_2']"
90_8,"['91_0', '91_2', '91_1']","['89_0', '89_1', '89_2']"
90_9,"['91_1', '91_3', '91_0']","['89_2', '89_1', '89_0']"
90_10,"['91_0', '91_1', '91_2']","['89_0', '89_1', '89_2']"
90_11,"['91_0', '91_1', '91_2']","['89_0', '89_1', '89_2']"
90_12,"['91_0', '91_1', '91_3']","['89_0', '89_2', '89_1']"
90_13,"['91_3', '91_1', '91_2']","['89_1', '89_2', '89_0']"
90_14,"['91_0', '91_2', '91_1']","['89_0', '89_1', '89_2']"
90_15,"['91_0', '91_3', '91_1']","['89_0', '89_2', '89_1']"
90_16,"['91_0', '91_2', '91_1']","['89_0', '89_1', '89_2']"
90_17,"['91_0', '91_1', '91_2']","['89_0', '89_2', '89_1']"
90_18,"['91_0', '91_3', '91_2']","['89_0', '89_1', '89_2']"
90_19,"['91_0', '91_1', '91_3']","['89_0', '89_2', '89_1']"
90_20,"['91_3', '91_0', '91_1']","['89_2', '89_0', '89_1']"
90_21,"['91_0', '91_1', '91_2']","['89_0', '89_1', '89_2']"
90_22,"['91_0', '91_1', '91_3']","['89_0', '89_2', '89_1']"
91_0,"['92_0', '92_2', '92_3']","['90_0', '90_6', '90_3']"
91_1,"['92_6', '92_17', '92_5']","['90_5', '90_2', '90_13']"
91_2,"['92_16', '92_0', '92_18']","['90_2', '90_0', '90_16']"
91_3,"['92_17', '92_16', '92_18']","['90_13', '90_18', '90_5']"
92_0,"['93_0', '93_1', '93_11']","['91_0', '91_2', '91_1']"
92_1,"['93_2', '93_1', '93_4']","['91_0', '91_1', '91_3']"
92_2,"['93_1', '93_0', '93_8']","['91_0', '91_1', '91_2']"
92_3,"['93_1', '93_0', '93_7']","['91_0', '91_2', '91_1']"
92_4,"['93_4', '93_3', '93_1']","['91_0', '91_2', '91_3']"
92_5,"['93_0', '93_1', '93_8']","['91_0', '91_1', '91_2']"
92_6,"['93_5', '93_8', '93_9']","['91_0', '91_1', '91_2']"
92_7,"['93_3', '93_4', '93_5']","['91_0', '91_2', '91_3']"
92_8,"['93_1', '93_0', '93_7']","['91_0', '91_2', '91_1']"
92_9,"['93_1', '93_0', '93_8']","['91_0', '91_1', '91_2']"
92_10,"['93_1', '93_0', '93_7']","['91_0', '91_2', '91_1']"
92_11,"['93_8', '93_1', '93_5']","['91_0', '91_1', '91_2']"
92_12,"['93_1', '93_2', '93_6']","['91_0', '91_1', '91_3']"
92_13,"['93_3', '93_5', '93_4']","['91_0', '91_2', '91_1']"
92_14,"['93_6', '93_10', '93_5']","['91_0', '91_1', '91_2']"
92_15,"['93_10', '93_6', '93_1']","['91_0', '91_1', '91_3']"
92_16,"['93_11', '93_0', '93_7']","['91_2', '91_0', '91_3']"
92_17,"['93_2', '93_4', '93_5']","['91_0', '91_3', '91_1']"
92_18,"['93_1', '93_7', '93_0']","['91_0', '91_2', '91_3']"
92_19,"['93_1', '93_0', '93_8']","['91_0', '91_2', '91_1']"
93_0,"['94_1', '94_3', '94_19']","['92_0', '92_5', '92_2']"
93_1,"['94_3', '94_7', '94_1']","['92_2', '92_3', '92_0']"
93_2,"['94_4', '94_6', '94_10']","['92_1', '92_17', '92_4']"
93_3,"['94_0', '94_4', '94_10']","['92_7', '92_13', '92_4']"
93_4,"['94_13', '94_18', '94_4']","['92_4', '92_17', '92_13']"
93_5,"['94_2', '94_5', '94_15']","['92_6', '92_11', '92_13']"
93_6,"['94_11', '94_8', '94_15']","['92_14', '92_15', '92_6']"
93_7,"['94_9', '94_1', '94_3']","['92_0', '92_18', '92_3']"
93_8,"['94_2', '94_3', '94_15']","['92_11', '92_6', '92_2']"
93_9,"['94_5', '94_2', '94_19']","['92_6', '92_0', '92_5']"
93_10,"['94_8', '94_11', '94_15']","['92_15', '92_14', '92_2']"
93_11,"['94_19', '94_1', '94_17']","['92_16', '92_0', '92_18']"
94_0,"['95_2', '95_0', '95_7']","['93_3', '93_4', '93_5']"
94_1,"['95_3', '95_17', '95_4']","['93_0', '93_1', '93_11']"
94_2,"['95_1', '95_9', '95_5']","['93_5', '93_8', '93_9']"
94_3,"['95_4', '95_3', '95_13']","['93_1', '93_0', '93_8']"
94_4,"['95_0', '95_6', '95_2']","['93_2', '93_4', '93_3']"
94_5,"['95_9', '95_1', '95_13']","['93_9', '93_5', '93_8']"
94_6,"['95_6', '95_0', '95_15']","['93_4', '93_1', '93_0']"
94_7,"['95_10', '95_4', '95_12']","['93_1', '93_0', '93_8']"
94_8,"['95_5', '95_11', '95_7']","['93_10', '93_6', '93_5']"
94_9,"['95_8', '95_13', '95_3']","['93_7', '93_0', '93_1']"
94_10,"['95_0', '95_10', '95_2']","['93_4', '93_1', '93_7']"
94_11,"['95_11', '95_5', '95_7']","['93_6', '93_10', '93_5']"
94_12,"['95_12', '95_4', '95_10']","['93_1', '93_0', '93_8']"
94_13,"['95_15', '95_0', '95_6']","['93_4', '93_9', '93_7']"
94_14,"['95_14', '95_16', '95_1']","['93_8', '93_5', '93_1']"
94_15,"['95_16', '95_14', '95_5']","['93_8', '93_1', '93_4']"
94_16,"['95_9', '95_3', '95_16']","['93_4', '93_0', '93_1']"
94_17,"['95_3', '95_17', '95_8']","['93_0', '93_7', '93_11']"
94_18,"['95_15', '95_0', '95_6']","['93_4', '93_7', '93_1']"
94_19,"['95_17', '95_3', '95_13']","['93_11', '93_0', '93_7']"
95_0,"['96_20', '96_4', '96_11']","['94_4', '94_10', '94_6']"
95_1,"['96_1', '96_13', '96_16']","['94_2', '94_5', '94_15']"
95_2,"['96_2', '96_11', '96_4']","['94_0', '94_10', '94_4']"
95_3,"['96_0', '96_10', '96_5']","['94_1', '94_19', '94_3']"
95_4,"['96_0', '96_10', '96_5']","['94_3', '94_1', '94_7']"
95_5,"['96_13', '96_12', '96_17']","['94_8', '94_11', '94_2']"
95_6,"['96_4', '96_20', '96_18']","['94_6', '94_4', '94_10']"
95_7,"['96_12', '96_13', '96_2']","['94_5', '94_8', '94_2']"
95_8,"['96_7', '96_10', '96_0']","['94_9', '94_5', '94_1']"
95_9,"['96_16', '96_1', '96_7']","['94_5', '94_2', '94_16']"
95_10,"['96_19', '96_11', '96_5']","['94_7', '94_3', '94_10']"
95_11,"['96_17', '96_13', '96_12']","['94_11', '94_8', '94_15']"
95_12,"['96_5', '96_0', '96_10']","['94_12', '94_3', '94_7']"
95_13,"['96_10', '96_0', '96_9']","['94_5', '94_3', '94_1']"
95_14,"['96_22', '96_14', '96_6']","['94_14', '94_15', '94_10']"
95_15,"['96_4', '96_11', '96_2']","['94_13', '94_18', '94_10']"
95_16,"['96_6', '96_11', '96_10']","['94_15', '94_14', '94_2']"
95_17,"['96_0', '96_10', '96_7']","['94_19', '94_1', '94_17']"
95_18,"['96_16', '96_1', '96_10']","['94_5', '94_2', '94_16']"
96_0,"['97_6', '97_17', '97_0']","['95_3', '95_4', '95_17']"
96_1,"['97_1', '97_20', '97_24']","['95_1', '95_9', '95_5']"
96_2,"['97_5', '97_25', '97_9']","['95_2', '95_0', '95_15']"
96_3,"['97_3', '97_0', '97_18']","['95_13', '95_4', '95_16']"
96_4,"['97_9', '97_18', '97_5']","['95_6', '95_0', '95_15']"
96_5,"['97_8', '97_17', '97_10']","['95_12', '95_4', '95_10']"
96_6,"['97_2', '97_18', '97_20']","['95_16', '95_14', '95_1']"
96_7,"['97_7', '97_0', '97_20']","['95_8', '95_9', '95_13']"
96_8,"['97_4', '97_0', '97_16']","['95_13', '95_9', '95_6']"
96_9,"['97_0', '97_7', '97_6']","['95_13', '95_6', '95_3']"
96_10,"['97_0', '97_6', '97_17']","['95_13', '95_4', '95_3']"
96_11,"['97_18', '97_25', '97_28']","['95_0', '95_2', '95_10']"
96_12,"['97_16', '97_24', '97_1']","['95_7', '95_5', '95_1']"
96_13,"['97_11', '97_1', '97_0']","['95_5', '95_1', '95_7']"
96_14,"['97_14', '97_25', '97_10']","['95_0', '95_10', '95_14']"
96_15,"['97_15', '97_1', '97_6']","['95_1', '95_3', '95_9']"
96_16,"['97_16', '97_24', '97_1']","['95_18', '95_9', '95_13']"
96_17,"['97_13', '97_11', '97_16']","['95_11', '95_5', '95_7']"
96_18,"['97_23', '97_27', '97_9']","['95_0', '95_6', '95_2']"
96_19,"['97_10', '97_18', '97_14']","['95_10', '95_0', '95_4']"
96_20,"['97_27', '97_9', '97_14']","['95_0', '95_6', '95_2']"
96_21,"['97_19', '97_1', '97_5']","['95_7', '95_0', '95_6']"
96_22,"['97_22', '97_2', '97_3']","['95_14', '95_16', '95_1']"
96_23,"['97_21', '97_5', '97_6']","['95_2', '95_0', '95_3']"
96_24,"['97_12', '97_23', '97_16']","['95_6', '95_5', '95_1']"
96_25,"['97_26', '97_24', '97_16']","['95_9', '95_13', '95_10']"
97_0,"['98_0', '98_2', '98_10']","['96_10', '96_9', '96_0']"
97_1,"['98_1', '98_0', '98_10']","['96_1', '96_16', '96_10']"
97_2,"['98_6', '98_21', '98_4']","['96_6', '96_11', '96_1']"
97_3,"['98_5', '98_14', '98_0']","['96_3', '96_10', '96_0']"
97_4,"['98_3', '98_9', '98_0']","['96_8', '96_16', '96_9']"
97_5,"['98_4', '98_26', '98_7']","['96_2', '96_11', '96_4']"
97_6,"['98_2', '98_0', '98_14']","['96_0', '96_10', '96_5']"
97_7,"['98_10', '98_0', '98_2']","['96_7', '96_10', '96_0']"
97_8,"['98_11', '98_24', '98_14']","['96_5', '96_0', '96_10']"
97_9,"['98_17', '98_18', '98_7']","['96_4', '96_20', '96_11']"
97_10,"['98_4', '98_14', '98_11']","['96_19', '96_11', '96_14']"
97_11,"['98_13', '98_1', '98_10']","['96_13', '96_1', '96_12']"
97_12,"['98_8', '98_7', '98_17']","['96_24', '96_18', '96_4']"
97_13,"['98_20', '98_9', '98_13']","['96_17', '96_13', '96_12']"
97_14,"['98_12', '98_4', '98_7']","['96_14', '96_11', '96_20']"
97_15,"['98_15', '98_1', '98_2']","['96_15', '96_1', '96_0']"
97_16,"['98_9', '98_19', '98_1']","['96_16', '96_10', '96_1']"
97_17,"['98_14', '98_2', '98_0']","['96_0', '96_10', '96_5']"
97_18,"['98_4', '98_6', '98_14']","['96_11', '96_4', '96_6']"
97_19,"['98_16', '98_7', '98_1']","['96_21', '96_12', '96_4']"
97_20,"['98_1', '98_10', '98_6']","['96_1', '96_0', '96_7']"
97_21,"['98_27', '98_26', '98_10']","['96_23', '96_2', '96_1']"
97_22,"['98_22', '98_6', '98_5']","['96_22', '96_3', '96_6']"
97_23,"['98_7', '98_8', '98_17']","['96_18', '96_20', '96_4']"
97_24,"['98_19', '98_1', '98_9']","['96_16', '96_1', '96_12']"
97_25,"['98_4', '98_12', '98_6']","['96_11', '96_2', '96_14']"
97_26,"['98_19', '98_9', '98_0']","['96_25', '96_16', '96_10']"
97_27,"['98_7', '98_17', '98_12']","['96_20', '96_18', '96_4']"
97_28,"['98_23', '98_14', '98_4']","['96_11', '96_0', '96_14']"
98_0,"['99_16', '99_0', '99_5']","['97_0', '97_6', '97_7']"
98_1,"['99_3', '99_27', '99_13']","['97_1', '97_24', '97_20']"
98_2,"['99_0', '99_16', '99_8']","['97_6', '97_0', '97_17']"
98_3,"['99_2', '99_4', '99_16']","['97_4', '97_16', '97_0']"
98_4,"['99_14', '99_15', '99_19']","['97_25', '97_5', '97_10']"
98_5,"['99_8', '99_16', '99_25']","['97_3', '97_0', '97_17']"
98_6,"['99_20', '99_10', '99_16']","['97_2', '97_18', '97_0']"
98_7,"['99_1', '99_12', '99_11']","['97_27', '97_23', '97_9']"
98_8,"['99_17', '99_22', '99_1']","['97_12', '97_9', '97_23']"
98_9,"['99_4', '99_16', '99_2']","['97_16', '97_24', '97_0']"
98_10,"['99_5', '99_16', '99_20']","['97_7', '97_0', '97_20']"
98_11,"['99_7', '99_8', '99_19']","['97_8', '97_17', '97_10']"
98_12,"['99_11', '99_14', '99_8']","['97_14', '97_25', '97_10']"
98_13,"['99_6', '99_10', '99_3']","['97_11', '97_1', '97_13']"
98_14,"['99_8', '99_0', '99_16']","['97_17', '97_6', '97_0']"
98_15,"['99_27', '99_3', '99_16']","['97_15', '97_1', '97_6']"
98_16,"['99_1', '99_24', '99_9']","['97_19', '97_5', '97_21']"
98_17,"['99_12', '99_1', '99_18']","['97_9', '97_27', '97_18']"
98_18,"['99_18', '99_12', '99_23']","['97_9', '97_5', '97_18']"
98_19,"['99_13', '99_21', '99_3']","['97_24', '97_16', '97_1']"
98_20,"['99_4', '99_10', '99_9']","['97_13', '97_16', '97_11']"
98_21,"['99_1', '99_20', '99_0']","['97_2', '97_20', '97_6']"
98_22,"['99_10', '99_25', '99_20']","['97_22', '97_3', '97_2']"
98_23,"['99_8', '99_0', '99_14']","['97_28', '97_17', '97_0']"
98_24,"['99_9', '99_7', '99_8']","['97_8', '97_17', '97_1']"
98_25,"['99_9', '99_8', '99_1']","['97_17', '97_0', '97_10']"
98_26,"['99_1', '99_15', '99_18']","['97_5', '97_21', '97_9']"
98_27,"['99_0', '99_20', '99_5']","['97_6', '97_0', '97_21']"
99_0,"['100_4', '100_9', '100_23']","['98_2', '98_14', '98_0']"
99_1,"['100_1', '100_10', '100_18']","['98_7', '98_21', '98_16']"
99_2,"['100_0', '100_8', '100_16']","['98_3', '98_9', '98_0']"
99_3,"['100_2', '100_16', '100_7']","['98_1', '98_19', '98_9']"
99_4,"['100_8', '100_6', '100_0']","['98_9', '98_20', '98_0']"
99_5,"['100_5', '100_18', '100_4']","['98_10', '98_0', '98_2']"
99_6,"['100_3', '100_6', '100_5']","['98_13', '98_1', '98_0']"
99_7,"['100_19', '100_11', '100_9']","['98_11', '98_24', '98_14']"
99_8,"['100_9', '100_13', '100_4']","['98_14', '98_23', '98_5']"
99_9,"['100_26', '100_9', '100_21']","['98_24', '98_25', '98_14']"
99_10,"['100_6', '100_11', '100_8']","['98_22', '98_6', '98_5']"
99_11,"['100_17', '100_18', '100_13']","['98_12', '98_4', '98_23']"
99_12,"['100_10', '100_1', '100_18']","['98_17', '98_7', '98_18']"
99_13,"['100_16', '100_21', '100_15']","['98_19', '98_1', '98_9']"
99_14,"['100_12', '100_18', '100_13']","['98_4', '98_12', '98_0']"
99_15,"['100_14', '100_18', '100_12']","['98_4', '98_26', '98_18']"
99_16,"['100_9', '100_4', '100_5']","['98_0', '98_14', '98_2']"
99_17,"['100_22', '100_1', '100_7']","['98_8', '98_7', '98_24']"
99_18,"['100_10', '100_18', '100_14']","['98_18', '98_17', '98_21']"
99_19,"['100_13', '100_12', '100_9']","['98_4', '98_11', '98_14']"
99_20,"['100_18', '100_6', '100_13']","['98_6', '98_21', '98_0']"
99_21,"['100_15', '100_21', '100_16']","['98_19', '98_0', '98_1']"
99_22,"['100_10', '100_1', '100_22']","['98_8', '98_17', '98_7']"
99_23,"['100_24', '100_18', '100_10']","['98_18', '98_4', '98_23']"
99_24,"['100_20', '100_1', '100_18']","['98_21', '98_16', '98_14']"
99_25,"['100_6', '100_13', '100_11']","['98_5', '98_6', '98_24']"
99_26,"['100_25', '100_1', '100_20']","['98_7', '98_10', '98_27']"
99_27,"['100_2', '100_5', '100_18']","['98_15', '98_1', '98_6']"
100_0,"['101_11', '101_14', '101_20']","['99_2', '99_4', '99_16']"
100_1,"['101_0', '101_9', '101_12']","['99_1', '99_12', '99_11']"
100_2,"['101_3', '101_5', '101_13']","['99_3', '99_27', '99_13']"
100_3,"['101_2', '101_5', '101_8']","['99_6', '99_10', '99_20']"
100_4,"['101_1', '101_7', '101_17']","['99_0', '99_16', '99_8']"
100_5,"['101_8', '101_3', '101_7']","['99_5', '99_16', '99_20']"
100_6,"['101_22', '101_10', '101_6']","['99_10', '99_25', '99_20']"
100_7,"['101_5', '101_0', '101_3']","['99_3', '99_1', '99_15']"
100_8,"['101_14', '101_20', '101_3']","['99_4', '99_16', '99_2']"
100_9,"['101_7', '101_4', '101_1']","['99_8', '99_0', '99_16']"
100_10,"['101_15', '101_12', '101_0']","['99_12', '99_18', '99_1']"
100_11,"['101_10', '101_4', '101_19']","['99_7', '99_9', '99_19']"
100_12,"['101_6', '101_3', '101_4']","['99_14', '99_19', '99_15']"
100_13,"['101_6', '101_21', '101_7']","['99_19', '99_14', '99_8']"
100_14,"['101_0', '101_15', '101_6']","['99_15', '99_14', '99_18']"
100_15,"['101_13', '101_20', '101_16']","['99_21', '99_13', '99_3']"
100_16,"['101_20', '101_16', '101_3']","['99_13', '99_3', '99_4']"
100_17,"['101_0', '101_6', '101_21']","['99_11', '99_14', '99_8']"
100_18,"['101_0', '101_15', '101_21']","['99_14', '99_15', '99_11']"
100_19,"['101_4', '101_10', '101_7']","['99_7', '99_8', '99_0']"
100_20,"['101_24', '101_1', '101_0']","['99_24', '99_1', '99_8']"
100_21,"['101_16', '101_20', '101_13']","['99_13', '99_9', '99_21']"
100_22,"['101_25', '101_12', '101_0']","['99_17', '99_9', '99_22']"
100_23,"['101_17', '101_1', '101_18']","['99_0', '99_16', '99_5']"
100_24,"['101_0', '101_15', '101_7']","['99_23', '99_1', '99_18']"
100_25,"['101_24', '101_8', '101_0']","['99_26', '99_1', '99_24']"
100_26,"['101_7', '101_0', '101_10']","['99_9', '99_8', '99_1']"
101_0,"['102_1', '102_5', '102_21']","['100_1', '100_18', '100_10']"
101_1,"['102_2', '102_23', '102_10']","['100_4', '100_23', '100_9']"
101_2,"['102_3', '102_6', '102_18']","['100_3', '100_6', '100_5']"
101_3,"['102_4', '102_6', '102_11']","['100_2', '100_16', '100_6']"
101_4,"['102_0', '102_10', '102_24']","['100_19', '100_11', '100_9']"
101_5,"['102_6', '102_4', '102_5']","['100_7', '100_2', '100_14']"
101_6,"['102_12', '102_0', '102_5']","['100_12', '100_13', '100_14']"
101_7,"['102_10', '102_13', '102_2']","['100_9', '100_4', '100_13']"
101_8,"['102_16', '102_1', '102_4']","['100_5', '100_18', '100_1']"
101_9,"['102_8', '102_1', '102_19']","['100_1', '100_10', '100_18']"
101_10,"['102_0', '102_10', '102_12']","['100_11', '100_19', '100_6']"
101_11,"['102_14', '102_11', '102_17']","['100_0', '100_8', '100_16']"
101_12,"['102_19', '102_1', '102_21']","['100_10', '100_1', '100_18']"
101_13,"['102_9', '102_15', '102_13']","['100_15', '100_21', '100_2']"
101_14,"['102_11', '102_17', '102_4']","['100_8', '100_0', '100_6']"
101_15,"['102_21', '102_1', '102_19']","['100_10', '100_1', '100_18']"
101_16,"['102_15', '102_17', '102_9']","['100_21', '100_16', '100_15']"
101_17,"['102_23', '102_2', '102_16']","['100_23', '100_4', '100_5']"
101_18,"['102_20', '102_2', '102_0']","['100_4', '100_9', '100_5']"
101_19,"['102_0', '102_10', '102_20']","['100_19', '100_11', '100_9']"
101_20,"['102_17', '102_15', '102_11']","['100_16', '100_21', '100_15']"
101_21,"['102_13', '102_10', '102_2']","['100_13', '100_18', '100_9']"
101_22,"['102_0', '102_11', '102_4']","['100_6', '100_11', '100_8']"
101_23,"['102_22', '102_1', '102_7']","['100_1', '100_18', '100_12']"
101_24,"['102_2', '102_13', '102_1']","['100_20', '100_1', '100_18']"
101_25,"['102_18', '102_1', '102_9']","['100_22', '100_26', '100_1']"
102_0,"['103_0', '103_13', '103_12']","['101_4', '101_19', '101_10']"
102_1,"['103_1', '103_21', '103_11']","['101_0', '101_12', '101_15']"
102_2,"['103_4', '103_20', '103_18']","['101_1', '101_17', '101_7']"
102_3,"['103_6', '103_15', '103_2']","['101_2', '101_5', '101_8']"
102_4,"['103_2', '103_19', '103_13']","['101_3', '101_5', '101_14']"
102_5,"['103_17', '103_1', '103_26']","['101_0', '101_15', '101_6']"
102_6,"['103_8', '103_2', '103_17']","['101_5', '101_3', '101_0']"
102_7,"['103_5', '103_3', '103_1']","['101_0', '101_23', '101_9']"
102_8,"['103_21', '103_1', '103_23']","['101_9', '101_0', '101_15']"
102_9,"['103_10', '103_7', '103_24']","['101_13', '101_16', '101_3']"
102_10,"['103_12', '103_4', '103_13']","['101_7', '101_1', '101_4']"
102_11,"['103_19', '103_22', '103_13']","['101_14', '101_11', '101_3']"
102_12,"['103_26', '103_17', '103_13']","['101_6', '101_4', '101_3']"
102_13,"['103_12', '103_4', '103_13']","['101_21', '101_7', '101_0']"
102_14,"['103_14', '103_19', '103_2']","['101_11', '101_14', '101_3']"
102_15,"['103_24', '103_10', '103_13']","['101_16', '101_20', '101_13']"
102_16,"['103_21', '103_13', '103_22']","['101_8', '101_3', '101_17']"
102_17,"['103_24', '103_19', '103_13']","['101_20', '101_16', '101_14']"
102_18,"['103_15', '103_19', '103_16']","['101_14', '101_22', '101_10']"
102_19,"['103_25', '103_1', '103_23']","['101_12', '101_0', '101_15']"
102_20,"['103_4', '103_13', '103_0']","['101_18', '101_1', '101_7']"
102_21,"['103_23', '103_9', '103_18']","['101_15', '101_0', '101_12']"
102_22,"['103_5', '103_1', '103_26']","['101_23', '101_0', '101_9']"
102_23,"['103_20', '103_4', '103_9']","['101_17', '101_1', '101_7']"
102_24,"['103_13', '103_12', '103_0']","['101_7', '101_4', '101_6']"
103_0,"['104_1', '104_16', '104_18']","['102_0', '102_10', '102_24']"
103_1,"['104_4', '104_20', '104_25']","['102_1', '102_5', '102_19']"
103_2,"['104_2', '104_21', '104_23']","['102_4', '102_6', '102_11']"
103_3,"['104_0', '104_7', '104_5']","['102_7', '102_1', '102_6']"
103_4,"['104_6', '104_27', '104_18']","['102_2', '102_23', '102_10']"
103_5,"['104_5', '104_0', '104_26']","['102_7', '102_5', '102_1']"
103_6,"['104_10', '104_14', '104_2']","['102_3', '102_6', '102_18']"
103_7,"['104_9', '104_11', '104_21']","['102_9', '102_13', '102_10']"
103_8,"['104_7', '104_12', '104_0']","['102_6', '102_5', '102_1']"
103_9,"['104_3', '104_6', '104_27']","['102_21', '102_13', '102_2']"
103_10,"['104_11', '104_9', '104_23']","['102_9', '102_15', '102_17']"
103_11,"['104_8', '104_26', '104_20']","['102_1', '102_13', '102_5']"
103_12,"['104_18', '104_16', '104_6']","['102_10', '102_13', '102_24']"
103_13,"['104_23', '104_15', '104_2']","['102_24', '102_0', '102_11']"
103_14,"['104_19', '104_23', '104_2']","['102_14', '102_11', '102_17']"
103_15,"['104_14', '104_23', '104_15']","['102_18', '102_11', '102_0']"
103_16,"['104_15', '104_14', '104_23']","['102_0', '102_11', '102_4']"
103_17,"['104_12', '104_26', '104_7']","['102_5', '102_1', '102_21']"
103_18,"['104_17', '104_6', '104_20']","['102_21', '102_1', '102_2']"
103_19,"['104_23', '104_2', '104_21']","['102_11', '102_4', '102_17']"
103_20,"['104_27', '104_6', '104_3']","['102_23', '102_2', '102_16']"
103_21,"['104_13', '104_20', '104_4']","['102_1', '102_8', '102_16']"
103_22,"['104_23', '104_6', '104_2']","['102_11', '102_16', '102_24']"
103_23,"['104_24', '104_17', '104_20']","['102_21', '102_19', '102_1']"
103_24,"['104_11', '104_23', '104_2']","['102_15', '102_17', '102_9']"
103_25,"['104_25', '104_4', '104_20']","['102_19', '102_1', '102_21']"
103_26,"['104_16', '104_26', '104_12']","['102_12', '102_5', '102_0']"
103_27,"['104_22', '104_27', '104_6']","['102_23', '102_2', '102_12']"
104_0,"['105_3', '105_15', '105_18']","['103_3', '103_8', '103_5']"
104_1,"['105_2', '105_17', '105_10']","['103_0', '103_12', '103_13']"
104_2,"['105_13', '105_19', '105_0']","['103_2', '103_13', '103_19']"
104_3,"['105_5', '105_16', '105_1']","['103_9', '103_20', '103_4']"
104_4,"['105_18', '105_14', '105_4']","['103_1', '103_25', '103_21']"
104_5,"['105_3', '105_18', '105_4']","['103_5', '103_3', '103_1']"
104_6,"['105_1', '105_16', '105_5']","['103_4', '103_20', '103_12']"
104_7,"['105_15', '105_4', '105_3']","['103_8', '103_17', '103_3']"
104_8,"['105_8', '105_6', '105_21']","['103_11', '103_1', '103_12']"
104_9,"['105_9', '105_19', '105_0']","['103_7', '103_10', '103_13']"
104_10,"['105_12', '105_11', '105_13']","['103_6', '103_15', '103_2']"
104_11,"['105_9', '105_23', '105_1']","['103_10', '103_24', '103_7']"
104_12,"['105_4', '105_15', '105_21']","['103_17', '103_1', '103_26']"
104_13,"['105_7', '105_21', '105_6']","['103_21', '103_1', '103_18']"
104_14,"['105_11', '105_12', '105_19']","['103_15', '103_16', '103_19']"
104_15,"['105_17', '105_10', '105_19']","['103_16', '103_13', '103_26']"
104_16,"['105_10', '105_2', '105_6']","['103_26', '103_0', '103_12']"
104_17,"['105_16', '105_21', '105_7']","['103_18', '103_1', '103_23']"
104_18,"['105_6', '105_1', '105_10']","['103_12', '103_4', '103_0']"
104_19,"['105_13', '105_20', '105_0']","['103_14', '103_19', '103_22']"
104_20,"['105_21', '105_6', '105_8']","['103_1', '103_21', '103_11']"
104_21,"['105_0', '105_13', '105_19']","['103_2', '103_13', '103_19']"
104_22,"['105_1', '105_5', '105_16']","['103_27', '103_20', '103_26']"
104_23,"['105_9', '105_20', '105_0']","['103_19', '103_13', '103_2']"
104_24,"['105_22', '105_16', '105_21']","['103_23', '103_18', '103_1']"
104_25,"['105_14', '105_18', '105_22']","['103_25', '103_1', '103_23']"
104_26,"['105_4', '105_21', '105_8']","['103_1', '103_17', '103_11']"
104_27,"['105_1', '105_5', '105_16']","['103_20', '103_4', '103_9']"
105_0,"['106_0', '106_2', '106_1']","['104_21', '104_2', '104_23']"
105_1,"['106_0', '106_1', '106_2']","['104_6', '104_27', '104_18']"
105_2,"['106_0', '106_1', '106_2']","['104_1', '104_16', '104_18']"
105_3,"['106_0', '106_1', '106_3']","['104_0', '104_7', '104_5']"
105_4,"['106_0', '106_1', '106_3']","['104_12', '104_26', '104_20']"
105_5,"['106_0', '106_1', '106_2']","['104_3', '104_6', '104_27']"
105_6,"['106_0', '106_1', '106_3']","['104_18', '104_20', '104_8']"
105_7,"['106_0', '106_1', '106_3']","['104_13', '104_20', '104_4']"
105_8,"['106_0', '106_1', '106_3']","['104_8', '104_20', '104_26']"
105_9,"['106_0', '106_1', '106_2']","['104_11', '104_9', '104_23']"
105_10,"['106_0', '106_1', '106_2']","['104_16', '104_1', '104_20']"
105_11,"['106_2', '106_3', '106_0']","['104_14', '104_23', '104_10']"
105_12,"['106_3', '106_2', '106_0']","['104_10', '104_14', '104_2']"
105_13,"['106_0', '106_1', '106_2']","['104_2', '104_21', '104_23']"
105_14,"['106_0', '106_1', '106_2']","['104_25', '104_4', '104_20']"
105_15,"['106_0', '106_3', '106_1']","['104_7', '104_12', '104_4']"
105_16,"['106_0', '106_1', '106_3']","['104_17', '104_6', '104_20']"
105_17,"['106_0', '106_1', '106_2']","['104_15', '104_1', '104_16']"
105_18,"['106_0', '106_1', '106_2']","['104_4', '104_25', '104_13']"
105_19,"['106_0', '106_1', '106_2']","['104_2', '104_1', '104_21']"
105_20,"['106_0', '106_1', '106_2']","['104_23', '104_2', '104_21']"
105_21,"['106_0', '106_1', '106_3']","['104_20', '104_26', '104_12']"
105_22,"['106_0', '106_1', '106_3']","['104_24', '104_20', '104_17']"
105_23,"['106_0', '106_1', '106_2']","['104_2', '104_11', '104_9']"
106_0,"['107_0', '107_1', '107_4']","['105_6', '105_21', '105_0']"
106_1,"['107_1', '107_0', '107_4']","['105_1', '105_5', '105_19']"
106_2,"['107_2', '107_3', '107_0']","['105_11', '105_19', '105_12']"
106_3,"['107_3', '107_2', '107_0']","['105_12', '105_11', '105_13']"
107_0,"['108_0', '108_1']","['106_0', '106_1', '106_2']"
107_1,"['108_0', '108_1']","['106_1', '106_0', '106_2']"
107_2,"['108_0', '108_1']","['106_2', '106_3', '106_0']"
107_3,"['108_0', '108_1']","['106_3', '106_2', '106_0']"
107_4,"['108_1', '108_0']","['106_0', '106_1', '106_3']"
108_0,"['109_0', '109_3', '109_2']","['107_0', '107_1', '107_2']"
108_1,"['109_0', '109_1', '109_2']","['107_4', '107_0', '107_1']"
109_0,"['110_18', '110_1', '110_14']","['108_0', '108_1']"
109_1,"['110_11', '110_15', '110_12']","['108_0', '108_1']"
109_2,"['110_12', '110_11', '110_6']","['108_0', '108_1']"
109_3,"['110_6', '110_4', '110_7']","['108_0', '108_1']"
110_0,"['111_0', '111_4', '111_5']","['109_0', '109_2', '109_3']"
110_1,"['111_1', '111_20', '111_14']","['109_0', '109_3', '109_2']"
110_2,"['111_6', '111_13', '111_23']","['109_0', '109_3', '109_2']"
110_3,"['111_12', '111_13', '111_18']","['109_0', '109_3', '109_2']"
110_4,"['111_5', '111_10', '111_20']","['109_0', '109_3', '109_1']"
110_5,"['111_2', '111_11', '111_4']","['109_0', '109_1', '109_2']"
110_6,"['111_10', '111_5', '111_22']","['109_0', '109_3', '109_2']"
110_7,"['111_4', '111_23', '111_19']","['109_0', '109_3', '109_2']"
110_8,"['111_15', '111_17', '111_21']","['109_0', '109_2', '109_3']"
110_9,"['111_3', '111_14', '111_23']","['109_0', '109_1', '109_2']"
110_10,"['111_9', '111_20', '111_14']","['109_0', '109_3', '109_1']"
110_11,"['111_16', '111_8', '111_2']","['109_1', '109_2', '109_0']"
110_12,"['111_8', '111_16', '111_10']","['109_2', '109_1', '109_0']"
110_13,"['111_14', '111_3', '111_1']","['109_0', '109_3', '109_1']"
110_14,"['111_19', '111_11', '111_13']","['109_0', '109_3', '109_2']"
110_15,"['111_22', '111_20', '111_5']","['109_0', '109_1', '109_3']"
110_16,"['111_7', '111_1', '111_5']","['109_0', '109_3', '109_1']"
110_17,"['111_13', '111_19', '111_11']","['109_0', '109_3', '109_2']"
110_18,"['111_23', '111_13', '111_4']","['109_0', '109_3', '109_2']"
110_19,"['111_11', '111_2', '111_17']","['109_0', '109_2', '109_3']"
110_20,"['111_24', '111_11', '111_23']","['109_0', '109_3', '109_2']"
110_21,"['111_13', '111_11', '111_23']","['109_0', '109_2', '109_1']"
111_0,"['112_0', '112_3', '112_2']","['110_0', '110_7', '110_4']"
111_1,"['112_0', '112_3', '112_1']","['110_1', '110_13', '110_9']"
111_2,"['112_0', '112_3', '112_1']","['110_5', '110_19', '110_0']"
111_3,"['112_0', '112_1', '112_3']","['110_9', '110_13', '110_1']"
111_4,"['112_0', '112_3', '112_2']","['110_7', '110_18', '110_14']"
111_5,"['112_0', '112_3', '112_2']","['110_4', '110_6', '110_15']"
111_6,"['112_0', '112_1', '112_3']","['110_2', '110_18', '110_3']"
111_7,"['112_3', '112_0', '112_2']","['110_16', '110_15', '110_4']"
111_8,"['112_0', '112_3', '112_2']","['110_12', '110_11', '110_6']"
111_9,"['112_0', '112_3', '112_2']","['110_10', '110_15', '110_13']"
111_10,"['112_0', '112_3', '112_2']","['110_6', '110_15', '110_4']"
111_11,"['112_0', '112_1', '112_3']","['110_19', '110_14', '110_20']"
111_12,"['112_0', '112_1', '112_3']","['110_3', '110_19', '110_18']"
111_13,"['112_0', '112_1', '112_3']","['110_17', '110_2', '110_18']"
111_14,"['112_0', '112_3', '112_1']","['110_13', '110_1', '110_9']"
111_15,"['112_1', '112_0', '112_3']","['110_8', '110_19', '110_14']"
111_16,"['112_0', '112_3', '112_2']","['110_11', '110_15', '110_12']"
111_17,"['112_0', '112_1', '112_2']","['110_8', '110_19', '110_4']"
111_18,"['112_0', '112_1', '112_3']","['110_3', '110_17', '110_19']"
111_19,"['112_0', '112_1', '112_3']","['110_14', '110_18', '110_7']"
111_20,"['112_0', '112_3', '112_2']","['110_15', '110_1', '110_10']"
111_21,"['112_1', '112_0', '112_3']","['110_8', '110_1', '110_14']"
111_22,"['112_0', '112_3', '112_2']","['110_15', '110_6', '110_4']"
111_23,"['112_0', '112_3', '112_1']","['110_18', '110_2', '110_7']"
111_24,"['112_0', '112_1', '112_3']","['110_20', '110_18', '110_19']"
112_0,"['113_0', '113_1', '113_8']","['111_1', '111_5', '111_4']"
112_1,"['113_2', '113_0', '113_6']","['111_21', '111_17', '111_15']"
112_2,"['113_3', '113_1', '113_5']","['111_7', '111_22', '111_5']"
112_3,"['113_5', '113_9', '113_1']","['111_7', '111_1', '111_5']"
113_0,"['114_23', '114_14', '114_29']","['112_0', '112_1', '112_3']"
113_1,"['114_1', '114_7', '114_18']","['112_0', '112_3', '112_2']"
113_2,"['114_8', '114_2', '114_28']","['112_1', '112_0', '112_3']"
113_3,"['114_0', '114_1', '114_5']","['112_2', '112_0', '112_3']"
113_4,"['114_3', '114_28', '114_12']","['112_0', '112_3', '112_1']"
113_5,"['114_5', '114_6', '114_25']","['112_3', '112_0', '112_2']"
113_6,"['114_2', '114_8', '114_6']","['112_0', '112_1', '112_3']"
113_7,"['114_4', '114_9', '114_26']","['112_0', '112_3', '112_2']"
113_8,"['114_13', '114_26', '114_28']","['112_0', '112_3', '112_2']"
113_9,"['114_6', '114_28', '114_8']","['112_0', '112_3', '112_1']"
113_10,"['114_9', '114_1', '114_18']","['112_0', '112_3', '112_1']"
113_11,"['114_8', '114_28', '114_2']","['112_0', '112_1', '112_3']"
113_12,"['114_24', '114_4', '114_1']","['112_0', '112_3', '112_2']"
113_13,"['114_12', '114_3', '114_20']","['112_0', '112_3', '112_2']"
113_14,"['114_10', '114_4', '114_1']","['112_0', '112_2', '112_3']"
113_15,"['114_1', '114_21', '114_5']","['112_0', '112_3', '112_2']"
113_16,"['114_27', '114_28', '114_26']","['112_0', '112_3', '112_2']"
113_17,"['114_14', '114_4', '114_10']","['112_1', '112_0', '112_3']"
113_18,"['114_15', '114_28', '114_3']","['112_0', '112_1', '112_3']"
114_0,"['115_7', '115_2', '115_11']","['113_3', '113_1', '113_5']"
114_1,"['115_2', '115_4', '115_9']","['113_1', '113_15', '113_10']"
114_2,"['115_3', '115_20', '115_6']","['113_6', '113_11', '113_9']"
114_3,"['115_8', '115_3', '115_13']","['113_4', '113_13', '113_18']"
114_4,"['115_5', '115_27', '115_16']","['113_7', '113_1', '113_10']"
114_5,"['115_11', '115_6', '115_10']","['113_5', '113_9', '113_15']"
114_6,"['115_6', '115_3', '115_20']","['113_9', '113_11', '113_5']"
114_7,"['115_9', '115_2', '115_25']","['113_1', '113_8', '113_10']"
114_8,"['115_20', '115_3', '115_6']","['113_11', '113_9', '113_6']"
114_9,"['115_25', '115_2', '115_27']","['113_10', '113_1', '113_7']"
114_10,"['115_12', '115_4', '115_2']","['113_14', '113_7', '113_15']"
114_11,"['115_26', '115_14', '115_19']","['113_0', '113_3', '113_15']"
114_12,"['115_8', '115_18', '115_22']","['113_13', '113_4', '113_18']"
114_13,"['115_15', '115_25', '115_9']","['113_8', '113_1', '113_5']"
114_14,"['115_1', '115_24', '115_8']","['113_0', '113_17', '113_15']"
114_15,"['115_22', '115_8', '115_13']","['113_18', '113_4', '113_0']"
114_16,"['115_17', '115_1', '115_10']","['113_15', '113_0', '113_13']"
114_17,"['115_21', '115_23', '115_14']","['113_0', '113_2', '113_15']"
114_18,"['115_25', '115_9', '115_3']","['113_1', '113_10', '113_8']"
114_19,"['115_24', '115_10', '115_18']","['113_0', '113_12', '113_15']"
114_20,"['115_18', '115_8', '115_10']","['113_0', '113_13', '113_1']"
114_21,"['115_10', '115_24', '115_4']","['113_15', '113_0', '113_18']"
114_22,"['115_19', '115_23', '115_13']","['113_0', '113_8', '113_1']"
114_23,"['115_13', '115_10', '115_23']","['113_0', '113_18', '113_4']"
114_24,"['115_5', '115_8', '115_22']","['113_12', '113_1', '113_7']"
114_25,"['115_10', '115_6', '115_18']","['113_0', '113_9', '113_5']"
114_26,"['115_25', '115_15', '115_2']","['113_8', '113_1', '113_7']"
114_27,"['115_3', '115_5', '115_25']","['113_16', '113_8', '113_4']"
114_28,"['115_20', '115_6', '115_5']","['113_8', '113_11', '113_9']"
114_29,"['115_23', '115_13', '115_19']","['113_0', '113_2', '113_17']"
115_0,"['116_0', '116_26', '116_1']","['114_14', '114_5', '114_1']"
115_1,"['116_1', '116_19', '116_7']","['114_14', '114_16', '114_12']"
115_2,"['116_4', '116_14', '116_12']","['114_1', '114_7', '114_26']"
115_3,"['116_5', '116_25', '116_2']","['114_2', '114_3', '114_8']"
115_4,"['116_18', '116_12', '116_4']","['114_1', '114_7', '114_21']"
115_5,"['116_3', '116_6', '116_22']","['114_4', '114_28', '114_3']"
115_6,"['116_2', '116_5', '116_13']","['114_6', '114_28', '114_8']"
115_7,"['116_9', '116_4', '116_14']","['114_0', '114_1', '114_5']"
115_8,"['116_6', '116_21', '116_7']","['114_12', '114_3', '114_15']"
115_9,"['116_14', '116_4', '116_22']","['114_7', '114_1', '114_26']"
115_10,"['116_15', '116_2', '116_7']","['114_21', '114_25', '114_19']"
115_11,"['116_13', '116_2', '116_4']","['114_5', '114_6', '114_25']"
115_12,"['116_8', '116_12', '116_1']","['114_10', '114_4', '114_1']"
115_13,"['116_20', '116_7', '116_6']","['114_23', '114_3', '114_25']"
115_14,"['116_24', '116_1', '116_0']","['114_11', '114_17', '114_22']"
115_15,"['116_16', '116_22', '116_4']","['114_13', '114_26', '114_28']"
115_16,"['116_10', '116_3', '116_8']","['114_4', '114_9', '114_26']"
115_17,"['116_19', '116_1', '116_18']","['114_16', '114_25', '114_14']"
115_18,"['116_17', '116_7', '116_6']","['114_20', '114_25', '114_12']"
115_19,"['116_7', '116_23', '116_3']","['114_22', '114_14', '114_18']"
115_20,"['116_25', '116_5', '116_2']","['114_8', '114_28', '114_6']"
115_21,"['116_7', '116_24', '116_1']","['114_17', '114_29', '114_14']"
115_22,"['116_21', '116_6', '116_20']","['114_15', '114_28', '114_3']"
115_23,"['116_7', '116_11', '116_20']","['114_29', '114_23', '114_14']"
115_24,"['116_23', '116_7', '116_15']","['114_19', '114_14', '114_21']"
115_25,"['116_22', '116_14', '116_4']","['114_18', '114_7', '114_26']"
115_26,"['116_7', '116_9', '116_4']","['114_11', '114_0', '114_28']"
115_27,"['116_3', '116_10', '116_8']","['114_4', '114_9', '114_18']"
116_0,"['117_21', '117_5', '117_32']","['115_0', '115_4', '115_1']"
116_1,"['117_9', '117_25', '117_4']","['115_1', '115_4', '115_17']"
116_2,"['117_1', '117_3', '117_0']","['115_6', '115_10', '115_11']"
116_3,"['117_24', '117_22', '117_13']","['115_5', '115_27', '115_8']"
116_4,"['117_13', '117_31', '117_18']","['115_2', '115_4', '115_9']"
116_5,"['117_0', '117_1', '117_7']","['115_3', '115_20', '115_6']"
116_6,"['117_7', '117_11', '117_24']","['115_8', '115_13', '115_22']"
116_7,"['117_9', '117_11', '117_12']","['115_13', '115_23', '115_18']"
116_8,"['117_15', '117_10', '117_28']","['115_12', '115_4', '115_2']"
116_9,"['117_27', '117_19', '117_6']","['115_7', '115_2', '115_11']"
116_10,"['117_28', '117_10', '117_6']","['115_16', '115_27', '115_12']"
116_11,"['117_8', '117_9', '117_11']","['115_23', '115_1', '115_19']"
116_12,"['117_10', '117_6', '117_34']","['115_4', '115_2', '115_12']"
116_13,"['117_14', '117_3', '117_1']","['115_11', '115_6', '115_4']"
116_14,"['117_18', '117_19', '117_13']","['115_9', '115_2', '115_25']"
116_15,"['117_17', '117_33', '117_3']","['115_10', '115_4', '115_24']"
116_16,"['117_1', '117_19', '117_13']","['115_15', '115_25', '115_9']"
116_17,"['117_12', '117_11', '117_3']","['115_18', '115_8', '115_10']"
116_18,"['117_25', '117_33', '117_13']","['115_4', '115_2', '115_10']"
116_19,"['117_33', '117_25', '117_9']","['115_17', '115_1', '115_4']"
116_20,"['117_16', '117_11', '117_7']","['115_13', '115_8', '115_10']"
116_21,"['117_30', '117_11', '117_7']","['115_22', '115_8', '115_10']"
116_22,"['117_18', '117_13', '117_24']","['115_25', '115_9', '115_2']"
116_23,"['117_29', '117_9', '117_17']","['115_24', '115_10', '115_23']"
116_24,"['117_26', '117_34', '117_9']","['115_14', '115_21', '115_26']"
116_25,"['117_0', '117_30', '117_1']","['115_20', '115_3', '115_6']"
116_26,"['117_21', '117_32', '117_5']","['115_0', '115_4', '115_2']"
117_0,"['118_2', '118_0', '118_22']","['116_5', '116_25', '116_2']"
117_1,"['118_0', '118_2', '118_9']","['116_2', '116_5', '116_25']"
117_2,"['118_6', '118_24', '118_18']","['116_1', '116_3', '116_7']"
117_3,"['118_9', '118_0', '118_30']","['116_2', '116_13', '116_15']"
117_4,"['118_5', '118_18', '118_29']","['116_1', '116_7', '116_23']"
117_5,"['118_7', '118_15', '118_14']","['116_0', '116_26', '116_1']"
117_6,"['118_3', '118_11', '118_10']","['116_14', '116_12', '116_4']"
117_7,"['118_22', '118_19', '118_2']","['116_6', '116_5', '116_21']"
117_8,"['118_8', '118_1', '118_5']","['116_11', '116_7', '116_1']"
117_9,"['118_14', '118_18', '118_30']","['116_7', '116_1', '116_23']"
117_10,"['118_11', '118_3', '118_13']","['116_12', '116_4', '116_14']"
117_11,"['118_1', '118_17', '118_28']","['116_7', '116_20', '116_6']"
117_12,"['118_17', '118_1', '118_30']","['116_17', '116_7', '116_6']"
117_13,"['118_4', '118_13', '118_10']","['116_4', '116_22', '116_14']"
117_14,"['118_12', '118_9', '118_19']","['116_13', '116_2', '116_4']"
117_15,"['118_16', '118_11', '118_27']","['116_8', '116_3', '116_12']"
117_16,"['118_1', '118_22', '118_19']","['116_20', '116_6', '116_7']"
117_17,"['118_21', '118_1', '118_9']","['116_15', '116_23', '116_21']"
117_18,"['118_13', '118_4', '118_10']","['116_14', '116_22', '116_4']"
117_19,"['118_10', '118_13', '118_3']","['116_14', '116_4', '116_16']"
117_20,"['118_20', '118_1', '118_29']","['116_23', '116_7', '116_15']"
117_21,"['118_15', '118_7', '118_11']","['116_0', '116_26', '116_12']"
117_22,"['118_23', '118_2', '118_22']","['116_3', '116_5', '116_22']"
117_23,"['118_24', '118_6', '118_17']","['116_7', '116_17', '116_3']"
117_24,"['118_30', '118_0', '118_4']","['116_3', '116_6', '116_2']"
117_25,"['118_14', '118_4', '118_13']","['116_1', '116_4', '116_18']"
117_26,"['118_17', '118_27', '118_14']","['116_24', '116_7', '116_4']"
117_27,"['118_26', '118_10', '118_15']","['116_9', '116_4', '116_26']"
117_28,"['118_25', '118_11', '118_3']","['116_10', '116_8', '116_12']"
117_29,"['118_29', '118_17', '118_21']","['116_23', '116_7', '116_15']"
117_30,"['118_1', '118_22', '118_0']","['116_21', '116_6', '116_2']"
117_31,"['118_4', '118_13', '118_14']","['116_4', '116_22', '116_6']"
117_32,"['118_15', '118_7', '118_14']","['116_0', '116_26', '116_4']"
117_33,"['118_21', '118_9', '118_12']","['116_15', '116_19', '116_18']"
117_34,"['118_27', '118_11', '118_15']","['116_26', '116_12', '116_0']"
118_0,[],"['117_1', '117_0', '117_3']"
118_1,[],"['117_11', '117_16', '117_12']"
118_2,[],"['117_0', '117_1', '117_7']"
118_3,[],"['117_6', '117_10', '117_19']"
118_4,[],"['117_13', '117_31', '117_18']"
118_5,[],"['117_4', '117_9', '117_29']"
118_6,[],"['117_2', '117_23', '117_9']"
118_7,[],"['117_5', '117_21', '117_32']"
118_8,[],"['117_8', '117_9', '117_11']"
118_9,[],"['117_3', '117_14', '117_1']"
118_10,[],"['117_19', '117_18', '117_6']"
118_11,[],"['117_10', '117_6', '117_34']"
118_12,[],"['117_14', '117_3', '117_33']"
118_13,[],"['117_18', '117_13', '117_19']"
118_14,[],"['117_25', '117_9', '117_32']"
118_15,[],"['117_21', '117_5', '117_32']"
118_16,[],"['117_15', '117_10', '117_24']"
118_17,[],"['117_12', '117_11', '117_9']"
118_18,[],"['117_9', '117_4', '117_25']"
118_19,[],"['117_7', '117_24', '117_11']"
118_20,[],"['117_20', '117_29', '117_11']"
118_21,[],"['117_17', '117_33', '117_3']"
118_22,[],"['117_7', '117_30', '117_0']"
118_23,[],"['117_22', '117_7', '117_24']"
118_24,[],"['117_23', '117_2', '117_12']"
118_25,[],"['117_28', '117_22', '117_10']"
118_26,[],"['117_27', '117_19', '117_32']"
118_27,[],"['117_34', '117_10', '117_6']"
118_28,[],"['117_11', '117_16', '117_9']"
118_29,[],"['117_29', '117_9', '117_17']"
118_30,[],"['117_24', '117_9', '117_3']"
